study_id,code,name,cluster,distance_to_centroid,outlier_score,is_outlier,is_synthetic,price,delivery_hours,parameter_count,request_count,sample_type,analysis_method,requires_special_processing
1,GLU-001,GLUCOSA,1,3.0133,1.104,True,False,110.0,1.0,15,5,sin_especificar,sin_especificar,False
2,BH01,BIOMETRIA HEMATICA,1,2.4409,0.894,False,False,180.0,0.5,15,3,sin_especificar,automatizado,False
3,QS06,QUIMICA SANGUINEA 6 ELEMENTOS,1,1.9315,0.707,False,False,220.0,0.75,15,0,sin_especificar,espectrofotometria,False
4,QS12,QUIMICA SANGUINEA 12 ELEMENTOS,1,2.9219,1.07,True,False,350.0,1.0,15,4,sin_especificar,espectrofotometria,False
5,GLU01,GLUCOSA,1,3.1852,1.167,True,False,80.0,0.25,15,5,sin_especificar,enzimatico,False
6,HBA1C,Hemoglobina glucosilada HbA1c,1,1.8073,0.662,False,False,280.0,1.5,15,0,sin_especificar,inmunoturbidimetria,False
7,COL01,COLESTEROL TOTAL,1,1.8774,0.688,False,False,90.0,0.3333333333333333,15,1,sin_especificar,enzimatico,False
8,TRI01,TRIGLICERIDOS,1,3.1852,1.167,True,False,90.0,0.3333333333333333,15,4,sin_especificar,enzimatico,False
9,PL01,PERFIL LIPIDICO,1,1.721,0.63,False,False,260.0,0.6666666666666666,15,2,sin_especificar,enzimatico,False
10,EGO01,EXAMEN GENERAL DE ORINA,1,2.1021,0.77,False,False,120.0,0.4166666666666667,15,0,sin_especificar,microscopia,False
11,UROC01,UROCULTIVO,1,1.6975,0.622,False,False,280.0,0.8,15,2,sin_especificar,cultivo,False
12,CREA01,CREATININA,1,2.024,0.741,False,False,85.0,0.25,15,2,sin_especificar,enzimatico,False
13,UREA01,UREA,1,2.1418,0.784,False,False,85.0,0.25,15,0,sin_especificar,enzimatico,False
14,AU01,ACIDO URICO,1,3.1852,1.167,True,False,85.0,0.25,15,5,sin_especificar,enzimatico,False
15,HCG01,PRUEBA DE EMBARAZO,1,2.0073,0.735,False,False,120.0,0.25,15,2,sin_especificar,inmunoensayo,False
16,TSH01,TSH,1,1.7964,0.658,False,False,220.0,0.5,15,2,sin_especificar,inmunoensayo,False
17,T301,T3,1,1.9699,0.721,False,False,200.0,0.5,15,0,sin_especificar,inmunoensayo,False
18,T401,T4,1,1.8412,0.674,False,False,200.0,0.5,15,2,sin_especificar,inmunoensayo,False
19,PT01,PROTEINAS TOTALES,1,2.0102,0.736,False,False,90.0,0.3333333333333333,15,2,sin_especificar,colorimetria,False
20,ALB01,ALBUMINA,1,2.4996,0.915,False,False,90.0,0.3333333333333333,15,3,sin_especificar,colorimetria,False
21,BILI01,BILIRRUBINA TOTAL,1,2.0102,0.736,False,False,100.0,0.3333333333333333,15,2,sin_especificar,colorimetria,False
22,TGO01,TGO,1,2.024,0.741,False,False,110.0,0.3333333333333333,15,2,sin_especificar,enzimatico,False
23,TGP01,TGP,1,1.8774,0.688,False,False,110.0,0.3333333333333333,15,1,sin_especificar,enzimatico,False
29,PCR01,PCR,1,1.8221,0.667,False,False,150.0,0.4166666666666667,15,1,sin_especificar,inmunoensayo,False
30,VDRL01,VDRL,1,2.4859,0.91,False,False,160.0,0.4166666666666667,15,3,sin_especificar,aglutinacion,False
31,VIH01,VIH,1,1.7898,0.656,False,False,320.0,0.5,15,0,sin_especificar,elisa,False
32,GLU-PP01,Glucosa posprandial,1,2.2301,0.817,False,False,110.0,1.0,15,0,serum,enzimatico colorimetrico,False
33,INS-AY01,Insulina sérica en ayuno,1,1.4483,0.53,False,False,390.0,2.0,15,1,serum,quimioluminiscencia,False
35,QS003,Química sanguínea de 3 elementos,1,2.1035,0.77,False,False,190.0,1.0,3,0,serum,espectrofotometria,False
36,DDIM01,Dímero D cuantitativo,1,2.0236,0.741,False,False,420.0,2.0,15,0,plasma,inmunoturbidimetria,True
37,EXFAR01,Cultivo de exudado faríngeo,2,3.8914,1.27,True,False,360.0,48.0,15,2,swab,cultivo microbiologico,True
38,COVPCR01,Detección de SARS-CoV-2 por RT-PCR,2,3.4512,1.126,True,False,950.0,24.0,15,2,swab,rt-pcr,True
39,BH001,Biometría hemática completa,1,2.0246,0.741,False,False,180.0,1.0,15,0,sin_especificar,citometria / hematologia automatizada,False
40,QS006,Química sanguínea de 6 elementos,1,1.7016,0.623,False,False,260.0,1.0,15,2,sin_especificar,espectrofotometria,False
41,QS012,Química sanguínea de 12 elementos,1,1.514,0.554,False,False,420.0,1.5,15,2,sin_especificar,espectrofotometria,False
42,GLU001,Glucosa en sangre,1,2.0191,0.74,False,False,80.0,0.75,15,2,sin_especificar,enzimatico colorimetrico,False
44,PL001,Perfil lipídico,1,1.8574,0.68,False,False,250.0,1.0,15,0,sin_especificar,espectrofotometria,False
45,EGO001,Examen general de orina,1,1.8721,0.686,False,False,120.0,0.75,15,1,sin_especificar,tira reactiva y microscopia,False
46,UROCUL,Urocultivo,2,3.8737,1.264,True,False,380.0,48.0,15,0,sin_especificar,cultivo microbiologico,False
47,HCG001,Prueba de embarazo en sangre,1,1.979,0.725,False,False,180.0,1.0,15,0,sin_especificar,inmunoensayo,False
48,PH001,Perfil hepático,1,1.3194,0.483,False,False,390.0,1.5,15,1,sin_especificar,espectrofotometria,False
49,PT001,Perfil tiroideo T3 T4 TSH,1,1.535,0.562,False,False,520.0,2.0,15,2,sin_especificar,quimioluminiscencia,False
50,PSA001,Antígeno prostático específico PSA,1,1.6566,0.607,False,False,360.0,2.0,15,0,sin_especificar,quimioluminiscencia,False
51,GRH001,Grupo sanguíneo y factor RH,1,2.1371,0.783,False,False,130.0,0.75,15,0,sin_especificar,hemaglutinacion,False
52,COP001,Coprológico general,1,1.7846,0.654,False,False,140.0,1.0,15,1,sin_especificar,microscopia,False
53,RF001,Reacciones febriles,1,1.914,0.701,False,False,220.0,1.5,15,0,sin_especificar,aglutinacion,False
54,TP001,Tiempo de protrombina TP,1,1.9619,0.719,False,False,180.0,1.0,15,0,sin_especificar,coagulometria,False
55,TPT001,Tiempo parcial de tromboplastina TPT,1,1.6692,0.611,False,False,180.0,1.0,15,1,sin_especificar,coagulometria,False
59,ECN-CAT-QC-001,Determinación de Glucosa,1,1.6209,0.594,False,True,310.0,1.0,8,2,serum,enzimatico,False
60,ECN-CAT-HEM-001,Determinación de Biometría hemática,1,1.8836,0.69,False,True,500.0,1.75,15,0,blood,impedancia,False
61,ECN-CAT-INM-001,Determinación de Proteína C reactiva,2,1.7852,0.583,False,True,690.0,2.75,22,2,serum,inmunoensayo,False
62,ECN-CAT-MIC-001,Determinación de Urocultivo,2,3.7102,1.211,True,True,940.0,14.25,29,3,urine,cultivo,True
63,ECN-CAT-COA-001,Determinación de Tiempo de protrombina,1,1.5395,0.564,False,True,360.0,1.25,6,2,plasma,coagulometria,False
64,ECN-CAT-END-001,Determinación de Hormona estimulante de tiroides,1,1.7624,0.645,False,True,540.0,2.25,13,0,serum,inmunoensayo,False
65,ECN-CAT-URO-001,Determinación de Examen general de orina,2,2.0145,0.657,False,True,610.0,1.75,20,1,urine,tira reactiva,False
66,ECN-CAT-MOL-001,Determinación de Detección molecular de SARS-CoV-2,2,2.3272,0.759,False,True,1160.0,7.25,27,1,swab,rt-pcr,True
67,ECN-CAT-QC-002,Determinación de Urea,1,1.9645,0.72,False,True,240.0,1.0,4,0,plasma,espectrofotometria,False
68,ECN-CAT-HEM-002,Determinación de Hemoglobina,1,1.4387,0.527,False,True,500.0,2.25,11,1,blood,citometria,False
69,ECN-CAT-INM-002,Determinación de Factor reumatoide,2,1.6961,0.553,False,True,680.0,3.0,18,1,serum,elisa,False
70,ECN-CAT-MIC-002,Determinación de Coprocultivo,2,3.3513,1.094,True,True,840.0,14.0,25,0,stool,cultivo,True
71,ECN-CAT-COA-002,Determinación de Tiempo de tromboplastina parcial,1,1.9751,0.723,False,True,260.0,1.0,2,0,plasma,coagulometria,False
72,ECN-CAT-END-002,Determinación de Tiroxina libre,1,1.5249,0.558,False,True,500.0,3.0,9,2,plasma,quimioluminiscencia,False
73,ECN-CAT-URO-002,Determinación de Microalbúmina en orina,1,1.9969,0.731,False,True,590.0,2.25,16,0,urine,microscopia,False
74,ECN-CAT-MOL-002,Determinación de Virus de influenza A,2,2.2369,0.73,False,True,1060.0,7.0,23,0,swab,rt-pcr,True
75,ECN-CAT-QC-003,Determinación de Creatinina,2,1.8082,0.59,False,True,780.0,2.5,30,1,serum,colorimetria,True
76,ECN-CAT-HEM-003,Determinación de Hematocrito,1,1.4683,0.538,False,True,290.0,1.5,7,1,blood,microscopia,False
77,ECN-CAT-INM-003,Determinación de Antiestreptolisinas O,1,1.9364,0.709,False,True,610.0,3.25,14,0,serum,quimioluminiscencia,False
78,ECN-CAT-MIC-003,Determinación de Exudado faríngeo,2,3.0958,1.01,True,True,740.0,13.5,21,2,swab,cultivo,False
79,ECN-CAT-COA-003,Determinación de Tiempo de trombina,2,2.2858,0.746,False,True,820.0,2.75,28,3,plasma,coagulometria,True
80,ECN-CAT-END-003,Determinación de Tiroxina total,1,1.7154,0.628,False,True,430.0,2.25,5,0,serum,elisa,False
81,ECN-CAT-URO-003,Determinación de Proteínas en orina,1,1.4501,0.531,False,True,480.0,1.25,12,1,urine,colorimetria,False
82,ECN-CAT-MOL-003,Determinación de Virus de influenza B,2,1.8705,0.61,False,True,960.0,6.75,19,2,swab,rt-pcr,True
83,ECN-CAT-QC-004,Determinación de Ácido úrico,2,1.7552,0.573,False,True,680.0,2.25,26,1,plasma,enzimatico,True
84,ECN-CAT-HEM-004,Determinación de Eritrocitos,1,2.0424,0.748,False,True,260.0,0.75,3,0,blood,impedancia,False
85,ECN-CAT-INM-004,Determinación de Inmunoglobulina A,1,1.6343,0.599,False,True,450.0,2.0,10,0,serum,inmunoensayo,False
86,ECN-CAT-MIC-004,Determinación de Exudado nasal,2,3.0545,0.997,False,True,640.0,13.25,17,1,swab,cultivo,True
87,ECN-CAT-COA-004,Determinación de Fibrinógeno,2,1.9263,0.629,False,True,730.0,2.75,24,0,plasma,coagulometria,False
88,ECN-CAT-END-004,Determinación de Triyodotironina libre,1,1.6853,0.617,False,True,300.0,1.25,1,1,plasma,inmunoensayo,False
89,ECN-CAT-URO-004,Determinación de Glucosa en orina,1,1.4653,0.537,False,True,370.0,1.0,8,1,urine,tira reactiva,False
90,ECN-CAT-MOL-004,Determinación de Virus del papiloma humano,2,2.0925,0.683,False,True,830.0,7.25,15,0,swab,pcr,True
91,ECN-CAT-QC-005,Determinación de Colesterol total,2,2.0888,0.682,False,True,660.0,2.25,22,0,serum,espectrofotometria,False
92,ECN-CAT-HEM-005,Determinación de Leucocitos,2,1.9045,0.621,False,True,920.0,3.25,29,2,blood,citometria,True
93,ECN-CAT-INM-005,Determinación de Inmunoglobulina G,1,1.3479,0.494,False,True,380.0,2.25,6,1,serum,elisa,False
94,ECN-CAT-MIC-005,Determinación de Exudado vaginal,2,3.4312,1.12,True,True,550.0,13.0,13,0,swab,cultivo,False
95,ECN-CAT-COA-005,Determinación de Dímero D,2,2.0081,0.655,False,True,680.0,2.5,20,0,plasma,coagulometria,False
96,ECN-CAT-END-005,Determinación de Triyodotironina total,2,2.26,0.737,False,True,920.0,4.0,27,3,serum,quimioluminiscencia,True
97,ECN-CAT-URO-005,Determinación de Creatinina en orina,1,1.887,0.691,False,True,290.0,1.5,4,0,urine,microscopia,False
98,ECN-CAT-MOL-005,Determinación de Virus de hepatitis B,2,2.1013,0.686,False,True,730.0,7.0,11,2,plasma,pcr,True
99,ECN-CAT-QC-006,Determinación de Triglicéridos,1,1.8709,0.685,False,True,540.0,1.75,18,2,plasma,colorimetria,False
100,ECN-CAT-HEM-006,Determinación de Plaquetas,2,1.7653,0.576,False,True,700.0,2.75,25,2,blood,microscopia,True
101,ECN-CAT-INM-006,Determinación de Inmunoglobulina M,1,1.8868,0.691,False,True,320.0,2.5,2,0,serum,quimioluminiscencia,False
102,ECN-CAT-MIC-006,Determinación de Exudado uretral,2,3.4582,1.128,True,True,500.0,12.75,9,1,swab,cultivo,False
103,ECN-CAT-COA-006,Determinación de INR,1,1.6148,0.591,False,True,580.0,2.25,16,1,plasma,coagulometria,False
104,ECN-CAT-END-006,Determinación de Insulina,2,1.8552,0.605,False,True,790.0,3.25,23,0,plasma,elisa,False
105,ECN-CAT-URO-006,Determinación de Calcio en orina,2,2.1721,0.709,False,True,840.0,2.5,30,0,urine,colorimetria,True
106,ECN-CAT-MOL-006,Determinación de Virus de hepatitis C,2,2.3355,0.762,False,True,690.0,6.75,7,1,plasma,pcr,True
107,ECN-CAT-QC-007,Determinación de Bilirrubina total,1,1.7565,0.643,False,True,430.0,1.5,14,0,serum,enzimatico,False
108,ECN-CAT-HEM-007,Determinación de Reticulocitos,2,2.1473,0.701,False,True,630.0,2.25,21,0,blood,impedancia,False
109,ECN-CAT-INM-007,Determinación de Inmunoglobulina E,2,1.7526,0.572,False,True,820.0,3.25,28,2,serum,inmunoensayo,True
110,ECN-CAT-MIC-007,Determinación de Hemocultivo,1,3.4872,1.277,True,True,400.0,12.5,5,1,blood,cultivo,False
111,ECN-CAT-COA-007,Determinación de Actividad de factor VIII,1,1.6548,0.606,False,True,480.0,2.0,12,0,plasma,coagulometria,False
112,ECN-CAT-END-007,Determinación de Cortisol,2,1.7715,0.578,False,True,660.0,2.5,19,1,serum,inmunoensayo,False
113,ECN-CAT-URO-007,Determinación de Ácido úrico en orina,2,1.792,0.585,False,True,780.0,2.0,26,1,urine,tira reactiva,True
114,ECN-CAT-MOL-007,Determinación de Virus de Epstein-Barr,1,2.3399,0.857,False,True,590.0,6.5,3,1,blood,pcr,True
115,ECN-CAT-QC-008,Determinación de Bilirrubina directa,1,1.5442,0.566,False,True,370.0,1.25,10,2,plasma,espectrofotometria,False
116,ECN-CAT-HEM-008,Determinación de Volumen corpuscular medio,2,2.4621,0.803,False,True,630.0,2.75,17,3,blood,citometria,False
117,ECN-CAT-INM-008,Determinación de Complemento C3,2,1.8724,0.611,False,True,800.0,3.25,24,0,serum,elisa,False
118,ECN-CAT-MIC-008,Determinación de Cultivo de esputo,1,3.7027,1.356,True,True,300.0,12.25,1,1,other,cultivo,True
119,ECN-CAT-COA-008,Determinación de Actividad de factor IX,1,1.4642,0.536,False,True,380.0,1.75,8,2,plasma,coagulometria,False
120,ECN-CAT-END-008,Determinación de Hormona adrenocorticotropa,2,1.9321,0.63,False,True,680.0,3.25,15,2,plasma,quimioluminiscencia,False
121,ECN-CAT-URO-008,Determinación de Sodio en orina,2,2.0426,0.667,False,True,710.0,2.5,22,0,urine,microscopia,False
122,ECN-CAT-MOL-008,Determinación de Citomegalovirus,2,2.6585,0.868,False,True,1150.0,8.25,29,0,blood,pcr,True
123,ECN-CAT-QC-009,Determinación de Alanina aminotransferasa,1,1.8721,0.686,False,True,250.0,1.0,6,0,serum,colorimetria,False
124,ECN-CAT-HEM-009,Determinación de Hemoglobina corpuscular media,1,1.731,0.634,False,True,460.0,2.25,13,0,blood,microscopia,False
125,ECN-CAT-INM-009,Determinación de Complemento C4,2,1.896,0.619,False,True,730.0,3.5,20,0,serum,quimioluminiscencia,False
126,ECN-CAT-MIC-009,Determinación de Cultivo de heridas,2,3.248,1.06,True,True,860.0,14.0,27,2,swab,cultivo,True
127,ECN-CAT-COA-009,Determinación de Actividad de factor XI,1,1.8293,0.67,False,True,290.0,1.25,4,0,plasma,coagulometria,False
128,ECN-CAT-END-009,Determinación de Hormona de crecimiento,1,1.7531,0.642,False,True,550.0,2.5,11,0,serum,elisa,False
129,ECN-CAT-URO-009,Determinación de Potasio en orina,1,1.8726,0.686,False,True,600.0,2.0,18,1,urine,colorimetria,False
130,ECN-CAT-MOL-009,Determinación de Virus herpes simple 1,2,2.1472,0.701,False,True,1050.0,8.0,25,2,swab,pcr,True
131,ECN-CAT-QC-010,Determinación de Aspartato aminotransferasa,1,2.1698,0.795,False,True,190.0,0.5,2,0,plasma,enzimatico,False
132,ECN-CAT-HEM-010,Determinación de Concentración media de hemoglobina,1,1.4032,0.514,False,True,380.0,1.5,9,1,blood,impedancia,False
133,ECN-CAT-INM-010,Determinación de Anticuerpos antinucleares,1,1.7901,0.656,False,True,570.0,2.25,16,2,serum,inmunoensayo,False
134,ECN-CAT-MIC-010,Determinación de Cultivo de secreciones,2,3.266,1.066,True,True,770.0,13.75,23,0,swab,cultivo,False
135,ECN-CAT-COA-010,Determinación de Actividad de factor XII,2,1.7764,0.58,False,True,900.0,3.0,30,1,plasma,coagulometria,True
136,ECN-CAT-END-010,Determinación de Prolactina,1,2.1039,0.771,False,True,420.0,1.75,7,3,plasma,inmunoensayo,False
137,ECN-CAT-URO-010,Determinación de Cloro en orina,1,1.5459,0.566,False,True,490.0,1.5,14,1,urine,tira reactiva,False
138,ECN-CAT-MOL-010,Determinación de Virus herpes simple 2,2,2.1006,0.685,False,True,960.0,7.75,21,0,swab,pcr,True
139,ECN-CAT-QC-011,Determinación de Fosfatasa alcalina,2,2.041,0.666,False,True,780.0,2.5,28,0,serum,espectrofotometria,True
140,ECN-CAT-HEM-011,Determinación de Ancho de distribución eritrocitaria,1,1.4766,0.541,False,True,380.0,2.0,5,1,blood,citometria,False
141,ECN-CAT-INM-011,Determinación de Anticuerpos anti-DNA,1,1.7248,0.632,False,True,510.0,2.5,12,0,serum,elisa,False
142,ECN-CAT-MIC-011,Determinación de Antibiograma,2,3.2093,1.047,True,True,720.0,13.25,19,0,other,cultivo,False
143,ECN-CAT-COA-011,Determinación de Antitrombina III,2,1.6964,0.554,False,True,800.0,2.75,26,2,plasma,coagulometria,True
144,ECN-CAT-END-011,Determinación de Hormona luteinizante,1,1.7908,0.656,False,True,380.0,2.25,3,0,serum,quimioluminiscencia,False
145,ECN-CAT-URO-011,Determinación de Fósforo en orina,1,1.6824,0.616,False,True,420.0,2.0,10,0,urine,microscopia,False
146,ECN-CAT-MOL-011,Determinación de Chlamydia trachomatis,2,1.9098,0.623,False,True,910.0,7.5,17,2,swab,pcr,True
147,ECN-CAT-QC-012,Determinación de Gamma glutamil transferasa,2,1.9218,0.627,False,True,660.0,2.0,24,2,plasma,colorimetria,False
148,ECN-CAT-HEM-012,Determinación de Neutrófilos,1,2.2218,0.814,False,True,170.0,1.5,1,0,blood,microscopia,False
149,ECN-CAT-INM-012,Determinación de Anticuerpos anticardiolipina,1,1.2837,0.47,False,True,440.0,2.75,8,1,serum,quimioluminiscencia,False
150,ECN-CAT-MIC-012,Determinación de Tinción de Gram,1,1.8564,0.68,False,True,520.0,2.5,15,1,other,microscopia,True
151,ECN-CAT-COA-012,Determinación de Proteína C funcional,2,1.9694,0.643,False,True,700.0,2.5,22,0,plasma,coagulometria,False
152,ECN-CAT-END-012,Determinación de Hormona foliculoestimulante,2,1.8335,0.598,False,True,920.0,3.5,29,2,plasma,elisa,True
153,ECN-CAT-URO-012,Determinación de Magnesio en orina,1,1.6619,0.609,False,True,360.0,1.0,6,2,urine,colorimetria,False
154,ECN-CAT-MOL-012,Determinación de Neisseria gonorrhoeae,2,2.1704,0.708,False,True,810.0,7.0,13,0,swab,pcr,True
155,ECN-CAT-QC-013,Determinación de Albúmina,1,2.1667,0.794,False,True,560.0,1.75,20,0,serum,enzimatico,False
156,ECN-CAT-HEM-013,Determinación de Linfocitos,2,1.8378,0.6,False,True,750.0,2.5,27,2,blood,impedancia,True
157,ECN-CAT-INM-013,Determinación de Procalcitonina,1,1.467,0.537,False,True,330.0,1.5,4,1,serum,inmunoensayo,False
158,ECN-CAT-MIC-013,Determinación de Baciloscopía,1,1.7582,0.644,False,True,420.0,2.25,11,0,other,microscopia,False
159,ECN-CAT-COA-013,Determinación de Proteína S funcional,1,2.0723,0.759,False,True,610.0,2.25,18,0,plasma,coagulometria,False
160,ECN-CAT-END-013,Determinación de Estradiol,2,1.5691,0.512,False,True,790.0,2.75,25,1,serum,inmunoensayo,True
161,ECN-CAT-URO-013,Determinación de Urea en orina,1,2.1126,0.774,False,True,250.0,0.75,2,0,urine,tira reactiva,False
162,ECN-CAT-MOL-013,Determinación de Mycobacterium tuberculosis,2,2.4864,0.811,False,True,710.0,6.75,9,0,other,pcr,True
163,ECN-CAT-QC-014,Determinación de Proteínas totales,1,1.7252,0.632,False,True,490.0,1.75,16,2,plasma,espectrofotometria,False
164,ECN-CAT-HEM-014,Determinación de Monocitos,2,1.5922,0.52,False,True,800.0,3.0,23,1,blood,citometria,False
165,ECN-CAT-INM-014,Determinación de Ferritina,2,2.0637,0.673,False,True,920.0,3.75,30,0,serum,elisa,True
166,ECN-CAT-MIC-014,Determinación de Búsqueda de hongos,1,1.6741,0.613,False,True,330.0,1.75,7,2,other,microscopia,False
167,ECN-CAT-COA-014,Determinación de Anticoagulante lúpico,1,1.4031,0.514,False,True,510.0,2.0,14,1,plasma,coagulometria,False
168,ECN-CAT-END-014,Determinación de Progesterona,2,1.8538,0.605,False,True,800.0,3.5,21,0,plasma,quimioluminiscencia,False
169,ECN-CAT-URO-014,Determinación de Osmolalidad urinaria,2,2.007,0.655,False,True,830.0,3.25,28,0,urine,microscopia,True
170,ECN-CAT-MOL-014,Determinación de Bordetella pertussis,1,2.8917,1.059,True,True,610.0,6.5,5,3,swab,pcr,True
171,ECN-CAT-QC-015,Determinación de Calcio,1,1.6788,0.615,False,True,420.0,1.5,12,0,serum,colorimetria,False
172,ECN-CAT-HEM-015,Determinación de Eosinófilos,1,1.8716,0.685,False,True,580.0,2.5,19,1,blood,microscopia,False
173,ECN-CAT-INM-015,Determinación de Troponina I,2,1.6396,0.535,False,True,860.0,4.0,26,2,serum,quimioluminiscencia,True
174,ECN-CAT-MIC-015,Determinación de Coprológico,1,1.7935,0.657,False,True,230.0,1.5,3,1,stool,microscopia,False
175,ECN-CAT-COA-015,Determinación de Resistencia a proteína C activada,1,1.6181,0.593,False,True,460.0,1.75,10,0,plasma,coagulometria,False
176,ECN-CAT-END-015,Determinación de Testosterona total,2,2.0831,0.68,False,True,670.0,2.75,17,0,serum,elisa,False
177,ECN-CAT-URO-015,Determinación de Depuración de creatinina,2,1.7692,0.577,False,True,720.0,2.25,24,1,urine,colorimetria,False
178,ECN-CAT-MOL-015,Determinación de Parvovirus B19,1,2.5249,0.925,False,True,520.0,6.25,1,0,blood,pcr,True
179,ECN-CAT-QC-016,Determinación de Fósforo,1,1.7461,0.64,False,True,310.0,1.25,8,0,plasma,enzimatico,False
180,ECN-CAT-HEM-016,Determinación de Basófilos,1,1.7575,0.644,False,True,510.0,1.75,15,2,blood,impedancia,False
181,ECN-CAT-INM-016,Determinación de Antígeno carcinoembrionario,2,1.6769,0.547,False,True,700.0,2.5,22,1,serum,inmunoensayo,False
182,ECN-CAT-MIC-016,Determinación de Amiba en fresco,2,2.081,0.679,False,True,840.0,3.25,29,0,stool,microscopia,True
183,ECN-CAT-COA-016,Determinación de Agregación plaquetaria,1,1.5395,0.564,False,True,360.0,1.25,6,2,plasma,coagulometria,False
184,ECN-CAT-END-016,Determinación de Testosterona libre,1,1.6143,0.591,False,True,540.0,2.0,13,2,plasma,inmunoensayo,False
185,ECN-CAT-URO-016,Determinación de Sedimento urinario,2,2.2575,0.737,False,True,610.0,2.0,20,0,urine,tira reactiva,False
186,ECN-CAT-MOL-016,Determinación de Dengue por PCR,2,2.2828,0.745,False,True,1160.0,7.0,27,1,blood,rt-pcr,True
187,ECN-CAT-QC-017,Determinación de Magnesio,1,1.6404,0.601,False,True,250.0,1.25,4,1,serum,espectrofotometria,False
188,ECN-CAT-HEM-017,Determinación de Velocidad de sedimentación,1,1.4495,0.531,False,True,510.0,2.25,11,1,blood,citometria,False
189,ECN-CAT-INM-017,Determinación de Alfafetoproteína,2,1.7997,0.587,False,True,630.0,2.75,18,1,serum,elisa,False
190,ECN-CAT-MIC-017,Determinación de Sangre oculta en heces,2,1.8611,0.607,False,True,780.0,2.5,25,2,stool,inmunocromatografia,True
191,ECN-CAT-COA-017,Determinación de Tiempo de sangrado,1,1.9751,0.723,False,True,260.0,1.0,2,0,plasma,coagulometria,False
192,ECN-CAT-END-017,Determinación de Dehidroepiandrosterona,1,1.6918,0.62,False,True,510.0,3.0,9,0,serum,quimioluminiscencia,False
193,ECN-CAT-URO-017,Determinación de Cetonas en orina,1,1.7103,0.626,False,True,590.0,2.25,16,1,urine,microscopia,False
194,ECN-CAT-MOL-017,Determinación de Zika por PCR,2,2.0188,0.659,False,True,1060.0,6.75,23,2,blood,rt-pcr,True
195,ECN-CAT-QC-018,Determinación de Sodio,2,2.0753,0.677,False,True,790.0,2.75,30,0,plasma,colorimetria,True
196,ECN-CAT-HEM-018,Determinación de Frotis de sangre periférica,1,1.7858,0.654,False,True,290.0,1.75,7,0,blood,microscopia,False
197,ECN-CAT-INM-018,Determinación de CA 125,1,1.9256,0.705,False,True,610.0,3.0,14,0,serum,quimioluminiscencia,False
198,ECN-CAT-MIC-018,Determinación de Rotavirus en heces,2,1.8643,0.608,False,True,680.0,2.25,21,1,stool,inmunocromatografia,False
199,ECN-CAT-COA-018,Determinación de Tiempo de coagulación,2,1.972,0.643,False,True,830.0,2.75,28,0,plasma,coagulometria,True
200,ECN-CAT-END-018,Determinación de Aldosterona,1,2.163,0.792,False,True,380.0,2.25,5,3,plasma,elisa,False
201,ECN-CAT-URO-018,Determinación de Hemoglobina en orina,1,1.4358,0.526,False,True,480.0,1.5,12,1,urine,colorimetria,False
202,ECN-CAT-MOL-018,Determinación de Chikungunya por PCR,2,2.0133,0.657,False,True,960.0,6.5,19,0,blood,rt-pcr,True
203,ECN-CAT-QC-019,Determinación de Potasio,2,1.7647,0.576,False,True,680.0,2.25,26,1,serum,enzimatico,True
204,ECN-CAT-HEM-019,Determinación de Conteo diferencial,1,1.9015,0.696,False,True,260.0,1.0,3,2,blood,impedancia,False
205,ECN-CAT-INM-019,Determinación de CA 19-9,1,1.2752,0.467,False,True,450.0,1.75,10,1,serum,inmunoensayo,False
206,ECN-CAT-MIC-019,Determinación de Adenovirus en heces,1,2.1419,0.784,False,True,590.0,2.0,17,0,stool,inmunocromatografia,False
207,ECN-CAT-COA-019,Determinación de Productos de degradación de fibrina,2,1.6239,0.53,False,True,730.0,2.5,24,1,plasma,coagulometria,False
208,ECN-CAT-END-019,Determinación de Renina,1,1.9689,0.721,False,True,300.0,1.5,1,0,serum,inmunoensayo,False
209,ECN-CAT-URO-019,Determinación de Nitritos en orina,1,1.7915,0.656,False,True,370.0,1.0,8,0,urine,tira reactiva,False
210,ECN-CAT-MOL-019,Determinación de Panel respiratorio molecular,2,1.8608,0.607,False,True,870.0,6.0,15,2,swab,rt-pcr,True
211,ECN-CAT-QC-020,Determinación de Cloro,2,1.8562,0.606,False,True,610.0,2.25,22,1,plasma,espectrofotometria,False
212,ECN-CAT-HEM-020,Determinación de Índice plaquetario,2,2.0705,0.676,False,True,920.0,3.5,29,0,blood,citometria,True
213,ECN-CAT-INM-020,Determinación de CA 15-3,1,1.6926,0.62,False,True,390.0,2.25,6,0,serum,elisa,False
214,ECN-CAT-MIC-020,Determinación de Helicobacter pylori,1,1.8084,0.662,False,True,490.0,1.75,13,1,stool,inmunocromatografia,True
215,ECN-CAT-COA-020,Determinación de Factor de von Willebrand,2,1.7236,0.562,False,True,680.0,2.25,20,1,plasma,coagulometria,False
216,ECN-CAT-END-020,Determinación de Paratohormona,2,1.9197,0.626,False,True,920.0,4.25,27,0,plasma,quimioluminiscencia,True
217,ECN-CAT-URO-020,Determinación de Leucocitos en orina,1,2.2865,0.837,False,True,300.0,1.5,4,3,urine,microscopia,False
218,ECN-CAT-MOL-020,Determinación de Panel gastrointestinal molecular,2,2.0215,0.66,False,True,770.0,5.75,11,1,other,rt-pcr,True
219,ECN-CAT-QC-021,Determinación de Hierro sérico,1,2.0015,0.733,False,True,540.0,1.75,18,0,serum,colorimetria,False
220,ECN-CAT-HEM-021,Determinación de Morfología eritrocitaria,2,1.7558,0.573,False,True,710.0,2.75,25,2,blood,microscopia,True
221,ECN-CAT-INM-021,Determinación de Antígeno prostático total,1,1.752,0.642,False,True,320.0,2.5,2,2,serum,quimioluminiscencia,False
222,ECN-CAT-MIC-021,Determinación de Clostridioides difficile,1,1.4985,0.549,False,True,440.0,1.25,9,1,stool,inmunocromatografia,False
223,ECN-CAT-COA-021,Determinación de Mezcla de TTPa,1,1.9172,0.702,False,True,580.0,2.0,16,0,plasma,coagulometria,False
224,ECN-CAT-END-021,Determinación de Calcitonina,2,1.4883,0.486,False,True,800.0,3.5,23,1,serum,elisa,False
225,ECN-CAT-URO-021,Determinación de Cristales en orina,2,2.1767,0.71,False,True,850.0,2.5,30,0,urine,colorimetria,True
226,ECN-CAT-MOL-021,Determinación de Trombofilia hereditaria,2,2.3378,0.763,False,True,690.0,6.5,7,1,blood,pcr,True
227,ECN-CAT-QC-022,Determinación de Amilasa,1,1.4184,0.519,False,True,440.0,1.5,14,1,plasma,enzimatico,False
228,ECN-CAT-HEM-022,Determinación de Morfología leucocitaria,2,1.8871,0.616,False,True,630.0,2.0,21,1,blood,impedancia,False
229,ECN-CAT-INM-022,Determinación de Antígeno prostático libre,2,1.9512,0.637,False,True,820.0,3.25,28,0,serum,inmunoensayo,True
230,ECN-CAT-MIC-022,Determinación de Estreptococo del grupo A,1,1.6324,0.598,False,True,340.0,1.0,5,1,swab,inmunocromatografia,False
231,ECN-CAT-COA-022,Determinación de Mezcla de TP,1,1.3103,0.48,False,True,490.0,1.75,12,1,plasma,coagulometria,False
232,ECN-CAT-END-022,Determinación de Péptido C,2,1.7482,0.57,False,True,670.0,2.5,19,1,plasma,inmunoensayo,False
233,ECN-CAT-URO-022,Determinación de Cilindros urinarios,2,2.0635,0.673,False,True,790.0,2.25,26,0,urine,tira reactiva,True
234,ECN-CAT-MOL-022,Determinación de Mutación JAK2,1,2.3399,0.857,False,True,590.0,6.5,3,1,blood,pcr,True
235,ECN-CAT-QC-023,Determinación de Lipasa,1,1.6879,0.618,False,True,370.0,1.5,10,0,serum,espectrofotometria,False
236,ECN-CAT-HEM-023,Determinación de Morfología plaquetaria,1,2.1534,0.789,False,True,630.0,2.5,17,0,blood,citometria,False
237,ECN-CAT-INM-023,Determinación de Serología para dengue,2,1.6414,0.536,False,True,800.0,3.5,24,2,serum,elisa,False
238,ECN-CAT-MIC-023,Determinación de Salmonella,1,3.6591,1.34,True,True,310.0,12.25,1,2,stool,cultivo,False
239,ECN-CAT-COA-023,Determinación de Factor V,1,1.2596,0.461,False,True,390.0,1.5,8,1,plasma,coagulometria,False
240,ECN-CAT-END-023,Determinación de 17-hidroxiprogesterona,1,1.8856,0.691,False,True,630.0,3.25,15,2,serum,quimioluminiscencia,False
241,ECN-CAT-URO-023,Determinación de Urobilinógeno en orina,2,1.6957,0.553,False,True,710.0,2.75,22,1,urine,microscopia,False
242,ECN-CAT-MOL-023,Determinación de BCR-ABL cuantitativo,2,2.4253,0.791,False,True,1150.0,8.25,29,1,blood,pcr,True
243,ECN-CAT-QC-024,Determinación de Lactato deshidrogenasa,1,1.868,0.684,False,True,250.0,1.0,6,0,plasma,colorimetria,False
244,ECN-CAT-HEM-024,Determinación de Hemoparásitos,1,1.5848,0.58,False,True,460.0,2.0,13,2,blood,microscopia,False
245,ECN-CAT-INM-024,Determinación de Serología para rubéola,2,1.5243,0.497,False,True,740.0,3.75,20,1,serum,quimioluminiscencia,False
246,ECN-CAT-MIC-024,Determinación de Shigella,2,3.3909,1.106,True,True,870.0,14.0,27,0,stool,cultivo,True
247,ECN-CAT-COA-024,Determinación de Factor VII,1,1.5287,0.56,False,True,290.0,1.0,4,1,plasma,coagulometria,False
248,ECN-CAT-END-024,Determinación de Hormona antimülleriana,1,1.4126,0.517,False,True,550.0,2.5,11,1,plasma,elisa,False
249,ECN-CAT-URO-024,Determinación de Bilirrubina en orina,1,1.8773,0.688,False,True,600.0,1.75,18,1,urine,colorimetria,False
250,ECN-CAT-MOL-024,Determinación de HLA-B27,2,2.3118,0.754,False,True,1060.0,8.0,25,0,blood,pcr,True
251,ECN-CAT-QC-025,Determinación de Hemoglobina glucosilada,1,2.0671,0.757,False,True,140.0,0.75,2,1,blood,enzimatico,False
252,ECN-CAT-HEM-025,Determinación de Prueba de falciformación,1,1.4128,0.517,False,True,390.0,1.25,9,1,blood,impedancia,False
253,ECN-CAT-INM-025,Determinación de Serología para toxoplasma,1,1.9388,0.71,False,True,580.0,2.5,16,0,serum,inmunoensayo,False
254,ECN-CAT-MIC-025,Determinación de Candida albicans,2,3.4663,1.131,True,True,770.0,13.75,23,3,swab,cultivo,False
255,ECN-CAT-COA-025,Determinación de Factor X,2,1.7515,0.572,False,True,900.0,3.25,30,1,plasma,coagulometria,True
256,ECN-CAT-END-025,Determinación de Somatomedina C,1,1.6509,0.605,False,True,420.0,1.75,7,0,serum,inmunoensayo,False
257,ECN-CAT-URO-025,Determinación de Relación albúmina creatinina,1,1.733,0.635,False,True,490.0,1.25,14,2,urine,tira reactiva,False
258,ECN-CAT-MOL-025,Determinación de Carga viral cuantitativa,2,1.8669,0.609,False,True,960.0,7.75,21,2,plasma,pcr,True
259,ECN-CAT-QC-026,Cuantificación de Glucosa,2,1.7159,0.56,False,True,790.0,2.5,28,1,plasma,espectrofotometria,True
260,ECN-CAT-HEM-026,Cuantificación de Biometría hemática,1,1.8016,0.66,False,True,390.0,1.75,5,0,blood,citometria,False
261,ECN-CAT-INM-026,Cuantificación de Proteína C reactiva,1,1.3829,0.506,False,True,510.0,2.5,12,1,serum,elisa,False
262,ECN-CAT-MIC-026,Cuantificación de Urocultivo,2,3.0924,1.009,True,True,670.0,13.5,19,1,urine,cultivo,False
263,ECN-CAT-COA-026,Cuantificación de Tiempo de protrombina,2,1.8745,0.612,False,True,800.0,3.0,26,0,plasma,coagulometria,True
264,ECN-CAT-END-026,Cuantificación de Hormona estimulante de tiroides,1,1.4562,0.533,False,True,390.0,2.5,3,1,plasma,quimioluminiscencia,False
265,ECN-CAT-URO-026,Cuantificación de Examen general de orina,1,1.3363,0.489,False,True,420.0,1.75,10,1,urine,microscopia,False
266,ECN-CAT-MOL-026,Cuantificación de Detección molecular de SARS-CoV-2,2,1.7575,0.573,False,True,940.0,6.5,17,1,swab,rt-pcr,True
267,ECN-CAT-QC-027,Cuantificación de Urea,2,2.0684,0.675,False,True,670.0,2.25,24,0,serum,colorimetria,False
268,ECN-CAT-HEM-027,Cuantificación de Hemoglobina,1,2.1183,0.776,False,True,170.0,1.25,1,2,blood,microscopia,False
269,ECN-CAT-INM-027,Cuantificación de Factor reumatoide,1,1.2837,0.47,False,True,440.0,2.75,8,1,serum,quimioluminiscencia,False
270,ECN-CAT-MIC-027,Cuantificación de Coprocultivo,2,3.367,1.099,True,True,620.0,13.25,15,0,stool,cultivo,False
271,ECN-CAT-COA-027,Cuantificación de Tiempo de tromboplastina parcial,2,1.9609,0.64,False,True,710.0,2.5,22,0,plasma,coagulometria,False
272,ECN-CAT-END-027,Cuantificación de Tiroxina libre,2,1.6974,0.554,False,True,920.0,3.75,29,1,serum,elisa,True
273,ECN-CAT-URO-027,Cuantificación de Microalbúmina en orina,1,1.8214,0.667,False,True,360.0,0.75,6,0,urine,colorimetria,False
274,ECN-CAT-MOL-027,Cuantificación de Virus de influenza A,2,2.4466,0.798,False,True,840.0,6.25,13,3,swab,rt-pcr,True
275,ECN-CAT-QC-028,Cuantificación de Creatinina,1,2.0466,0.75,False,True,560.0,1.75,20,2,plasma,enzimatico,False
276,ECN-CAT-HEM-028,Cuantificación de Hematocrito,2,1.6782,0.548,False,True,750.0,2.75,27,1,blood,impedancia,True
277,ECN-CAT-INM-028,Cuantificación de Antiestreptolisinas O,1,1.467,0.537,False,True,330.0,1.5,4,1,serum,inmunoensayo,False
278,ECN-CAT-MIC-028,Cuantificación de Exudado faríngeo,2,3.4103,1.113,True,True,530.0,13.0,11,2,swab,cultivo,True
279,ECN-CAT-COA-028,Cuantificación de Tiempo de trombina,1,1.7977,0.658,False,True,610.0,2.25,18,1,plasma,coagulometria,False
280,ECN-CAT-END-028,Cuantificación de Tiroxina total,2,1.8746,0.612,False,True,790.0,3.0,25,0,plasma,inmunoensayo,True
281,ECN-CAT-URO-028,Cuantificación de Proteínas en orina,1,2.1308,0.78,False,True,250.0,0.5,2,0,urine,tira reactiva,False
282,ECN-CAT-MOL-028,Cuantificación de Virus de influenza B,2,2.1504,0.702,False,True,750.0,6.0,9,1,swab,rt-pcr,True
283,ECN-CAT-QC-029,Cuantificación de Ácido úrico,1,1.5555,0.57,False,True,490.0,1.75,16,1,serum,espectrofotometria,False
284,ECN-CAT-HEM-029,Cuantificación de Eritrocitos,2,1.5643,0.51,False,True,800.0,3.25,23,1,blood,citometria,False
285,ECN-CAT-INM-029,Cuantificación de Inmunoglobulina A,2,1.8905,0.617,False,True,930.0,3.75,30,2,serum,elisa,True
286,ECN-CAT-MIC-029,Cuantificación de Exudado nasal,1,3.4975,1.281,True,True,430.0,12.5,7,1,swab,cultivo,False
287,ECN-CAT-COA-029,Cuantificación de Fibrinógeno,1,1.741,0.638,False,True,510.0,2.0,14,0,plasma,coagulometria,False
288,ECN-CAT-END-029,Cuantificación de Triyodotironina libre,2,1.5115,0.493,False,True,800.0,3.5,21,1,serum,quimioluminiscencia,False
289,ECN-CAT-URO-029,Cuantificación de Glucosa en orina,2,1.7167,0.56,False,True,840.0,3.0,28,1,urine,microscopia,True
290,ECN-CAT-MOL-029,Cuantificación de Virus del papiloma humano,1,2.6319,0.964,False,True,620.0,6.75,5,0,swab,pcr,True
291,ECN-CAT-QC-030,Cuantificación de Colesterol total,1,2.1482,0.787,False,True,370.0,1.25,12,3,plasma,colorimetria,False
292,ECN-CAT-HEM-030,Cuantificación de Leucocitos,2,1.8751,0.612,False,True,590.0,2.75,19,1,blood,microscopia,False
293,ECN-CAT-INM-030,Cuantificación de Inmunoglobulina G,2,1.8504,0.604,False,True,860.0,4.0,26,0,serum,quimioluminiscencia,True
294,ECN-CAT-MIC-030,Cuantificación de Exudado vaginal,1,3.5964,1.317,True,True,330.0,12.25,3,2,swab,cultivo,False
295,ECN-CAT-COA-030,Cuantificación de Dímero D,1,1.4587,0.534,False,True,460.0,1.75,10,2,plasma,coagulometria,False
296,ECN-CAT-END-030,Cuantificación de Triyodotironina total,2,1.8777,0.613,False,True,680.0,2.75,17,2,plasma,elisa,False
297,ECN-CAT-URO-030,Cuantificación de Creatinina en orina,2,2.0711,0.676,False,True,730.0,2.25,24,0,urine,colorimetria,False
298,ECN-CAT-MOL-030,Cuantificación de Virus de hepatitis B,1,2.2585,0.827,False,True,520.0,6.25,1,1,plasma,pcr,True
299,ECN-CAT-QC-031,Cuantificación de Triglicéridos,1,1.7539,0.642,False,True,320.0,1.0,8,0,serum,enzimatico,False
300,ECN-CAT-HEM-031,Cuantificación de Plaquetas,1,1.5864,0.581,False,True,510.0,1.75,15,1,blood,impedancia,False
301,ECN-CAT-INM-031,Cuantificación de Inmunoglobulina M,2,1.9712,0.643,False,True,700.0,2.75,22,0,serum,inmunoensayo,False
302,ECN-CAT-MIC-031,Cuantificación de Exudado uretral,2,3.3087,1.08,True,True,890.0,14.0,29,2,swab,cultivo,True
303,ECN-CAT-COA-031,Cuantificación de INR,1,1.3169,0.482,False,True,370.0,1.5,6,1,plasma,coagulometria,False
304,ECN-CAT-END-031,Cuantificación de Insulina,1,1.7771,0.651,False,True,550.0,2.0,13,0,serum,inmunoensayo,False
305,ECN-CAT-URO-031,Cuantificación de Calcio en orina,2,1.9776,0.645,False,True,610.0,2.0,20,1,urine,tira reactiva,False
306,ECN-CAT-MOL-031,Cuantificación de Virus de hepatitis C,2,2.3502,0.767,False,True,1130.0,8.0,27,2,plasma,pcr,True
307,ECN-CAT-QC-032,Cuantificación de Bilirrubina total,1,1.9471,0.713,False,True,250.0,1.0,4,0,plasma,espectrofotometria,False
308,ECN-CAT-HEM-032,Cuantificación de Reticulocitos,1,1.4495,0.531,False,True,510.0,2.25,11,1,blood,citometria,False
309,ECN-CAT-INM-032,Cuantificación de Inmunoglobulina E,2,2.0795,0.679,False,True,630.0,3.0,18,0,serum,elisa,False
310,ECN-CAT-MIC-032,Cuantificación de Hemocultivo,2,3.2466,1.059,True,True,850.0,13.75,25,0,blood,cultivo,True
311,ECN-CAT-COA-032,Cuantificación de Actividad de factor VIII,1,1.8157,0.665,False,True,270.0,1.25,2,2,plasma,coagulometria,False
312,ECN-CAT-END-032,Cuantificación de Cortisol,1,1.5253,0.559,False,True,510.0,2.75,9,2,plasma,quimioluminiscencia,False
313,ECN-CAT-URO-032,Cuantificación de Ácido úrico en orina,1,1.7979,0.658,False,True,540.0,2.5,16,2,urine,microscopia,False
314,ECN-CAT-MOL-032,Cuantificación de Virus de Epstein-Barr,2,1.9092,0.623,False,True,1030.0,7.75,23,1,blood,pcr,True
315,ECN-CAT-QC-033,Cuantificación de Bilirrubina directa,2,1.8074,0.59,False,True,790.0,2.5,30,1,serum,colorimetria,True
316,ECN-CAT-HEM-033,Cuantificación de Volumen corpuscular medio,1,1.4582,0.534,False,True,290.0,1.75,7,1,blood,microscopia,False
317,ECN-CAT-INM-033,Cuantificación de Complemento C3,1,1.6614,0.608,False,True,620.0,3.25,14,1,serum,quimioluminiscencia,False
318,ECN-CAT-MIC-033,Cuantificación de Cultivo de esputo,2,3.3038,1.078,True,True,750.0,13.75,21,0,other,cultivo,False
319,ECN-CAT-COA-033,Cuantificación de Actividad de factor IX,2,1.7474,0.57,False,True,830.0,3.0,28,2,plasma,coagulometria,True
320,ECN-CAT-END-033,Cuantificación de Hormona adrenocorticotropa,1,1.3859,0.508,False,True,380.0,2.0,5,1,serum,elisa,False
321,ECN-CAT-URO-033,Cuantificación de Sodio en orina,1,1.7675,0.647,False,True,480.0,1.5,12,0,urine,colorimetria,False
322,ECN-CAT-MOL-033,Cuantificación de Citomegalovirus,2,1.8597,0.607,False,True,940.0,7.5,19,2,blood,pcr,True
323,ECN-CAT-QC-034,Cuantificación de Alanina aminotransferasa,2,1.9146,0.625,False,True,680.0,2.0,26,2,plasma,enzimatico,True
324,ECN-CAT-HEM-034,Cuantificación de Hemoglobina corpuscular media,1,2.0114,0.737,False,True,270.0,1.0,3,0,blood,impedancia,False
325,ECN-CAT-INM-034,Cuantificación de Complemento C4,1,1.2799,0.469,False,True,460.0,1.75,10,1,serum,inmunoensayo,False
326,ECN-CAT-MIC-034,Cuantificación de Cultivo de heridas,2,3.1366,1.024,True,True,650.0,13.5,17,1,swab,cultivo,False
327,ECN-CAT-COA-034,Cuantificación de Actividad de factor XI,2,1.955,0.638,False,True,730.0,2.5,24,0,plasma,coagulometria,False
328,ECN-CAT-END-034,Cuantificación de Hormona de crecimiento,1,2.3705,0.868,False,True,300.0,1.25,1,3,plasma,inmunoensayo,False
329,ECN-CAT-URO-034,Cuantificación de Potasio en orina,1,1.6327,0.598,False,True,370.0,1.25,8,2,urine,tira reactiva,False
330,ECN-CAT-MOL-034,Cuantificación de Virus herpes simple 1,2,1.7915,0.585,False,True,840.0,7.25,15,1,swab,pcr,True
331,ECN-CAT-QC-035,Cuantificación de Aspartato aminotransferasa,2,1.9011,0.62,False,True,610.0,2.0,22,1,serum,espectrofotometria,False
332,ECN-CAT-HEM-035,Cuantificación de Concentración media de hemoglobina,2,1.8978,0.619,False,True,930.0,3.5,29,2,blood,citometria,True
333,ECN-CAT-INM-035,Cuantificación de Anticuerpos antinucleares,1,1.3446,0.492,False,True,390.0,2.0,6,1,serum,elisa,False
334,ECN-CAT-MIC-035,Cuantificación de Cultivo de secreciones,2,3.313,1.081,True,True,550.0,13.25,13,1,swab,cultivo,False
335,ECN-CAT-COA-035,Cuantificación de Actividad de factor XII,2,2.0387,0.665,False,True,680.0,2.25,20,0,plasma,coagulometria,False
336,ECN-CAT-END-035,Cuantificación de Prolactina,2,1.6199,0.529,False,True,930.0,4.0,27,1,serum,quimioluminiscencia,True
337,ECN-CAT-URO-035,Cuantificación de Cloro en orina,1,1.874,0.686,False,True,300.0,1.5,4,0,urine,microscopia,False
338,ECN-CAT-MOL-035,Cuantificación de Virus herpes simple 2,2,2.3067,0.753,False,True,740.0,7.0,11,0,swab,pcr,True
339,ECN-CAT-QC-036,Cuantificación de Fosfatasa alcalina,1,1.8786,0.688,False,True,550.0,2.0,18,2,plasma,colorimetria,False
340,ECN-CAT-HEM-036,Cuantificación de Ancho de distribución eritrocitaria,2,1.7272,0.564,False,True,710.0,3.0,25,2,blood,microscopia,True
341,ECN-CAT-INM-036,Cuantificación de Anticuerpos anti-DNA,1,1.8852,0.69,False,True,320.0,2.25,2,0,serum,quimioluminiscencia,False
342,ECN-CAT-MIC-036,Cuantificación de Antibiograma,2,3.6645,1.196,True,True,450.0,13.0,9,2,other,cultivo,True
343,ECN-CAT-COA-036,Cuantificación de Antitrombina III,1,1.6355,0.599,False,True,590.0,2.0,16,1,plasma,coagulometria,False
344,ECN-CAT-END-036,Cuantificación de Hormona luteinizante,2,1.8555,0.605,False,True,800.0,3.25,23,0,plasma,elisa,False
345,ECN-CAT-URO-036,Cuantificación de Fósforo en orina,2,2.1509,0.702,False,True,850.0,2.75,30,0,urine,colorimetria,True
346,ECN-CAT-MOL-036,Cuantificación de Chlamydia trachomatis,2,2.3762,0.775,False,True,690.0,6.75,7,1,swab,pcr,True
347,ECN-CAT-QC-037,Cuantificación de Gamma glutamil transferasa,1,1.4238,0.521,False,True,440.0,1.5,14,1,serum,enzimatico,False
348,ECN-CAT-HEM-037,Cuantificación de Neutrófilos,2,1.9685,0.642,False,True,630.0,2.25,21,2,blood,impedancia,False
349,ECN-CAT-INM-037,Cuantificación de Anticuerpos anticardiolipina,2,1.6462,0.537,False,True,820.0,3.0,28,1,serum,inmunoensayo,True
350,ECN-CAT-MIC-037,Cuantificación de Tinción de Gram,1,1.7465,0.64,False,True,310.0,1.75,5,2,other,microscopia,False
351,ECN-CAT-COA-037,Cuantificación de Proteína C funcional,1,1.3103,0.48,False,True,490.0,1.75,12,1,plasma,coagulometria,False
352,ECN-CAT-END-037,Cuantificación de Hormona foliculoestimulante,2,1.9138,0.625,False,True,670.0,2.25,19,2,serum,inmunoensayo,False
353,ECN-CAT-URO-037,Cuantificación de Magnesio en orina,2,1.7678,0.577,False,True,740.0,2.25,26,1,urine,tira reactiva,True
354,ECN-CAT-MOL-037,Cuantificación de Neisseria gonorrhoeae,1,2.3653,0.866,False,True,600.0,6.25,3,1,swab,pcr,True
355,ECN-CAT-QC-038,Cuantificación de Albúmina,1,1.6833,0.617,False,True,370.0,1.5,10,0,plasma,espectrofotometria,False
356,ECN-CAT-HEM-038,Cuantificación de Linfocitos,2,1.9944,0.651,False,True,630.0,2.75,17,2,blood,citometria,False
357,ECN-CAT-INM-038,Cuantificación de Procalcitonina,2,1.5249,0.498,False,True,810.0,3.25,24,1,serum,elisa,False
358,ECN-CAT-MIC-038,Cuantificación de Baciloscopía,1,2.2038,0.807,False,True,210.0,1.5,1,0,other,microscopia,False
359,ECN-CAT-COA-038,Cuantificación de Proteína S funcional,1,1.4693,0.538,False,True,390.0,1.5,8,2,plasma,coagulometria,False
360,ECN-CAT-END-038,Cuantificación de Estradiol,1,1.8957,0.694,False,True,630.0,3.5,15,2,plasma,quimioluminiscencia,False
361,ECN-CAT-URO-038,Cuantificación de Urea en orina,2,2.0077,0.655,False,True,720.0,2.75,22,0,urine,microscopia,False
362,ECN-CAT-MOL-038,Cuantificación de Mycobacterium tuberculosis,2,2.4849,0.811,False,True,1160.0,8.0,29,1,other,pcr,True
363,ECN-CAT-QC-039,Cuantificación de Proteínas totales,1,1.5627,0.572,False,True,250.0,1.0,6,1,serum,colorimetria,False
364,ECN-CAT-HEM-039,Cuantificación de Monocitos,1,1.7252,0.632,False,True,420.0,2.0,13,0,blood,microscopia,False
365,ECN-CAT-INM-039,Cuantificación de Ferritina,2,1.6844,0.55,False,True,740.0,3.5,20,2,serum,quimioluminiscencia,False
366,ECN-CAT-MIC-039,Cuantificación de Búsqueda de hongos,2,1.8336,0.598,False,True,770.0,3.0,27,2,other,microscopia,True
367,ECN-CAT-COA-039,Cuantificación de Anticoagulante lúpico,1,1.5112,0.553,False,True,290.0,1.25,4,1,plasma,coagulometria,False
368,ECN-CAT-END-039,Cuantificación de Progesterona,1,1.442,0.528,False,True,560.0,2.75,11,1,serum,elisa,False
369,ECN-CAT-URO-039,Cuantificación de Osmolalidad urinaria,1,1.8957,0.694,False,True,610.0,1.75,18,1,urine,colorimetria,False
370,ECN-CAT-MOL-039,Cuantificación de Bordetella pertussis,2,2.1384,0.698,False,True,1060.0,7.75,25,2,swab,pcr,True
371,ECN-CAT-QC-040,Cuantificación de Calcio,1,1.9887,0.728,False,True,150.0,0.75,2,1,plasma,enzimatico,False
372,ECN-CAT-HEM-040,Cuantificación de Eosinófilos,1,1.7489,0.641,False,True,390.0,1.25,9,0,blood,impedancia,False
373,ECN-CAT-INM-040,Cuantificación de Troponina I,1,1.9372,0.709,False,True,580.0,2.25,16,0,serum,inmunoensayo,False
374,ECN-CAT-MIC-040,Cuantificación de Coprológico,2,1.7293,0.564,False,True,670.0,2.75,23,1,stool,microscopia,True
375,ECN-CAT-COA-040,Cuantificación de Resistencia a proteína C activada,2,2.0937,0.683,False,True,910.0,3.0,30,0,plasma,coagulometria,True
376,ECN-CAT-END-040,Cuantificación de Testosterona total,1,2.1041,0.771,False,True,430.0,1.75,7,3,plasma,inmunoensayo,False
377,ECN-CAT-URO-040,Cuantificación de Depuración de creatinina,1,1.721,0.63,False,True,490.0,1.5,14,2,urine,tira reactiva,False
378,ECN-CAT-MOL-040,Cuantificación de Parvovirus B19,2,2.0455,0.667,False,True,960.0,7.5,21,0,blood,pcr,True
379,ECN-CAT-QC-041,Cuantificación de Fósforo,2,1.693,0.552,False,True,790.0,2.75,28,1,serum,espectrofotometria,True
380,ECN-CAT-HEM-041,Cuantificación de Basófilos,1,1.66,0.608,False,True,390.0,1.75,5,2,blood,citometria,False
381,ECN-CAT-INM-041,Cuantificación de Antígeno carcinoembrionario,1,1.73,0.634,False,True,510.0,2.75,12,0,serum,elisa,False
382,ECN-CAT-MIC-041,Cuantificación de Amiba en fresco,1,2.179,0.798,False,True,570.0,2.5,19,0,stool,microscopia,False
383,ECN-CAT-COA-041,Cuantificación de Agregación plaquetaria,2,1.9022,0.621,False,True,810.0,2.75,26,0,plasma,coagulometria,True
384,ECN-CAT-END-041,Cuantificación de Testosterona libre,1,1.4614,0.535,False,True,390.0,2.5,3,1,serum,quimioluminiscencia,False
385,ECN-CAT-URO-041,Cuantificación de Sedimento urinario,1,1.3297,0.487,False,True,420.0,2.0,10,1,urine,microscopia,False
386,ECN-CAT-MOL-041,Cuantificación de Dengue por PCR,2,1.8356,0.599,False,True,940.0,6.25,17,2,blood,rt-pcr,True
387,ECN-CAT-QC-042,Cuantificación de Magnesio,2,1.8733,0.611,False,True,670.0,2.25,24,2,plasma,colorimetria,False
388,ECN-CAT-HEM-042,Cuantificación de Velocidad de sedimentación,1,1.9786,0.725,False,True,170.0,1.25,1,1,blood,microscopia,False
389,ECN-CAT-INM-042,Cuantificación de Alfafetoproteína,1,1.2954,0.474,False,True,440.0,3.0,8,1,serum,quimioluminiscencia,False
390,ECN-CAT-MIC-042,Cuantificación de Sangre oculta en heces,1,1.7464,0.64,False,True,570.0,1.75,15,1,stool,inmunocromatografia,False
391,ECN-CAT-COA-042,Cuantificación de Tiempo de sangrado,2,1.6683,0.544,False,True,710.0,2.25,22,1,plasma,coagulometria,False
392,ECN-CAT-END-042,Cuantificación de Dehidroepiandrosterona,2,2.0083,0.655,False,True,920.0,3.75,29,0,plasma,elisa,True
393,ECN-CAT-URO-042,Cuantificación de Cetonas en orina,1,1.7118,0.627,False,True,310.0,1.0,6,2,urine,colorimetria,False
394,ECN-CAT-MOL-042,Cuantificación de Zika por PCR,2,1.8207,0.594,False,True,850.0,6.0,13,1,blood,rt-pcr,True
395,ECN-CAT-QC-043,Cuantificación de Sodio,1,2.1626,0.792,False,True,560.0,2.0,20,0,serum,enzimatico,False
396,ECN-CAT-HEM-043,Cuantificación de Frotis de sangre periférica,2,1.8378,0.6,False,True,750.0,2.5,27,2,blood,impedancia,True
397,ECN-CAT-INM-043,Cuantificación de CA 125,1,1.6313,0.597,False,True,340.0,1.75,4,2,serum,inmunoensayo,False
398,ECN-CAT-MIC-043,Cuantificación de Rotavirus en heces,1,1.8306,0.67,False,True,470.0,1.5,11,0,stool,inmunocromatografia,False
399,ECN-CAT-COA-043,Cuantificación de Tiempo de coagulación,1,2.0737,0.759,False,True,610.0,2.0,18,0,plasma,coagulometria,False
400,ECN-CAT-END-043,Cuantificación de Aldosterona,2,1.537,0.502,False,True,790.0,3.0,25,1,serum,inmunoensayo,True
401,ECN-CAT-URO-043,Cuantificación de Hemoglobina en orina,1,2.1308,0.78,False,True,250.0,0.5,2,0,urine,tira reactiva,False
402,ECN-CAT-MOL-043,Cuantificación de Chikungunya por PCR,2,2.2297,0.728,False,True,750.0,6.0,9,2,blood,rt-pcr,True
403,ECN-CAT-QC-044,Cuantificación de Potasio,1,1.5506,0.568,False,True,490.0,1.75,16,1,plasma,espectrofotometria,False
404,ECN-CAT-HEM-044,Cuantificación de Conteo diferencial,2,1.7331,0.566,False,True,760.0,3.0,23,2,blood,citometria,False
405,ECN-CAT-INM-044,Cuantificación de CA 19-9,2,2.0759,0.677,False,True,930.0,3.75,30,0,serum,elisa,True
406,ECN-CAT-MIC-044,Cuantificación de Adenovirus en heces,1,1.7794,0.652,False,True,370.0,1.25,7,1,stool,inmunocromatografia,True
407,ECN-CAT-COA-044,Cuantificación de Productos de degradación de fibrina,1,1.4093,0.516,False,True,510.0,1.75,14,1,plasma,coagulometria,False
408,ECN-CAT-END-044,Cuantificación de Renina,2,1.6253,0.53,False,True,810.0,3.75,21,2,plasma,quimioluminiscencia,False
409,ECN-CAT-URO-044,Cuantificación de Nitritos en orina,2,2.0328,0.663,False,True,840.0,3.0,28,0,urine,microscopia,True
410,ECN-CAT-MOL-044,Cuantificación de Panel respiratorio molecular,1,2.3224,0.851,False,True,650.0,5.75,5,1,swab,rt-pcr,True
411,ECN-CAT-QC-045,Cuantificación de Cloro,1,1.6893,0.619,False,True,380.0,1.5,12,0,serum,colorimetria,False
412,ECN-CAT-HEM-045,Cuantificación de Índice plaquetario,1,2.1512,0.788,False,True,590.0,2.5,19,0,blood,microscopia,False
413,ECN-CAT-INM-045,Cuantificación de CA 15-3,2,1.6396,0.535,False,True,860.0,4.0,26,2,serum,quimioluminiscencia,True
414,ECN-CAT-MIC-045,Cuantificación de Helicobacter pylori,1,2.4552,0.899,False,True,270.0,1.0,3,3,stool,inmunocromatografia,False
415,ECN-CAT-COA-045,Cuantificación de Factor de von Willebrand,1,1.6193,0.593,False,True,420.0,1.5,10,0,plasma,coagulometria,False
416,ECN-CAT-END-045,Cuantificación de Paratohormona,2,1.7348,0.566,False,True,680.0,3.0,17,1,serum,elisa,False
417,ECN-CAT-URO-045,Cuantificación de Leucocitos en orina,2,1.7999,0.587,False,True,730.0,2.0,24,1,urine,colorimetria,False
418,ECN-CAT-MOL-045,Cuantificación de Panel gastrointestinal molecular,1,2.512,0.92,False,True,550.0,5.5,1,0,other,rt-pcr,True
419,ECN-CAT-QC-046,Cuantificación de Hierro sérico,1,1.7495,0.641,False,True,320.0,1.0,8,0,plasma,enzimatico,False
420,ECN-CAT-HEM-046,Cuantificación de Morfología eritrocitaria,1,1.5957,0.584,False,True,510.0,1.5,15,1,blood,impedancia,False
421,ECN-CAT-INM-046,Cuantificación de Antígeno prostático total,2,1.7748,0.579,False,True,700.0,2.75,22,2,serum,inmunoensayo,False
422,ECN-CAT-MIC-046,Cuantificación de Clostridioides difficile,2,1.8551,0.605,False,True,840.0,2.75,29,1,stool,inmunocromatografia,True
423,ECN-CAT-COA-046,Cuantificación de Mezcla de TTPa,1,1.3169,0.482,False,True,370.0,1.5,6,1,plasma,coagulometria,False
424,ECN-CAT-END-046,Cuantificación de Calcitonina,1,1.6269,0.596,False,True,550.0,2.25,13,2,plasma,inmunoensayo,False
425,ECN-CAT-URO-046,Cuantificación de Cristales en orina,2,2.1071,0.688,False,True,620.0,1.75,20,2,urine,tira reactiva,False
426,ECN-CAT-MOL-046,Cuantificación de Trombofilia hereditaria,2,2.3333,0.761,False,True,1140.0,8.25,27,1,blood,pcr,True
427,ECN-CAT-QC-047,Cuantificación de Amilasa,1,1.6565,0.607,False,True,250.0,1.0,4,1,serum,espectrofotometria,False
428,ECN-CAT-HEM-047,Cuantificación de Morfología leucocitaria,1,1.4515,0.532,False,True,510.0,2.0,11,1,blood,citometria,False
429,ECN-CAT-INM-047,Cuantificación de Antígeno prostático libre,2,2.065,0.674,False,True,640.0,3.0,18,0,serum,elisa,False
430,ECN-CAT-MIC-047,Cuantificación de Estreptococo del grupo A,2,1.8436,0.602,False,True,790.0,2.25,25,2,swab,inmunocromatografia,True
431,ECN-CAT-COA-047,Cuantificación de Mezcla de TP,1,1.8157,0.665,False,True,270.0,1.25,2,2,plasma,coagulometria,False
432,ECN-CAT-END-047,Cuantificación de Péptido C,1,1.683,0.616,False,True,510.0,2.75,9,0,serum,quimioluminiscencia,False
433,ECN-CAT-URO-047,Cuantificación de Cilindros urinarios,1,1.6292,0.597,False,True,540.0,2.25,16,1,urine,microscopia,False
434,ECN-CAT-MOL-047,Cuantificación de Mutación JAK2,2,2.0798,0.679,False,True,1040.0,8.0,23,2,blood,pcr,True
435,ECN-CAT-QC-048,Cuantificación de Lipasa,2,2.102,0.686,False,True,790.0,2.5,30,0,plasma,colorimetria,True
436,ECN-CAT-HEM-048,Cuantificación de Morfología plaquetaria,1,1.7803,0.652,False,True,300.0,1.5,7,0,blood,microscopia,False
437,ECN-CAT-INM-048,Cuantificación de Serología para dengue,1,1.6614,0.608,False,True,620.0,3.25,14,1,serum,quimioluminiscencia,False
438,ECN-CAT-MIC-048,Cuantificación de Salmonella,2,3.0228,0.986,False,True,750.0,13.5,21,1,stool,cultivo,True
439,ECN-CAT-COA-048,Cuantificación de Factor V,2,1.6136,0.527,False,True,830.0,3.0,28,1,plasma,coagulometria,True
440,ECN-CAT-END-048,Cuantificación de 17-hidroxiprogesterona,1,1.3803,0.506,False,True,380.0,2.0,5,1,plasma,elisa,False
441,ECN-CAT-URO-048,Cuantificación de Urobilinógeno en orina,1,1.6427,0.602,False,True,490.0,1.25,12,2,urine,colorimetria,False
442,ECN-CAT-MOL-048,Cuantificación de BCR-ABL cuantitativo,2,1.7346,0.566,False,True,940.0,7.5,19,1,blood,pcr,True
443,ECN-CAT-QC-049,Cuantificación de Lactato deshidrogenasa,2,2.0635,0.673,False,True,690.0,2.25,26,0,serum,enzimatico,True
444,ECN-CAT-HEM-049,Cuantificación de Hemoparásitos,1,1.9738,0.723,False,True,220.0,1.0,3,2,blood,impedancia,False
445,ECN-CAT-INM-049,Cuantificación de Serología para rubéola,1,1.273,0.466,False,True,460.0,2.0,10,1,serum,inmunoensayo,False
446,ECN-CAT-MIC-049,Cuantificación de Shigella,2,3.2877,1.073,True,True,650.0,13.25,17,0,stool,cultivo,False
447,ECN-CAT-COA-049,Cuantificación de Factor VII,2,1.9263,0.629,False,True,730.0,2.75,24,0,plasma,coagulometria,False
448,ECN-CAT-END-049,Cuantificación de Hormona antimülleriana,1,1.6764,0.614,False,True,310.0,1.25,1,1,serum,inmunoensayo,False
449,ECN-CAT-URO-049,Cuantificación de Bilirrubina en orina,1,1.7915,0.656,False,True,370.0,1.0,8,0,urine,tira reactiva,False
450,ECN-CAT-MOL-049,Cuantificación de HLA-B27,2,1.886,0.615,False,True,840.0,7.25,15,2,blood,pcr,True
451,ECN-CAT-QC-050,Cuantificación de Hemoglobina glucosilada,2,1.9791,0.646,False,True,620.0,2.25,22,2,blood,espectrofotometria,False
452,ECN-CAT-HEM-050,Cuantificación de Prueba de falciformación,2,2.0827,0.68,False,True,930.0,3.5,29,0,blood,citometria,True
453,ECN-CAT-INM-050,Cuantificación de Serología para toxoplasma,1,1.6926,0.62,False,True,390.0,2.25,6,0,serum,elisa,False
454,ECN-CAT-MIC-050,Cuantificación de Candida albicans,2,3.3223,1.084,True,True,550.0,13.0,13,2,swab,cultivo,False
455,ECN-CAT-COA-050,Cuantificación de Factor X,2,1.7463,0.57,False,True,640.0,2.5,20,1,plasma,coagulometria,False
456,ECN-CAT-END-050,Cuantificación de Somatomedina C,2,1.9432,0.634,False,True,930.0,4.0,27,0,plasma,quimioluminiscencia,True
457,ECN-CAT-URO-050,Cuantificación de Relación albúmina creatinina,1,1.885,0.69,False,True,300.0,1.25,4,0,urine,microscopia,False
458,ECN-CAT-MOL-050,Cuantificación de Carga viral cuantitativa,2,2.0961,0.684,False,True,740.0,7.0,11,2,plasma,pcr,True
459,ECN-CAT-QC-051,Evaluación de Glucosa,1,2.0131,0.737,False,True,550.0,1.75,18,0,serum,colorimetria,False
460,ECN-CAT-HEM-051,Evaluación de Biometría hemática,2,1.5917,0.519,False,True,710.0,3.0,25,1,blood,microscopia,True
461,ECN-CAT-INM-051,Evaluación de Proteína C reactiva,1,1.752,0.642,False,True,320.0,2.5,2,2,serum,quimioluminiscencia,False
462,ECN-CAT-MIC-051,Evaluación de Urocultivo,2,3.5987,1.174,True,True,460.0,12.75,9,2,urine,cultivo,False
463,ECN-CAT-COA-051,Evaluación de Tiempo de protrombina,1,1.9318,0.708,False,True,590.0,2.25,16,0,plasma,coagulometria,False
464,ECN-CAT-END-051,Evaluación de Hormona estimulante de tiroides,2,1.5136,0.494,False,True,800.0,3.25,23,1,serum,elisa,False
465,ECN-CAT-URO-051,Evaluación de Examen general de orina,2,1.8551,0.605,False,True,850.0,2.75,30,1,urine,colorimetria,True
466,ECN-CAT-MOL-051,Evaluación de Detección molecular de SARS-CoV-2,1,2.562,0.938,False,True,680.0,5.75,7,0,swab,rt-pcr,True
467,ECN-CAT-QC-052,Evaluación de Urea,1,1.4329,0.525,False,True,440.0,1.25,14,1,plasma,enzimatico,False
468,ECN-CAT-HEM-052,Evaluación de Hemoglobina,2,1.9685,0.642,False,True,630.0,2.25,21,2,blood,impedancia,False
469,ECN-CAT-INM-052,Evaluación de Factor reumatoide,2,1.9768,0.645,False,True,830.0,3.0,28,0,serum,inmunoensayo,True
470,ECN-CAT-MIC-052,Evaluación de Coprocultivo,1,3.634,1.331,True,True,410.0,12.5,5,1,stool,cultivo,True
471,ECN-CAT-COA-052,Evaluación de Tiempo de tromboplastina parcial,1,1.513,0.554,False,True,490.0,1.75,12,2,plasma,coagulometria,False
472,ECN-CAT-END-052,Evaluación de Tiroxina libre,2,1.7482,0.57,False,True,670.0,2.5,19,1,plasma,inmunoensayo,False
473,ECN-CAT-URO-052,Evaluación de Microalbúmina en orina,2,2.0462,0.668,False,True,740.0,2.5,26,0,urine,tira reactiva,True
474,ECN-CAT-MOL-052,Evaluación de Virus de influenza A,1,2.3118,0.847,False,True,630.0,5.5,3,1,swab,rt-pcr,True
475,ECN-CAT-QC-053,Evaluación de Creatinina,1,1.7001,0.623,False,True,370.0,1.25,10,0,serum,espectrofotometria,False
476,ECN-CAT-HEM-053,Evaluación de Hematocrito,2,1.8622,0.608,False,True,640.0,2.75,17,1,blood,citometria,False
477,ECN-CAT-INM-053,Evaluación de Antiestreptolisinas O,2,1.6658,0.544,False,True,810.0,3.25,24,2,serum,elisa,False
478,ECN-CAT-MIC-053,Evaluación de Exudado faríngeo,1,3.9504,1.447,True,True,310.0,12.25,1,3,swab,cultivo,False
479,ECN-CAT-COA-053,Evaluación de Tiempo de trombina,1,1.2596,0.461,False,True,390.0,1.5,8,1,plasma,coagulometria,False
480,ECN-CAT-END-053,Evaluación de Tiroxina total,1,2.0315,0.744,False,True,640.0,3.25,15,0,serum,quimioluminiscencia,False
481,ECN-CAT-URO-053,Evaluación de Proteínas en orina,2,1.6869,0.55,False,True,720.0,2.75,22,1,urine,microscopia,False
482,ECN-CAT-MOL-053,Evaluación de Virus de influenza B,2,2.4837,0.81,False,True,1190.0,7.25,29,2,swab,rt-pcr,True
483,ECN-CAT-QC-054,Evaluación de Ácido úrico,1,1.8682,0.684,False,True,260.0,0.75,6,0,plasma,colorimetria,False
484,ECN-CAT-HEM-054,Evaluación de Eritrocitos,1,1.7236,0.631,False,True,420.0,2.25,13,0,blood,microscopia,False
485,ECN-CAT-INM-054,Evaluación de Inmunoglobulina A,2,1.8902,0.617,False,True,740.0,3.5,20,0,serum,quimioluminiscencia,False
486,ECN-CAT-MIC-054,Evaluación de Exudado nasal,2,3.4275,1.118,True,True,870.0,14.25,27,0,swab,cultivo,True
487,ECN-CAT-COA-054,Evaluación de Fibrinógeno,1,1.4949,0.547,False,True,300.0,1.25,4,1,plasma,coagulometria,False
488,ECN-CAT-END-054,Evaluación de Triyodotironina libre,1,1.618,0.593,False,True,560.0,2.5,11,2,plasma,elisa,False
489,ECN-CAT-URO-054,Evaluación de Glucosa en orina,1,2.1537,0.789,False,True,610.0,2.0,18,0,urine,colorimetria,False
490,ECN-CAT-MOL-054,Evaluación de Virus del papiloma humano,2,2.3338,0.762,False,True,1060.0,8.0,25,0,swab,pcr,True
491,ECN-CAT-QC-055,Evaluación de Colesterol total,1,2.0118,0.737,False,True,150.0,0.5,2,1,serum,enzimatico,False
492,ECN-CAT-HEM-055,Evaluación de Leucocitos,1,1.398,0.512,False,True,390.0,1.5,9,1,blood,impedancia,False
493,ECN-CAT-INM-055,Evaluación de Inmunoglobulina G,1,1.9372,0.709,False,True,580.0,2.25,16,0,serum,inmunoensayo,False
494,ECN-CAT-MIC-055,Evaluación de Exudado vaginal,2,3.1461,1.027,True,True,780.0,14.0,23,1,swab,cultivo,False
495,ECN-CAT-COA-055,Evaluación de Dímero D,2,1.8631,0.608,False,True,860.0,3.0,30,2,plasma,coagulometria,True
496,ECN-CAT-END-055,Evaluación de Triyodotironina total,1,1.66,0.608,False,True,430.0,1.5,7,0,serum,inmunoensayo,False
497,ECN-CAT-URO-055,Evaluación de Creatinina en orina,1,1.5547,0.569,False,True,500.0,1.5,14,1,urine,tira reactiva,False
498,ECN-CAT-MOL-055,Evaluación de Virus de hepatitis B,2,1.8327,0.598,False,True,960.0,7.5,21,2,plasma,pcr,True
499,ECN-CAT-QC-056,Evaluación de Triglicéridos,2,1.8423,0.601,False,True,790.0,2.5,28,2,plasma,espectrofotometria,True
500,ECN-CAT-HEM-056,Evaluación de Plaquetas,1,1.7967,0.658,False,True,390.0,2.0,5,0,blood,citometria,False
501,ECN-CAT-INM-056,Evaluación de Inmunoglobulina M,1,1.7349,0.635,False,True,520.0,2.5,12,0,serum,elisa,False
502,ECN-CAT-MIC-056,Evaluación de Exudado uretral,2,3.1146,1.016,True,True,680.0,13.75,19,1,swab,cultivo,True
503,ECN-CAT-COA-056,Evaluación de INR,2,1.9022,0.621,False,True,810.0,2.75,26,0,plasma,coagulometria,True
504,ECN-CAT-END-056,Evaluación de Insulina,1,1.454,0.533,False,True,390.0,2.25,3,1,plasma,quimioluminiscencia,False
505,ECN-CAT-URO-056,Evaluación de Calcio en orina,1,1.5298,0.56,False,True,420.0,2.0,10,2,urine,microscopia,False
506,ECN-CAT-MOL-056,Evaluación de Virus de hepatitis C,2,1.9819,0.647,False,True,870.0,7.25,17,0,plasma,pcr,True
507,ECN-CAT-QC-057,Evaluación de Bilirrubina total,2,2.0684,0.675,False,True,670.0,2.25,24,0,serum,colorimetria,False
508,ECN-CAT-HEM-057,Evaluación de Reticulocitos,1,2.0958,0.768,False,True,180.0,1.25,1,2,blood,microscopia,False
509,ECN-CAT-INM-057,Evaluación de Inmunoglobulina E,1,1.287,0.471,False,True,450.0,2.75,8,1,serum,quimioluminiscencia,False
510,ECN-CAT-MIC-057,Evaluación de Hemocultivo,2,3.3144,1.082,True,True,630.0,13.25,15,0,blood,cultivo,False
511,ECN-CAT-COA-057,Evaluación de Actividad de factor VIII,2,1.6309,0.532,False,True,710.0,2.5,22,1,plasma,coagulometria,False
512,ECN-CAT-END-057,Evaluación de Cortisol,2,1.7162,0.56,False,True,920.0,3.5,29,1,serum,elisa,True
513,ECN-CAT-URO-057,Evaluación de Ácido úrico en orina,1,1.8383,0.673,False,True,320.0,1.0,6,0,urine,colorimetria,False
514,ECN-CAT-MOL-057,Evaluación de Virus de Epstein-Barr,2,1.9701,0.643,False,True,820.0,7.0,13,2,blood,pcr,True
515,ECN-CAT-QC-058,Evaluación de Bilirrubina directa,1,2.0555,0.753,False,True,570.0,2.0,20,2,plasma,enzimatico,False
516,ECN-CAT-HEM-058,Evaluación de Volumen corpuscular medio,2,1.7069,0.557,False,True,760.0,2.5,27,1,blood,impedancia,True
517,ECN-CAT-INM-058,Evaluación de Complemento C3,1,1.8405,0.674,False,True,290.0,1.5,4,0,serum,inmunoensayo,False
518,ECN-CAT-MIC-058,Evaluación de Cultivo de esputo,2,3.3981,1.109,True,True,530.0,13.0,11,1,other,cultivo,False
519,ECN-CAT-COA-058,Evaluación de Actividad de factor IX,1,1.7977,0.658,False,True,610.0,2.25,18,1,plasma,coagulometria,False
520,ECN-CAT-END-058,Evaluación de Hormona adrenocorticotropa,2,1.9013,0.62,False,True,800.0,2.75,25,0,plasma,inmunoensayo,True
521,ECN-CAT-URO-058,Evaluación de Sodio en orina,1,2.1126,0.774,False,True,250.0,0.75,2,0,urine,tira reactiva,False
522,ECN-CAT-MOL-058,Evaluación de Citomegalovirus,2,2.1594,0.705,False,True,720.0,6.75,9,1,blood,pcr,True
523,ECN-CAT-QC-059,Evaluación de Alanina aminotransferasa,1,1.8687,0.684,False,True,500.0,2.0,16,0,serum,espectrofotometria,False
524,ECN-CAT-HEM-059,Evaluación de Hemoglobina corpuscular media,2,1.5981,0.521,False,True,760.0,3.0,23,1,blood,citometria,False
525,ECN-CAT-INM-059,Evaluación de Complemento C4,2,1.7856,0.583,False,True,930.0,3.5,30,1,serum,elisa,True
526,ECN-CAT-MIC-059,Evaluación de Cultivo de heridas,1,3.7133,1.36,True,True,430.0,12.75,7,0,swab,cultivo,False
527,ECN-CAT-COA-059,Evaluación de Actividad de factor XI,1,1.7511,0.641,False,True,520.0,2.0,14,0,plasma,coagulometria,False
528,ECN-CAT-END-059,Evaluación de Hormona de crecimiento,2,1.6355,0.534,False,True,810.0,3.75,21,2,serum,quimioluminiscencia,False
529,ECN-CAT-URO-059,Evaluación de Potasio en orina,2,1.6909,0.552,False,True,840.0,3.25,28,1,urine,microscopia,True
530,ECN-CAT-MOL-059,Evaluación de Virus herpes simple 1,1,2.5921,0.949,False,True,620.0,6.5,5,0,swab,pcr,True
531,ECN-CAT-QC-060,Evaluación de Aspartato aminotransferasa,1,1.6848,0.617,False,True,380.0,1.5,12,0,plasma,colorimetria,False
532,ECN-CAT-HEM-060,Evaluación de Concentración media de hemoglobina,2,2.0192,0.659,False,True,590.0,2.5,19,2,blood,microscopia,False
533,ECN-CAT-INM-060,Evaluación de Anticuerpos antinucleares,2,1.8644,0.608,False,True,860.0,3.75,26,0,serum,quimioluminiscencia,True
534,ECN-CAT-MIC-060,Evaluación de Cultivo de secreciones,1,3.6907,1.352,True,True,340.0,12.5,3,1,swab,cultivo,True
535,ECN-CAT-COA-060,Evaluación de Actividad de factor XII,1,1.2488,0.457,False,True,420.0,1.5,10,1,plasma,coagulometria,False
536,ECN-CAT-END-060,Evaluación de Prolactina,2,1.8509,0.604,False,True,680.0,3.0,17,2,plasma,elisa,False
537,ECN-CAT-URO-060,Evaluación de Cloro en orina,2,2.0711,0.676,False,True,730.0,2.25,24,0,urine,colorimetria,False
538,ECN-CAT-MOL-060,Evaluación de Virus herpes simple 2,1,2.5814,0.945,False,True,530.0,6.25,1,0,swab,pcr,True
539,ECN-CAT-QC-061,Evaluación de Fosfatasa alcalina,1,1.4001,0.513,False,True,320.0,1.25,8,1,serum,enzimatico,False
540,ECN-CAT-HEM-061,Evaluación de Ancho de distribución eritrocitaria,1,1.8919,0.693,False,True,510.0,1.75,15,0,blood,impedancia,False
541,ECN-CAT-INM-061,Evaluación de Anticuerpos anti-DNA,2,1.9909,0.65,False,True,710.0,2.5,22,0,serum,inmunoensayo,False
542,ECN-CAT-MIC-061,Evaluación de Antibiograma,2,3.4094,1.113,True,True,900.0,14.25,29,2,other,cultivo,True
543,ECN-CAT-COA-061,Evaluación de Antitrombina III,1,1.6847,0.617,False,True,370.0,1.25,6,0,plasma,coagulometria,False
544,ECN-CAT-END-061,Evaluación de Hormona luteinizante,1,1.7755,0.65,False,True,550.0,2.25,13,0,serum,inmunoensayo,False
545,ECN-CAT-URO-061,Evaluación de Fósforo en orina,2,1.9976,0.652,False,True,620.0,1.75,20,1,urine,tira reactiva,False
546,ECN-CAT-MOL-061,Evaluación de Chlamydia trachomatis,2,2.2869,0.746,False,True,1090.0,8.0,27,2,swab,pcr,True
547,ECN-CAT-QC-062,Evaluación de Gamma glutamil transferasa,1,1.9471,0.713,False,True,250.0,1.0,4,0,plasma,espectrofotometria,False
548,ECN-CAT-HEM-062,Evaluación de Neutrófilos,1,1.4616,0.535,False,True,520.0,2.25,11,1,blood,citometria,False
549,ECN-CAT-INM-062,Evaluación de Anticuerpos anticardiolipina,2,2.065,0.674,False,True,640.0,3.0,18,0,serum,elisa,False
550,ECN-CAT-MIC-062,Evaluación de Tinción de Gram,2,1.656,0.54,False,True,750.0,3.0,25,1,other,microscopia,True
551,ECN-CAT-COA-062,Evaluación de Proteína C funcional,1,1.6667,0.61,False,True,270.0,1.0,2,1,plasma,coagulometria,False
552,ECN-CAT-END-062,Evaluación de Hormona foliculoestimulante,1,1.5465,0.566,False,True,520.0,3.0,9,2,plasma,quimioluminiscencia,False
553,ECN-CAT-URO-062,Evaluación de Magnesio en orina,1,1.6434,0.602,False,True,550.0,2.25,16,1,urine,microscopia,False
554,ECN-CAT-MOL-062,Evaluación de Neisseria gonorrhoeae,2,2.2417,0.731,False,True,1040.0,7.75,23,0,swab,pcr,True
555,ECN-CAT-QC-063,Evaluación de Albúmina,2,2.0836,0.68,False,True,800.0,2.75,30,0,serum,colorimetria,True
556,ECN-CAT-HEM-063,Evaluación de Linfocitos,1,1.6278,0.596,False,True,300.0,1.75,7,2,blood,microscopia,False
557,ECN-CAT-INM-063,Evaluación de Procalcitonina,1,1.8695,0.685,False,True,570.0,3.25,14,0,serum,quimioluminiscencia,False
558,ECN-CAT-MIC-063,Evaluación de Baciloscopía,2,2.1166,0.691,False,True,650.0,2.75,21,0,other,microscopia,False
559,ECN-CAT-COA-063,Evaluación de Proteína S funcional,2,1.9761,0.645,False,True,840.0,2.75,28,0,plasma,coagulometria,True
560,ECN-CAT-END-063,Evaluación de Estradiol,1,1.7213,0.63,False,True,390.0,2.25,5,0,serum,elisa,False
561,ECN-CAT-URO-063,Evaluación de Urea en orina,1,1.7858,0.654,False,True,490.0,1.25,12,0,urine,colorimetria,False
562,ECN-CAT-MOL-063,Evaluación de Mycobacterium tuberculosis,2,1.91,0.623,False,True,940.0,7.25,19,2,other,pcr,True
563,ECN-CAT-QC-064,Evaluación de Proteínas totales,2,1.7435,0.569,False,True,690.0,2.25,26,1,plasma,enzimatico,True
564,ECN-CAT-HEM-064,Evaluación de Monocitos,1,2.1098,0.773,False,True,220.0,0.75,3,0,blood,impedancia,False
565,ECN-CAT-INM-064,Evaluación de Ferritina,1,1.273,0.466,False,True,460.0,2.0,10,1,serum,inmunoensayo,False
566,ECN-CAT-MIC-064,Evaluación de Búsqueda de hongos,1,1.9994,0.732,False,True,560.0,2.5,17,1,other,microscopia,True
567,ECN-CAT-COA-064,Evaluación de Anticoagulante lúpico,2,1.6171,0.528,False,True,740.0,2.5,24,1,plasma,coagulometria,False
568,ECN-CAT-END-064,Evaluación de Progesterona,1,2.0199,0.74,False,True,260.0,1.5,1,0,plasma,inmunoensayo,False
569,ECN-CAT-URO-064,Evaluación de Osmolalidad urinaria,1,1.459,0.534,False,True,380.0,1.0,8,1,urine,tira reactiva,False
570,ECN-CAT-MOL-064,Evaluación de Bordetella pertussis,2,2.1235,0.693,False,True,840.0,7.5,15,0,swab,pcr,True
571,ECN-CAT-QC-065,Evaluación de Calcio,2,2.1438,0.7,False,True,620.0,2.25,22,0,serum,espectrofotometria,False
572,ECN-CAT-HEM-065,Evaluación de Eosinófilos,2,1.7967,0.586,False,True,930.0,3.25,29,1,blood,citometria,True
573,ECN-CAT-INM-065,Evaluación de Troponina I,1,1.5374,0.563,False,True,400.0,2.25,6,2,serum,elisa,False
574,ECN-CAT-MIC-065,Evaluación de Coprológico,1,1.8007,0.659,False,True,460.0,2.0,13,0,stool,microscopia,False
575,ECN-CAT-COA-065,Evaluación de Resistencia a proteína C activada,2,2.0877,0.681,False,True,640.0,2.25,20,0,plasma,coagulometria,False
576,ECN-CAT-END-065,Evaluación de Testosterona total,2,1.6199,0.529,False,True,930.0,4.0,27,1,serum,quimioluminiscencia,True
577,ECN-CAT-URO-065,Evaluación de Depuración de creatinina,1,1.874,0.686,False,True,300.0,1.5,4,0,urine,microscopia,False
578,ECN-CAT-MOL-065,Evaluación de Parvovirus B19,2,2.3029,0.751,False,True,750.0,7.25,11,0,blood,pcr,True
579,ECN-CAT-QC-066,Evaluación de Fósforo,1,1.8833,0.69,False,True,550.0,1.75,18,2,plasma,colorimetria,False
580,ECN-CAT-HEM-066,Evaluación de Basófilos,2,1.6136,0.527,False,True,720.0,2.75,25,1,blood,microscopia,True
581,ECN-CAT-INM-066,Evaluación de Antígeno carcinoembrionario,1,1.8769,0.687,False,True,330.0,2.5,2,0,serum,quimioluminiscencia,False
582,ECN-CAT-MIC-066,Evaluación de Amiba en fresco,1,1.4296,0.524,False,True,360.0,1.75,9,1,stool,microscopia,False
583,ECN-CAT-COA-066,Evaluación de Agregación plaquetaria,1,1.6355,0.599,False,True,590.0,2.0,16,1,plasma,coagulometria,False
584,ECN-CAT-END-066,Evaluación de Testosterona libre,2,1.5025,0.49,False,True,800.0,3.25,23,1,plasma,elisa,False
585,ECN-CAT-URO-066,Evaluación de Sedimento urinario,2,1.8912,0.617,False,True,860.0,2.5,30,1,urine,colorimetria,True
586,ECN-CAT-MOL-066,Evaluación de Dengue por PCR,1,2.5128,0.92,False,True,680.0,5.75,7,0,blood,rt-pcr,True
587,ECN-CAT-QC-067,Evaluación de Magnesio,1,1.7602,0.645,False,True,450.0,1.5,14,0,serum,enzimatico,False
588,ECN-CAT-HEM-067,Evaluación de Velocidad de sedimentación,2,1.8711,0.611,False,True,640.0,2.0,21,1,blood,impedancia,False
589,ECN-CAT-INM-067,Evaluación de Alfafetoproteína,2,1.7562,0.573,False,True,830.0,3.25,28,2,serum,inmunoensayo,True
590,ECN-CAT-MIC-067,Evaluación de Sangre oculta en heces,1,1.7882,0.655,False,True,350.0,1.0,5,2,stool,inmunocromatografia,False
591,ECN-CAT-COA-067,Evaluación de Tiempo de sangrado,1,1.6619,0.609,False,True,490.0,2.0,12,0,plasma,coagulometria,False
592,ECN-CAT-END-067,Evaluación de Dehidroepiandrosterona,2,2.0567,0.671,False,True,680.0,2.5,19,0,serum,inmunoensayo,False
593,ECN-CAT-URO-067,Evaluación de Cetonas en orina,2,1.7678,0.577,False,True,740.0,2.25,26,1,urine,tira reactiva,True
594,ECN-CAT-MOL-067,Evaluación de Zika por PCR,1,2.4813,0.909,False,True,630.0,5.5,3,0,blood,rt-pcr,True
595,ECN-CAT-QC-068,Evaluación de Sodio,1,1.6778,0.615,False,True,380.0,1.5,10,0,plasma,espectrofotometria,False
596,ECN-CAT-HEM-068,Evaluación de Frotis de sangre periférica,2,1.892,0.617,False,True,640.0,2.5,17,1,blood,citometria,False
597,ECN-CAT-INM-068,Evaluación de CA 125,2,1.8571,0.606,False,True,760.0,3.5,24,0,serum,elisa,False
598,ECN-CAT-MIC-068,Evaluación de Rotavirus en heces,1,2.3871,0.874,False,True,250.0,0.75,1,0,stool,inmunocromatografia,True
599,ECN-CAT-COA-068,Evaluación de Tiempo de coagulación,1,1.2435,0.455,False,True,400.0,1.75,8,1,plasma,coagulometria,False
600,ECN-CAT-END-068,Evaluación de Aldosterona,1,1.7461,0.639,False,True,640.0,3.25,15,1,plasma,quimioluminiscencia,False
601,ECN-CAT-URO-068,Evaluación de Hemoglobina en orina,2,2.0353,0.664,False,True,720.0,2.5,22,0,urine,microscopia,False
602,ECN-CAT-MOL-068,Evaluación de Chikungunya por PCR,2,2.4631,0.804,False,True,1190.0,7.25,29,2,blood,rt-pcr,True
603,ECN-CAT-QC-069,Evaluación de Potasio,1,1.8549,0.679,False,True,260.0,1.0,6,0,serum,colorimetria,False
604,ECN-CAT-HEM-069,Evaluación de Conteo diferencial,1,1.3834,0.507,False,True,420.0,2.0,13,1,blood,microscopia,False
605,ECN-CAT-INM-069,Evaluación de CA 19-9,2,1.8732,0.611,False,True,740.0,3.75,20,0,serum,quimioluminiscencia,False
606,ECN-CAT-MIC-069,Evaluación de Adenovirus en heces,2,1.9158,0.625,False,True,820.0,2.5,27,2,stool,inmunocromatografia,True
607,ECN-CAT-COA-069,Evaluación de Productos de degradación de fibrina,1,1.481,0.542,False,True,300.0,1.5,4,1,plasma,coagulometria,False
608,ECN-CAT-END-069,Evaluación de Renina,1,1.706,0.625,False,True,510.0,2.5,11,0,serum,elisa,False
609,ECN-CAT-URO-069,Evaluación de Nitritos en orina,1,2.1578,0.79,False,True,610.0,1.75,18,0,urine,colorimetria,False
610,ECN-CAT-MOL-069,Evaluación de Panel respiratorio molecular,2,2.1896,0.714,False,True,1100.0,7.0,25,2,swab,rt-pcr,True
611,ECN-CAT-QC-070,Evaluación de Cloro,1,2.2571,0.827,False,True,150.0,0.5,2,0,plasma,enzimatico,False
612,ECN-CAT-HEM-070,Evaluación de Índice plaquetario,1,1.737,0.636,False,True,390.0,1.5,9,0,blood,impedancia,False
613,ECN-CAT-INM-070,Evaluación de CA 15-3,1,1.6589,0.608,False,True,590.0,2.25,16,1,serum,inmunoensayo,False
614,ECN-CAT-MIC-070,Evaluación de Helicobacter pylori,2,2.1208,0.692,False,True,720.0,2.25,23,0,stool,inmunocromatografia,False
615,ECN-CAT-COA-070,Evaluación de Factor de von Willebrand,2,2.0511,0.669,False,True,860.0,3.0,30,0,plasma,coagulometria,True
616,ECN-CAT-END-070,Evaluación de Paratohormona,1,1.49,0.546,False,True,430.0,1.75,7,2,plasma,inmunoensayo,False
617,ECN-CAT-URO-070,Evaluación de Leucocitos en orina,1,1.568,0.574,False,True,500.0,1.25,14,1,urine,tira reactiva,False
618,ECN-CAT-MOL-070,Evaluación de Panel gastrointestinal molecular,2,2.1431,0.699,False,True,1000.0,6.75,21,0,other,rt-pcr,True
619,ECN-CAT-QC-071,Evaluación de Hierro sérico,2,1.7407,0.568,False,True,740.0,2.5,28,1,serum,espectrofotometria,True
620,ECN-CAT-HEM-071,Evaluación de Morfología eritrocitaria,1,1.468,0.538,False,True,400.0,2.0,5,1,blood,citometria,False
621,ECN-CAT-INM-071,Evaluación de Antígeno prostático total,1,1.3955,0.511,False,True,520.0,2.5,12,1,serum,elisa,False
622,ECN-CAT-MIC-071,Evaluación de Clostridioides difficile,2,2.0168,0.658,False,True,620.0,2.0,19,1,stool,inmunocromatografia,False
623,ECN-CAT-COA-071,Evaluación de Mezcla de TTPa,2,1.5598,0.509,False,True,810.0,2.75,26,1,plasma,coagulometria,True
624,ECN-CAT-END-071,Evaluación de Calcitonina,1,1.4577,0.534,False,True,400.0,2.5,3,1,serum,quimioluminiscencia,False
625,ECN-CAT-URO-071,Evaluación de Cristales en orina,1,1.3365,0.489,False,True,430.0,1.75,10,1,urine,microscopia,False
626,ECN-CAT-MOL-071,Evaluación de Trombofilia hereditaria,2,1.8428,0.601,False,True,870.0,7.5,17,2,blood,pcr,True
627,ECN-CAT-QC-072,Evaluación de Amilasa,2,1.7749,0.579,False,True,680.0,2.0,24,1,plasma,colorimetria,False
628,ECN-CAT-HEM-072,Evaluación de Morfología leucocitaria,1,2.2003,0.806,False,True,180.0,1.5,1,0,blood,microscopia,False
629,ECN-CAT-INM-072,Evaluación de Antígeno prostático libre,1,1.6489,0.604,False,True,450.0,2.75,8,0,serum,quimioluminiscencia,False
630,ECN-CAT-MIC-072,Evaluación de Estreptococo del grupo A,1,2.1149,0.775,False,True,570.0,1.5,15,2,swab,inmunocromatografia,True
631,ECN-CAT-COA-072,Evaluación de Mezcla de TP,2,1.9533,0.637,False,True,720.0,2.5,22,0,plasma,coagulometria,False
632,ECN-CAT-END-072,Evaluación de Péptido C,2,2.0208,0.659,False,True,930.0,3.75,29,0,plasma,elisa,True
633,ECN-CAT-URO-072,Evaluación de Cilindros urinarios,1,1.8238,0.668,False,True,320.0,1.25,6,0,urine,colorimetria,False
634,ECN-CAT-MOL-072,Evaluación de Mutación JAK2,2,2.1724,0.709,False,True,820.0,7.25,13,0,blood,pcr,True
635,ECN-CAT-QC-073,Evaluación de Lipasa,1,2.1791,0.798,False,True,570.0,1.75,20,0,serum,enzimatico,False
636,ECN-CAT-HEM-073,Evaluación de Morfología plaquetaria,2,1.8032,0.588,False,True,760.0,2.75,27,2,blood,impedancia,True
637,ECN-CAT-INM-073,Evaluación de Serología para dengue,1,1.5248,0.558,False,True,290.0,1.5,4,1,serum,inmunoensayo,False
638,ECN-CAT-MIC-073,Evaluación de Salmonella,2,3.4987,1.142,True,True,540.0,12.75,11,0,stool,cultivo,False
639,ECN-CAT-COA-073,Evaluación de Factor V,1,1.818,0.666,False,True,620.0,2.25,18,1,plasma,coagulometria,False
640,ECN-CAT-END-073,Evaluación de 17-hidroxiprogesterona,2,1.5694,0.512,False,True,800.0,2.75,25,1,serum,inmunoensayo,True
641,ECN-CAT-URO-073,Evaluación de Urobilinógeno en orina,1,1.8266,0.669,False,True,260.0,0.75,2,1,urine,tira reactiva,False
642,ECN-CAT-MOL-073,Evaluación de BCR-ABL cuantitativo,2,2.4184,0.789,False,True,720.0,6.75,9,0,blood,pcr,True
643,ECN-CAT-QC-074,Evaluación de Lactato deshidrogenasa,1,1.8693,0.685,False,True,500.0,1.75,16,0,plasma,espectrofotometria,False
644,ECN-CAT-HEM-074,Evaluación de Hemoparásitos,2,1.5704,0.512,False,True,760.0,3.25,23,1,blood,citometria,False
645,ECN-CAT-INM-074,Evaluación de Serología para rubéola,2,2.089,0.682,False,True,940.0,3.75,30,0,serum,elisa,True
646,ECN-CAT-MIC-074,Evaluación de Shigella,1,3.6455,1.335,True,True,440.0,12.5,7,0,stool,cultivo,False
647,ECN-CAT-COA-074,Evaluación de Factor VII,1,1.6049,0.588,False,True,520.0,2.0,14,2,plasma,coagulometria,False
648,ECN-CAT-END-074,Evaluación de Hormona antimülleriana,2,1.8589,0.607,False,True,760.0,3.5,21,0,plasma,quimioluminiscencia,False
649,ECN-CAT-URO-074,Evaluación de Bilirrubina en orina,2,2.0111,0.656,False,True,840.0,3.25,28,0,urine,microscopia,True
650,ECN-CAT-MOL-074,Evaluación de HLA-B27,1,2.3416,0.858,False,True,630.0,6.5,5,1,blood,pcr,True
651,ECN-CAT-QC-075,Evaluación de Hemoglobina glucosilada,1,1.7582,0.644,False,True,380.0,1.25,12,0,blood,colorimetria,False
652,ECN-CAT-HEM-075,Evaluación de Prueba de falciformación,1,2.1664,0.793,False,True,600.0,2.5,19,0,blood,microscopia,False
653,ECN-CAT-INM-075,Evaluación de Serología para toxoplasma,2,1.648,0.538,False,True,870.0,4.0,26,2,serum,quimioluminiscencia,True
654,ECN-CAT-MIC-075,Evaluación de Candida albicans,1,3.5791,1.311,True,True,340.0,12.5,3,1,swab,cultivo,False
655,ECN-CAT-COA-075,Evaluación de Factor X,1,1.6101,0.59,False,True,420.0,1.75,10,0,plasma,coagulometria,False
656,ECN-CAT-END-075,Evaluación de Somatomedina C,2,1.7633,0.575,False,True,680.0,2.75,17,1,serum,elisa,False
657,ECN-CAT-URO-075,Evaluación de Relación albúmina creatinina,2,1.7556,0.573,False,True,740.0,2.25,24,1,urine,colorimetria,False
658,ECN-CAT-MOL-075,Evaluación de Carga viral cuantitativa,1,2.3899,0.875,False,True,530.0,6.25,1,2,plasma,pcr,True
659,ECN-CAT-QC-076,Control de Glucosa,1,1.8182,0.666,False,True,270.0,1.0,8,0,plasma,enzimatico,False
660,ECN-CAT-HEM-076,Control de Biometría hemática,1,1.5974,0.585,False,True,520.0,1.75,15,1,blood,impedancia,False
661,ECN-CAT-INM-076,Control de Proteína C reactiva,2,1.9627,0.64,False,True,710.0,2.75,22,0,serum,inmunoensayo,False
662,ECN-CAT-MIC-076,Control de Urocultivo,2,3.3222,1.084,True,True,900.0,14.25,29,1,urine,cultivo,True
663,ECN-CAT-COA-076,Control de Tiempo de protrombina,1,1.3169,0.482,False,True,370.0,1.5,6,1,plasma,coagulometria,False
664,ECN-CAT-END-076,Control de Hormona estimulante de tiroides,1,1.644,0.602,False,True,560.0,2.0,13,2,plasma,inmunoensayo,False
665,ECN-CAT-URO-076,Control de Examen general de orina,2,2.2424,0.732,False,True,620.0,2.0,20,0,urine,tira reactiva,False
666,ECN-CAT-MOL-076,Control de Detección molecular de SARS-CoV-2,2,2.4429,0.797,False,True,1120.0,7.0,27,0,swab,rt-pcr,True
667,ECN-CAT-QC-077,Control de Urea,1,1.6568,0.607,False,True,260.0,0.75,4,1,serum,espectrofotometria,False
668,ECN-CAT-HEM-077,Control de Hemoglobina,1,1.7885,0.655,False,True,520.0,2.25,11,0,blood,citometria,False
669,ECN-CAT-INM-077,Control de Factor reumatoide,2,2.089,0.682,False,True,640.0,2.75,18,0,serum,elisa,False
670,ECN-CAT-MIC-077,Control de Coprocultivo,2,3.1629,1.032,True,True,800.0,14.0,25,1,stool,cultivo,True
671,ECN-CAT-COA-077,Control de Tiempo de tromboplastina parcial,1,1.9315,0.707,False,True,280.0,1.25,2,0,plasma,coagulometria,False
672,ECN-CAT-END-077,Control de Tiroxina libre,1,1.6933,0.62,False,True,520.0,2.75,9,0,serum,quimioluminiscencia,False
673,ECN-CAT-URO-077,Control de Microalbúmina en orina,1,1.8108,0.663,False,True,550.0,2.5,16,2,urine,microscopia,False
674,ECN-CAT-MOL-077,Control de Virus de influenza A,2,2.0692,0.675,False,True,1070.0,6.75,23,2,swab,rt-pcr,True
675,ECN-CAT-QC-078,Control de Creatinina,2,1.7671,0.577,False,True,800.0,2.75,30,1,plasma,colorimetria,True
676,ECN-CAT-HEM-078,Control de Hematocrito,1,1.4413,0.528,False,True,300.0,1.75,7,1,blood,microscopia,False
677,ECN-CAT-INM-078,Control de Antiestreptolisinas O,1,1.5461,0.566,False,True,570.0,3.0,14,1,serum,quimioluminiscencia,False
678,ECN-CAT-MIC-078,Control de Exudado faríngeo,2,3.0844,1.006,True,True,760.0,13.75,21,1,swab,cultivo,False
679,ECN-CAT-COA-078,Control de Tiempo de trombina,2,1.9761,0.645,False,True,840.0,2.75,28,0,plasma,coagulometria,True
680,ECN-CAT-END-078,Control de Tiroxina total,1,1.7185,0.629,False,True,390.0,2.0,5,0,plasma,elisa,False
681,ECN-CAT-URO-078,Control de Proteínas en orina,1,1.6301,0.597,False,True,490.0,1.5,12,2,urine,colorimetria,False
682,ECN-CAT-MOL-078,Control de Virus de influenza B,2,2.0715,0.676,False,True,980.0,6.5,19,0,swab,rt-pcr,True
683,ECN-CAT-QC-079,Control de Ácido úrico,2,2.0334,0.664,False,True,690.0,2.5,26,0,serum,enzimatico,True
684,ECN-CAT-HEM-079,Control de Eritrocitos,1,1.9738,0.723,False,True,220.0,1.0,3,2,blood,impedancia,False
685,ECN-CAT-INM-079,Control de Inmunoglobulina A,1,1.6483,0.604,False,True,470.0,1.75,10,0,serum,inmunoensayo,False
686,ECN-CAT-MIC-079,Control de Exudado nasal,2,3.3122,1.081,True,True,660.0,13.5,17,0,swab,cultivo,False
687,ECN-CAT-COA-079,Control de Fibrinógeno,2,1.6171,0.528,False,True,740.0,2.5,24,1,plasma,coagulometria,False
688,ECN-CAT-END-079,Control de Triyodotironina libre,1,2.0339,0.745,False,True,260.0,1.25,1,0,serum,inmunoensayo,False
689,ECN-CAT-URO-079,Control de Glucosa en orina,1,1.7864,0.654,False,True,380.0,1.0,8,0,urine,tira reactiva,False
690,ECN-CAT-MOL-079,Control de Virus del papiloma humano,2,1.9181,0.626,False,True,850.0,7.25,15,2,swab,pcr,True
691,ECN-CAT-QC-080,Control de Colesterol total,2,1.9563,0.638,False,True,620.0,2.25,22,2,plasma,espectrofotometria,False
692,ECN-CAT-HEM-080,Control de Leucocitos,2,1.7907,0.584,False,True,940.0,3.5,29,1,blood,citometria,True
693,ECN-CAT-INM-080,Control de Inmunoglobulina G,1,1.3406,0.491,False,True,400.0,2.0,6,1,serum,elisa,False
694,ECN-CAT-MIC-080,Control de Exudado vaginal,2,3.2742,1.068,True,True,560.0,13.25,13,1,swab,cultivo,True
695,ECN-CAT-COA-080,Control de Dímero D,2,1.7814,0.581,False,True,640.0,2.25,20,1,plasma,coagulometria,False
696,ECN-CAT-END-080,Control de Triyodotironina total,2,1.9468,0.635,False,True,940.0,4.25,27,0,plasma,quimioluminiscencia,True
697,ECN-CAT-URO-080,Control de Creatinina en orina,1,1.5505,0.568,False,True,310.0,1.5,4,1,urine,microscopia,False
698,ECN-CAT-MOL-080,Control de Virus de hepatitis B,2,1.9814,0.647,False,True,750.0,7.0,11,1,plasma,pcr,True
699,ECN-CAT-QC-081,Control de Triglicéridos,1,1.9677,0.721,False,True,510.0,2.0,18,0,serum,colorimetria,False
700,ECN-CAT-HEM-081,Control de Plaquetas,2,1.5824,0.516,False,True,720.0,3.0,25,1,blood,microscopia,True
701,ECN-CAT-INM-081,Control de Inmunoglobulina M,1,1.7395,0.637,False,True,330.0,2.25,2,2,serum,quimioluminiscencia,False
702,ECN-CAT-MIC-081,Control de Exudado uretral,2,3.7413,1.221,True,True,460.0,13.0,9,0,swab,cultivo,False
703,ECN-CAT-COA-081,Control de INR,1,1.9502,0.714,False,True,600.0,2.0,16,0,plasma,coagulometria,False
704,ECN-CAT-END-081,Control de Insulina,2,1.6338,0.533,False,True,810.0,3.5,23,2,serum,elisa,False
705,ECN-CAT-URO-081,Control de Calcio en orina,2,2.1822,0.712,False,True,860.0,2.5,30,0,urine,colorimetria,True
706,ECN-CAT-MOL-081,Control de Virus de hepatitis C,1,2.5161,0.922,False,True,650.0,6.5,7,0,plasma,pcr,True
707,ECN-CAT-QC-082,Control de Bilirrubina total,1,1.7558,0.643,False,True,450.0,1.5,14,0,plasma,enzimatico,False
708,ECN-CAT-HEM-082,Control de Reticulocitos,2,1.8711,0.611,False,True,640.0,2.0,21,1,blood,impedancia,False
709,ECN-CAT-INM-082,Control de Inmunoglobulina E,2,1.9768,0.645,False,True,830.0,3.0,28,0,serum,inmunoensayo,True
710,ECN-CAT-MIC-082,Control de Hemocultivo,1,3.9369,1.442,True,True,360.0,12.75,5,3,blood,cultivo,False
711,ECN-CAT-COA-082,Control de Actividad de factor VIII,1,1.3208,0.484,False,True,500.0,1.75,12,1,plasma,coagulometria,False
712,ECN-CAT-END-082,Control de Cortisol,2,1.7029,0.556,False,True,680.0,2.75,19,1,plasma,inmunoensayo,False
713,ECN-CAT-URO-082,Control de Ácido úrico en orina,2,2.0718,0.676,False,True,750.0,2.25,26,0,urine,tira reactiva,True
714,ECN-CAT-MOL-082,Control de Virus de Epstein-Barr,1,2.4324,0.891,False,True,600.0,6.25,3,2,blood,pcr,True
715,ECN-CAT-QC-083,Control de Bilirrubina directa,1,1.3296,0.487,False,True,380.0,1.5,10,1,serum,espectrofotometria,False
716,ECN-CAT-HEM-083,Control de Volumen corpuscular medio,1,2.1721,0.796,False,True,640.0,2.5,17,0,blood,citometria,False
717,ECN-CAT-INM-083,Control de Complemento C3,2,1.8571,0.606,False,True,760.0,3.5,24,0,serum,elisa,False
718,ECN-CAT-MIC-083,Control de Cultivo de esputo,1,3.6585,1.34,True,True,320.0,12.25,1,2,other,cultivo,False
719,ECN-CAT-COA-083,Control de Actividad de factor IX,1,1.6243,0.595,False,True,400.0,1.5,8,0,plasma,coagulometria,False
720,ECN-CAT-END-083,Control de Hormona adrenocorticotropa,1,2.0315,0.744,False,True,640.0,3.25,15,0,serum,quimioluminiscencia,False
721,ECN-CAT-URO-083,Control de Sodio en orina,2,1.8658,0.609,False,True,670.0,2.75,22,2,urine,microscopia,False
722,ECN-CAT-MOL-083,Control de Citomegalovirus,2,2.6563,0.867,False,True,1170.0,8.0,29,0,blood,pcr,True
723,ECN-CAT-QC-084,Control de Alanina aminotransferasa,1,1.8507,0.678,False,True,260.0,1.0,6,0,plasma,colorimetria,False
724,ECN-CAT-HEM-084,Control de Hemoglobina corpuscular media,1,1.3834,0.507,False,True,420.0,2.0,13,1,blood,microscopia,False
725,ECN-CAT-INM-084,Control de Complemento C4,2,1.5183,0.495,False,True,750.0,3.75,20,1,serum,quimioluminiscencia,False
726,ECN-CAT-MIC-084,Control de Cultivo de heridas,2,3.3681,1.099,True,True,880.0,14.0,27,0,swab,cultivo,True
727,ECN-CAT-COA-084,Control de Actividad de factor XI,1,1.6754,0.614,False,True,300.0,1.25,4,2,plasma,coagulometria,False
728,ECN-CAT-END-084,Control de Hormona de crecimiento,1,1.5506,0.568,False,True,510.0,2.5,11,2,plasma,elisa,False
729,ECN-CAT-URO-084,Control de Potasio en orina,1,1.9149,0.701,False,True,620.0,1.75,18,1,urine,colorimetria,False
730,ECN-CAT-MOL-084,Control de Virus herpes simple 1,2,2.056,0.671,False,True,1070.0,7.75,25,1,swab,pcr,True
731,ECN-CAT-QC-085,Control de Aspartato aminotransferasa,1,2.1313,0.781,False,True,150.0,0.75,2,2,serum,enzimatico,False
732,ECN-CAT-HEM-085,Control de Concentración media de hemoglobina,1,1.5992,0.586,False,True,400.0,1.25,9,2,blood,impedancia,False
733,ECN-CAT-INM-085,Control de Anticuerpos antinucleares,1,1.9547,0.716,False,True,590.0,2.5,16,0,serum,inmunoensayo,False
734,ECN-CAT-MIC-085,Control de Cultivo de secreciones,2,3.0781,1.004,True,True,780.0,13.75,23,1,swab,cultivo,False
735,ECN-CAT-COA-085,Control de Actividad de factor XII,2,2.0752,0.677,False,True,860.0,2.75,30,0,plasma,coagulometria,True
736,ECN-CAT-END-085,Control de Prolactina,1,1.6524,0.605,False,True,440.0,1.75,7,0,serum,inmunoensayo,False
737,ECN-CAT-URO-085,Control de Cloro en orina,1,1.5547,0.569,False,True,500.0,1.5,14,1,urine,tira reactiva,False
738,ECN-CAT-MOL-085,Control de Virus herpes simple 2,2,2.4139,0.788,False,True,970.0,7.75,21,3,swab,pcr,True
739,ECN-CAT-QC-086,Control de Fosfatasa alcalina,2,2.013,0.657,False,True,750.0,2.75,28,0,plasma,espectrofotometria,True
740,ECN-CAT-HEM-086,Control de Ancho de distribución eritrocitaria,1,1.7986,0.659,False,True,400.0,1.75,5,0,blood,citometria,False
741,ECN-CAT-INM-086,Control de Anticuerpos anti-DNA,1,1.4019,0.513,False,True,520.0,2.75,12,1,serum,elisa,False
742,ECN-CAT-MIC-086,Control de Antibiograma,2,3.1073,1.014,True,True,680.0,13.5,19,1,other,cultivo,False
743,ECN-CAT-COA-086,Control de Antitrombina III,2,1.9335,0.631,False,True,820.0,2.5,26,0,plasma,coagulometria,True
744,ECN-CAT-END-086,Control de Hormona luteinizante,1,1.4524,0.532,False,True,400.0,2.5,3,1,plasma,quimioluminiscencia,False
745,ECN-CAT-URO-086,Control de Fósforo en orina,1,1.6879,0.618,False,True,430.0,1.75,10,0,urine,microscopia,False
746,ECN-CAT-MOL-086,Control de Chlamydia trachomatis,2,2.0576,0.671,False,True,870.0,7.5,17,0,swab,pcr,True
747,ECN-CAT-QC-087,Control de Gamma glutamil transferasa,2,1.8702,0.61,False,True,680.0,2.25,24,2,serum,colorimetria,False
748,ECN-CAT-HEM-087,Control de Neutrófilos,1,2.0958,0.768,False,True,180.0,1.25,1,2,blood,microscopia,False
749,ECN-CAT-INM-087,Control de Anticuerpos anticardiolipina,1,1.5028,0.55,False,True,450.0,3.0,8,2,serum,quimioluminiscencia,False
750,ECN-CAT-MIC-087,Control de Tinción de Gram,1,1.8967,0.695,False,True,490.0,2.25,15,0,other,microscopia,False
751,ECN-CAT-COA-087,Control de Proteína C funcional,2,1.6594,0.542,False,True,720.0,2.25,22,1,plasma,coagulometria,False
752,ECN-CAT-END-087,Control de Hormona foliculoestimulante,2,1.7123,0.559,False,True,930.0,3.75,29,1,serum,elisa,True
753,ECN-CAT-URO-087,Control de Magnesio en orina,1,1.8383,0.673,False,True,320.0,1.0,6,0,urine,colorimetria,False
754,ECN-CAT-MOL-087,Control de Neisseria gonorrhoeae,2,2.1986,0.717,False,True,830.0,7.25,13,0,swab,pcr,True
755,ECN-CAT-QC-088,Control de Albúmina,1,2.5396,0.93,False,True,570.0,1.75,20,3,plasma,enzimatico,False
756,ECN-CAT-HEM-088,Control de Linfocitos,2,2.0246,0.661,False,True,760.0,2.5,27,0,blood,impedancia,True
757,ECN-CAT-INM-088,Control de Procalcitonina,1,1.8272,0.669,False,True,300.0,1.5,4,0,serum,inmunoensayo,False
758,ECN-CAT-MIC-088,Control de Baciloscopía,1,1.8502,0.678,False,True,440.0,2.0,11,2,other,microscopia,True
759,ECN-CAT-COA-088,Control de Proteína S funcional,1,1.818,0.666,False,True,620.0,2.25,18,1,plasma,coagulometria,False
760,ECN-CAT-END-088,Control de Estradiol,2,1.8749,0.612,False,True,800.0,3.0,25,0,plasma,inmunoensayo,True
761,ECN-CAT-URO-088,Control de Urea en orina,1,1.9424,0.711,False,True,210.0,0.5,2,1,urine,tira reactiva,False
762,ECN-CAT-MOL-088,Control de Mycobacterium tuberculosis,2,2.2432,0.732,False,True,730.0,7.0,9,1,other,pcr,True
763,ECN-CAT-QC-089,Control de Proteínas totales,1,1.8734,0.686,False,True,500.0,1.75,16,0,serum,espectrofotometria,False
764,ECN-CAT-HEM-089,Control de Monocitos,2,1.73,0.565,False,True,770.0,3.0,23,2,blood,citometria,False
765,ECN-CAT-INM-089,Control de Ferritina,2,1.7829,0.582,False,True,940.0,3.75,30,1,serum,elisa,True
766,ECN-CAT-MIC-089,Control de Búsqueda de hongos,1,1.664,0.609,False,True,340.0,1.75,7,2,other,microscopia,False
767,ECN-CAT-COA-089,Control de Anticoagulante lúpico,1,1.7511,0.641,False,True,520.0,2.0,14,0,plasma,coagulometria,False
768,ECN-CAT-END-089,Control de Progesterona,2,1.6398,0.535,False,True,760.0,3.75,21,2,serum,quimioluminiscencia,False
769,ECN-CAT-URO-089,Control de Osmolalidad urinaria,2,1.7225,0.562,False,True,850.0,3.0,28,1,urine,microscopia,True
770,ECN-CAT-MOL-089,Control de Bordetella pertussis,1,2.6465,0.969,False,True,630.0,6.75,5,0,swab,pcr,True
771,ECN-CAT-QC-090,Control de Calcio,1,1.6927,0.62,False,True,390.0,1.25,12,0,plasma,colorimetria,False
772,ECN-CAT-HEM-090,Control de Eosinófilos,1,1.826,0.669,False,True,550.0,2.25,19,1,blood,microscopia,False
773,ECN-CAT-INM-090,Control de Troponina I,2,1.8579,0.606,False,True,870.0,4.0,26,0,serum,quimioluminiscencia,True
774,ECN-CAT-MIC-090,Control de Coprológico,1,1.785,0.654,False,True,240.0,1.25,3,1,stool,microscopia,False
775,ECN-CAT-COA-090,Control de Resistencia a proteína C activada,1,1.4498,0.531,False,True,420.0,1.75,10,2,plasma,coagulometria,False
776,ECN-CAT-END-090,Control de Testosterona total,2,1.7133,0.559,False,True,690.0,3.0,17,1,plasma,elisa,False
777,ECN-CAT-URO-090,Control de Depuración de creatinina,2,2.0983,0.685,False,True,740.0,2.0,24,0,urine,colorimetria,False
778,ECN-CAT-MOL-090,Control de Parvovirus B19,1,2.4738,0.906,False,True,530.0,6.5,1,2,blood,pcr,True
779,ECN-CAT-QC-091,Control de Fósforo,1,1.4839,0.543,False,True,280.0,1.0,8,1,serum,enzimatico,False
780,ECN-CAT-HEM-091,Control de Basófilos,1,1.8965,0.695,False,True,520.0,2.0,15,0,blood,impedancia,False
781,ECN-CAT-INM-091,Control de Antígeno carcinoembrionario,2,1.9627,0.64,False,True,710.0,2.75,22,0,serum,inmunoensayo,False
782,ECN-CAT-MIC-091,Control de Amiba en fresco,2,1.7863,0.583,False,True,800.0,3.0,29,1,stool,microscopia,True
783,ECN-CAT-COA-091,Control de Agregación plaquetaria,1,1.3099,0.48,False,True,380.0,1.5,6,1,plasma,coagulometria,False
784,ECN-CAT-END-091,Control de Testosterona libre,1,1.6487,0.604,False,True,560.0,2.0,13,2,serum,inmunoensayo,False
785,ECN-CAT-URO-091,Control de Sedimento urinario,2,2.0919,0.683,False,True,630.0,1.75,20,2,urine,tira reactiva,False
786,ECN-CAT-MOL-091,Control de Dengue por PCR,2,2.2649,0.739,False,True,1120.0,7.0,27,2,blood,rt-pcr,True
787,ECN-CAT-QC-092,Control de Magnesio,1,1.9306,0.707,False,True,260.0,1.0,4,0,plasma,espectrofotometria,False
788,ECN-CAT-HEM-092,Control de Velocidad de sedimentación,1,1.4637,0.536,False,True,520.0,2.5,11,1,blood,citometria,False
789,ECN-CAT-INM-092,Control de Alfafetoproteína,2,1.7547,0.573,False,True,640.0,3.0,18,1,serum,elisa,False
790,ECN-CAT-MIC-092,Control de Sangre oculta en heces,2,2.0867,0.681,False,True,750.0,2.25,25,0,stool,inmunocromatografia,True
791,ECN-CAT-COA-092,Control de Tiempo de sangrado,1,1.9315,0.707,False,True,280.0,1.25,2,0,plasma,coagulometria,False
792,ECN-CAT-END-092,Control de Dehidroepiandrosterona,1,2.1374,0.783,False,True,520.0,2.75,9,3,plasma,quimioluminiscencia,False
793,ECN-CAT-URO-092,Control de Cetonas en orina,1,1.6434,0.602,False,True,550.0,2.25,16,1,urine,microscopia,False
794,ECN-CAT-MOL-092,Control de Zika por PCR,2,2.2413,0.731,False,True,1080.0,6.75,23,0,blood,rt-pcr,True
795,ECN-CAT-QC-093,Control de Sodio,2,1.928,0.629,False,True,800.0,2.5,30,2,serum,colorimetria,True
796,ECN-CAT-HEM-093,Control de Frotis de sangre periférica,1,1.4413,0.528,False,True,300.0,1.75,7,1,blood,microscopia,False
797,ECN-CAT-INM-093,Control de CA 125,1,1.8849,0.69,False,True,580.0,3.25,14,0,serum,quimioluminiscencia,False
798,ECN-CAT-MIC-093,Control de Rotavirus en heces,2,1.8796,0.613,False,True,700.0,2.0,21,1,stool,inmunocromatografia,False
799,ECN-CAT-COA-093,Control de Tiempo de coagulación,2,1.6186,0.528,False,True,840.0,3.0,28,1,plasma,coagulometria,True
800,ECN-CAT-END-093,Control de Aldosterona,1,1.3806,0.506,False,True,390.0,2.0,5,1,serum,elisa,False
801,ECN-CAT-URO-093,Control de Hemoglobina en orina,1,1.608,0.589,False,True,450.0,1.5,12,2,urine,colorimetria,False
802,ECN-CAT-MOL-093,Control de Chikungunya por PCR,2,1.7332,0.566,False,True,980.0,6.5,19,1,blood,rt-pcr,True
803,ECN-CAT-QC-094,Control de Potasio,2,1.868,0.61,False,True,690.0,2.25,26,2,plasma,enzimatico,True
804,ECN-CAT-HEM-094,Control de Conteo diferencial,1,2.0762,0.76,False,True,230.0,1.0,3,0,blood,impedancia,False
805,ECN-CAT-INM-094,Control de CA 19-9,1,1.2793,0.469,False,True,470.0,2.0,10,1,serum,inmunoensayo,False
806,ECN-CAT-MIC-094,Control de Adenovirus en heces,1,2.0446,0.749,False,True,600.0,1.75,17,2,stool,inmunocromatografia,False
807,ECN-CAT-COA-094,Control de Productos de degradación de fibrina,2,1.9206,0.627,False,True,740.0,2.75,24,0,plasma,coagulometria,False
808,ECN-CAT-END-094,Control de Renina,1,2.0152,0.738,False,True,270.0,1.25,1,0,plasma,inmunoensayo,False
809,ECN-CAT-URO-094,Control de Nitritos en orina,1,1.7714,0.649,False,True,380.0,1.25,8,0,urine,tira reactiva,False
810,ECN-CAT-MOL-094,Control de Panel respiratorio molecular,2,1.7605,0.574,False,True,880.0,6.25,15,1,swab,rt-pcr,True
811,ECN-CAT-QC-095,Control de Cloro,2,2.1605,0.705,False,True,630.0,2.0,22,0,serum,espectrofotometria,False
812,ECN-CAT-HEM-095,Control de Índice plaquetario,2,2.3466,0.766,False,True,890.0,3.5,29,3,blood,citometria,True
813,ECN-CAT-INM-095,Control de CA 15-3,1,1.3406,0.491,False,True,400.0,2.0,6,1,serum,elisa,False
814,ECN-CAT-MIC-095,Control de Helicobacter pylori,1,1.8916,0.693,False,True,500.0,1.5,13,0,stool,inmunocromatografia,False
815,ECN-CAT-COA-095,Control de Factor de von Willebrand,2,1.7301,0.565,False,True,650.0,2.5,20,1,plasma,coagulometria,False
816,ECN-CAT-END-095,Control de Paratohormona,2,1.7687,0.577,False,True,940.0,4.0,27,2,serum,quimioluminiscencia,True
817,ECN-CAT-URO-095,Control de Leucocitos en orina,1,1.5409,0.564,False,True,310.0,1.75,4,1,urine,microscopia,False
818,ECN-CAT-MOL-095,Control de Panel gastrointestinal molecular,2,2.0304,0.663,False,True,780.0,6.0,11,1,other,rt-pcr,True
819,ECN-CAT-QC-096,Control de Hierro sérico,1,1.9683,0.721,False,True,510.0,1.75,18,0,plasma,colorimetria,False
820,ECN-CAT-HEM-096,Control de Morfología eritrocitaria,2,1.5824,0.516,False,True,720.0,3.0,25,1,blood,microscopia,True
821,ECN-CAT-INM-096,Control de Antígeno prostático total,1,1.5665,0.574,False,True,330.0,2.25,2,1,serum,quimioluminiscencia,False
822,ECN-CAT-MIC-096,Control de Clostridioides difficile,1,2.4068,0.881,False,True,410.0,1.5,9,3,stool,inmunocromatografia,True
823,ECN-CAT-COA-096,Control de Mezcla de TTPa,1,1.7386,0.637,False,True,550.0,2.0,16,2,plasma,coagulometria,False
824,ECN-CAT-END-096,Control de Calcitonina,2,1.8568,0.606,False,True,810.0,3.25,23,0,plasma,elisa,False
825,ECN-CAT-URO-096,Control de Cristales en orina,2,2.1565,0.704,False,True,860.0,2.75,30,0,urine,colorimetria,True
826,ECN-CAT-MOL-096,Control de Trombofilia hereditaria,1,2.385,0.873,False,True,650.0,6.75,7,1,blood,pcr,True
827,ECN-CAT-QC-097,Control de Amilasa,1,1.4412,0.528,False,True,450.0,1.25,14,1,serum,enzimatico,False
828,ECN-CAT-HEM-097,Control de Morfología leucocitaria,2,2.1332,0.696,False,True,640.0,2.25,21,0,blood,impedancia,False
829,ECN-CAT-INM-097,Control de Antígeno prostático libre,2,2.2962,0.749,False,True,840.0,3.0,28,3,serum,inmunoensayo,True
830,ECN-CAT-MIC-097,Control de Estreptococo del grupo A,1,1.6505,0.604,False,True,310.0,1.25,5,1,swab,inmunocromatografia,False
831,ECN-CAT-COA-097,Control de Mezcla de TP,1,1.6754,0.614,False,True,500.0,1.75,12,0,plasma,coagulometria,False
832,ECN-CAT-END-097,Control de Péptido C,2,1.8693,0.61,False,True,680.0,2.5,19,2,serum,inmunoensayo,False
833,ECN-CAT-URO-097,Control de Cilindros urinarios,2,1.8859,0.615,False,True,750.0,2.25,26,2,urine,tira reactiva,True
834,ECN-CAT-MOL-097,Control de Mutación JAK2,1,2.5832,0.946,False,True,610.0,6.5,3,0,blood,pcr,True
835,ECN-CAT-QC-098,Control de Lipasa,1,1.3394,0.491,False,True,380.0,1.25,10,1,plasma,espectrofotometria,False
836,ECN-CAT-HEM-098,Control de Morfología plaquetaria,2,1.8471,0.603,False,True,650.0,2.75,17,1,blood,citometria,False
837,ECN-CAT-INM-098,Control de Serología para dengue,2,1.8747,0.612,False,True,770.0,3.25,24,0,serum,elisa,False
838,ECN-CAT-MIC-098,Control de Salmonella,1,3.7188,1.362,True,True,320.0,12.5,1,2,stool,cultivo,False
839,ECN-CAT-COA-098,Control de Factor V,1,1.4656,0.537,False,True,400.0,1.5,8,2,plasma,coagulometria,False
840,ECN-CAT-END-098,Control de 17-hidroxiprogesterona,1,1.8919,0.693,False,True,640.0,3.0,15,2,plasma,quimioluminiscencia,False
841,ECN-CAT-URO-098,Control de Urobilinógeno en orina,2,2.0426,0.667,False,True,680.0,2.75,22,0,urine,microscopia,False
842,ECN-CAT-MOL-098,Control de BCR-ABL cuantitativo,2,2.4537,0.801,False,True,1170.0,8.25,29,1,blood,pcr,True
843,ECN-CAT-QC-099,Control de Lactato deshidrogenasa,1,1.5047,0.551,False,True,270.0,1.25,6,1,serum,colorimetria,False
844,ECN-CAT-HEM-099,Control de Hemoparásitos,1,1.3816,0.506,False,True,430.0,2.25,13,1,blood,microscopia,False
845,ECN-CAT-INM-099,Control de Serología para rubéola,2,1.8854,0.615,False,True,750.0,3.5,20,0,serum,quimioluminiscencia,False
846,ECN-CAT-MIC-099,Control de Shigella,2,3.2832,1.071,True,True,880.0,14.25,27,1,stool,cultivo,True
847,ECN-CAT-COA-099,Control de Factor VII,1,1.8159,0.665,False,True,300.0,1.25,4,0,plasma,coagulometria,False
848,ECN-CAT-END-099,Control de Hormona antimülleriana,1,1.7144,0.628,False,True,520.0,2.25,11,0,serum,elisa,False
849,ECN-CAT-URO-099,Control de Bilirrubina en orina,1,2.0589,0.754,False,True,620.0,1.75,18,2,urine,colorimetria,False
850,ECN-CAT-MOL-099,Control de HLA-B27,2,2.1389,0.698,False,True,1070.0,7.75,25,2,blood,pcr,True
851,ECN-CAT-QC-100,Control de Hemoglobina glucosilada,1,2.2642,0.829,False,True,160.0,0.75,2,0,blood,enzimatico,False
852,ECN-CAT-HEM-100,Control de Prueba de falciformación,1,1.6277,0.596,False,True,350.0,1.25,9,2,blood,impedancia,False
853,ECN-CAT-INM-100,Control de Serología para toxoplasma,1,1.6589,0.608,False,True,590.0,2.25,16,1,serum,inmunoensayo,False
854,ECN-CAT-MIC-100,Control de Candida albicans,2,3.1199,1.018,True,True,780.0,14.0,23,1,swab,cultivo,True
855,ECN-CAT-COA-100,Control de Factor X,2,2.0578,0.671,False,True,870.0,3.0,30,0,plasma,coagulometria,True
856,ECN-CAT-END-100,Control de Somatomedina C,1,1.2969,0.475,False,True,440.0,1.5,7,1,plasma,inmunoensayo,False
857,ECN-CAT-URO-100,Control de Relación albúmina creatinina,1,1.5647,0.573,False,True,510.0,1.5,14,1,urine,tira reactiva,False
858,ECN-CAT-MOL-100,Control de Carga viral cuantitativa,2,1.7249,0.563,False,True,970.0,7.5,21,1,plasma,pcr,True
859,ECN-CAT-QC-101,Confirmación de Glucosa,2,1.8303,0.597,False,True,750.0,2.75,28,2,serum,espectrofotometria,True
860,ECN-CAT-HEM-101,Confirmación de Biometría hemática,1,1.6567,0.607,False,True,400.0,1.75,5,2,blood,citometria,False
861,ECN-CAT-INM-101,Confirmación de Proteína C reactiva,1,1.3955,0.511,False,True,520.0,2.5,12,1,serum,elisa,False
862,ECN-CAT-MIC-101,Confirmación de Urocultivo,2,3.2653,1.066,True,True,690.0,13.5,19,0,urine,cultivo,False
863,ECN-CAT-COA-101,Confirmación de Tiempo de protrombina,2,1.561,0.509,False,True,770.0,2.75,26,1,plasma,coagulometria,True
864,ECN-CAT-END-101,Confirmación de Hormona estimulante de tiroides,1,1.4577,0.534,False,True,400.0,2.5,3,1,serum,quimioluminiscencia,False
865,ECN-CAT-URO-101,Confirmación de Examen general de orina,1,1.6827,0.616,False,True,430.0,2.0,10,0,urine,microscopia,False
866,ECN-CAT-MOL-101,Confirmación de Detección molecular de SARS-CoV-2,2,2.3246,0.759,False,True,910.0,6.25,17,3,swab,rt-pcr,True
867,ECN-CAT-QC-102,Confirmación de Urea,2,1.7363,0.567,False,True,680.0,2.25,24,1,plasma,colorimetria,False
868,ECN-CAT-HEM-102,Confirmación de Hemoglobina,1,2.2097,0.809,False,True,180.0,1.25,1,0,blood,microscopia,False
869,ECN-CAT-INM-102,Confirmación de Factor reumatoide,1,1.4969,0.548,False,True,460.0,2.75,8,2,serum,quimioluminiscencia,False
870,ECN-CAT-MIC-102,Confirmación de Coprocultivo,2,3.2887,1.073,True,True,590.0,13.25,15,2,stool,cultivo,False
871,ECN-CAT-COA-102,Confirmación de Tiempo de tromboplastina parcial,2,1.9533,0.637,False,True,720.0,2.5,22,0,plasma,coagulometria,False
872,ECN-CAT-END-102,Confirmación de Tiroxina libre,2,1.7025,0.556,False,True,930.0,3.75,29,1,plasma,elisa,True
873,ECN-CAT-URO-102,Confirmación de Microalbúmina en orina,1,1.5097,0.553,False,True,330.0,1.0,6,1,urine,colorimetria,False
874,ECN-CAT-MOL-102,Confirmación de Virus de influenza A,2,1.8329,0.598,False,True,810.0,6.0,13,1,swab,rt-pcr,True
875,ECN-CAT-QC-103,Confirmación de Creatinina,1,1.9153,0.701,False,True,570.0,2.0,20,1,serum,enzimatico,False
876,ECN-CAT-HEM-103,Confirmación de Hematocrito,2,1.8311,0.598,False,True,770.0,2.5,27,2,blood,impedancia,True
877,ECN-CAT-INM-103,Confirmación de Antiestreptolisinas O,1,1.5223,0.558,False,True,300.0,1.25,4,1,serum,inmunoensayo,False
878,ECN-CAT-MIC-103,Confirmación de Exudado faríngeo,2,3.3536,1.094,True,True,540.0,13.0,11,1,swab,cultivo,False
879,ECN-CAT-COA-103,Confirmación de Tiempo de trombina,1,2.0912,0.766,False,True,620.0,2.0,18,0,plasma,coagulometria,False
880,ECN-CAT-END-103,Confirmación de Tiroxina total,2,1.6786,0.548,False,True,810.0,3.0,25,2,serum,inmunoensayo,True
881,ECN-CAT-URO-103,Confirmación de Proteínas en orina,1,1.9224,0.704,False,True,210.0,0.75,2,1,urine,tira reactiva,False
882,ECN-CAT-MOL-103,Confirmación de Virus de influenza B,2,2.3984,0.783,False,True,760.0,5.75,9,0,swab,rt-pcr,True
883,ECN-CAT-QC-104,Confirmación de Ácido úrico,1,1.8729,0.686,False,True,510.0,2.0,16,0,plasma,espectrofotometria,False
884,ECN-CAT-HEM-104,Confirmación de Eritrocitos,2,1.5948,0.52,False,True,770.0,3.0,23,1,blood,citometria,False
885,ECN-CAT-INM-104,Confirmación de Inmunoglobulina A,2,2.0765,0.678,False,True,940.0,4.0,30,0,serum,elisa,True
886,ECN-CAT-MIC-104,Confirmación de Exudado nasal,2,3.981,1.299,True,True,440.0,12.75,7,3,swab,cultivo,True
887,ECN-CAT-COA-104,Confirmación de Fibrinógeno,1,1.6224,0.594,False,True,530.0,1.75,14,2,plasma,coagulometria,False
888,ECN-CAT-END-104,Confirmación de Triyodotironina libre,2,1.8387,0.6,False,True,770.0,3.75,21,0,plasma,quimioluminiscencia,False
889,ECN-CAT-URO-104,Confirmación de Glucosa en orina,2,1.7225,0.562,False,True,850.0,3.0,28,1,urine,microscopia,True
890,ECN-CAT-MOL-104,Confirmación de Virus del papiloma humano,1,2.5111,0.92,False,True,630.0,6.5,5,2,swab,pcr,True
891,ECN-CAT-QC-105,Confirmación de Colesterol total,1,1.3329,0.488,False,True,390.0,1.5,12,1,serum,colorimetria,False
892,ECN-CAT-HEM-105,Confirmación de Leucocitos,1,2.0984,0.769,False,True,550.0,2.5,19,0,blood,microscopia,False
893,ECN-CAT-INM-105,Confirmación de Inmunoglobulina G,2,1.847,0.603,False,True,870.0,4.25,26,0,serum,quimioluminiscencia,True
894,ECN-CAT-MIC-105,Confirmación de Exudado vaginal,1,3.5749,1.309,True,True,350.0,12.5,3,1,swab,cultivo,False
895,ECN-CAT-COA-105,Confirmación de Dímero D,1,1.249,0.457,False,True,430.0,1.5,10,1,plasma,coagulometria,False
896,ECN-CAT-END-105,Confirmación de Triyodotironina total,2,1.8488,0.603,False,True,690.0,3.0,17,2,serum,elisa,False
897,ECN-CAT-URO-105,Confirmación de Creatinina en orina,2,1.8793,0.613,False,True,740.0,2.25,24,2,urine,colorimetria,False
898,ECN-CAT-MOL-105,Confirmación de Virus de hepatitis B,1,2.2671,0.83,False,True,530.0,6.25,1,1,plasma,pcr,True
899,ECN-CAT-QC-106,Confirmación de Triglicéridos,1,1.8025,0.66,False,True,280.0,1.0,8,0,plasma,enzimatico,False
900,ECN-CAT-HEM-106,Confirmación de Plaquetas,1,1.5974,0.585,False,True,520.0,1.75,15,1,blood,impedancia,False
901,ECN-CAT-INM-106,Confirmación de Inmunoglobulina M,2,1.624,0.53,False,True,720.0,2.75,22,1,serum,inmunoensayo,False
902,ECN-CAT-MIC-106,Confirmación de Exudado uretral,2,3.4929,1.14,True,True,910.0,14.25,29,0,swab,cultivo,True
903,ECN-CAT-COA-106,Confirmación de INR,1,1.5684,0.574,False,True,330.0,1.25,6,2,plasma,coagulometria,False
904,ECN-CAT-END-106,Confirmación de Insulina,1,1.4577,0.534,False,True,560.0,2.25,13,1,plasma,inmunoensayo,False
905,ECN-CAT-URO-106,Confirmación de Calcio en orina,2,2.2609,0.738,False,True,630.0,1.75,20,0,urine,tira reactiva,False
906,ECN-CAT-MOL-106,Confirmación de Virus de hepatitis C,2,2.303,0.751,False,True,1100.0,8.25,27,2,plasma,pcr,True
907,ECN-CAT-QC-107,Confirmación de Bilirrubina total,1,1.8034,0.66,False,True,260.0,1.0,4,2,serum,espectrofotometria,False
908,ECN-CAT-HEM-107,Confirmación de Reticulocitos,1,1.4748,0.54,False,True,530.0,2.25,11,1,blood,citometria,False
909,ECN-CAT-INM-107,Confirmación de Inmunoglobulina E,2,2.0513,0.669,False,True,650.0,3.0,18,0,serum,elisa,False
910,ECN-CAT-MIC-107,Confirmación de Hemocultivo,2,3.1179,1.017,True,True,810.0,14.0,25,1,blood,cultivo,True
911,ECN-CAT-COA-107,Confirmación de Actividad de factor VIII,1,1.9452,0.712,False,True,280.0,1.0,2,0,plasma,coagulometria,False
912,ECN-CAT-END-107,Confirmación de Cortisol,1,1.5514,0.568,False,True,520.0,3.0,9,2,serum,quimioluminiscencia,False
913,ECN-CAT-URO-107,Confirmación de Ácido úrico en orina,1,1.6586,0.607,False,True,560.0,2.25,16,1,urine,microscopia,False
914,ECN-CAT-MOL-107,Confirmación de Virus de Epstein-Barr,2,1.9944,0.651,False,True,1000.0,8.0,23,2,blood,pcr,True
915,ECN-CAT-QC-108,Confirmación de Bilirrubina directa,2,1.7998,0.587,False,True,810.0,2.5,30,1,plasma,colorimetria,True
916,ECN-CAT-HEM-108,Confirmación de Volumen corpuscular medio,1,1.7676,0.647,False,True,310.0,1.5,7,0,blood,microscopia,False
917,ECN-CAT-INM-108,Confirmación de Complemento C3,1,1.578,0.578,False,True,580.0,3.25,14,1,serum,quimioluminiscencia,False
918,ECN-CAT-MIC-108,Confirmación de Cultivo de esputo,2,3.0966,1.01,True,True,760.0,13.5,21,2,other,cultivo,True
919,ECN-CAT-COA-108,Confirmación de Actividad de factor IX,2,1.9761,0.645,False,True,840.0,2.75,28,0,plasma,coagulometria,True
920,ECN-CAT-END-108,Confirmación de Hormona adrenocorticotropa,1,1.369,0.501,False,True,400.0,2.25,5,1,plasma,elisa,False
921,ECN-CAT-URO-108,Confirmación de Sodio en orina,1,1.7656,0.647,False,True,450.0,1.25,12,0,urine,colorimetria,False
922,ECN-CAT-MOL-108,Confirmación de Citomegalovirus,2,2.0925,0.683,False,True,950.0,7.75,19,0,blood,pcr,True
923,ECN-CAT-QC-109,Confirmación de Alanina aminotransferasa,2,1.8669,0.609,False,True,700.0,2.25,26,2,serum,enzimatico,True
924,ECN-CAT-HEM-109,Confirmación de Hemoglobina corpuscular media,1,1.9711,0.722,False,True,230.0,0.75,3,2,blood,impedancia,False
925,ECN-CAT-INM-109,Confirmación de Complemento C4,1,1.2629,0.463,False,True,420.0,2.0,10,1,serum,inmunoensayo,False
926,ECN-CAT-MIC-109,Confirmación de Cultivo de heridas,2,3.0636,1.0,False,True,660.0,13.25,17,1,swab,cultivo,False
927,ECN-CAT-COA-109,Confirmación de Actividad de factor XI,2,1.5765,0.514,False,True,750.0,2.75,24,1,plasma,coagulometria,False
928,ECN-CAT-END-109,Confirmación de Hormona de crecimiento,1,1.736,0.636,False,True,270.0,1.25,1,1,serum,inmunoensayo,False
929,ECN-CAT-URO-109,Confirmación de Potasio en orina,1,1.454,0.533,False,True,390.0,1.0,8,1,urine,tira reactiva,False
930,ECN-CAT-MOL-109,Confirmación de Virus herpes simple 1,2,1.7971,0.586,False,True,850.0,7.25,15,1,swab,pcr,True
931,ECN-CAT-QC-110,Confirmación de Aspartato aminotransferasa,2,1.9399,0.633,False,True,630.0,2.25,22,2,plasma,espectrofotometria,False
932,ECN-CAT-HEM-110,Confirmación de Concentración media de hemoglobina,2,1.746,0.57,False,True,890.0,3.25,29,1,blood,citometria,True
933,ECN-CAT-INM-110,Confirmación de Anticuerpos antinucleares,1,1.3385,0.49,False,True,400.0,2.25,6,1,serum,elisa,False
934,ECN-CAT-MIC-110,Confirmación de Cultivo de secreciones,2,3.2955,1.075,True,True,570.0,13.0,13,2,swab,cultivo,False
935,ECN-CAT-COA-110,Confirmación de Actividad de factor XII,2,1.8555,0.605,False,True,650.0,2.5,20,2,plasma,coagulometria,False
936,ECN-CAT-END-110,Confirmación de Prolactina,2,1.9572,0.639,False,True,940.0,4.0,27,0,plasma,quimioluminiscencia,True
937,ECN-CAT-URO-110,Confirmación de Cloro en orina,1,1.5505,0.568,False,True,310.0,1.5,4,1,urine,microscopia,False
938,ECN-CAT-MOL-110,Confirmación de Virus herpes simple 2,2,2.0257,0.661,False,True,760.0,7.0,11,1,swab,pcr,True
939,ECN-CAT-QC-111,Confirmación de Fosfatasa alcalina,1,1.9722,0.722,False,True,510.0,1.75,18,0,serum,colorimetria,False
940,ECN-CAT-HEM-111,Confirmación de Ancho de distribución eritrocitaria,2,1.7474,0.57,False,True,720.0,2.75,25,2,blood,microscopia,True
941,ECN-CAT-INM-111,Confirmación de Anticuerpos anti-DNA,1,1.5577,0.57,False,True,340.0,2.5,2,1,serum,quimioluminiscencia,False
942,ECN-CAT-MIC-111,Confirmación de Antibiograma,2,3.7012,1.208,True,True,470.0,12.75,9,0,other,cultivo,False
943,ECN-CAT-COA-111,Confirmación de Antitrombina III,1,1.5636,0.573,False,True,550.0,2.25,16,1,plasma,coagulometria,False
944,ECN-CAT-END-111,Confirmación de Hormona luteinizante,2,1.6569,0.541,False,True,810.0,3.25,23,2,serum,elisa,False
945,ECN-CAT-URO-111,Confirmación de Fósforo en orina,2,1.8985,0.62,False,True,870.0,2.5,30,1,urine,colorimetria,True
946,ECN-CAT-MOL-111,Confirmación de Chlamydia trachomatis,2,2.6393,0.861,False,True,660.0,6.75,7,0,swab,pcr,True
947,ECN-CAT-QC-112,Confirmación de Gamma glutamil transferasa,1,1.4213,0.521,False,True,450.0,1.5,14,1,plasma,enzimatico,False
948,ECN-CAT-HEM-112,Confirmación de Neutrófilos,2,1.8191,0.594,False,True,650.0,2.25,21,1,blood,impedancia,False
949,ECN-CAT-INM-112,Confirmación de Anticuerpos anticardiolipina,2,1.9586,0.639,False,True,840.0,3.25,28,0,serum,inmunoensayo,True
950,ECN-CAT-MIC-112,Confirmación de Tinción de Gram,1,1.8769,0.687,False,True,270.0,1.5,5,1,other,microscopia,True
951,ECN-CAT-COA-112,Confirmación de Proteína C funcional,1,1.3141,0.481,False,True,500.0,2.0,12,1,plasma,coagulometria,False
952,ECN-CAT-END-112,Confirmación de Hormona foliculoestimulante,2,1.8493,0.603,False,True,690.0,2.5,19,2,plasma,inmunoensayo,False
953,ECN-CAT-URO-112,Confirmación de Magnesio en orina,2,2.1042,0.687,False,True,750.0,2.0,26,0,urine,tira reactiva,True
954,ECN-CAT-MOL-112,Confirmación de Neisseria gonorrhoeae,1,2.4746,0.906,False,True,560.0,6.5,3,2,swab,pcr,True
955,ECN-CAT-QC-113,Confirmación de Albúmina,1,1.3397,0.491,False,True,390.0,1.25,10,1,serum,espectrofotometria,False
956,ECN-CAT-HEM-113,Confirmación de Linfocitos,2,2.144,0.7,False,True,650.0,2.75,17,0,blood,citometria,False
957,ECN-CAT-INM-113,Confirmación de Procalcitonina,2,1.8747,0.612,False,True,770.0,3.25,24,0,serum,elisa,False
958,ECN-CAT-MIC-113,Confirmación de Baciloscopía,1,1.9381,0.71,False,True,220.0,1.25,1,1,other,microscopia,False
959,ECN-CAT-COA-113,Confirmación de Proteína S funcional,1,1.6131,0.591,False,True,410.0,1.75,8,0,plasma,coagulometria,False
960,ECN-CAT-END-113,Confirmación de Estradiol,1,1.929,0.706,False,True,650.0,3.25,15,2,serum,quimioluminiscencia,False
961,ECN-CAT-URO-113,Confirmación de Urea en orina,2,1.7603,0.574,False,True,680.0,2.5,22,1,urine,microscopia,False
962,ECN-CAT-MOL-113,Confirmación de Mycobacterium tuberculosis,2,2.5149,0.821,False,True,1170.0,8.25,29,1,other,pcr,True
963,ECN-CAT-QC-114,Confirmación de Proteínas totales,1,1.8343,0.672,False,True,270.0,1.0,6,0,plasma,colorimetria,False
964,ECN-CAT-HEM-114,Confirmación de Monocitos,1,1.5751,0.577,False,True,430.0,2.25,13,2,blood,microscopia,False
965,ECN-CAT-INM-114,Confirmación de Ferritina,2,1.5806,0.516,False,True,700.0,3.5,20,1,serum,quimioluminiscencia,False
966,ECN-CAT-MIC-114,Confirmación de Búsqueda de hongos,2,1.7039,0.556,False,True,790.0,3.0,27,1,other,microscopia,True
967,ECN-CAT-COA-114,Confirmación de Anticoagulante lúpico,1,1.8034,0.66,False,True,310.0,1.25,4,0,plasma,coagulometria,False
968,ECN-CAT-END-114,Confirmación de Progesterona,1,1.5619,0.572,False,True,520.0,2.5,11,2,plasma,elisa,False
969,ECN-CAT-URO-114,Confirmación de Osmolalidad urinaria,1,1.9103,0.7,False,True,620.0,2.0,18,1,urine,colorimetria,False
970,ECN-CAT-MOL-114,Confirmación de Bordetella pertussis,2,2.0894,0.682,False,True,1070.0,8.0,25,1,swab,pcr,True
971,ECN-CAT-QC-115,Confirmación de Calcio,1,2.1254,0.778,False,True,160.0,0.5,2,2,serum,enzimatico,False
972,ECN-CAT-HEM-115,Confirmación de Eosinófilos,1,1.6149,0.591,False,True,350.0,1.5,9,2,blood,impedancia,False
973,ECN-CAT-INM-115,Confirmación de Troponina I,1,1.9698,0.721,False,True,600.0,2.25,16,0,serum,inmunoensayo,False
974,ECN-CAT-MIC-115,Confirmación de Coprológico,2,1.7519,0.572,False,True,690.0,2.75,23,1,stool,microscopia,False
975,ECN-CAT-COA-115,Confirmación de Resistencia a proteína C activada,2,1.7462,0.57,False,True,870.0,3.0,30,1,plasma,coagulometria,True
976,ECN-CAT-END-115,Confirmación de Testosterona total,1,1.6572,0.607,False,True,390.0,1.75,7,0,serum,inmunoensayo,False
977,ECN-CAT-URO-115,Confirmación de Depuración de creatinina,1,1.5647,0.573,False,True,510.0,1.5,14,1,urine,tira reactiva,False
978,ECN-CAT-MOL-115,Confirmación de Parvovirus B19,2,1.8058,0.589,False,True,980.0,7.75,21,1,blood,pcr,True
979,ECN-CAT-QC-116,Confirmación de Fósforo,2,2.0406,0.666,False,True,750.0,2.5,28,0,plasma,espectrofotometria,True
980,ECN-CAT-HEM-116,Confirmación de Basófilos,1,1.4656,0.537,False,True,410.0,2.0,5,1,blood,citometria,False
981,ECN-CAT-INM-116,Confirmación de Antígeno carcinoembrionario,1,1.5995,0.586,False,True,530.0,2.5,12,2,serum,elisa,False
982,ECN-CAT-MIC-116,Confirmación de Amiba en fresco,2,2.0793,0.679,False,True,590.0,2.25,19,2,stool,microscopia,True
983,ECN-CAT-COA-116,Confirmación de Agregación plaquetaria,2,1.9031,0.621,False,True,770.0,2.75,26,0,plasma,coagulometria,True
984,ECN-CAT-END-116,Confirmación de Testosterona libre,1,1.4503,0.531,False,True,400.0,2.25,3,1,plasma,quimioluminiscencia,False
985,ECN-CAT-URO-116,Confirmación de Sedimento urinario,1,1.684,0.617,False,True,440.0,2.0,10,0,urine,microscopia,False
986,ECN-CAT-MOL-116,Confirmación de Dengue por PCR,2,1.6836,0.549,False,True,910.0,6.5,17,1,blood,rt-pcr,True
987,ECN-CAT-QC-117,Confirmación de Magnesio,2,1.7727,0.578,False,True,690.0,2.0,24,1,serum,colorimetria,False
988,ECN-CAT-HEM-117,Confirmación de Velocidad de sedimentación,1,2.064,0.756,False,True,190.0,1.5,1,2,blood,microscopia,False
989,ECN-CAT-INM-117,Confirmación de Alfafetoproteína,1,1.4969,0.548,False,True,460.0,2.75,8,2,serum,quimioluminiscencia,False
990,ECN-CAT-MIC-117,Confirmación de Sangre oculta en heces,1,1.9751,0.723,False,True,530.0,2.0,15,0,stool,inmunocromatografia,False
991,ECN-CAT-COA-117,Confirmación de Tiempo de sangrado,2,1.6218,0.529,False,True,720.0,2.5,22,1,plasma,coagulometria,False
992,ECN-CAT-END-117,Confirmación de Dehidroepiandrosterona,2,1.8708,0.61,False,True,940.0,3.5,29,2,serum,elisa,True
993,ECN-CAT-URO-117,Confirmación de Cetonas en orina,1,1.8281,0.67,False,True,330.0,1.0,6,0,urine,colorimetria,False
994,ECN-CAT-MOL-117,Confirmación de Zika por PCR,2,2.1078,0.688,False,True,810.0,6.0,13,0,blood,rt-pcr,True
995,ECN-CAT-QC-118,Confirmación de Sodio,1,2.1889,0.802,False,True,580.0,1.75,20,0,plasma,enzimatico,False
996,ECN-CAT-HEM-118,Confirmación de Frotis de sangre periférica,2,2.022,0.66,False,True,770.0,2.5,27,0,blood,impedancia,True
997,ECN-CAT-INM-118,Confirmación de CA 125,1,1.5086,0.553,False,True,300.0,1.5,4,1,serum,inmunoensayo,False
998,ECN-CAT-MIC-118,Confirmación de Rotavirus en heces,1,1.6885,0.618,False,True,480.0,1.75,11,2,stool,inmunocromatografia,False
999,ECN-CAT-COA-118,Confirmación de Tiempo de coagulación,2,1.9666,0.642,False,True,630.0,2.25,18,2,plasma,coagulometria,False
1000,ECN-CAT-END-118,Confirmación de Aldosterona,2,1.9026,0.621,False,True,810.0,2.75,25,0,plasma,inmunoensayo,True
1001,ECN-CAT-URO-118,Confirmación de Hemoglobina en orina,1,1.9016,0.696,False,True,220.0,0.75,2,1,urine,tira reactiva,False
1002,ECN-CAT-MOL-118,Confirmación de Chikungunya por PCR,2,2.113,0.69,False,True,760.0,5.75,9,1,blood,rt-pcr,True
1003,ECN-CAT-QC-119,Confirmación de Potasio,1,1.5742,0.577,False,True,510.0,1.75,16,1,serum,espectrofotometria,False
1004,ECN-CAT-HEM-119,Confirmación de Conteo diferencial,2,1.931,0.63,False,True,770.0,3.0,23,0,blood,citometria,False
1005,ECN-CAT-INM-119,Confirmación de CA 19-9,2,1.716,0.56,False,True,890.0,3.75,30,1,serum,elisa,True
1006,ECN-CAT-MIC-119,Confirmación de Adenovirus en heces,1,1.5237,0.558,False,True,390.0,1.25,7,1,stool,inmunocromatografia,False
1007,ECN-CAT-COA-119,Confirmación de Productos de degradación de fibrina,1,1.7621,0.645,False,True,530.0,2.0,14,0,plasma,coagulometria,False
1008,ECN-CAT-END-119,Confirmación de Renina,2,1.6561,0.54,False,True,770.0,3.5,21,2,serum,quimioluminiscencia,False
1009,ECN-CAT-URO-119,Confirmación de Nitritos en orina,2,1.8245,0.595,False,True,850.0,3.25,28,2,urine,microscopia,True
1010,ECN-CAT-MOL-119,Confirmación de Panel respiratorio molecular,1,2.5448,0.932,False,True,670.0,5.5,5,0,swab,rt-pcr,True
1011,ECN-CAT-QC-120,Confirmación de Cloro,1,1.6804,0.615,False,True,390.0,1.5,12,0,plasma,colorimetria,False
1012,ECN-CAT-HEM-120,Confirmación de Índice plaquetario,1,1.8277,0.669,False,True,550.0,2.5,19,1,blood,microscopia,False
1013,ECN-CAT-INM-120,Confirmación de CA 15-3,2,1.8664,0.609,False,True,880.0,4.0,26,0,serum,quimioluminiscencia,True
1014,ECN-CAT-MIC-120,Confirmación de Helicobacter pylori,1,1.9877,0.728,False,True,290.0,1.0,3,1,stool,inmunocromatografia,True
1015,ECN-CAT-COA-120,Confirmación de Factor de von Willebrand,1,1.2372,0.453,False,True,430.0,1.75,10,1,plasma,coagulometria,False
1016,ECN-CAT-END-120,Confirmación de Paratohormona,2,1.8106,0.591,False,True,640.0,2.75,17,1,plasma,elisa,False
1017,ECN-CAT-URO-120,Confirmación de Leucocitos en orina,2,2.0614,0.673,False,True,750.0,2.25,24,0,urine,colorimetria,False
1018,ECN-CAT-MOL-120,Confirmación de Panel gastrointestinal molecular,1,2.4032,0.88,False,True,570.0,5.25,1,2,other,rt-pcr,True
1019,ECN-CAT-QC-121,Confirmación de Hierro sérico,1,1.4658,0.537,False,True,280.0,1.25,8,1,serum,enzimatico,False
1020,ECN-CAT-HEM-121,Confirmación de Morfología eritrocitaria,1,1.6096,0.589,False,True,530.0,1.75,15,1,blood,impedancia,False
1021,ECN-CAT-INM-121,Confirmación de Antígeno prostático total,2,1.9835,0.647,False,True,720.0,2.5,22,0,serum,inmunoensayo,False
1022,ECN-CAT-MIC-121,Confirmación de Clostridioides difficile,2,1.8605,0.607,False,True,850.0,2.75,29,1,stool,inmunocromatografia,True
1023,ECN-CAT-COA-121,Confirmación de Mezcla de TTPa,1,1.7176,0.629,False,True,330.0,1.25,6,0,plasma,coagulometria,False
1024,ECN-CAT-END-121,Confirmación de Calcitonina,1,1.4833,0.543,False,True,570.0,2.0,13,1,serum,inmunoensayo,False
1025,ECN-CAT-URO-121,Confirmación de Cristales en orina,2,2.0564,0.671,False,True,630.0,2.0,20,2,urine,tira reactiva,False
1026,ECN-CAT-MOL-121,Confirmación de Trombofilia hereditaria,2,2.2898,0.747,False,True,1100.0,8.0,27,2,blood,pcr,True
1027,ECN-CAT-QC-122,Confirmación de Amilasa,1,1.9884,0.728,False,True,220.0,1.25,4,0,plasma,espectrofotometria,False
1028,ECN-CAT-HEM-122,Confirmación de Morfología leucocitaria,1,1.4748,0.54,False,True,530.0,2.25,11,1,blood,citometria,False
1029,ECN-CAT-INM-122,Confirmación de Antígeno prostático libre,2,1.7671,0.577,False,True,650.0,2.75,18,1,serum,elisa,False
1030,ECN-CAT-MIC-122,Confirmación de Estreptococo del grupo A,2,2.0113,0.656,False,True,750.0,2.5,25,0,swab,inmunocromatografia,True
1031,ECN-CAT-COA-122,Confirmación de Mezcla de TP,1,1.9316,0.707,False,True,290.0,1.0,2,0,plasma,coagulometria,False
1032,ECN-CAT-END-122,Confirmación de Péptido C,1,1.3632,0.499,False,True,530.0,3.0,9,1,plasma,quimioluminiscencia,False
1033,ECN-CAT-URO-122,Confirmación de Cilindros urinarios,1,1.6586,0.607,False,True,560.0,2.25,16,1,urine,microscopia,False
1034,ECN-CAT-MOL-122,Confirmación de Mutación JAK2,2,1.8412,0.601,False,True,1000.0,7.75,23,1,blood,pcr,True
1035,ECN-CAT-QC-123,Confirmación de Lipasa,2,1.7779,0.58,False,True,810.0,2.75,30,1,serum,colorimetria,True
1036,ECN-CAT-HEM-123,Confirmación de Morfología plaquetaria,1,1.6138,0.591,False,True,310.0,1.75,7,2,blood,microscopia,False
1037,ECN-CAT-INM-123,Confirmación de Serología para dengue,1,1.5647,0.573,False,True,580.0,3.0,14,1,serum,quimioluminiscencia,False
1038,ECN-CAT-MIC-123,Confirmación de Salmonella,2,3.1126,1.016,True,True,770.0,13.75,21,1,stool,cultivo,False
1039,ECN-CAT-COA-123,Confirmación de Factor V,2,1.6552,0.54,False,True,850.0,2.75,28,1,plasma,coagulometria,True
1040,ECN-CAT-END-123,Confirmación de 17-hidroxiprogesterona,1,1.3746,0.503,False,True,400.0,2.25,5,1,serum,elisa,False
1041,ECN-CAT-URO-123,Confirmación de Urobilinógeno en orina,1,1.7539,0.642,False,True,450.0,1.5,12,0,urine,colorimetria,False
1042,ECN-CAT-MOL-123,Confirmación de BCR-ABL cuantitativo,2,1.7513,0.571,False,True,950.0,7.5,19,1,blood,pcr,True
1043,ECN-CAT-QC-124,Confirmación de Lactato deshidrogenasa,2,1.7328,0.565,False,True,700.0,2.25,26,1,plasma,enzimatico,True
1044,ECN-CAT-HEM-124,Confirmación de Hemoparásitos,1,2.0762,0.76,False,True,230.0,1.0,3,0,blood,impedancia,False
1045,ECN-CAT-INM-124,Confirmación de Serología para rubéola,1,1.2699,0.465,False,True,420.0,1.75,10,1,serum,inmunoensayo,False
1046,ECN-CAT-MIC-124,Confirmación de Shigella,2,3.1949,1.043,True,True,670.0,13.5,17,2,stool,cultivo,True
1047,ECN-CAT-COA-124,Confirmación de Factor VII,2,1.9448,0.635,False,True,750.0,2.5,24,0,plasma,coagulometria,False
1048,ECN-CAT-END-124,Confirmación de Hormona antimülleriana,1,2.0049,0.734,False,True,270.0,1.5,1,0,plasma,inmunoensayo,False
1049,ECN-CAT-URO-124,Confirmación de Bilirrubina en orina,1,1.454,0.533,False,True,390.0,1.0,8,1,urine,tira reactiva,False
1050,ECN-CAT-MOL-124,Confirmación de HLA-B27,2,1.7462,0.57,False,True,860.0,7.0,15,1,blood,pcr,True
1051,ECN-CAT-QC-125,Confirmación de Hemoglobina glucosilada,2,2.1421,0.699,False,True,630.0,2.25,22,0,blood,espectrofotometria,False
1052,ECN-CAT-HEM-125,Confirmación de Prueba de falciformación,2,1.7241,0.563,False,True,890.0,3.5,29,1,blood,citometria,True
1053,ECN-CAT-INM-125,Confirmación de Serología para toxoplasma,1,1.3359,0.489,False,True,410.0,2.25,6,1,serum,elisa,False
1054,ECN-CAT-MIC-125,Confirmación de Candida albicans,2,3.4617,1.13,True,True,570.0,13.25,13,0,swab,cultivo,False
1055,ECN-CAT-COA-125,Confirmación de Factor X,2,1.8885,0.616,False,True,650.0,2.25,20,2,plasma,coagulometria,False
1056,ECN-CAT-END-125,Confirmación de Somatomedina C,2,1.6893,0.551,False,True,890.0,4.25,27,2,serum,quimioluminiscencia,True
1057,ECN-CAT-URO-125,Confirmación de Relación albúmina creatinina,1,1.5371,0.563,False,True,320.0,1.5,4,1,urine,microscopia,False
1058,ECN-CAT-MOL-125,Confirmación de Carga viral cuantitativa,2,2.2375,0.73,False,True,760.0,6.75,11,0,plasma,pcr,True
1059,ECN-CAT-QC-126,Determinación de Glucosa,1,2.2686,0.831,False,True,270.0,0.75,7,3,serum,enzimatico,False
1060,ECN-CAT-QC-127,Determinación de Urea,1,1.8963,0.695,False,True,210.0,1.0,4,2,plasma,espectrofotometria,False
1061,ECN-CAT-QC-128,Determinación de Creatinina,2,2.14,0.698,False,True,760.0,2.75,31,0,serum,colorimetria,True
1062,ECN-CAT-QC-129,Determinación de Ácido úrico,2,1.7719,0.578,False,True,670.0,2.75,28,1,plasma,enzimatico,True
1063,ECN-CAT-QC-130,Determinación de Colesterol total,2,1.8806,0.614,False,True,660.0,1.75,20,1,serum,espectrofotometria,False
1064,ECN-CAT-QC-131,Determinación de Triglicéridos,1,3.0656,1.123,True,True,550.0,1.5,17,4,plasma,colorimetria,False
1065,ECN-CAT-QC-132,Determinación de Bilirrubina total,1,1.7602,0.645,False,True,450.0,1.5,14,0,serum,enzimatico,False
1066,ECN-CAT-QC-133,Determinación de Bilirrubina directa,1,1.5287,0.56,False,True,400.0,1.5,11,2,plasma,espectrofotometria,False
1067,ECN-CAT-QC-134,Determinación de Alanina aminotransferasa,1,1.4137,0.518,False,True,290.0,1.5,8,1,serum,colorimetria,False
1068,ECN-CAT-QC-135,Determinación de Aspartato aminotransferasa,1,2.2065,0.808,False,True,150.0,0.25,1,2,plasma,enzimatico,False
1069,ECN-CAT-QC-136,Determinación de Fosfatasa alcalina,2,2.085,0.68,False,True,750.0,2.25,27,0,serum,espectrofotometria,False
1070,ECN-CAT-QC-137,Determinación de Gamma glutamil transferasa,2,1.9499,0.636,False,True,640.0,2.0,24,2,plasma,colorimetria,False
1071,ECN-CAT-QC-138,Determinación de Albúmina,1,1.9679,0.721,False,True,550.0,2.0,21,1,serum,enzimatico,False
1072,ECN-CAT-QC-139,Determinación de Proteínas totales,1,3.0707,1.125,True,True,490.0,2.25,18,4,plasma,espectrofotometria,False
1073,ECN-CAT-QC-140,Determinación de Calcio,1,1.6768,0.614,False,True,430.0,1.0,10,0,serum,colorimetria,False
1074,ECN-CAT-QC-141,Determinación de Fósforo,1,1.7513,0.641,False,True,330.0,1.0,7,0,plasma,enzimatico,False
1075,ECN-CAT-QC-142,Determinación de Magnesio,1,1.7555,0.643,False,True,280.0,1.25,4,2,serum,espectrofotometria,False
1076,ECN-CAT-QC-143,Determinación de Sodio,2,1.9282,0.629,False,True,830.0,3.0,31,2,plasma,colorimetria,True
1077,ECN-CAT-QC-144,Determinación de Potasio,2,2.125,0.693,False,True,640.0,2.75,28,0,serum,enzimatico,True
1078,ECN-CAT-QC-145,Determinación de Cloro,1,1.9369,0.709,False,True,580.0,1.75,20,1,plasma,espectrofotometria,False
1079,ECN-CAT-QC-146,Determinación de Hierro sérico,1,1.6322,0.598,False,True,520.0,1.5,17,1,serum,colorimetria,False
1080,ECN-CAT-QC-147,Determinación de Amilasa,1,2.1878,0.801,False,True,430.0,1.5,14,3,plasma,enzimatico,False
1081,ECN-CAT-QC-148,Determinación de Lipasa,1,1.6903,0.619,False,True,370.0,1.75,11,0,serum,espectrofotometria,False
1082,ECN-CAT-QC-149,Determinación de Lactato deshidrogenasa,1,1.7932,0.657,False,True,260.0,1.5,8,0,plasma,colorimetria,False
1083,ECN-CAT-QC-150,Determinación de Hemoglobina glucosilada,1,2.2311,0.817,False,True,160.0,0.25,1,2,blood,enzimatico,False
1084,ECN-CAT-QC-151,Cuantificación de Glucosa,2,2.3405,0.764,False,True,820.0,2.25,27,3,plasma,espectrofotometria,True
1085,ECN-CAT-QC-152,Cuantificación de Urea,2,2.0302,0.662,False,True,710.0,2.25,24,0,serum,colorimetria,False
1086,ECN-CAT-QC-153,Cuantificación de Creatinina,2,2.1663,0.707,False,True,520.0,2.0,21,2,plasma,enzimatico,True
1087,ECN-CAT-QC-154,Cuantificación de Ácido úrico,1,1.8266,0.669,False,True,460.0,2.25,18,2,serum,espectrofotometria,False
1088,ECN-CAT-QC-155,Cuantificación de Colesterol total,1,2.9191,1.069,True,True,350.0,0.75,10,5,plasma,colorimetria,False
1089,ECN-CAT-QC-156,Cuantificación de Triglicéridos,1,1.7963,0.658,False,True,310.0,0.75,7,0,serum,enzimatico,False
1090,ECN-CAT-QC-157,Cuantificación de Bilirrubina total,1,1.9471,0.713,False,True,250.0,1.0,4,0,plasma,espectrofotometria,False
1091,ECN-CAT-QC-158,Cuantificación de Bilirrubina directa,2,1.9558,0.638,False,True,800.0,2.75,31,2,serum,colorimetria,True
1092,ECN-CAT-QC-159,Cuantificación de Alanina aminotransferasa,2,3.0629,0.999,False,True,700.0,2.5,28,4,plasma,enzimatico,True
1093,ECN-CAT-QC-160,Cuantificación de Aspartato aminotransferasa,2,2.2338,0.729,False,True,640.0,1.5,20,0,serum,espectrofotometria,False
1094,ECN-CAT-QC-161,Cuantificación de Fosfatasa alcalina,1,1.8825,0.689,False,True,590.0,1.75,17,2,plasma,colorimetria,False
1095,ECN-CAT-QC-162,Cuantificación de Gamma glutamil transferasa,1,1.6138,0.591,False,True,400.0,1.5,14,2,serum,enzimatico,False
1096,ECN-CAT-QC-163,Cuantificación de Albúmina,1,1.5586,0.571,False,True,340.0,1.75,11,2,plasma,espectrofotometria,False
1097,ECN-CAT-QC-164,Cuantificación de Proteínas totales,1,1.8534,0.679,False,True,230.0,1.5,8,0,serum,colorimetria,False
1098,ECN-CAT-QC-165,Cuantificación de Calcio,1,2.0983,0.768,False,True,140.0,0.25,1,1,plasma,enzimatico,False
1099,ECN-CAT-QC-166,Cuantificación de Fósforo,2,1.8136,0.592,False,True,790.0,2.5,27,2,serum,espectrofotometria,True
1100,ECN-CAT-QC-167,Cuantificación de Magnesio,2,3.0443,0.993,False,True,680.0,2.25,24,4,plasma,colorimetria,False
1101,ECN-CAT-QC-168,Cuantificación de Sodio,2,2.2216,0.725,False,True,580.0,2.25,21,0,serum,enzimatico,False
1102,ECN-CAT-QC-169,Cuantificación de Potasio,1,1.7035,0.624,False,True,520.0,2.25,18,1,plasma,espectrofotometria,False
1103,ECN-CAT-QC-170,Cuantificación de Cloro,1,1.6,0.586,False,True,420.0,1.0,10,1,serum,colorimetria,True
1104,ECN-CAT-QC-171,Cuantificación de Hierro sérico,1,1.6934,0.62,False,True,280.0,0.75,7,2,plasma,enzimatico,False
1105,ECN-CAT-QC-172,Cuantificación de Amilasa,1,2.0056,0.735,False,True,220.0,1.0,4,0,serum,espectrofotometria,False
1106,ECN-CAT-QC-173,Cuantificación de Lipasa,2,2.1298,0.695,False,True,770.0,2.75,31,0,plasma,colorimetria,True
1107,ECN-CAT-QC-174,Cuantificación de Lactato deshidrogenasa,2,1.7687,0.577,False,True,680.0,2.75,28,1,serum,enzimatico,True
1108,ECN-CAT-QC-175,Cuantificación de Hemoglobina glucosilada,2,3.1747,1.036,True,True,620.0,1.75,20,4,blood,espectrofotometria,False
1109,ECN-CAT-QC-176,Evaluación de Glucosa,1,1.9762,0.724,False,True,560.0,1.5,17,0,serum,colorimetria,False
1110,ECN-CAT-QC-177,Evaluación de Urea,1,1.4401,0.527,False,True,460.0,1.25,14,1,plasma,enzimatico,False
1111,ECN-CAT-QC-178,Evaluación de Creatinina,1,1.3342,0.489,False,True,400.0,1.5,11,1,serum,espectrofotometria,False
1112,ECN-CAT-QC-179,Evaluación de Ácido úrico,1,1.5962,0.585,False,True,300.0,1.25,8,2,plasma,colorimetria,False
1113,ECN-CAT-QC-180,Evaluación de Colesterol total,1,2.3413,0.858,False,True,110.0,0.25,1,0,serum,enzimatico,False
1114,ECN-CAT-QC-181,Evaluación de Triglicéridos,2,1.8437,0.602,False,True,760.0,2.25,27,2,plasma,espectrofotometria,True
1115,ECN-CAT-QC-182,Evaluación de Bilirrubina total,2,1.7872,0.583,False,True,650.0,2.25,24,1,serum,colorimetria,False
1116,ECN-CAT-QC-183,Evaluación de Bilirrubina directa,2,3.1843,1.039,True,True,560.0,2.25,21,4,plasma,enzimatico,False
1117,ECN-CAT-QC-184,Evaluación de Alanina aminotransferasa,1,1.9799,0.725,False,True,500.0,2.5,18,0,serum,espectrofotometria,False
1118,ECN-CAT-QC-185,Evaluación de Aspartato aminotransferasa,1,1.6782,0.615,False,True,390.0,1.0,10,0,plasma,colorimetria,False
1119,ECN-CAT-QC-186,Evaluación de Fosfatasa alcalina,1,1.5995,0.586,False,True,340.0,1.0,7,2,serum,enzimatico,False
1120,ECN-CAT-QC-187,Evaluación de Gamma glutamil transferasa,1,1.9827,0.726,False,True,280.0,1.0,4,2,plasma,espectrofotometria,True
1121,ECN-CAT-QC-188,Evaluación de Albúmina,2,2.1221,0.692,False,True,840.0,3.0,31,0,serum,colorimetria,True
1122,ECN-CAT-QC-189,Evaluación de Proteínas totales,2,1.8002,0.587,False,True,650.0,2.75,28,1,plasma,enzimatico,True
1123,ECN-CAT-QC-190,Evaluación de Calcio,1,1.9568,0.717,False,True,590.0,1.75,20,1,serum,espectrofotometria,False
1124,ECN-CAT-QC-191,Evaluación de Fósforo,1,3.051,1.117,True,True,530.0,1.5,17,4,plasma,colorimetria,False
1125,ECN-CAT-QC-192,Evaluación de Magnesio,1,1.7578,0.644,False,True,440.0,1.5,14,0,serum,enzimatico,False
1126,ECN-CAT-QC-193,Evaluación de Sodio,1,1.6802,0.615,False,True,380.0,1.75,11,0,plasma,espectrofotometria,False
1127,ECN-CAT-QC-194,Evaluación de Potasio,1,1.4519,0.532,False,True,270.0,1.5,8,1,serum,colorimetria,False
1128,ECN-CAT-QC-195,Evaluación de Cloro,1,2.1605,0.791,False,True,170.0,0.25,1,2,plasma,enzimatico,False
1129,ECN-CAT-QC-196,Evaluación de Hierro sérico,2,2.0391,0.665,False,True,770.0,2.25,27,0,serum,espectrofotometria,True
1130,ECN-CAT-QC-197,Evaluación de Amilasa,2,1.7347,0.566,False,True,720.0,2.0,24,1,plasma,colorimetria,False
1131,ECN-CAT-QC-198,Evaluación de Lipasa,1,1.9451,0.712,False,True,530.0,2.0,21,1,serum,enzimatico,False
1132,ECN-CAT-QC-199,Evaluación de Lactato deshidrogenasa,1,1.8268,0.669,False,True,470.0,2.25,18,2,plasma,espectrofotometria,False
1133,ECN-CAT-QC-200,Evaluación de Hemoglobina glucosilada,1,1.7744,0.65,False,True,360.0,0.75,10,0,blood,colorimetria,False
1134,ECN-CAT-QC-201,Control de Glucosa,1,1.8642,0.683,False,True,260.0,0.75,7,0,plasma,enzimatico,False
1135,ECN-CAT-QC-202,Control de Urea,1,1.8213,0.667,False,True,260.0,0.75,4,2,serum,espectrofotometria,False
1136,ECN-CAT-QC-203,Control de Creatinina,2,2.4044,0.785,False,True,810.0,3.0,31,3,plasma,colorimetria,True
1137,ECN-CAT-QC-204,Control de Ácido úrico,2,2.0656,0.674,False,True,710.0,3.0,28,0,serum,enzimatico,False
1138,ECN-CAT-QC-205,Control de Colesterol total,2,2.0014,0.653,False,True,650.0,1.75,20,2,plasma,espectrofotometria,False
1139,ECN-CAT-QC-206,Control de Triglicéridos,1,1.6621,0.609,False,True,550.0,1.75,17,1,serum,colorimetria,False
1140,ECN-CAT-QC-207,Control de Bilirrubina total,1,1.6069,0.589,False,True,410.0,1.5,14,2,plasma,enzimatico,False
1141,ECN-CAT-QC-208,Control de Bilirrubina directa,1,1.7045,0.624,False,True,350.0,1.75,11,0,serum,espectrofotometria,False
1142,ECN-CAT-QC-209,Control de Alanina aminotransferasa,1,1.8298,0.67,False,True,240.0,1.5,8,0,plasma,colorimetria,False
1143,ECN-CAT-QC-210,Control de Aspartato aminotransferasa,1,2.6828,0.983,False,True,140.0,0.25,1,3,serum,enzimatico,False
1144,ECN-CAT-QC-211,Control de Fosfatasa alcalina,2,1.8138,0.592,False,True,750.0,2.5,27,2,plasma,espectrofotometria,True
1145,ECN-CAT-QC-212,Control de Gamma glutamil transferasa,2,1.7341,0.566,False,True,690.0,2.25,24,1,serum,colorimetria,False
1146,ECN-CAT-QC-213,Control de Albúmina,2,2.5114,0.819,False,True,590.0,2.0,21,3,plasma,enzimatico,False
1147,ECN-CAT-QC-214,Control de Proteínas totales,1,1.7194,0.63,False,True,530.0,2.25,18,1,serum,espectrofotometria,False
1148,ECN-CAT-QC-215,Control de Calcio,1,1.5398,0.564,False,True,430.0,0.75,10,2,plasma,colorimetria,False
1149,ECN-CAT-QC-216,Control de Fósforo,1,1.9034,0.697,False,True,240.0,0.75,7,0,serum,enzimatico,False
1150,ECN-CAT-QC-217,Control de Magnesio,1,1.9828,0.726,False,True,230.0,1.0,4,0,plasma,espectrofotometria,False
1151,ECN-CAT-QC-218,Control de Sodio,2,2.4313,0.793,False,True,780.0,2.75,31,3,serum,colorimetria,True
1152,ECN-CAT-QC-219,Control de Potasio,2,3.0574,0.998,False,True,680.0,2.75,28,4,plasma,enzimatico,True
1153,ECN-CAT-QC-220,Control de Cloro,2,2.2472,0.733,False,True,630.0,1.5,20,0,serum,espectrofotometria,False
1154,ECN-CAT-QC-221,Control de Hierro sérico,1,2.1267,0.779,False,True,520.0,1.5,17,0,plasma,colorimetria,True
1155,ECN-CAT-QC-222,Control de Amilasa,1,1.6362,0.599,False,True,470.0,1.25,14,2,serum,enzimatico,False
1156,ECN-CAT-QC-223,Control de Lipasa,1,2.13,0.78,False,True,410.0,1.5,11,3,plasma,espectrofotometria,False
1157,ECN-CAT-QC-224,Control de Lactato deshidrogenasa,1,1.7139,0.628,False,True,310.0,1.75,8,0,serum,colorimetria,False
1158,ECN-CAT-QC-225,Control de Hemoglobina glucosilada,1,2.3829,0.873,False,True,120.0,0.25,1,0,blood,enzimatico,False
1159,ECN-CAT-QC-226,Confirmación de Glucosa,2,2.3395,0.763,False,True,720.0,2.5,27,3,serum,espectrofotometria,True
1160,ECN-CAT-QC-227,Confirmación de Urea,2,2.3753,0.775,False,True,660.0,2.25,24,3,plasma,colorimetria,False
1161,ECN-CAT-QC-228,Confirmación de Creatinina,1,2.2315,0.817,False,True,560.0,2.25,21,0,serum,enzimatico,False
1162,ECN-CAT-QC-229,Confirmación de Ácido úrico,1,1.9839,0.727,False,True,510.0,2.5,18,0,plasma,espectrofotometria,False
1163,ECN-CAT-QC-230,Confirmación de Colesterol total,1,1.5266,0.559,False,True,400.0,1.0,10,2,serum,colorimetria,False
1164,ECN-CAT-QC-231,Confirmación de Triglicéridos,1,1.6631,0.609,False,True,300.0,0.75,7,2,plasma,enzimatico,False
1165,ECN-CAT-QC-232,Confirmación de Bilirrubina total,1,1.5843,0.58,False,True,290.0,1.0,4,1,serum,espectrofotometria,False
1166,ECN-CAT-QC-233,Confirmación de Bilirrubina directa,2,1.8451,0.602,False,True,850.0,2.75,31,1,plasma,colorimetria,True
1167,ECN-CAT-QC-234,Confirmación de Alanina aminotransferasa,2,2.3991,0.783,False,True,660.0,2.75,28,3,serum,enzimatico,True
1168,ECN-CAT-QC-235,Confirmación de Aspartato aminotransferasa,2,3.1826,1.039,True,True,600.0,1.75,20,4,plasma,espectrofotometria,False
1169,ECN-CAT-QC-236,Confirmación de Fosfatasa alcalina,1,1.9061,0.698,False,True,490.0,1.5,17,0,serum,colorimetria,False
1170,ECN-CAT-QC-237,Confirmación de Gamma glutamil transferasa,1,1.4184,0.519,False,True,440.0,1.5,14,1,plasma,enzimatico,False
1171,ECN-CAT-QC-238,Confirmación de Albúmina,1,1.7817,0.653,False,True,390.0,1.5,11,2,serum,espectrofotometria,True
1172,ECN-CAT-QC-239,Confirmación de Proteínas totales,1,1.615,0.591,False,True,280.0,1.5,8,2,plasma,colorimetria,False
1173,ECN-CAT-QC-240,Confirmación de Calcio,1,2.004,0.734,False,True,180.0,0.25,1,1,serum,enzimatico,False
1174,ECN-CAT-QC-241,Confirmación de Fósforo,2,2.0292,0.662,False,True,780.0,2.25,27,0,plasma,espectrofotometria,True
1175,ECN-CAT-QC-242,Confirmación de Magnesio,2,1.8618,0.608,False,True,730.0,2.0,24,2,serum,colorimetria,False
1176,ECN-CAT-QC-243,Confirmación de Sodio,1,2.0935,0.767,False,True,540.0,2.0,21,2,plasma,enzimatico,False
1177,ECN-CAT-QC-244,Confirmación de Potasio,1,1.9654,0.72,False,True,480.0,2.25,18,0,serum,espectrofotometria,False
1178,ECN-CAT-HEM-126,Determinación de Biometría hemática,1,1.7486,0.64,False,True,500.0,1.75,15,2,blood,impedancia,False
1179,ECN-CAT-HEM-127,Determinación de Hemoglobina,1,1.7898,0.655,False,True,500.0,2.5,12,0,blood,citometria,False
1180,ECN-CAT-HEM-128,Determinación de Hematocrito,1,1.414,0.518,False,True,300.0,2.0,9,1,blood,microscopia,False
1181,ECN-CAT-HEM-129,Determinación de Eritrocitos,1,1.8742,0.686,False,True,280.0,0.25,1,1,blood,impedancia,False
1182,ECN-CAT-HEM-130,Determinación de Leucocitos,2,3.0949,1.01,True,True,960.0,3.0,28,4,blood,citometria,True
1183,ECN-CAT-HEM-131,Determinación de Plaquetas,2,1.5988,0.522,False,True,740.0,2.75,25,1,blood,microscopia,True
1184,ECN-CAT-HEM-132,Determinación de Reticulocitos,2,2.1601,0.705,False,True,600.0,2.5,22,0,blood,impedancia,False
1185,ECN-CAT-HEM-133,Determinación de Volumen corpuscular medio,2,3.0916,1.009,True,True,600.0,3.25,19,4,blood,citometria,False
1186,ECN-CAT-HEM-134,Determinación de Hemoglobina corpuscular media,1,1.5338,0.562,False,True,440.0,1.75,11,2,blood,microscopia,False
1187,ECN-CAT-HEM-135,Determinación de Concentración media de hemoglobina,1,1.7578,0.644,False,True,380.0,1.25,8,0,blood,impedancia,False
1188,ECN-CAT-HEM-136,Determinación de Ancho de distribución eritrocitaria,1,1.7297,0.633,False,True,380.0,2.0,5,1,blood,citometria,True
1189,ECN-CAT-HEM-137,Determinación de Neutrófilos,1,1.8822,0.689,False,True,180.0,1.75,2,1,blood,microscopia,False
1190,ECN-CAT-HEM-138,Determinación de Linfocitos,2,3.04,0.992,False,True,780.0,3.0,29,4,blood,impedancia,True
1191,ECN-CAT-HEM-139,Determinación de Monocitos,2,1.9989,0.652,False,True,840.0,2.5,21,0,blood,citometria,False
1192,ECN-CAT-HEM-140,Determinación de Eosinófilos,1,1.8742,0.686,False,True,620.0,2.25,18,1,blood,microscopia,False
1193,ECN-CAT-HEM-141,Determinación de Basófilos,1,2.2833,0.836,False,True,480.0,1.75,15,3,blood,impedancia,False
1194,ECN-CAT-HEM-142,Determinación de Velocidad de sedimentación,1,2.2065,0.808,False,True,480.0,2.5,12,3,blood,citometria,False
1195,ECN-CAT-HEM-143,Determinación de Frotis de sangre periférica,1,1.777,0.651,False,True,280.0,2.25,9,0,blood,microscopia,False
1196,ECN-CAT-HEM-144,Determinación de Conteo diferencial,1,2.0357,0.746,False,True,260.0,0.5,1,2,blood,impedancia,False
1197,ECN-CAT-HEM-145,Determinación de Índice plaquetario,2,1.7356,0.566,False,True,920.0,3.25,28,1,blood,citometria,True
1198,ECN-CAT-HEM-146,Determinación de Morfología eritrocitaria,2,2.976,0.971,False,True,720.0,2.75,25,4,blood,microscopia,True
1199,ECN-CAT-HEM-147,Determinación de Morfología leucocitaria,2,2.1018,0.686,False,True,660.0,2.25,22,0,blood,impedancia,False
1200,ECN-CAT-HEM-148,Determinación de Morfología plaquetaria,2,2.0508,0.669,False,True,660.0,3.0,19,0,blood,citometria,False
1201,ECN-CAT-HEM-149,Determinación de Hemoparásitos,1,2.1671,0.794,False,True,500.0,1.5,11,3,blood,microscopia,False
1202,ECN-CAT-HEM-150,Determinación de Prueba de falciformación,1,2.2137,0.811,False,True,360.0,1.0,8,3,blood,impedancia,False
1203,ECN-CAT-HEM-151,Cuantificación de Biometría hemática,1,1.8169,0.665,False,True,360.0,1.75,5,0,blood,citometria,False
1204,ECN-CAT-HEM-152,Cuantificación de Hemoglobina,1,2.0828,0.763,False,True,160.0,1.5,2,2,blood,microscopia,False
1205,ECN-CAT-HEM-153,Cuantificación de Hematocrito,2,1.888,0.616,False,True,740.0,3.25,29,2,blood,impedancia,False
1206,ECN-CAT-HEM-154,Cuantificación de Eritrocitos,2,2.2783,0.743,False,True,800.0,2.75,21,3,blood,citometria,False
1207,ECN-CAT-HEM-155,Cuantificación de Leucocitos,1,2.1068,0.772,False,True,600.0,2.5,18,0,blood,microscopia,False
1208,ECN-CAT-HEM-156,Cuantificación de Plaquetas,1,1.6228,0.594,False,True,540.0,1.75,15,1,blood,impedancia,False
1209,ECN-CAT-HEM-157,Cuantificación de Reticulocitos,1,1.6914,0.619,False,True,540.0,2.5,12,2,blood,citometria,False
1210,ECN-CAT-HEM-158,Cuantificación de Volumen corpuscular medio,1,2.1482,0.787,False,True,340.0,2.25,9,3,blood,microscopia,False
1211,ECN-CAT-HEM-159,Cuantificación de Hemoglobina corpuscular media,1,2.1833,0.8,False,True,240.0,0.5,1,0,blood,impedancia,False
1212,ECN-CAT-HEM-160,Cuantificación de Concentración media de hemoglobina,2,1.8363,0.599,False,True,900.0,3.25,28,2,blood,citometria,True
1213,ECN-CAT-HEM-161,Cuantificación de Ancho de distribución eritrocitaria,2,2.2585,0.737,False,True,700.0,3.0,25,3,blood,microscopia,True
1214,ECN-CAT-HEM-162,Cuantificación de Neutrófilos,2,3.0975,1.011,True,True,620.0,2.5,22,4,blood,impedancia,False
1215,ECN-CAT-HEM-163,Cuantificación de Linfocitos,2,1.744,0.569,False,True,640.0,3.25,19,1,blood,citometria,False
1216,ECN-CAT-HEM-164,Cuantificación de Monocitos,1,1.6948,0.621,False,True,440.0,1.5,11,0,blood,microscopia,False
1217,ECN-CAT-HEM-165,Cuantificación de Eosinófilos,1,1.43,0.524,False,True,420.0,1.0,8,1,blood,impedancia,False
1218,ECN-CAT-HEM-166,Cuantificación de Basófilos,1,2.9637,1.085,True,True,420.0,1.75,5,4,blood,citometria,False
1219,ECN-CAT-HEM-167,Cuantificación de Velocidad de sedimentación,1,2.0722,0.759,False,True,220.0,1.5,2,0,blood,microscopia,False
1220,ECN-CAT-HEM-168,Cuantificación de Frotis de sangre periférica,2,1.8803,0.614,False,True,720.0,3.0,29,2,blood,impedancia,True
1221,ECN-CAT-HEM-169,Cuantificación de Conteo diferencial,2,2.3137,0.755,False,True,740.0,2.5,21,3,blood,citometria,False
1222,ECN-CAT-HEM-170,Cuantificación de Índice plaquetario,2,2.0545,0.67,False,True,580.0,2.25,18,2,blood,microscopia,True
1223,ECN-CAT-HEM-171,Cuantificación de Morfología eritrocitaria,1,1.8915,0.693,False,True,500.0,1.5,15,0,blood,impedancia,False
1224,ECN-CAT-HEM-172,Cuantificación de Morfología leucocitaria,1,1.4835,0.543,False,True,520.0,2.25,12,1,blood,citometria,False
1225,ECN-CAT-HEM-173,Cuantificación de Morfología plaquetaria,1,1.383,0.507,False,True,320.0,2.0,9,1,blood,microscopia,False
1226,ECN-CAT-HEM-174,Cuantificación de Hemoparásitos,1,3.2132,1.177,True,True,240.0,0.5,1,4,blood,impedancia,False
1227,ECN-CAT-HEM-175,Cuantificación de Prueba de falciformación,2,2.1031,0.686,False,True,960.0,3.25,28,0,blood,citometria,True
1228,ECN-CAT-HEM-176,Evaluación de Biometría hemática,2,1.5569,0.508,False,True,760.0,3.0,25,1,blood,microscopia,True
1229,ECN-CAT-HEM-177,Evaluación de Hemoglobina,2,2.4525,0.8,False,True,600.0,2.5,22,3,blood,impedancia,False
1230,ECN-CAT-HEM-178,Evaluación de Hematocrito,2,2.3874,0.779,False,True,620.0,3.25,19,3,blood,citometria,False
1231,ECN-CAT-HEM-179,Evaluación de Eritrocitos,1,1.6875,0.618,False,True,400.0,1.75,11,0,blood,microscopia,False
1232,ECN-CAT-HEM-180,Evaluación de Leucocitos,1,1.4238,0.521,False,True,380.0,1.25,8,1,blood,impedancia,False
1233,ECN-CAT-HEM-181,Evaluación de Plaquetas,1,1.468,0.538,False,True,400.0,2.0,5,1,blood,citometria,False
1234,ECN-CAT-HEM-182,Evaluación de Reticulocitos,1,3.1647,1.159,True,True,200.0,1.5,2,4,blood,microscopia,False
1235,ECN-CAT-HEM-183,Evaluación de Volumen corpuscular medio,2,2.043,0.667,False,True,780.0,3.0,29,0,blood,impedancia,True
1236,ECN-CAT-HEM-184,Evaluación de Hemoglobina corpuscular media,2,1.6638,0.543,False,True,800.0,2.5,21,1,blood,citometria,False
1237,ECN-CAT-HEM-185,Evaluación de Concentración media de hemoglobina,2,2.4601,0.803,False,True,640.0,2.25,18,3,blood,microscopia,False
1238,ECN-CAT-HEM-186,Evaluación de Ancho de distribución eritrocitaria,1,1.734,0.635,False,True,480.0,1.75,15,2,blood,impedancia,False
1239,ECN-CAT-HEM-187,Evaluación de Neutrófilos,1,2.0037,0.734,False,True,500.0,2.5,12,0,blood,citometria,True
1240,ECN-CAT-HEM-188,Evaluación de Linfocitos,1,1.6332,0.598,False,True,280.0,2.25,9,2,blood,microscopia,False
1241,ECN-CAT-HEM-189,Evaluación de Monocitos,1,1.9773,0.724,False,True,220.0,0.25,1,1,blood,impedancia,False
1242,ECN-CAT-HEM-190,Evaluación de Eosinófilos,2,2.3956,0.782,False,True,940.0,3.0,28,3,blood,citometria,True
1243,ECN-CAT-HEM-191,Evaluación de Basófilos,2,1.9342,0.631,False,True,740.0,2.75,25,0,blood,microscopia,True
1244,ECN-CAT-HEM-192,Evaluación de Velocidad de sedimentación,2,1.7978,0.587,False,True,660.0,2.25,22,1,blood,impedancia,False
1245,ECN-CAT-HEM-193,Evaluación de Frotis de sangre periférica,2,1.8376,0.6,False,True,680.0,3.0,19,2,blood,citometria,False
1246,ECN-CAT-HEM-194,Evaluación de Conteo diferencial,1,2.1469,0.786,False,True,460.0,1.5,11,3,blood,microscopia,False
1247,ECN-CAT-HEM-195,Evaluación de Índice plaquetario,1,1.7693,0.648,False,True,360.0,1.25,8,0,blood,impedancia,False
1248,ECN-CAT-HEM-196,Evaluación de Morfología eritrocitaria,1,1.4766,0.541,False,True,380.0,2.0,5,1,blood,citometria,False
1249,ECN-CAT-HEM-197,Evaluación de Morfología leucocitaria,1,1.9329,0.708,False,True,160.0,1.75,2,1,blood,microscopia,False
1250,ECN-CAT-HEM-198,Evaluación de Morfología plaquetaria,2,3.0284,0.988,False,True,760.0,3.25,29,4,blood,impedancia,True
1251,ECN-CAT-HEM-199,Evaluación de Hemoparásitos,2,1.9649,0.641,False,True,760.0,2.75,21,0,blood,citometria,False
1252,ECN-CAT-HEM-200,Evaluación de Prueba de falciformación,1,2.139,0.783,False,True,620.0,2.25,18,0,blood,microscopia,False
1253,ECN-CAT-HEM-201,Control de Biometría hemática,1,1.7904,0.656,False,True,540.0,1.75,15,2,blood,impedancia,False
1254,ECN-CAT-HEM-202,Control de Hemoglobina,1,1.7198,0.63,False,True,560.0,2.5,12,2,blood,citometria,False
1255,ECN-CAT-HEM-203,Control de Hematocrito,1,1.7025,0.624,False,True,340.0,2.25,9,0,blood,microscopia,False
1256,ECN-CAT-HEM-204,Control de Eritrocitos,1,2.3614,0.865,False,True,180.0,0.5,1,2,blood,impedancia,True
1257,ECN-CAT-HEM-205,Control de Leucocitos,2,1.8606,0.607,False,True,920.0,3.25,28,2,blood,citometria,True
1258,ECN-CAT-HEM-206,Control de Plaquetas,2,2.2585,0.737,False,True,700.0,3.0,25,3,blood,microscopia,True
1259,ECN-CAT-HEM-207,Control de Reticulocitos,2,2.1275,0.694,False,True,640.0,2.25,22,0,blood,impedancia,False
1260,ECN-CAT-HEM-208,Control de Volumen corpuscular medio,2,2.0772,0.678,False,True,640.0,3.0,19,0,blood,citometria,False
1261,ECN-CAT-HEM-209,Control de Hemoglobina corpuscular media,1,1.5434,0.565,False,True,440.0,1.5,11,2,blood,microscopia,False
1262,ECN-CAT-HEM-210,Control de Concentración media de hemoglobina,1,2.9438,1.078,True,True,420.0,1.0,8,4,blood,impedancia,False
1263,ECN-CAT-HEM-211,Control de Ancho de distribución eritrocitaria,1,1.7973,0.658,False,True,440.0,1.75,5,0,blood,citometria,False
1264,ECN-CAT-HEM-212,Control de Neutrófilos,1,1.9503,0.714,False,True,220.0,1.5,2,2,blood,microscopia,False
1265,ECN-CAT-HEM-213,Control de Linfocitos,2,1.7567,0.573,False,True,720.0,3.0,29,1,blood,impedancia,True
1266,ECN-CAT-HEM-214,Control de Monocitos,2,3.0121,0.983,False,True,740.0,2.5,21,4,blood,citometria,False
1267,ECN-CAT-HEM-215,Control de Eosinófilos,1,2.0253,0.742,False,True,540.0,2.0,18,0,blood,microscopia,False
1268,ECN-CAT-HEM-216,Control de Basófilos,1,1.8965,0.695,False,True,520.0,2.0,15,0,blood,impedancia,False
1269,ECN-CAT-HEM-217,Control de Velocidad de sedimentación,1,1.6725,0.613,False,True,520.0,2.75,12,2,blood,citometria,False
1270,ECN-CAT-HEM-218,Control de Frotis de sangre periférica,1,2.1648,0.793,False,True,320.0,2.25,9,3,blood,microscopia,False
1271,ECN-CAT-HEM-219,Control de Conteo diferencial,1,2.1528,0.788,False,True,260.0,0.5,1,0,blood,impedancia,False
1272,ECN-CAT-HEM-220,Control de Índice plaquetario,2,2.355,0.768,False,True,920.0,3.25,28,3,blood,citometria,True
1273,ECN-CAT-HEM-221,Control de Morfología eritrocitaria,2,1.743,0.569,False,True,760.0,3.0,25,2,blood,microscopia,False
1274,ECN-CAT-HEM-222,Control de Morfología leucocitaria,2,1.9825,0.647,False,True,600.0,2.5,22,2,blood,impedancia,False
1275,ECN-CAT-HEM-223,Control de Morfología plaquetaria,2,2.0859,0.681,False,True,620.0,3.25,19,0,blood,citometria,False
1276,ECN-CAT-HEM-224,Control de Hemoparásitos,1,1.3323,0.488,False,True,420.0,1.75,11,1,blood,microscopia,False
1277,ECN-CAT-HEM-225,Control de Prueba de falciformación,1,2.2263,0.815,False,True,340.0,1.0,8,3,blood,impedancia,False
1278,ECN-CAT-HEM-226,Confirmación de Biometría hemática,1,2.9654,1.086,True,True,400.0,1.75,5,4,blood,citometria,False
1279,ECN-CAT-HEM-227,Confirmación de Hemoglobina,1,2.1111,0.773,False,True,200.0,1.5,2,0,blood,microscopia,False
1280,ECN-CAT-HEM-228,Confirmación de Hematocrito,2,1.8538,0.605,False,True,800.0,3.0,29,2,blood,impedancia,True
1281,ECN-CAT-HEM-229,Confirmación de Eritrocitos,2,1.7938,0.585,False,True,800.0,2.5,21,2,blood,citometria,False
1282,ECN-CAT-HEM-230,Confirmación de Leucocitos,1,1.9855,0.727,False,True,600.0,2.25,18,2,blood,microscopia,False
1283,ECN-CAT-HEM-231,Confirmación de Plaquetas,1,1.8701,0.685,False,True,480.0,1.75,15,0,blood,impedancia,False
1284,ECN-CAT-HEM-232,Confirmación de Reticulocitos,1,1.4631,0.536,False,True,500.0,2.5,12,1,blood,citometria,False
1285,ECN-CAT-HEM-233,Confirmación de Volumen corpuscular medio,1,1.414,0.518,False,True,300.0,2.0,9,1,blood,microscopia,False
1286,ECN-CAT-HEM-234,Confirmación de Hemoglobina corpuscular media,1,3.2451,1.188,True,True,220.0,0.25,1,4,blood,impedancia,False
1287,ECN-CAT-HEM-235,Confirmación de Concentración media de hemoglobina,2,2.0483,0.668,False,True,900.0,3.0,28,0,blood,citometria,True
1288,ECN-CAT-HEM-236,Confirmación de Ancho de distribución eritrocitaria,2,1.7337,0.566,False,True,740.0,2.75,25,2,blood,microscopia,True
1289,ECN-CAT-HEM-237,Confirmación de Neutrófilos,2,1.8614,0.607,False,True,680.0,2.5,22,2,blood,impedancia,False
1290,ECN-CAT-HEM-238,Confirmación de Linfocitos,2,1.7676,0.577,False,True,680.0,3.25,19,2,blood,citometria,True
1291,ECN-CAT-HEM-239,Confirmación de Monocitos,1,1.3552,0.496,False,True,480.0,1.75,11,1,blood,microscopia,False
1292,ECN-CAT-HEM-240,Confirmación de Eosinófilos,1,1.6635,0.609,False,True,320.0,1.25,8,2,blood,impedancia,False
1293,ECN-CAT-HEM-241,Confirmación de Basófilos,1,1.659,0.608,False,True,380.0,2.0,5,2,blood,citometria,False
1294,ECN-CAT-HEM-242,Confirmación de Velocidad de sedimentación,1,3.1881,1.168,True,True,180.0,1.75,2,4,blood,microscopia,False
1295,ECN-CAT-HEM-243,Confirmación de Frotis de sangre periférica,2,2.0472,0.668,False,True,760.0,3.0,29,0,blood,impedancia,True
1296,ECN-CAT-HEM-244,Confirmación de Conteo diferencial,2,1.9888,0.649,False,True,780.0,2.5,21,0,blood,citometria,False
1297,ECN-CAT-INM-126,Determinación de Proteína C reactiva,2,1.5938,0.52,False,True,720.0,3.0,23,1,serum,inmunoensayo,False
1298,ECN-CAT-INM-127,Determinación de Factor reumatoide,2,1.5451,0.504,False,True,720.0,3.5,20,1,serum,elisa,False
1299,ECN-CAT-INM-128,Determinación de Antiestreptolisinas O,1,1.6761,0.614,False,True,660.0,2.75,12,1,serum,quimioluminiscencia,False
1300,ECN-CAT-INM-129,Determinación de Inmunoglobulina A,1,1.4746,0.54,False,True,420.0,1.75,9,2,serum,inmunoensayo,False
1301,ECN-CAT-INM-130,Determinación de Inmunoglobulina G,1,1.7088,0.626,False,True,360.0,2.25,6,0,serum,elisa,False
1302,ECN-CAT-INM-131,Determinación de Inmunoglobulina M,1,1.8548,0.679,False,True,310.0,2.75,3,0,serum,quimioluminiscencia,False
1303,ECN-CAT-INM-132,Determinación de Inmunoglobulina E,2,2.3181,0.756,False,True,820.0,3.75,30,3,serum,inmunoensayo,True
1304,ECN-CAT-INM-133,Determinación de Complemento C3,2,1.7118,0.559,False,True,810.0,2.75,22,2,serum,elisa,False
1305,ECN-CAT-INM-134,Determinación de Complemento C4,2,1.926,0.628,False,True,750.0,3.25,19,0,serum,quimioluminiscencia,False
1306,ECN-CAT-INM-135,Determinación de Anticuerpos antinucleares,1,1.8411,0.674,False,True,600.0,2.25,16,2,serum,inmunoensayo,False
1307,ECN-CAT-INM-136,Determinación de Anticuerpos anti-DNA,1,1.7311,0.634,False,True,550.0,2.75,13,1,serum,elisa,True
1308,ECN-CAT-INM-137,Determinación de Anticuerpos anticardiolipina,1,2.1383,0.783,False,True,490.0,3.25,10,3,serum,quimioluminiscencia,False
1309,ECN-CAT-INM-138,Determinación de Procalcitonina,1,1.9403,0.711,False,True,300.0,1.0,2,0,serum,inmunoensayo,False
1310,ECN-CAT-INM-139,Determinación de Ferritina,2,2.0102,0.656,False,True,900.0,3.5,29,0,serum,elisa,True
1311,ECN-CAT-INM-140,Determinación de Troponina I,2,2.1792,0.711,False,True,850.0,4.0,26,3,serum,quimioluminiscencia,True
1312,ECN-CAT-INM-141,Determinación de Antígeno carcinoembrionario,2,2.2884,0.747,False,True,700.0,2.75,23,3,serum,inmunoensayo,False
1313,ECN-CAT-INM-142,Determinación de Alfafetoproteína,2,1.998,0.652,False,True,640.0,3.25,20,0,serum,elisa,False
1314,ECN-CAT-INM-143,Determinación de CA 125,1,1.8973,0.695,False,True,630.0,2.5,12,0,serum,quimioluminiscencia,False
1315,ECN-CAT-INM-144,Determinación de CA 19-9,1,1.5051,0.551,False,True,480.0,1.5,9,2,serum,inmunoensayo,False
1316,ECN-CAT-INM-145,Determinación de CA 15-3,1,1.5344,0.562,False,True,430.0,2.25,6,2,serum,elisa,False
1317,ECN-CAT-INM-146,Determinación de Antígeno prostático total,1,1.4788,0.542,False,True,370.0,2.75,3,1,serum,quimioluminiscencia,False
1318,ECN-CAT-INM-147,Determinación de Antígeno prostático libre,2,2.0026,0.653,False,True,790.0,3.75,30,0,serum,inmunoensayo,True
1319,ECN-CAT-INM-148,Determinación de Serología para dengue,2,2.2163,0.723,False,True,780.0,3.0,22,3,serum,elisa,False
1320,ECN-CAT-INM-149,Determinación de Serología para rubéola,2,2.241,0.731,False,True,730.0,3.5,19,3,serum,quimioluminiscencia,False
1321,ECN-CAT-INM-150,Determinación de Serología para toxoplasma,1,1.9388,0.71,False,True,580.0,2.5,16,0,serum,inmunoensayo,False
1322,ECN-CAT-INM-151,Cuantificación de Proteína C reactiva,1,1.4343,0.525,False,True,520.0,2.75,13,1,serum,elisa,False
1323,ECN-CAT-INM-152,Cuantificación de Factor reumatoide,1,1.5186,0.556,False,True,460.0,3.25,10,2,serum,quimioluminiscencia,False
1324,ECN-CAT-INM-153,Cuantificación de Antiestreptolisinas O,1,2.4656,0.903,False,True,360.0,1.0,2,3,serum,inmunoensayo,True
1325,ECN-CAT-INM-154,Cuantificación de Inmunoglobulina A,2,1.7991,0.587,False,True,970.0,3.5,29,1,serum,elisa,True
1326,ECN-CAT-INM-155,Cuantificación de Inmunoglobulina G,2,1.8976,0.619,False,True,910.0,4.0,26,0,serum,quimioluminiscencia,True
1327,ECN-CAT-INM-156,Cuantificación de Inmunoglobulina M,2,1.6511,0.539,False,True,670.0,3.0,23,1,serum,inmunoensayo,False
1328,ECN-CAT-INM-157,Cuantificación de Inmunoglobulina E,2,1.8363,0.599,False,True,610.0,3.5,20,2,serum,elisa,False
1329,ECN-CAT-INM-158,Cuantificación de Complemento C3,1,1.8621,0.682,False,True,610.0,2.75,12,0,serum,quimioluminiscencia,False
1330,ECN-CAT-INM-159,Cuantificación de Complemento C4,1,1.2874,0.471,False,True,460.0,1.5,9,1,serum,inmunoensayo,False
1331,ECN-CAT-INM-160,Cuantificación de Anticuerpos antinucleares,1,1.5393,0.564,False,True,400.0,2.0,6,2,serum,elisa,False
1332,ECN-CAT-INM-161,Cuantificación de Anticuerpos anti-DNA,1,1.679,0.615,False,True,340.0,2.5,3,2,serum,quimioluminiscencia,False
1333,ECN-CAT-INM-162,Cuantificación de Anticuerpos anticardiolipina,2,2.0342,0.664,False,True,850.0,3.5,30,0,serum,inmunoensayo,True
1334,ECN-CAT-INM-163,Cuantificación de Procalcitonina,2,1.5931,0.52,False,True,850.0,2.75,22,1,serum,elisa,False
1335,ECN-CAT-INM-164,Cuantificación de Ferritina,2,2.2414,0.731,False,True,790.0,3.25,19,3,serum,quimioluminiscencia,False
1336,ECN-CAT-INM-165,Cuantificación de Troponina I,1,1.7606,0.645,False,True,550.0,2.25,16,2,serum,inmunoensayo,False
1337,ECN-CAT-INM-166,Cuantificación de Antígeno carcinoembrionario,1,1.7481,0.64,False,True,490.0,3.0,13,0,serum,elisa,False
1338,ECN-CAT-INM-167,Cuantificación de Alfafetoproteína,1,1.3277,0.486,False,True,430.0,3.5,10,1,serum,quimioluminiscencia,False
1339,ECN-CAT-INM-168,Cuantificación de CA 125,1,2.2957,0.841,False,True,340.0,1.25,2,3,serum,inmunoensayo,False
1340,ECN-CAT-INM-169,Cuantificación de CA 19-9,2,1.8708,0.61,False,True,940.0,3.5,29,2,serum,elisa,True
1341,ECN-CAT-INM-170,Cuantificación de CA 15-3,2,1.5693,0.512,False,True,880.0,4.0,26,1,serum,quimioluminiscencia,False
1342,ECN-CAT-INM-171,Cuantificación de Antígeno prostático total,2,1.7217,0.562,False,True,730.0,3.0,23,2,serum,inmunoensayo,False
1343,ECN-CAT-INM-172,Cuantificación de Antígeno prostático libre,2,1.5901,0.519,False,True,680.0,3.5,20,1,serum,elisa,False
1344,ECN-CAT-INM-173,Cuantificación de Serología para dengue,1,2.3834,0.873,False,True,670.0,2.75,12,3,serum,quimioluminiscencia,False
1345,ECN-CAT-INM-174,Cuantificación de Serología para rubéola,1,1.6326,0.598,False,True,430.0,1.75,9,0,serum,inmunoensayo,False
1346,ECN-CAT-INM-175,Cuantificación de Serología para toxoplasma,1,1.7023,0.623,False,True,370.0,2.25,6,0,serum,elisa,False
1347,ECN-CAT-INM-176,Evaluación de Proteína C reactiva,1,2.2708,0.832,False,True,310.0,2.75,3,3,serum,quimioluminiscencia,False
1348,ECN-CAT-INM-177,Evaluación de Factor reumatoide,2,1.8346,0.599,False,True,830.0,3.5,30,2,serum,inmunoensayo,True
1349,ECN-CAT-INM-178,Evaluación de Antiestreptolisinas O,2,1.5777,0.515,False,True,820.0,2.75,22,1,serum,elisa,False
1350,ECN-CAT-INM-179,Evaluación de Inmunoglobulina A,2,1.9222,0.627,False,True,760.0,3.25,19,0,serum,quimioluminiscencia,False
1351,ECN-CAT-INM-180,Evaluación de Inmunoglobulina G,1,1.6991,0.622,False,True,610.0,2.25,16,1,serum,inmunoensayo,False
1352,ECN-CAT-INM-181,Evaluación de Inmunoglobulina M,1,1.6756,0.614,False,True,560.0,2.75,13,2,serum,elisa,False
1353,ECN-CAT-INM-182,Evaluación de Inmunoglobulina E,1,1.698,0.622,False,True,500.0,3.25,10,0,serum,quimioluminiscencia,False
1354,ECN-CAT-INM-183,Evaluación de Complemento C3,1,1.9959,0.731,False,True,260.0,1.0,2,0,serum,inmunoensayo,False
1355,ECN-CAT-INM-184,Evaluación de Complemento C4,2,1.8504,0.604,False,True,910.0,3.25,29,2,serum,elisa,True
1356,ECN-CAT-INM-185,Evaluación de Anticuerpos antinucleares,2,1.6482,0.538,False,True,850.0,3.75,26,2,serum,quimioluminiscencia,True
1357,ECN-CAT-INM-186,Evaluación de Anticuerpos anti-DNA,2,1.9634,0.641,False,True,710.0,2.75,23,0,serum,inmunoensayo,False
1358,ECN-CAT-INM-187,Evaluación de Anticuerpos anticardiolipina,2,1.9223,0.627,False,True,650.0,3.5,20,0,serum,elisa,True
1359,ECN-CAT-INM-188,Evaluación de Procalcitonina,1,1.5065,0.552,False,True,590.0,2.75,12,1,serum,quimioluminiscencia,False
1360,ECN-CAT-INM-189,Evaluación de Ferritina,1,2.1134,0.774,False,True,490.0,1.75,9,3,serum,inmunoensayo,False
1361,ECN-CAT-INM-190,Evaluación de Troponina I,1,1.3366,0.49,False,True,440.0,2.25,6,1,serum,elisa,False
1362,ECN-CAT-INM-191,Evaluación de Antígeno carcinoembrionario,1,1.7975,0.658,False,True,380.0,2.75,3,0,serum,quimioluminiscencia,False
1363,ECN-CAT-INM-192,Evaluación de Alfafetoproteína,2,2.3152,0.755,False,True,800.0,3.75,30,3,serum,inmunoensayo,True
1364,ECN-CAT-INM-193,Evaluación de CA 125,2,1.6962,0.553,False,True,740.0,3.0,22,2,serum,elisa,False
1365,ECN-CAT-INM-194,Evaluación de CA 19-9,2,1.9166,0.625,False,True,730.0,3.5,19,0,serum,quimioluminiscencia,False
1366,ECN-CAT-INM-195,Evaluación de CA 15-3,1,1.6589,0.608,False,True,590.0,2.25,16,1,serum,inmunoensayo,False
1367,ECN-CAT-INM-196,Evaluación de Antígeno prostático total,1,1.6335,0.598,False,True,530.0,2.75,13,2,serum,elisa,False
1368,ECN-CAT-INM-197,Evaluación de Antígeno prostático libre,1,1.5238,0.558,False,True,470.0,3.25,10,2,serum,quimioluminiscencia,False
1369,ECN-CAT-INM-198,Evaluación de Serología para dengue,1,1.9179,0.702,False,True,320.0,1.0,2,0,serum,inmunoensayo,False
1370,ECN-CAT-INM-199,Evaluación de Serología para rubéola,2,2.1194,0.692,False,True,980.0,3.5,29,0,serum,elisa,True
1371,ECN-CAT-INM-200,Evaluación de Serología para toxoplasma,2,2.2353,0.729,False,True,920.0,4.0,26,3,serum,quimioluminiscencia,True
1372,ECN-CAT-INM-201,Control de Proteína C reactiva,2,1.7695,0.577,False,True,680.0,3.0,23,2,serum,inmunoensayo,False
1373,ECN-CAT-INM-202,Control de Factor reumatoide,2,2.0288,0.662,False,True,620.0,3.25,20,0,serum,elisa,False
1374,ECN-CAT-INM-203,Control de Antiestreptolisinas O,1,1.4414,0.528,False,True,560.0,2.5,12,1,serum,quimioluminiscencia,False
1375,ECN-CAT-INM-204,Control de Inmunoglobulina A,1,1.5763,0.577,False,True,470.0,1.5,9,1,serum,inmunoensayo,True
1376,ECN-CAT-INM-205,Control de Inmunoglobulina G,1,2.1376,0.783,False,True,410.0,2.0,6,3,serum,elisa,False
1377,ECN-CAT-INM-206,Control de Inmunoglobulina M,1,1.489,0.545,False,True,350.0,2.5,3,1,serum,quimioluminiscencia,False
1378,ECN-CAT-INM-207,Control de Inmunoglobulina E,2,2.04,0.666,False,True,860.0,3.5,30,0,serum,inmunoensayo,True
1379,ECN-CAT-INM-208,Control de Complemento C3,2,1.5415,0.503,False,True,800.0,3.0,22,1,serum,elisa,False
1380,ECN-CAT-INM-209,Control de Complemento C4,2,2.2246,0.726,False,True,800.0,3.5,19,3,serum,quimioluminiscencia,False
1381,ECN-CAT-INM-210,Control de Anticuerpos antinucleares,1,1.9097,0.699,False,True,560.0,2.5,16,0,serum,inmunoensayo,False
1382,ECN-CAT-INM-211,Control de Anticuerpos anti-DNA,1,1.4215,0.521,False,True,500.0,3.0,13,1,serum,elisa,False
1383,ECN-CAT-INM-212,Control de Anticuerpos anticardiolipina,1,2.1322,0.781,False,True,440.0,3.5,10,3,serum,quimioluminiscencia,False
1384,ECN-CAT-INM-213,Control de Procalcitonina,1,1.8096,0.663,False,True,300.0,1.0,2,2,serum,inmunoensayo,False
1385,ECN-CAT-INM-214,Control de Ferritina,2,2.0722,0.676,False,True,950.0,3.5,29,0,serum,elisa,True
1386,ECN-CAT-INM-215,Control de Troponina I,2,1.8758,0.612,False,True,890.0,4.0,26,0,serum,quimioluminiscencia,True
1387,ECN-CAT-INM-216,Control de Antígeno carcinoembrionario,2,1.5788,0.515,False,True,740.0,3.0,23,1,serum,inmunoensayo,False
1388,ECN-CAT-INM-217,Control de Alfafetoproteína,2,2.25,0.734,False,True,680.0,3.5,20,3,serum,elisa,False
1389,ECN-CAT-INM-218,Control de CA 125,1,1.902,0.697,False,True,630.0,2.75,12,0,serum,quimioluminiscencia,False
1390,ECN-CAT-INM-219,Control de CA 19-9,1,1.2678,0.464,False,True,440.0,1.75,9,1,serum,inmunoensayo,False
1391,ECN-CAT-INM-220,Control de CA 15-3,1,1.5475,0.567,False,True,380.0,2.0,6,2,serum,elisa,False
1392,ECN-CAT-INM-221,Control de Antígeno prostático total,1,2.4308,0.89,False,True,320.0,2.5,3,3,serum,quimioluminiscencia,True
1393,ECN-CAT-INM-222,Control de Antígeno prostático libre,2,1.8391,0.6,False,True,840.0,3.5,30,2,serum,inmunoensayo,True
1394,ECN-CAT-INM-223,Control de Serología para dengue,2,1.9139,0.625,False,True,780.0,2.75,22,0,serum,elisa,False
1395,ECN-CAT-INM-224,Control de Serología para rubéola,2,1.5809,0.516,False,True,770.0,3.25,19,1,serum,quimioluminiscencia,False
1396,ECN-CAT-INM-225,Control de Serología para toxoplasma,1,2.3957,0.877,False,True,620.0,2.25,16,3,serum,inmunoensayo,False
1397,ECN-CAT-INM-226,Confirmación de Proteína C reactiva,1,1.8161,0.665,False,True,560.0,2.75,13,0,serum,elisa,False
1398,ECN-CAT-INM-227,Confirmación de Factor reumatoide,1,1.557,0.57,False,True,510.0,3.25,10,2,serum,quimioluminiscencia,False
1399,ECN-CAT-INM-228,Confirmación de Antiestreptolisinas O,1,1.8703,0.685,False,True,270.0,0.75,2,2,serum,inmunoensayo,False
1400,ECN-CAT-INM-229,Confirmación de Inmunoglobulina A,2,1.8251,0.596,False,True,920.0,3.75,29,2,serum,elisa,True
1401,ECN-CAT-INM-230,Confirmación de Inmunoglobulina G,2,1.8395,0.6,False,True,860.0,4.25,26,0,serum,quimioluminiscencia,True
1402,ECN-CAT-INM-231,Confirmación de Inmunoglobulina M,2,1.5938,0.52,False,True,720.0,3.0,23,1,serum,inmunoensayo,False
1403,ECN-CAT-INM-232,Confirmación de Inmunoglobulina E,2,1.6193,0.528,False,True,660.0,3.5,20,1,serum,elisa,False
1404,ECN-CAT-INM-233,Confirmación de Complemento C3,1,2.2615,0.828,False,True,600.0,2.75,12,3,serum,quimioluminiscencia,False
1405,ECN-CAT-INM-234,Confirmación de Complemento C4,1,1.6365,0.599,False,True,450.0,1.75,9,0,serum,inmunoensayo,False
1406,ECN-CAT-INM-235,Confirmación de Anticuerpos antinucleares,1,1.3366,0.49,False,True,440.0,2.25,6,1,serum,elisa,False
1407,ECN-CAT-INM-236,Confirmación de Anticuerpos anti-DNA,1,1.6511,0.605,False,True,390.0,2.75,3,2,serum,quimioluminiscencia,False
1408,ECN-CAT-INM-237,Confirmación de Anticuerpos anticardiolipina,2,1.8113,0.591,False,True,810.0,3.75,30,2,serum,inmunoensayo,True
1409,ECN-CAT-INM-238,Confirmación de Procalcitonina,2,1.8788,0.613,False,True,750.0,2.75,22,0,serum,elisa,True
1410,ECN-CAT-INM-239,Confirmación de Ferritina,2,1.6401,0.535,False,True,690.0,3.25,19,1,serum,quimioluminiscencia,False
1411,ECN-CAT-INM-240,Confirmación de Troponina I,1,1.6786,0.615,False,True,600.0,2.25,16,1,serum,inmunoensayo,False
1412,ECN-CAT-INM-241,Confirmación de Antígeno carcinoembrionario,1,2.9597,1.084,True,True,540.0,2.75,13,4,serum,elisa,False
1413,ECN-CAT-INM-242,Confirmación de Alfafetoproteína,1,1.3303,0.487,False,True,480.0,3.25,10,1,serum,quimioluminiscencia,False
1414,ECN-CAT-INM-243,Confirmación de CA 125,1,1.6057,0.588,False,True,330.0,1.0,2,1,serum,inmunoensayo,False
1415,ECN-CAT-INM-244,Confirmación de CA 19-9,2,1.8562,0.606,False,True,930.0,3.5,29,2,serum,elisa,True
1416,ECN-CAT-MIC-126,Determinación de Urocultivo,2,3.7513,1.224,True,True,920.0,15.0,31,3,urine,cultivo,True
1417,ECN-CAT-MIC-127,Determinación de Coprocultivo,2,3.0834,1.006,True,True,820.0,13.75,23,1,stool,cultivo,True
1418,ECN-CAT-MIC-128,Determinación de Exudado faríngeo,2,3.9293,1.282,True,True,740.0,13.5,20,4,swab,cultivo,False
1419,ECN-CAT-MIC-129,Determinación de Exudado nasal,2,3.3038,1.078,True,True,640.0,13.5,17,0,swab,cultivo,True
1420,ECN-CAT-MIC-130,Determinación de Exudado vaginal,2,3.497,1.141,True,True,560.0,13.5,14,0,swab,cultivo,False
1421,ECN-CAT-MIC-131,Determinación de Exudado uretral,2,3.5615,1.162,True,True,520.0,13.5,11,2,swab,cultivo,False
1422,ECN-CAT-MIC-132,Determinación de Hemocultivo,1,3.838,1.406,True,True,440.0,12.25,3,3,blood,cultivo,False
1423,ECN-CAT-MIC-133,Determinación de Cultivo de esputo,1,3.823,1.4,True,True,340.0,12.25,1,0,other,cultivo,True
1424,ECN-CAT-MIC-134,Determinación de Cultivo de heridas,2,3.3479,1.092,True,True,920.0,14.25,27,2,swab,cultivo,True
1425,ECN-CAT-MIC-135,Determinación de Cultivo de secreciones,2,3.2269,1.053,True,True,740.0,14.25,24,1,swab,cultivo,False
1426,ECN-CAT-MIC-136,Determinación de Antibiograma,2,3.2507,1.061,True,True,700.0,14.0,21,2,other,cultivo,True
1427,ECN-CAT-MIC-137,Determinación de Tinción de Gram,1,2.0586,0.754,False,True,520.0,2.25,13,0,other,microscopia,True
1428,ECN-CAT-MIC-138,Determinación de Baciloscopía,1,1.7475,0.64,False,True,420.0,2.25,10,0,other,microscopia,False
1429,ECN-CAT-MIC-139,Determinación de Búsqueda de hongos,1,2.2267,0.816,False,True,340.0,2.0,7,3,other,microscopia,False
1430,ECN-CAT-MIC-140,Determinación de Coprológico,1,2.3648,0.866,False,True,260.0,2.0,4,3,stool,microscopia,False
1431,ECN-CAT-MIC-141,Determinación de Amiba en fresco,2,2.1572,0.704,False,True,880.0,4.0,31,0,stool,microscopia,True
1432,ECN-CAT-MIC-142,Determinación de Sangre oculta en heces,2,1.8741,0.612,False,True,820.0,2.25,23,2,stool,inmunocromatografia,True
1433,ECN-CAT-MIC-143,Determinación de Rotavirus en heces,2,1.9463,0.635,False,True,740.0,2.25,20,2,stool,inmunocromatografia,False
1434,ECN-CAT-MIC-144,Determinación de Adenovirus en heces,1,1.9793,0.725,False,True,560.0,2.25,17,2,stool,inmunocromatografia,False
1435,ECN-CAT-MIC-145,Determinación de Helicobacter pylori,1,2.0987,0.769,False,True,480.0,2.25,14,0,stool,inmunocromatografia,True
1436,ECN-CAT-MIC-146,Determinación de Clostridioides difficile,1,1.4849,0.544,False,True,440.0,2.0,11,1,stool,inmunocromatografia,False
1437,ECN-CAT-MIC-147,Determinación de Estreptococo del grupo A,1,1.892,0.693,False,True,340.0,0.75,3,2,swab,inmunocromatografia,False
1438,ECN-CAT-MIC-148,Determinación de Salmonella,1,4.4041,1.613,True,True,320.0,12.25,1,4,stool,cultivo,False
1439,ECN-CAT-MIC-149,Determinación de Shigella,2,3.4698,1.132,True,True,900.0,14.25,27,0,stool,cultivo,True
1440,ECN-CAT-MIC-150,Determinación de Candida albicans,2,3.591,1.172,True,True,800.0,14.25,24,3,swab,cultivo,False
1441,ECN-CAT-MIC-151,Cuantificación de Urocultivo,2,3.3116,1.081,True,True,720.0,14.25,21,2,urine,cultivo,False
1442,ECN-CAT-MIC-152,Cuantificación de Coprocultivo,2,3.2159,1.049,True,True,680.0,13.0,13,2,stool,cultivo,False
1443,ECN-CAT-MIC-153,Cuantificación de Exudado faríngeo,2,3.462,1.13,True,True,500.0,13.0,10,1,swab,cultivo,False
1444,ECN-CAT-MIC-154,Cuantificación de Exudado nasal,1,3.5673,1.306,True,True,420.0,12.75,7,1,swab,cultivo,False
1445,ECN-CAT-MIC-155,Cuantificación de Exudado vaginal,1,4.0002,1.465,True,True,320.0,12.75,4,3,swab,cultivo,False
1446,ECN-CAT-MIC-156,Cuantificación de Exudado uretral,2,4.1997,1.37,True,True,900.0,14.75,31,4,swab,cultivo,True
1447,ECN-CAT-MIC-157,Cuantificación de Hemocultivo,2,3.1727,1.035,True,True,860.0,13.5,23,0,blood,cultivo,True
1448,ECN-CAT-MIC-158,Cuantificación de Cultivo de esputo,2,3.3069,1.079,True,True,780.0,13.75,20,0,other,cultivo,False
1449,ECN-CAT-MIC-159,Cuantificación de Cultivo de heridas,2,3.2486,1.06,True,True,680.0,13.75,17,2,swab,cultivo,False
1450,ECN-CAT-MIC-160,Cuantificación de Cultivo de secreciones,2,3.6966,1.206,True,True,600.0,13.75,14,3,swab,cultivo,False
1451,ECN-CAT-MIC-161,Cuantificación de Antibiograma,2,3.5916,1.172,True,True,500.0,13.75,11,1,other,cultivo,True
1452,ECN-CAT-MIC-162,Cuantificación de Tinción de Gram,1,1.8719,0.686,False,True,280.0,1.5,3,2,other,microscopia,False
1453,ECN-CAT-MIC-163,Cuantificación de Baciloscopía,1,1.9692,0.721,False,True,200.0,1.5,1,1,other,microscopia,False
1454,ECN-CAT-MIC-164,Cuantificación de Búsqueda de hongos,2,3.0147,0.984,False,True,760.0,3.25,27,4,other,microscopia,True
1455,ECN-CAT-MIC-165,Cuantificación de Coprológico,2,1.9933,0.65,False,True,680.0,3.25,24,0,stool,microscopia,True
1456,ECN-CAT-MIC-166,Cuantificación de Amiba en fresco,2,2.1795,0.711,False,True,580.0,3.25,21,0,stool,microscopia,False
1457,ECN-CAT-MIC-167,Cuantificación de Sangre oculta en heces,1,1.89,0.692,False,True,600.0,1.5,13,2,stool,inmunocromatografia,False
1458,ECN-CAT-MIC-168,Cuantificación de Rotavirus en heces,1,1.7012,0.623,False,True,500.0,1.5,10,2,stool,inmunocromatografia,False
1459,ECN-CAT-MIC-169,Cuantificación de Adenovirus en heces,1,2.0331,0.745,False,True,420.0,1.5,7,0,stool,inmunocromatografia,True
1460,ECN-CAT-MIC-170,Cuantificación de Helicobacter pylori,1,2.5194,0.923,False,True,320.0,1.5,4,3,stool,inmunocromatografia,True
1461,ECN-CAT-MIC-171,Cuantificación de Clostridioides difficile,2,2.0026,0.653,False,True,820.0,3.5,31,2,stool,inmunocromatografia,True
1462,ECN-CAT-MIC-172,Cuantificación de Estreptococo del grupo A,2,3.042,0.993,False,True,780.0,2.0,23,4,swab,inmunocromatografia,True
1463,ECN-CAT-MIC-173,Cuantificación de Salmonella,2,3.2237,1.052,True,True,740.0,13.5,20,0,stool,cultivo,True
1464,ECN-CAT-MIC-174,Cuantificación de Shigella,2,3.3401,1.09,True,True,660.0,13.5,17,0,stool,cultivo,False
1465,ECN-CAT-MIC-175,Cuantificación de Candida albicans,2,3.6848,1.202,True,True,560.0,13.5,14,3,swab,cultivo,False
1466,ECN-CAT-MIC-176,Evaluación de Urocultivo,2,4.3588,1.422,True,True,480.0,13.5,11,4,urine,cultivo,False
1467,ECN-CAT-MIC-177,Evaluación de Coprocultivo,1,3.7504,1.374,True,True,440.0,12.25,3,0,stool,cultivo,True
1468,ECN-CAT-MIC-178,Evaluación de Exudado faríngeo,1,3.929,1.439,True,True,360.0,12.25,1,3,swab,cultivo,False
1469,ECN-CAT-MIC-179,Evaluación de Exudado nasal,2,3.28,1.07,True,True,920.0,14.5,27,1,swab,cultivo,True
1470,ECN-CAT-MIC-180,Evaluación de Exudado vaginal,2,3.5937,1.173,True,True,760.0,14.5,24,3,swab,cultivo,False
1471,ECN-CAT-MIC-181,Evaluación de Exudado uretral,2,3.4217,1.117,True,True,660.0,14.5,21,0,swab,cultivo,True
1472,ECN-CAT-MIC-182,Evaluación de Hemocultivo,2,3.3342,1.088,True,True,620.0,13.0,13,0,blood,cultivo,False
1473,ECN-CAT-MIC-183,Evaluación de Cultivo de esputo,2,3.4958,1.141,True,True,540.0,13.0,10,2,other,cultivo,False
1474,ECN-CAT-MIC-184,Evaluación de Cultivo de heridas,1,3.716,1.361,True,True,440.0,13.0,7,2,swab,cultivo,False
1475,ECN-CAT-MIC-185,Evaluación de Cultivo de secreciones,1,3.9339,1.441,True,True,360.0,13.0,4,0,swab,cultivo,True
1476,ECN-CAT-MIC-186,Evaluación de Antibiograma,2,3.4973,1.141,True,True,940.0,15.0,31,2,other,cultivo,True
1477,ECN-CAT-MIC-187,Evaluación de Tinción de Gram,2,1.8266,0.596,False,True,800.0,2.75,23,2,other,microscopia,False
1478,ECN-CAT-MIC-188,Evaluación de Baciloscopía,2,1.8899,0.617,False,True,700.0,2.75,20,2,other,microscopia,False
1479,ECN-CAT-MIC-189,Evaluación de Búsqueda de hongos,1,2.2319,0.817,False,True,540.0,2.75,17,0,other,microscopia,True
1480,ECN-CAT-MIC-190,Evaluación de Coprológico,1,1.8279,0.669,False,True,440.0,2.5,14,0,stool,microscopia,False
1481,ECN-CAT-MIC-191,Evaluación de Amiba en fresco,1,1.6268,0.596,False,True,360.0,2.5,11,2,stool,microscopia,False
1482,ECN-CAT-MIC-192,Evaluación de Sangre oculta en heces,1,3.0924,1.133,True,True,360.0,0.75,3,4,stool,inmunocromatografia,False
1483,ECN-CAT-MIC-193,Evaluación de Rotavirus en heces,1,2.3737,0.869,False,True,260.0,0.75,1,0,stool,inmunocromatografia,True
1484,ECN-CAT-MIC-194,Evaluación de Adenovirus en heces,2,1.894,0.618,False,True,840.0,2.75,27,2,stool,inmunocromatografia,True
1485,ECN-CAT-MIC-195,Evaluación de Helicobacter pylori,2,1.7399,0.568,False,True,760.0,2.75,24,1,stool,inmunocromatografia,False
1486,ECN-CAT-MIC-196,Evaluación de Clostridioides difficile,2,2.4224,0.79,False,True,660.0,2.75,21,3,stool,inmunocromatografia,False
1487,ECN-CAT-MIC-197,Evaluación de Estreptococo del grupo A,1,2.0013,0.733,False,True,620.0,1.25,13,1,swab,inmunocromatografia,True
1488,ECN-CAT-MIC-198,Evaluación de Salmonella,2,3.5727,1.166,True,True,520.0,12.75,10,0,stool,cultivo,False
1489,ECN-CAT-MIC-199,Evaluación de Shigella,1,3.5659,1.306,True,True,420.0,12.75,7,1,stool,cultivo,False
1490,ECN-CAT-MIC-200,Evaluación de Candida albicans,1,4.0542,1.485,True,True,340.0,13.0,4,3,swab,cultivo,False
1491,ECN-CAT-MIC-201,Control de Urocultivo,2,3.5544,1.16,True,True,900.0,15.0,31,0,urine,cultivo,True
1492,ECN-CAT-MIC-202,Control de Coprocultivo,2,3.0834,1.006,True,True,820.0,13.75,23,1,stool,cultivo,True
1493,ECN-CAT-MIC-203,Control de Exudado faríngeo,2,3.1619,1.032,True,True,780.0,13.75,20,2,swab,cultivo,False
1494,ECN-CAT-MIC-204,Control de Exudado nasal,2,3.211,1.048,True,True,700.0,13.75,17,2,swab,cultivo,True
1495,ECN-CAT-MIC-205,Control de Exudado vaginal,2,3.4859,1.137,True,True,600.0,13.75,14,0,swab,cultivo,True
1496,ECN-CAT-MIC-206,Control de Exudado uretral,2,3.719,1.214,True,True,520.0,13.75,11,0,swab,cultivo,False
1497,ECN-CAT-MIC-207,Control de Hemocultivo,1,4.3796,1.604,True,True,340.0,12.5,3,4,blood,cultivo,False
1498,ECN-CAT-MIC-208,Control de Cultivo de esputo,1,4.4181,1.618,True,True,300.0,12.25,1,4,other,cultivo,False
1499,ECN-CAT-MIC-209,Control de Cultivo de heridas,2,3.4321,1.12,True,True,880.0,14.25,27,0,swab,cultivo,True
1500,ECN-CAT-MIC-210,Control de Cultivo de secreciones,2,3.2192,1.05,True,True,780.0,14.25,24,1,swab,cultivo,False
1501,ECN-CAT-MIC-211,Control de Antibiograma,2,3.3417,1.09,True,True,700.0,14.25,21,2,other,cultivo,False
1502,ECN-CAT-MIC-212,Control de Tinción de Gram,1,1.7151,0.628,False,True,520.0,2.0,13,2,other,microscopia,False
1503,ECN-CAT-MIC-213,Control de Baciloscopía,1,1.694,0.62,False,True,480.0,2.0,10,1,other,microscopia,True
1504,ECN-CAT-MIC-214,Control de Búsqueda de hongos,1,1.6293,0.597,False,True,380.0,2.0,7,2,other,microscopia,False
1505,ECN-CAT-MIC-215,Control de Coprológico,1,1.7844,0.654,False,True,300.0,1.75,4,2,stool,microscopia,False
1506,ECN-CAT-MIC-216,Control de Amiba en fresco,2,2.4312,0.793,False,True,780.0,3.75,31,3,stool,microscopia,True
1507,ECN-CAT-MIC-217,Control de Sangre oculta en heces,2,2.1026,0.686,False,True,740.0,2.0,23,0,stool,inmunocromatografia,True
1508,ECN-CAT-MIC-218,Control de Rotavirus en heces,2,1.8932,0.618,False,True,700.0,2.0,20,1,stool,inmunocromatografia,False
1509,ECN-CAT-MIC-219,Control de Adenovirus en heces,1,2.5239,0.924,False,True,600.0,2.0,17,3,stool,inmunocromatografia,False
1510,ECN-CAT-MIC-220,Control de Helicobacter pylori,1,1.7961,0.658,False,True,520.0,2.0,14,2,stool,inmunocromatografia,False
1511,ECN-CAT-MIC-221,Control de Clostridioides difficile,1,1.6647,0.61,False,True,440.0,2.25,11,2,stool,inmunocromatografia,False
1512,ECN-CAT-MIC-222,Control de Estreptococo del grupo A,1,1.7153,0.628,False,True,340.0,1.0,3,1,swab,inmunocromatografia,False
1513,ECN-CAT-MIC-223,Control de Salmonella,1,3.9887,1.461,True,True,360.0,12.5,1,3,stool,cultivo,False
1514,ECN-CAT-MIC-224,Control de Shigella,2,3.6855,1.203,True,True,940.0,14.5,27,3,stool,cultivo,True
1515,ECN-CAT-MIC-225,Control de Candida albicans,2,3.3766,1.102,True,True,760.0,14.5,24,0,swab,cultivo,True
1516,ECN-CAT-MIC-226,Confirmación de Urocultivo,2,3.4415,1.123,True,True,680.0,14.25,21,0,urine,cultivo,False
1517,ECN-CAT-MIC-227,Confirmación de Coprocultivo,2,3.612,1.179,True,True,580.0,13.0,13,3,stool,cultivo,False
1518,ECN-CAT-MIC-228,Confirmación de Exudado faríngeo,2,3.7554,1.225,True,True,540.0,13.0,10,3,swab,cultivo,False
1519,ECN-CAT-MIC-229,Confirmación de Exudado nasal,2,3.7253,1.216,True,True,460.0,13.0,7,2,swab,cultivo,True
1520,ECN-CAT-MIC-230,Confirmación de Exudado vaginal,1,3.6825,1.349,True,True,380.0,13.0,4,1,swab,cultivo,False
1521,ECN-CAT-MIC-231,Confirmación de Exudado uretral,2,3.4028,1.11,True,True,940.0,15.0,31,1,swab,cultivo,True
1522,ECN-CAT-MIC-232,Confirmación de Hemocultivo,2,3.4389,1.122,True,True,860.0,13.75,23,3,blood,cultivo,True
1523,ECN-CAT-MIC-233,Confirmación de Cultivo de esputo,2,3.0308,0.989,False,True,820.0,13.5,20,1,other,cultivo,True
1524,ECN-CAT-MIC-234,Confirmación de Cultivo de heridas,2,3.1455,1.026,True,True,640.0,13.5,17,1,swab,cultivo,False
1525,ECN-CAT-MIC-235,Confirmación de Cultivo de secreciones,2,3.6848,1.202,True,True,560.0,13.5,14,3,swab,cultivo,False
1526,ECN-CAT-MIC-236,Confirmación de Antibiograma,2,3.685,1.202,True,True,460.0,13.5,11,2,other,cultivo,False
1527,ECN-CAT-MIC-237,Confirmación de Tinción de Gram,1,2.2017,0.806,False,True,280.0,1.25,3,0,other,microscopia,True
1528,ECN-CAT-MIC-238,Confirmación de Baciloscopía,1,2.1024,0.77,False,True,240.0,1.25,1,1,other,microscopia,True
1529,ECN-CAT-MIC-239,Confirmación de Búsqueda de hongos,2,1.8109,0.591,False,True,820.0,3.25,27,2,other,microscopia,True
1530,ECN-CAT-MIC-240,Confirmación de Coprológico,2,2.312,0.754,False,True,720.0,3.25,24,3,stool,microscopia,False
1531,ECN-CAT-MIC-241,Confirmación de Amiba en fresco,2,1.7522,0.572,False,True,640.0,3.0,21,1,stool,microscopia,True
1532,ECN-CAT-MIC-242,Confirmación de Sangre oculta en heces,1,1.9763,0.724,False,True,580.0,1.75,13,0,stool,inmunocromatografia,False
1533,ECN-CAT-MIC-243,Confirmación de Rotavirus en heces,1,2.2326,0.818,False,True,460.0,1.75,10,3,stool,inmunocromatografia,False
1534,ECN-CAT-MIC-244,Confirmación de Adenovirus en heces,1,2.2526,0.825,False,True,380.0,1.5,7,3,stool,inmunocromatografia,False
1535,ECN-CAT-COA-126,Determinación de Tiempo de protrombina,1,2.2128,0.81,False,True,370.0,0.75,4,3,plasma,coagulometria,False
1536,ECN-CAT-COA-127,Determinación de Tiempo de tromboplastina parcial,1,1.8882,0.692,False,True,280.0,0.75,1,2,plasma,coagulometria,False
1537,ECN-CAT-COA-128,Determinación de Tiempo de trombina,2,1.7859,0.583,False,True,850.0,2.75,28,2,plasma,coagulometria,True
1538,ECN-CAT-COA-129,Determinación de Fibrinógeno,2,1.8981,0.619,False,True,770.0,3.0,25,0,plasma,coagulometria,False
1539,ECN-CAT-COA-130,Determinación de Dímero D,2,1.547,0.505,False,True,730.0,3.0,22,1,plasma,coagulometria,False
1540,ECN-CAT-COA-131,Determinación de INR,1,2.3493,0.86,False,True,640.0,1.75,14,3,plasma,coagulometria,False
1541,ECN-CAT-COA-132,Determinación de Actividad de factor VIII,1,1.6296,0.597,False,True,460.0,1.75,11,0,plasma,coagulometria,False
1542,ECN-CAT-COA-133,Determinación de Actividad de factor IX,1,1.4705,0.539,False,True,370.0,1.75,8,2,plasma,coagulometria,False
1543,ECN-CAT-COA-134,Determinación de Actividad de factor XI,1,1.455,0.533,False,True,290.0,1.5,5,1,plasma,coagulometria,False
1544,ECN-CAT-COA-135,Determinación de Actividad de factor XII,2,2.4058,0.785,False,True,910.0,3.5,32,3,plasma,coagulometria,True
1545,ECN-CAT-COA-136,Determinación de Antitrombina III,2,1.6433,0.536,False,True,820.0,2.25,24,1,plasma,coagulometria,False
1546,ECN-CAT-COA-137,Determinación de Proteína C funcional,2,1.9844,0.648,False,True,730.0,2.25,21,0,plasma,coagulometria,False
1547,ECN-CAT-COA-138,Determinación de Proteína S funcional,2,1.817,0.593,False,True,650.0,2.25,18,1,plasma,coagulometria,False
1548,ECN-CAT-COA-139,Determinación de Anticoagulante lúpico,1,2.2586,0.827,False,True,560.0,2.25,15,3,plasma,coagulometria,False
1549,ECN-CAT-COA-140,Determinación de Resistencia a proteína C activada,1,1.6882,0.618,False,True,520.0,2.25,12,0,plasma,coagulometria,False
1550,ECN-CAT-COA-141,Determinación de Agregación plaquetaria,1,1.6636,0.609,False,True,340.0,0.75,4,2,plasma,coagulometria,False
1551,ECN-CAT-COA-142,Determinación de Tiempo de sangrado,1,1.7817,0.653,False,True,250.0,0.75,1,1,plasma,coagulometria,False
1552,ECN-CAT-COA-143,Determinación de Tiempo de coagulación,2,1.7757,0.579,False,True,830.0,2.75,28,2,plasma,coagulometria,True
1553,ECN-CAT-COA-144,Determinación de Productos de degradación de fibrina,2,1.9353,0.632,False,True,740.0,2.75,25,0,plasma,coagulometria,False
1554,ECN-CAT-COA-145,Determinación de Factor de von Willebrand,2,1.6067,0.524,False,True,700.0,2.75,22,1,plasma,coagulometria,False
1555,ECN-CAT-COA-146,Determinación de Mezcla de TTPa,1,1.5932,0.583,False,True,610.0,1.5,14,1,plasma,coagulometria,False
1556,ECN-CAT-COA-147,Determinación de Mezcla de TP,1,2.1433,0.785,False,True,530.0,1.5,11,3,plasma,coagulometria,False
1557,ECN-CAT-COA-148,Determinación de Factor V,1,1.6228,0.594,False,True,440.0,1.5,8,0,plasma,coagulometria,False
1558,ECN-CAT-COA-149,Determinación de Factor VII,1,1.3864,0.508,False,True,350.0,1.25,5,1,plasma,coagulometria,False
1559,ECN-CAT-COA-150,Determinación de Factor X,2,1.8767,0.612,False,True,880.0,3.75,32,2,plasma,coagulometria,True
1560,ECN-CAT-COA-151,Cuantificación de Tiempo de protrombina,2,1.6875,0.551,False,True,790.0,2.5,24,2,plasma,coagulometria,True
1561,ECN-CAT-COA-152,Cuantificación de Tiempo de tromboplastina parcial,2,1.9982,0.652,False,True,710.0,2.25,21,0,plasma,coagulometria,False
1562,ECN-CAT-COA-153,Cuantificación de Tiempo de trombina,2,1.8213,0.594,False,True,620.0,2.25,18,1,plasma,coagulometria,True
1563,ECN-CAT-COA-154,Cuantificación de Fibrinógeno,1,1.4774,0.541,False,True,530.0,2.25,15,1,plasma,coagulometria,False
1564,ECN-CAT-COA-155,Cuantificación de Dímero D,1,2.8835,1.056,True,True,490.0,2.25,12,4,plasma,coagulometria,False
1565,ECN-CAT-COA-156,Cuantificación de INR,1,1.7504,0.641,False,True,410.0,1.0,4,0,plasma,coagulometria,False
1566,ECN-CAT-COA-157,Cuantificación de Actividad de factor VIII,1,1.8198,0.667,False,True,320.0,1.0,1,2,plasma,coagulometria,False
1567,ECN-CAT-COA-158,Cuantificación de Actividad de factor IX,2,2.3005,0.751,False,True,890.0,3.0,28,3,plasma,coagulometria,True
1568,ECN-CAT-COA-159,Cuantificación de Actividad de factor XI,2,1.757,0.573,False,True,710.0,2.75,25,2,plasma,coagulometria,False
1569,ECN-CAT-COA-160,Cuantificación de Actividad de factor XII,2,1.9723,0.644,False,True,670.0,2.75,22,0,plasma,coagulometria,False
1570,ECN-CAT-COA-161,Cuantificación de Antitrombina III,1,1.5502,0.568,False,True,590.0,1.5,14,1,plasma,coagulometria,False
1571,ECN-CAT-COA-162,Cuantificación de Proteína C funcional,1,1.5105,0.553,False,True,500.0,1.5,11,2,plasma,coagulometria,False
1572,ECN-CAT-COA-163,Cuantificación de Proteína S funcional,1,2.8618,1.048,True,True,410.0,1.5,8,4,plasma,coagulometria,False
1573,ECN-CAT-COA-164,Cuantificación de Anticoagulante lúpico,1,1.7448,0.639,False,True,320.0,1.5,5,0,plasma,coagulometria,False
1574,ECN-CAT-COA-165,Cuantificación de Resistencia a proteína C activada,2,2.1563,0.704,False,True,950.0,3.5,32,0,plasma,coagulometria,True
1575,ECN-CAT-COA-166,Cuantificación de Agregación plaquetaria,2,1.6152,0.527,False,True,860.0,2.25,24,1,plasma,coagulometria,True
1576,ECN-CAT-COA-167,Cuantificación de Tiempo de sangrado,2,2.3145,0.755,False,True,770.0,2.0,21,3,plasma,coagulometria,False
1577,ECN-CAT-COA-168,Cuantificación de Tiempo de coagulación,1,2.0408,0.747,False,True,590.0,2.0,18,0,plasma,coagulometria,False
1578,ECN-CAT-COA-169,Cuantificación de Productos de degradación de fibrina,1,1.4434,0.529,False,True,500.0,2.0,15,1,plasma,coagulometria,False
1579,ECN-CAT-COA-170,Cuantificación de Factor de von Willebrand,1,1.5575,0.57,False,True,420.0,2.0,12,1,plasma,coagulometria,True
1580,ECN-CAT-COA-171,Cuantificación de Mezcla de TTPa,1,2.1938,0.803,False,True,380.0,1.0,4,3,plasma,coagulometria,False
1581,ECN-CAT-COA-172,Cuantificación de Mezcla de TP,1,1.6956,0.621,False,True,290.0,1.0,1,1,plasma,coagulometria,False
1582,ECN-CAT-COA-173,Cuantificación de Factor V,2,1.6322,0.533,False,True,860.0,3.0,28,1,plasma,coagulometria,True
1583,ECN-CAT-COA-174,Cuantificación de Factor VII,2,1.5549,0.507,False,True,770.0,3.0,25,1,plasma,coagulometria,False
1584,ECN-CAT-COA-175,Cuantificación de Factor X,2,2.2479,0.734,False,True,690.0,3.0,22,3,plasma,coagulometria,False
1585,ECN-CAT-COA-176,Evaluación de Tiempo de protrombina,1,1.9716,0.722,False,True,650.0,1.75,14,0,plasma,coagulometria,False
1586,ECN-CAT-COA-177,Evaluación de Tiempo de tromboplastina parcial,1,1.4868,0.545,False,True,470.0,1.5,11,2,plasma,coagulometria,False
1587,ECN-CAT-COA-178,Evaluación de Tiempo de trombina,1,1.4742,0.54,False,True,380.0,1.5,8,2,plasma,coagulometria,False
1588,ECN-CAT-COA-179,Evaluación de Fibrinógeno,1,2.2017,0.806,False,True,300.0,1.5,5,3,plasma,coagulometria,False
1589,ECN-CAT-COA-180,Evaluación de Dímero D,2,1.7621,0.575,False,True,870.0,3.5,32,1,plasma,coagulometria,True
1590,ECN-CAT-COA-181,Evaluación de INR,2,1.9323,0.631,False,True,830.0,2.25,24,0,plasma,coagulometria,True
1591,ECN-CAT-COA-182,Evaluación de Actividad de factor VIII,2,1.7833,0.582,False,True,740.0,2.25,21,2,plasma,coagulometria,False
1592,ECN-CAT-COA-183,Evaluación de Actividad de factor IX,2,2.4156,0.788,False,True,650.0,2.25,18,3,plasma,coagulometria,False
1593,ECN-CAT-COA-184,Evaluación de Actividad de factor XI,1,1.8545,0.679,False,True,570.0,2.25,15,0,plasma,coagulometria,False
1594,ECN-CAT-COA-185,Evaluación de Actividad de factor XII,1,1.2945,0.474,False,True,480.0,2.0,12,1,plasma,coagulometria,False
1595,ECN-CAT-COA-186,Evaluación de Antitrombina III,1,1.4716,0.539,False,True,350.0,0.75,4,1,plasma,coagulometria,False
1596,ECN-CAT-COA-187,Evaluación de Proteína C funcional,1,2.5886,0.948,False,True,260.0,0.75,1,3,plasma,coagulometria,True
1597,ECN-CAT-COA-188,Evaluación de Proteína S funcional,2,1.9761,0.645,False,True,840.0,2.75,28,0,plasma,coagulometria,True
1598,ECN-CAT-COA-189,Evaluación de Anticoagulante lúpico,2,1.5944,0.52,False,True,750.0,2.75,25,1,plasma,coagulometria,False
1599,ECN-CAT-COA-190,Evaluación de Resistencia a proteína C activada,2,1.6593,0.541,False,True,660.0,2.75,22,1,plasma,coagulometria,False
1600,ECN-CAT-COA-191,Evaluación de Agregación plaquetaria,1,2.3218,0.85,False,True,620.0,1.5,14,3,plasma,coagulometria,False
1601,ECN-CAT-COA-192,Evaluación de Tiempo de sangrado,1,1.6875,0.618,False,True,530.0,1.75,11,0,plasma,coagulometria,False
1602,ECN-CAT-COA-193,Evaluación de Tiempo de coagulación,1,1.2449,0.456,False,True,450.0,1.75,8,1,plasma,coagulometria,False
1603,ECN-CAT-COA-194,Evaluación de Productos de degradación de fibrina,1,1.5483,0.567,False,True,360.0,1.75,5,2,plasma,coagulometria,False
1604,ECN-CAT-COA-195,Evaluación de Factor de von Willebrand,2,1.8663,0.609,False,True,840.0,3.5,32,2,plasma,coagulometria,True
1605,ECN-CAT-COA-196,Evaluación de Mezcla de TTPa,2,1.9256,0.628,False,True,800.0,2.25,24,0,plasma,coagulometria,True
1606,ECN-CAT-COA-197,Evaluación de Mezcla de TP,2,1.9908,0.65,False,True,720.0,2.25,21,0,plasma,coagulometria,False
1607,ECN-CAT-COA-198,Evaluación de Factor V,2,1.9666,0.642,False,True,630.0,2.25,18,2,plasma,coagulometria,False
1608,ECN-CAT-COA-199,Evaluación de Factor VII,1,2.9743,1.089,True,True,540.0,2.25,15,4,plasma,coagulometria,False
1609,ECN-CAT-COA-200,Evaluación de Factor X,1,1.6385,0.6,False,True,450.0,2.25,12,0,plasma,coagulometria,False
1610,ECN-CAT-COA-201,Control de Tiempo de protrombina,1,1.4147,0.518,False,True,410.0,1.0,4,1,plasma,coagulometria,False
1611,ECN-CAT-COA-202,Control de Tiempo de tromboplastina parcial,1,1.6438,0.602,False,True,330.0,1.0,1,1,plasma,coagulometria,False
1612,ECN-CAT-COA-203,Control de Tiempo de trombina,2,1.8295,0.597,False,True,900.0,2.75,28,2,plasma,coagulometria,True
1613,ECN-CAT-COA-204,Control de Fibrinógeno,2,1.9049,0.622,False,True,720.0,2.75,25,0,plasma,coagulometria,True
1614,ECN-CAT-COA-205,Control de Dímero D,2,1.7094,0.558,False,True,630.0,2.75,22,1,plasma,coagulometria,False
1615,ECN-CAT-COA-206,Control de INR,1,1.5712,0.575,False,True,600.0,1.5,14,1,plasma,coagulometria,False
1616,ECN-CAT-COA-207,Control de Actividad de factor VIII,1,2.126,0.779,False,True,510.0,1.5,11,3,plasma,coagulometria,False
1617,ECN-CAT-COA-208,Control de Actividad de factor IX,1,1.6212,0.594,False,True,420.0,1.5,8,0,plasma,coagulometria,False
1618,ECN-CAT-COA-209,Control de Actividad de factor XI,1,1.5863,0.581,False,True,330.0,1.5,5,2,plasma,coagulometria,False
1619,ECN-CAT-COA-210,Control de Actividad de factor XII,2,1.813,0.592,False,True,900.0,3.25,32,1,plasma,coagulometria,True
1620,ECN-CAT-COA-211,Control de Antitrombina III,2,1.7948,0.586,False,True,870.0,2.0,24,2,plasma,coagulometria,True
1621,ECN-CAT-COA-212,Control de Proteína C funcional,2,2.0004,0.653,False,True,780.0,2.0,21,0,plasma,coagulometria,False
1622,ECN-CAT-COA-213,Control de Proteína S funcional,1,1.7783,0.651,False,True,600.0,2.25,18,1,plasma,coagulometria,False
1623,ECN-CAT-COA-214,Control de Anticoagulante lúpico,1,1.4522,0.532,False,True,510.0,2.25,15,1,plasma,coagulometria,False
1624,ECN-CAT-COA-215,Control de Resistencia a proteína C activada,1,2.8687,1.051,True,True,420.0,2.25,12,4,plasma,coagulometria,False
1625,ECN-CAT-COA-216,Control de Agregación plaquetaria,1,1.7555,0.643,False,True,390.0,1.0,4,0,plasma,coagulometria,False
1626,ECN-CAT-COA-217,Control de Tiempo de sangrado,1,1.972,0.722,False,True,300.0,1.0,1,0,plasma,coagulometria,False
1627,ECN-CAT-COA-218,Control de Tiempo de coagulación,2,1.7724,0.578,False,True,870.0,3.0,28,2,plasma,coagulometria,True
1628,ECN-CAT-COA-219,Control de Productos de degradación de fibrina,2,1.6913,0.552,False,True,780.0,3.0,25,2,plasma,coagulometria,False
1629,ECN-CAT-COA-220,Control de Factor de von Willebrand,2,1.9149,0.625,False,True,700.0,3.0,22,0,plasma,coagulometria,False
1630,ECN-CAT-COA-221,Control de Mezcla de TTPa,1,1.9804,0.725,False,True,610.0,1.5,14,2,plasma,coagulometria,True
1631,ECN-CAT-COA-222,Control de Mezcla de TP,1,1.2878,0.472,False,True,480.0,1.5,11,1,plasma,coagulometria,False
1632,ECN-CAT-COA-223,Control de Factor V,1,2.8649,1.049,True,True,390.0,1.5,8,4,plasma,coagulometria,False
1633,ECN-CAT-COA-224,Control de Factor VII,1,1.7694,0.648,False,True,300.0,1.5,5,0,plasma,coagulometria,False
1634,ECN-CAT-COA-225,Control de Factor X,2,2.0789,0.678,False,True,880.0,3.5,32,0,plasma,coagulometria,True
1635,ECN-CAT-COA-226,Confirmación de Tiempo de protrombina,2,1.7237,0.562,False,True,790.0,2.25,24,2,plasma,coagulometria,True
1636,ECN-CAT-COA-227,Confirmación de Tiempo de tromboplastina parcial,2,1.7782,0.58,False,True,750.0,2.25,21,2,plasma,coagulometria,False
1637,ECN-CAT-COA-228,Confirmación de Tiempo de trombina,2,2.1376,0.698,False,True,660.0,2.0,18,0,plasma,coagulometria,False
1638,ECN-CAT-COA-229,Confirmación de Fibrinógeno,1,1.7356,0.636,False,True,580.0,2.0,15,2,plasma,coagulometria,False
1639,ECN-CAT-COA-230,Confirmación de Dímero D,1,1.5072,0.552,False,True,490.0,2.0,12,2,plasma,coagulometria,False
1640,ECN-CAT-COA-231,Confirmación de INR,1,2.9881,1.094,True,True,310.0,0.75,4,4,plasma,coagulometria,False
1641,ECN-CAT-COA-232,Confirmación de Actividad de factor VIII,1,2.0279,0.743,False,True,270.0,0.75,1,0,plasma,coagulometria,False
1642,ECN-CAT-COA-233,Confirmación de Actividad de factor IX,2,1.9761,0.645,False,True,840.0,2.75,28,0,plasma,coagulometria,True
1643,ECN-CAT-COA-234,Confirmación de Actividad de factor XI,2,1.6964,0.554,False,True,760.0,3.0,25,2,plasma,coagulometria,False
1644,ECN-CAT-COA-235,Confirmación de Actividad de factor XII,2,2.9762,0.971,False,True,670.0,3.0,22,4,plasma,coagulometria,False
1645,ECN-CAT-COA-236,Confirmación de Antitrombina III,1,1.837,0.673,False,True,580.0,1.75,14,0,plasma,coagulometria,False
1646,ECN-CAT-COA-237,Confirmación de Proteína C funcional,1,1.3519,0.495,False,True,540.0,1.75,11,1,plasma,coagulometria,False
1647,ECN-CAT-COA-238,Confirmación de Proteína S funcional,1,1.5406,0.564,False,True,460.0,1.75,8,1,plasma,coagulometria,True
1648,ECN-CAT-COA-239,Confirmación de Anticoagulante lúpico,1,1.5507,0.568,False,True,370.0,1.5,5,2,plasma,coagulometria,False
1649,ECN-CAT-COA-240,Confirmación de Resistencia a proteína C activada,2,2.0588,0.672,False,True,850.0,3.5,32,0,plasma,coagulometria,True
1650,ECN-CAT-COA-241,Confirmación de Agregación plaquetaria,2,1.9305,0.63,False,True,760.0,2.25,24,0,plasma,coagulometria,True
1651,ECN-CAT-COA-242,Confirmación de Tiempo de sangrado,2,1.7966,0.586,False,True,720.0,2.25,21,2,plasma,coagulometria,False
1652,ECN-CAT-COA-243,Confirmación de Tiempo de coagulación,2,3.1001,1.012,True,True,640.0,2.25,18,4,plasma,coagulometria,False
1653,ECN-CAT-COA-244,Confirmación de Productos de degradación de fibrina,1,1.8261,0.669,False,True,550.0,2.25,15,0,plasma,coagulometria,False
1654,ECN-CAT-END-126,Determinación de Hormona estimulante de tiroides,1,1.6548,0.606,False,True,580.0,2.0,12,2,serum,inmunoensayo,False
1655,ECN-CAT-END-127,Determinación de Tiroxina libre,1,1.4134,0.518,False,True,560.0,3.0,9,1,plasma,quimioluminiscencia,False
1656,ECN-CAT-END-128,Determinación de Tiroxina total,1,1.7212,0.63,False,True,500.0,2.5,6,0,serum,elisa,False
1657,ECN-CAT-END-129,Determinación de Triyodotironina libre,1,1.7485,0.64,False,True,280.0,1.75,3,2,plasma,inmunoensayo,False
1658,ECN-CAT-END-130,Determinación de Triyodotironina total,2,2.9577,0.965,False,True,920.0,3.5,25,5,serum,quimioluminiscencia,True
1659,ECN-CAT-END-131,Determinación de Insulina,2,1.8783,0.613,False,True,800.0,3.0,22,0,plasma,elisa,False
1660,ECN-CAT-END-132,Determinación de Cortisol,2,1.7449,0.569,False,True,680.0,2.5,19,1,serum,inmunoensayo,False
1661,ECN-CAT-END-133,Determinación de Hormona adrenocorticotropa,2,2.3401,0.764,False,True,700.0,3.5,16,3,plasma,quimioluminiscencia,False
1662,ECN-CAT-END-134,Determinación de Hormona de crecimiento,1,1.7175,0.629,False,True,580.0,3.0,13,2,serum,elisa,False
1663,ECN-CAT-END-135,Determinación de Prolactina,1,1.5764,0.577,False,True,460.0,1.25,5,2,plasma,inmunoensayo,False
1664,ECN-CAT-END-136,Determinación de Hormona luteinizante,1,2.0428,0.748,False,True,440.0,2.0,2,0,serum,quimioluminiscencia,True
1665,ECN-CAT-END-137,Determinación de Hormona foliculoestimulante,2,2.4098,0.786,False,True,980.0,3.5,29,3,plasma,elisa,True
1666,ECN-CAT-END-138,Determinación de Estradiol,2,2.2323,0.728,False,True,780.0,3.0,26,3,serum,inmunoensayo,True
1667,ECN-CAT-END-139,Determinación de Progesterona,2,1.8162,0.593,False,True,800.0,4.0,23,0,plasma,quimioluminiscencia,False
1668,ECN-CAT-END-140,Determinación de Testosterona total,1,2.1073,0.772,False,True,680.0,2.25,15,0,serum,elisa,False
1669,ECN-CAT-END-141,Determinación de Testosterona libre,1,2.199,0.805,False,True,560.0,1.75,12,3,plasma,inmunoensayo,False
1670,ECN-CAT-END-142,Determinación de Dehidroepiandrosterona,1,1.5775,0.578,False,True,540.0,3.0,9,2,serum,quimioluminiscencia,False
1671,ECN-CAT-END-143,Determinación de Aldosterona,1,1.5311,0.561,False,True,420.0,2.5,6,2,plasma,elisa,False
1672,ECN-CAT-END-144,Determinación de Renina,1,1.8127,0.664,False,True,340.0,2.0,3,0,serum,inmunoensayo,False
1673,ECN-CAT-END-145,Determinación de Paratohormona,2,1.6609,0.542,False,True,980.0,3.75,25,1,plasma,quimioluminiscencia,True
1674,ECN-CAT-END-146,Determinación de Calcitonina,2,2.2155,0.723,False,True,860.0,3.25,22,3,serum,elisa,False
1675,ECN-CAT-END-147,Determinación de Péptido C,2,2.0713,0.676,False,True,660.0,2.5,19,0,plasma,inmunoensayo,False
1676,ECN-CAT-END-148,Determinación de 17-hidroxiprogesterona,1,1.9249,0.705,False,True,620.0,3.5,16,2,serum,quimioluminiscencia,False
1677,ECN-CAT-END-149,Determinación de Hormona antimülleriana,1,1.68,0.615,False,True,560.0,3.0,13,2,plasma,elisa,False
1678,ECN-CAT-END-150,Determinación de Somatomedina C,1,1.5748,0.577,False,True,440.0,1.25,5,2,serum,inmunoensayo,False
1679,ECN-CAT-END-151,Cuantificación de Hormona estimulante de tiroides,1,1.8263,0.669,False,True,420.0,2.25,2,0,plasma,quimioluminiscencia,False
1680,ECN-CAT-END-152,Cuantificación de Tiroxina libre,2,1.7626,0.575,False,True,960.0,3.75,29,1,serum,elisa,True
1681,ECN-CAT-END-153,Cuantificación de Tiroxina total,2,1.5915,0.519,False,True,840.0,3.25,26,1,plasma,inmunoensayo,False
1682,ECN-CAT-END-154,Cuantificación de Triyodotironina libre,2,2.1833,0.712,False,True,860.0,4.0,23,3,serum,quimioluminiscencia,False
1683,ECN-CAT-END-155,Cuantificación de Triyodotironina total,2,1.8626,0.608,False,True,740.0,2.25,15,1,plasma,elisa,False
1684,ECN-CAT-END-156,Cuantificación de Insulina,1,1.7429,0.638,False,True,540.0,1.75,12,0,serum,inmunoensayo,False
1685,ECN-CAT-END-157,Cuantificación de Cortisol,1,2.1219,0.777,False,True,500.0,2.75,9,3,plasma,quimioluminiscencia,False
1686,ECN-CAT-END-158,Cuantificación de Hormona adrenocorticotropa,1,2.1438,0.785,False,True,380.0,2.25,6,3,serum,elisa,False
1687,ECN-CAT-END-159,Cuantificación de Hormona de crecimiento,1,1.6938,0.62,False,True,320.0,1.75,3,2,plasma,inmunoensayo,False
1688,ECN-CAT-END-160,Cuantificación de Prolactina,2,1.6493,0.538,False,True,960.0,3.5,25,1,serum,quimioluminiscencia,True
1689,ECN-CAT-END-161,Cuantificación de Hormona luteinizante,2,1.5443,0.504,False,True,840.0,3.0,22,1,plasma,elisa,False
1690,ECN-CAT-END-162,Cuantificación de Hormona foliculoestimulante,2,3.0463,0.994,False,True,720.0,2.25,19,4,serum,inmunoensayo,False
1691,ECN-CAT-END-163,Cuantificación de Estradiol,2,1.7194,0.561,False,True,680.0,3.75,16,1,plasma,quimioluminiscencia,False
1692,ECN-CAT-END-164,Cuantificación de Progesterona,1,1.64,0.601,False,True,620.0,3.25,13,1,serum,elisa,False
1693,ECN-CAT-END-165,Cuantificación de Testosterona total,1,2.9169,1.068,True,True,420.0,1.25,5,4,plasma,inmunoensayo,False
1694,ECN-CAT-END-166,Cuantificación de Testosterona libre,1,2.2589,0.827,False,True,380.0,2.25,2,3,serum,quimioluminiscencia,False
1695,ECN-CAT-END-167,Cuantificación de Dehidroepiandrosterona,2,2.0083,0.655,False,True,920.0,3.75,29,0,plasma,elisa,True
1696,ECN-CAT-END-168,Cuantificación de Aldosterona,2,1.536,0.501,False,True,800.0,3.25,26,1,serum,inmunoensayo,True
1697,ECN-CAT-END-169,Cuantificación de Renina,2,2.1562,0.704,False,True,840.0,4.25,23,3,plasma,quimioluminiscencia,False
1698,ECN-CAT-END-170,Cuantificación de Paratohormona,2,2.4075,0.786,False,True,720.0,2.5,15,3,serum,elisa,True
1699,ECN-CAT-END-171,Cuantificación de Calcitonina,1,1.5094,0.553,False,True,600.0,2.0,12,1,plasma,inmunoensayo,False
1700,ECN-CAT-END-172,Cuantificación de Péptido C,1,1.7452,0.639,False,True,560.0,2.75,9,0,serum,quimioluminiscencia,False
1701,ECN-CAT-END-173,Cuantificación de 17-hidroxiprogesterona,1,1.5308,0.561,False,True,440.0,2.25,6,2,plasma,elisa,False
1702,ECN-CAT-END-174,Cuantificación de Hormona antimülleriana,1,2.2755,0.833,False,True,300.0,1.75,3,3,serum,inmunoensayo,False
1703,ECN-CAT-END-175,Cuantificación de Somatomedina C,2,1.9096,0.623,False,True,920.0,3.5,25,0,plasma,quimioluminiscencia,True
1704,ECN-CAT-END-176,Evaluación de Hormona estimulante de tiroides,2,1.5415,0.503,False,True,800.0,3.0,22,1,serum,elisa,False
1705,ECN-CAT-END-177,Evaluación de Tiroxina libre,2,1.8604,0.607,False,True,680.0,2.5,19,2,plasma,inmunoensayo,False
1706,ECN-CAT-END-178,Evaluación de Tiroxina total,2,1.8965,0.619,False,True,660.0,3.5,16,2,serum,quimioluminiscencia,False
1707,ECN-CAT-END-179,Evaluación de Triyodotironina libre,1,1.5779,0.578,False,True,600.0,3.0,13,1,plasma,elisa,False
1708,ECN-CAT-END-180,Evaluación de Triyodotironina total,1,1.755,0.643,False,True,480.0,1.0,5,0,serum,inmunoensayo,False
1709,ECN-CAT-END-181,Evaluación de Insulina,1,1.6899,0.619,False,True,440.0,2.0,2,2,plasma,quimioluminiscencia,False
1710,ECN-CAT-END-182,Evaluación de Cortisol,2,2.4167,0.789,False,True,980.0,3.5,29,3,serum,elisa,True
1711,ECN-CAT-END-183,Evaluación de Hormona adrenocorticotropa,2,1.8976,0.619,False,True,780.0,3.0,26,0,plasma,inmunoensayo,True
1712,ECN-CAT-END-184,Evaluación de Hormona de crecimiento,2,1.5987,0.522,False,True,800.0,4.25,23,2,serum,quimioluminiscencia,False
1713,ECN-CAT-END-185,Evaluación de Prolactina,2,2.4635,0.804,False,True,680.0,2.5,15,3,plasma,elisa,False
1714,ECN-CAT-END-186,Evaluación de Hormona luteinizante,1,1.6206,0.594,False,True,560.0,2.0,12,2,serum,inmunoensayo,False
1715,ECN-CAT-END-187,Evaluación de Hormona foliculoestimulante,1,1.647,0.603,False,True,540.0,3.0,9,1,plasma,quimioluminiscencia,True
1716,ECN-CAT-END-188,Evaluación de Estradiol,1,1.6882,0.618,False,True,420.0,2.5,6,0,serum,elisa,False
1717,ECN-CAT-END-189,Evaluación de Progesterona,1,1.5381,0.563,False,True,300.0,2.0,3,1,plasma,inmunoensayo,False
1718,ECN-CAT-END-190,Evaluación de Testosterona total,2,2.3216,0.758,False,True,980.0,3.5,25,3,serum,quimioluminiscencia,True
1719,ECN-CAT-END-191,Evaluación de Testosterona libre,2,1.9011,0.62,False,True,860.0,3.0,22,0,plasma,elisa,False
1720,ECN-CAT-END-192,Evaluación de Dehidroepiandrosterona,2,2.0793,0.679,False,True,660.0,2.5,19,0,serum,inmunoensayo,False
1721,ECN-CAT-END-193,Evaluación de Aldosterona,2,1.9163,0.625,False,True,640.0,3.5,16,2,plasma,quimioluminiscencia,False
1722,ECN-CAT-END-194,Evaluación de Renina,1,1.6307,0.597,False,True,520.0,3.0,13,2,serum,elisa,False
1723,ECN-CAT-END-195,Evaluación de Paratohormona,1,1.3756,0.504,False,True,440.0,1.25,5,1,plasma,inmunoensayo,False
1724,ECN-CAT-END-196,Evaluación de Calcitonina,1,1.5126,0.554,False,True,420.0,2.25,2,1,serum,quimioluminiscencia,False
1725,ECN-CAT-END-197,Evaluación de Péptido C,2,1.7531,0.572,False,True,960.0,3.75,29,1,plasma,elisa,True
1726,ECN-CAT-END-198,Evaluación de 17-hidroxiprogesterona,2,2.2413,0.731,False,True,840.0,3.0,26,3,serum,inmunoensayo,True
1727,ECN-CAT-END-199,Evaluación de Hormona antimülleriana,2,1.8199,0.594,False,True,820.0,4.0,23,0,plasma,quimioluminiscencia,False
1728,ECN-CAT-END-200,Evaluación de Somatomedina C,2,1.8716,0.611,False,True,740.0,2.25,15,1,serum,elisa,False
1729,ECN-CAT-END-201,Control de Hormona estimulante de tiroides,1,2.1769,0.797,False,True,540.0,1.75,12,3,plasma,inmunoensayo,False
1730,ECN-CAT-END-202,Control de Tiroxina libre,1,1.5417,0.565,False,True,520.0,2.75,9,2,serum,quimioluminiscencia,False
1731,ECN-CAT-END-203,Control de Tiroxina total,1,1.6849,0.617,False,True,400.0,2.25,6,0,plasma,elisa,False
1732,ECN-CAT-END-204,Control de Triyodotironina libre,1,2.0916,0.766,False,True,280.0,1.75,3,0,serum,inmunoensayo,True
1733,ECN-CAT-END-205,Control de Triyodotironina total,2,1.6195,0.528,False,True,960.0,3.75,25,1,plasma,quimioluminiscencia,True
1734,ECN-CAT-END-206,Control de Insulina,2,2.9298,0.956,False,True,840.0,3.25,22,4,serum,elisa,False
1735,ECN-CAT-END-207,Control de Cortisol,2,1.9859,0.648,False,True,720.0,2.75,19,0,plasma,inmunoensayo,False
1736,ECN-CAT-END-208,Control de Hormona adrenocorticotropa,2,2.0398,0.666,False,True,700.0,3.5,16,0,serum,quimioluminiscencia,False
1737,ECN-CAT-END-209,Control de Hormona de crecimiento,1,2.2675,0.83,False,True,580.0,3.0,13,3,plasma,elisa,False
1738,ECN-CAT-END-210,Control de Prolactina,1,1.5731,0.576,False,True,420.0,1.25,5,2,serum,inmunoensayo,False
1739,ECN-CAT-END-211,Control de Hormona luteinizante,1,1.829,0.67,False,True,400.0,2.25,2,0,plasma,quimioluminiscencia,False
1740,ECN-CAT-END-212,Control de Hormona foliculoestimulante,2,1.7281,0.564,False,True,940.0,3.75,29,1,serum,elisa,True
1741,ECN-CAT-END-213,Control de Estradiol,2,1.5295,0.499,False,True,820.0,3.25,26,1,plasma,inmunoensayo,True
1742,ECN-CAT-END-214,Control de Progesterona,2,2.8916,0.944,False,True,780.0,4.25,23,4,serum,quimioluminiscencia,False
1743,ECN-CAT-END-215,Control de Testosterona total,2,2.1398,0.698,False,True,720.0,2.5,15,0,plasma,elisa,False
1744,ECN-CAT-END-216,Control de Testosterona libre,1,1.6981,0.622,False,True,600.0,1.75,12,2,serum,inmunoensayo,False
1745,ECN-CAT-END-217,Control de Dehidroepiandrosterona,1,2.9497,1.08,True,True,580.0,2.75,9,4,plasma,quimioluminiscencia,False
1746,ECN-CAT-END-218,Control de Aldosterona,1,2.1415,0.784,False,True,460.0,2.25,6,3,serum,elisa,False
1747,ECN-CAT-END-219,Control de Renina,1,1.9144,0.701,False,True,260.0,1.75,3,0,plasma,inmunoensayo,False
1748,ECN-CAT-END-220,Control de Paratohormona,2,1.7462,0.57,False,True,940.0,3.5,25,2,serum,quimioluminiscencia,True
1749,ECN-CAT-END-221,Control de Calcitonina,2,1.4804,0.483,False,True,820.0,3.0,22,1,plasma,elisa,True
1750,ECN-CAT-END-222,Control de Péptido C,2,3.0364,0.991,False,True,700.0,2.5,19,4,serum,inmunoensayo,False
1751,ECN-CAT-END-223,Control de 17-hidroxiprogesterona,2,1.786,0.583,False,True,660.0,3.25,16,1,plasma,quimioluminiscencia,False
1752,ECN-CAT-END-224,Control de Hormona antimülleriana,1,1.8161,0.665,False,True,560.0,2.75,13,0,serum,elisa,False
1753,ECN-CAT-END-225,Control de Somatomedina C,1,1.6044,0.588,False,True,480.0,1.0,5,2,plasma,inmunoensayo,False
1754,ECN-CAT-END-226,Confirmación de Hormona estimulante de tiroides,1,2.2567,0.827,False,True,460.0,2.25,2,3,serum,quimioluminiscencia,False
1755,ECN-CAT-END-227,Confirmación de Tiroxina libre,2,2.132,0.696,False,True,1000.0,3.75,29,0,plasma,elisa,True
1756,ECN-CAT-END-228,Confirmación de Tiroxina total,2,1.676,0.547,False,True,800.0,3.25,26,2,serum,inmunoensayo,True
1757,ECN-CAT-END-229,Confirmación de Triyodotironina libre,2,1.4464,0.472,False,True,760.0,4.25,23,1,plasma,quimioluminiscencia,False
1758,ECN-CAT-END-230,Confirmación de Triyodotironina total,2,3.1214,1.019,True,True,700.0,2.5,15,4,serum,elisa,False
1759,ECN-CAT-END-231,Confirmación de Insulina,1,1.7926,0.657,False,True,580.0,2.0,12,0,plasma,inmunoensayo,False
1760,ECN-CAT-END-232,Confirmación de Cortisol,1,1.5775,0.578,False,True,540.0,3.0,9,2,serum,quimioluminiscencia,False
1761,ECN-CAT-END-233,Confirmación de Hormona adrenocorticotropa,1,1.5328,0.561,False,True,440.0,2.5,6,2,plasma,elisa,False
1762,ECN-CAT-END-234,Confirmación de Hormona de crecimiento,1,2.2564,0.826,False,True,320.0,1.75,3,3,serum,inmunoensayo,False
1763,ECN-CAT-END-235,Confirmación de Prolactina,2,2.0393,0.665,False,True,1000.0,3.5,25,0,plasma,quimioluminiscencia,True
1764,ECN-CAT-END-236,Confirmación de Hormona luteinizante,2,1.7237,0.562,False,True,880.0,3.0,22,2,serum,elisa,False
1765,ECN-CAT-END-237,Confirmación de Hormona foliculoestimulante,2,2.3549,0.768,False,True,680.0,2.5,19,3,plasma,inmunoensayo,False
1766,ECN-CAT-END-238,Confirmación de Estradiol,2,3.0569,0.998,False,True,640.0,3.5,16,4,serum,quimioluminiscencia,True
1767,ECN-CAT-END-239,Confirmación de Progesterona,1,1.4393,0.527,False,True,520.0,3.0,13,1,plasma,elisa,False
1768,ECN-CAT-END-240,Confirmación de Testosterona total,1,1.7249,0.632,False,True,400.0,1.25,5,0,serum,inmunoensayo,False
1769,ECN-CAT-END-241,Confirmación de Testosterona libre,1,1.6884,0.618,False,True,420.0,2.0,2,2,plasma,quimioluminiscencia,False
1770,ECN-CAT-END-242,Confirmación de Dehidroepiandrosterona,2,3.0918,1.009,True,True,980.0,3.5,29,4,serum,elisa,True
1771,ECN-CAT-END-243,Confirmación de Aldosterona,2,1.9197,0.626,False,True,860.0,3.0,26,0,plasma,inmunoensayo,True
1772,ECN-CAT-END-244,Confirmación de Renina,2,1.6154,0.527,False,True,820.0,4.0,23,2,serum,quimioluminiscencia,False
1773,ECN-CAT-URO-126,Determinación de Examen general de orina,1,2.284,0.837,False,True,600.0,1.75,20,0,urine,tira reactiva,False
1774,ECN-CAT-URO-127,Determinación de Microalbúmina en orina,1,2.0479,0.75,False,True,590.0,2.5,17,0,urine,microscopia,False
1775,ECN-CAT-URO-128,Determinación de Proteínas en orina,1,1.6847,0.617,False,True,490.0,1.75,14,2,urine,colorimetria,False
1776,ECN-CAT-URO-129,Determinación de Glucosa en orina,1,2.2694,0.831,False,True,390.0,0.5,6,3,urine,tira reactiva,False
1777,ECN-CAT-URO-130,Determinación de Creatinina en orina,1,1.9023,0.697,False,True,320.0,1.25,3,0,urine,microscopia,False
1778,ECN-CAT-URO-131,Determinación de Calcio en orina,2,2.1957,0.717,False,True,880.0,2.5,30,0,urine,colorimetria,True
1779,ECN-CAT-URO-132,Determinación de Ácido úrico en orina,2,1.9132,0.624,False,True,830.0,2.25,27,2,urine,tira reactiva,True
1780,ECN-CAT-URO-133,Determinación de Sodio en orina,2,1.7713,0.578,False,True,770.0,3.0,24,2,urine,microscopia,False
1781,ECN-CAT-URO-134,Determinación de Potasio en orina,1,2.1806,0.799,False,True,670.0,1.5,16,0,urine,colorimetria,False
1782,ECN-CAT-URO-135,Determinación de Cloro en orina,1,1.5129,0.554,False,True,480.0,1.25,13,1,urine,tira reactiva,False
1783,ECN-CAT-URO-136,Determinación de Fósforo en orina,1,1.6061,0.588,False,True,420.0,2.0,10,1,urine,microscopia,True
1784,ECN-CAT-URO-137,Determinación de Magnesio en orina,1,2.9435,1.078,True,True,370.0,1.25,7,4,urine,colorimetria,False
1785,ECN-CAT-URO-138,Determinación de Urea en orina,1,1.9719,0.722,False,True,270.0,1.25,4,0,urine,tira reactiva,False
1786,ECN-CAT-URO-139,Determinación de Osmolalidad urinaria,2,2.0067,0.655,False,True,860.0,2.75,26,0,urine,microscopia,True
1787,ECN-CAT-URO-140,Determinación de Depuración de creatinina,2,1.8987,0.62,False,True,760.0,2.0,23,2,urine,colorimetria,False
1788,ECN-CAT-URO-141,Determinación de Sedimento urinario,2,2.0149,0.657,False,True,660.0,2.0,20,2,urine,tira reactiva,False
1789,ECN-CAT-URO-142,Determinación de Cetonas en orina,1,2.1552,0.789,False,True,650.0,2.5,17,0,urine,microscopia,False
1790,ECN-CAT-URO-143,Determinación de Hemoglobina en orina,1,1.5717,0.576,False,True,550.0,2.0,14,1,urine,colorimetria,False
1791,ECN-CAT-URO-144,Determinación de Nitritos en orina,1,1.5576,0.57,False,True,360.0,0.5,6,1,urine,tira reactiva,False
1792,ECN-CAT-URO-145,Determinación de Leucocitos en orina,1,3.0436,1.115,True,True,300.0,1.25,3,5,urine,microscopia,False
1793,ECN-CAT-URO-146,Determinación de Cristales en orina,2,2.1822,0.712,False,True,860.0,2.5,30,0,urine,colorimetria,True
1794,ECN-CAT-URO-147,Determinación de Cilindros urinarios,2,2.0619,0.673,False,True,810.0,2.5,27,0,urine,tira reactiva,True
1795,ECN-CAT-URO-148,Determinación de Urobilinógeno en orina,2,1.7585,0.574,False,True,740.0,3.25,24,2,urine,microscopia,False
1796,ECN-CAT-URO-149,Determinación de Bilirrubina en orina,1,2.4995,0.915,False,True,640.0,1.25,16,3,urine,colorimetria,False
1797,ECN-CAT-URO-150,Determinación de Relación albúmina creatinina,1,1.594,0.584,False,True,540.0,1.0,13,1,urine,tira reactiva,False
1798,ECN-CAT-URO-151,Cuantificación de Examen general de orina,1,1.3591,0.498,False,True,480.0,1.75,10,1,urine,microscopia,False
1799,ECN-CAT-URO-152,Cuantificación de Microalbúmina en orina,1,1.4295,0.524,False,True,430.0,1.0,7,1,urine,colorimetria,False
1800,ECN-CAT-URO-153,Cuantificación de Proteínas en orina,1,2.1108,0.773,False,True,240.0,1.0,4,2,urine,tira reactiva,True
1801,ECN-CAT-URO-154,Cuantificación de Glucosa en orina,2,2.0234,0.66,False,True,840.0,2.5,26,0,urine,microscopia,True
1802,ECN-CAT-URO-155,Cuantificación de Creatinina en orina,2,2.0912,0.682,False,True,740.0,2.0,23,0,urine,colorimetria,False
1803,ECN-CAT-URO-156,Cuantificación de Calcio en orina,2,2.0564,0.671,False,True,630.0,2.0,20,2,urine,tira reactiva,False
1804,ECN-CAT-URO-157,Cuantificación de Ácido úrico en orina,1,3.1065,1.138,True,True,570.0,2.75,17,4,urine,microscopia,False
1805,ECN-CAT-URO-158,Cuantificación de Sodio en orina,1,1.8452,0.676,False,True,520.0,2.0,14,0,urine,colorimetria,False
1806,ECN-CAT-URO-159,Cuantificación de Potasio en orina,1,1.6868,0.618,False,True,420.0,0.75,6,2,urine,tira reactiva,False
1807,ECN-CAT-URO-160,Cuantificación de Cloro en orina,1,1.5586,0.571,False,True,360.0,1.25,3,1,urine,microscopia,False
1808,ECN-CAT-URO-161,Cuantificación de Fósforo en orina,2,2.0343,0.664,False,True,920.0,2.75,30,2,urine,colorimetria,True
1809,ECN-CAT-URO-162,Cuantificación de Magnesio en orina,2,2.0784,0.678,False,True,730.0,2.5,27,0,urine,tira reactiva,True
1810,ECN-CAT-URO-163,Cuantificación de Urea en orina,2,1.9687,0.642,False,True,720.0,3.25,24,0,urine,microscopia,False
1811,ECN-CAT-URO-164,Cuantificación de Osmolalidad urinaria,1,1.9704,0.722,False,True,620.0,1.25,16,2,urine,colorimetria,False
1812,ECN-CAT-URO-165,Cuantificación de Depuración de creatinina,1,2.9986,1.098,True,True,510.0,1.25,13,4,urine,tira reactiva,False
1813,ECN-CAT-URO-166,Cuantificación de Sedimento urinario,1,1.6865,0.618,False,True,450.0,2.0,10,0,urine,microscopia,False
1814,ECN-CAT-URO-167,Cuantificación de Cetonas en orina,1,1.6321,0.598,False,True,350.0,1.25,7,2,urine,colorimetria,False
1815,ECN-CAT-URO-168,Cuantificación de Hemoglobina en orina,1,1.6495,0.604,False,True,300.0,1.0,4,1,urine,tira reactiva,False
1816,ECN-CAT-URO-169,Cuantificación de Nitritos en orina,2,1.8806,0.614,False,True,900.0,2.5,26,2,urine,microscopia,True
1817,ECN-CAT-URO-170,Cuantificación de Leucocitos en orina,2,2.0747,0.677,False,True,800.0,1.75,23,0,urine,colorimetria,True
1818,ECN-CAT-URO-171,Cuantificación de Cristales en orina,2,2.1232,0.693,False,True,610.0,1.75,20,2,urine,tira reactiva,False
1819,ECN-CAT-URO-172,Cuantificación de Cilindros urinarios,1,1.8528,0.679,False,True,540.0,2.5,17,2,urine,microscopia,False
1820,ECN-CAT-URO-173,Cuantificación de Urobilinógeno en orina,1,2.9857,1.093,True,True,500.0,1.75,14,4,urine,colorimetria,False
1821,ECN-CAT-URO-174,Cuantificación de Bilirrubina en orina,1,1.853,0.679,False,True,390.0,0.5,6,0,urine,tira reactiva,False
1822,ECN-CAT-URO-175,Cuantificación de Relación albúmina creatinina,1,1.9065,0.698,False,True,330.0,1.0,3,0,urine,microscopia,False
1823,ECN-CAT-URO-176,Evaluación de Examen general de orina,2,2.0023,0.653,False,True,890.0,2.75,30,2,urine,colorimetria,True
1824,ECN-CAT-URO-177,Evaluación de Microalbúmina en orina,2,1.8435,0.602,False,True,790.0,2.75,27,2,urine,tira reactiva,True
1825,ECN-CAT-URO-178,Evaluación de Proteínas en orina,2,1.9438,0.634,False,True,780.0,3.25,24,0,urine,microscopia,False
1826,ECN-CAT-URO-179,Evaluación de Glucosa en orina,1,2.2026,0.807,False,True,680.0,1.5,16,0,urine,colorimetria,False
1827,ECN-CAT-URO-180,Evaluación de Creatinina en orina,1,1.6984,0.622,False,True,490.0,1.25,13,2,urine,tira reactiva,False
1828,ECN-CAT-URO-181,Evaluación de Calcio en orina,1,2.8964,1.061,True,True,420.0,2.0,10,4,urine,microscopia,False
1829,ECN-CAT-URO-182,Evaluación de Ácido úrico en orina,1,1.7938,0.657,False,True,330.0,1.25,7,0,urine,colorimetria,False
1830,ECN-CAT-URO-183,Evaluación de Sodio en orina,1,1.9719,0.722,False,True,270.0,1.25,4,0,urine,tira reactiva,False
1831,ECN-CAT-URO-184,Evaluación de Potasio en orina,2,1.8218,0.594,False,True,870.0,2.75,26,2,urine,microscopia,True
1832,ECN-CAT-URO-185,Evaluación de Cloro en orina,2,1.8959,0.619,False,True,770.0,2.0,23,2,urine,colorimetria,False
1833,ECN-CAT-URO-186,Evaluación de Fósforo en orina,2,2.2123,0.722,False,True,670.0,1.75,20,0,urine,tira reactiva,False
1834,ECN-CAT-URO-187,Evaluación de Magnesio en orina,2,1.9291,0.629,False,True,610.0,2.5,17,1,urine,microscopia,True
1835,ECN-CAT-URO-188,Evaluación de Urea en orina,1,1.5932,0.583,False,True,560.0,1.75,14,1,urine,colorimetria,False
1836,ECN-CAT-URO-189,Evaluación de Osmolalidad urinaria,1,2.2767,0.834,False,True,370.0,0.5,6,3,urine,tira reactiva,False
1837,ECN-CAT-URO-190,Evaluación de Depuración de creatinina,1,1.9249,0.705,False,True,300.0,1.25,3,0,urine,microscopia,False
1838,ECN-CAT-URO-191,Evaluación de Sedimento urinario,2,1.8985,0.62,False,True,870.0,2.5,30,1,urine,colorimetria,True
1839,ECN-CAT-URO-192,Evaluación de Cetonas en orina,2,1.8788,0.613,False,True,760.0,2.5,27,2,urine,tira reactiva,True
1840,ECN-CAT-URO-193,Evaluación de Hemoglobina en orina,2,1.7782,0.58,False,True,750.0,3.0,24,2,urine,microscopia,False
1841,ECN-CAT-URO-194,Evaluación de Nitritos en orina,1,2.1484,0.787,False,True,650.0,1.25,16,0,urine,colorimetria,False
1842,ECN-CAT-URO-195,Evaluación de Leucocitos en orina,1,1.6086,0.589,False,True,550.0,1.0,13,1,urine,tira reactiva,False
1843,ECN-CAT-URO-196,Evaluación de Cristales en orina,1,1.563,0.572,False,True,490.0,1.75,10,2,urine,microscopia,False
1844,ECN-CAT-URO-197,Evaluación de Cilindros urinarios,1,1.5941,0.584,False,True,390.0,1.5,7,2,urine,colorimetria,False
1845,ECN-CAT-URO-198,Evaluación de Urobilinógeno en orina,1,2.0033,0.734,False,True,250.0,1.25,4,0,urine,tira reactiva,False
1846,ECN-CAT-URO-199,Evaluación de Bilirrubina en orina,2,1.9957,0.651,False,True,840.0,2.75,26,0,urine,microscopia,True
1847,ECN-CAT-URO-200,Evaluación de Relación albúmina creatinina,2,1.9025,0.621,False,True,750.0,2.0,23,2,urine,colorimetria,False
1848,ECN-CAT-URO-201,Control de Examen general de orina,2,2.0417,0.666,False,True,640.0,2.0,20,2,urine,tira reactiva,False
1849,ECN-CAT-URO-202,Control de Microalbúmina en orina,1,1.7571,0.644,False,True,580.0,2.75,17,1,urine,microscopia,False
1850,ECN-CAT-URO-203,Control de Proteínas en orina,1,1.7185,0.629,False,True,530.0,2.0,14,2,urine,colorimetria,False
1851,ECN-CAT-URO-204,Control de Glucosa en orina,1,1.7783,0.651,False,True,430.0,0.5,6,1,urine,tira reactiva,True
1852,ECN-CAT-URO-205,Control de Creatinina en orina,1,2.2773,0.834,False,True,370.0,1.25,3,3,urine,microscopia,False
1853,ECN-CAT-URO-206,Control de Calcio en orina,2,2.2442,0.732,False,True,930.0,2.5,30,0,urine,colorimetria,True
1854,ECN-CAT-URO-207,Control de Ácido úrico en orina,2,2.0732,0.676,False,True,740.0,2.5,27,0,urine,tira reactiva,True
1855,ECN-CAT-URO-208,Control de Sodio en orina,2,2.326,0.759,False,True,670.0,3.25,24,3,urine,microscopia,False
1856,ECN-CAT-URO-209,Control de Potasio en orina,1,2.4832,0.909,False,True,630.0,1.25,16,3,urine,colorimetria,False
1857,ECN-CAT-URO-210,Control de Cloro en orina,1,1.8624,0.682,False,True,520.0,1.25,13,0,urine,tira reactiva,False
1858,ECN-CAT-URO-211,Control de Fósforo en orina,1,1.6953,0.621,False,True,460.0,1.75,10,0,urine,microscopia,False
1859,ECN-CAT-URO-212,Control de Magnesio en orina,1,1.4372,0.526,False,True,360.0,1.25,7,1,urine,colorimetria,False
1860,ECN-CAT-URO-213,Control de Urea en orina,1,2.3914,0.876,False,True,260.0,1.0,4,3,urine,tira reactiva,False
1861,ECN-CAT-URO-214,Control de Osmolalidad urinaria,2,2.0773,0.678,False,True,910.0,2.5,26,0,urine,microscopia,True
1862,ECN-CAT-URO-215,Control de Depuración de creatinina,2,2.1152,0.69,False,True,810.0,1.75,23,0,urine,colorimetria,False
1863,ECN-CAT-URO-216,Control de Sedimento urinario,2,2.5543,0.834,False,True,620.0,1.75,20,3,urine,tira reactiva,False
1864,ECN-CAT-URO-217,Control de Cetonas en orina,1,2.3846,0.873,False,True,550.0,2.5,17,3,urine,microscopia,False
1865,ECN-CAT-URO-218,Control de Hemoglobina en orina,1,1.4795,0.542,False,True,460.0,2.0,14,1,urine,colorimetria,False
1866,ECN-CAT-URO-219,Control de Nitritos en orina,1,1.8291,0.67,False,True,400.0,0.75,6,0,urine,tira reactiva,False
1867,ECN-CAT-URO-220,Control de Leucocitos en orina,1,1.7366,0.636,False,True,340.0,1.5,3,2,urine,microscopia,False
1868,ECN-CAT-URO-221,Control de Cristales en orina,2,2.0526,0.67,False,True,900.0,2.75,30,2,urine,colorimetria,False
1869,ECN-CAT-URO-222,Control de Cilindros urinarios,2,1.7497,0.571,False,True,800.0,2.5,27,1,urine,tira reactiva,True
1870,ECN-CAT-URO-223,Control de Urobilinógeno en orina,2,1.9565,0.638,False,True,740.0,3.25,24,0,urine,microscopia,False
1871,ECN-CAT-URO-224,Control de Bilirrubina en orina,1,2.5902,0.949,False,True,690.0,1.25,16,3,urine,colorimetria,False
1872,ECN-CAT-URO-225,Control de Relación albúmina creatinina,1,2.2625,0.829,False,True,500.0,1.25,13,3,urine,tira reactiva,False
1873,ECN-CAT-URO-226,Confirmación de Examen general de orina,1,1.6827,0.616,False,True,430.0,2.0,10,0,urine,microscopia,False
1874,ECN-CAT-URO-227,Confirmación de Microalbúmina en orina,1,1.4565,0.533,False,True,340.0,1.25,7,1,urine,colorimetria,False
1875,ECN-CAT-URO-228,Confirmación de Proteínas en orina,1,1.9138,0.701,False,True,230.0,1.25,4,2,urine,tira reactiva,False
1876,ECN-CAT-URO-229,Confirmación de Glucosa en orina,2,2.3551,0.768,False,True,880.0,2.5,26,3,urine,microscopia,True
1877,ECN-CAT-URO-230,Confirmación de Creatinina en orina,2,1.7716,0.578,False,True,780.0,2.0,23,1,urine,colorimetria,False
1878,ECN-CAT-URO-231,Confirmación de Calcio en orina,2,2.2021,0.719,False,True,680.0,1.75,20,0,urine,tira reactiva,False
1879,ECN-CAT-URO-232,Confirmación de Ácido úrico en orina,1,1.9778,0.724,False,True,620.0,2.5,17,2,urine,microscopia,False
1880,ECN-CAT-URO-233,Confirmación de Sodio en orina,1,1.7123,0.627,False,True,520.0,1.75,14,2,urine,colorimetria,False
1881,ECN-CAT-URO-234,Confirmación de Potasio en orina,1,1.8569,0.68,False,True,380.0,0.5,6,0,urine,tira reactiva,False
1882,ECN-CAT-URO-235,Confirmación de Cloro en orina,1,1.6117,0.59,False,True,310.0,1.25,3,1,urine,microscopia,False
1883,ECN-CAT-URO-236,Confirmación de Fósforo en orina,2,2.0213,0.66,False,True,880.0,2.5,30,2,urine,colorimetria,True
1884,ECN-CAT-URO-237,Confirmación de Magnesio en orina,2,1.9087,0.623,False,True,770.0,2.25,27,2,urine,tira reactiva,True
1885,ECN-CAT-URO-238,Confirmación de Urea en orina,2,1.9567,0.638,False,True,710.0,3.0,24,0,urine,microscopia,True
1886,ECN-CAT-URO-239,Confirmación de Osmolalidad urinaria,1,1.8974,0.695,False,True,660.0,1.5,16,1,urine,colorimetria,False
1887,ECN-CAT-URO-240,Confirmación de Depuración de creatinina,1,1.7767,0.651,False,True,560.0,1.25,13,2,urine,tira reactiva,False
1888,ECN-CAT-URO-241,Confirmación de Sedimento urinario,1,1.5661,0.574,False,True,500.0,2.0,10,2,urine,microscopia,False
1889,ECN-CAT-URO-242,Confirmación de Cetonas en orina,1,1.7499,0.641,False,True,400.0,1.25,7,0,urine,colorimetria,False
1890,ECN-CAT-URO-243,Confirmación de Hemoglobina en orina,1,1.8016,0.66,False,True,210.0,1.25,4,1,urine,tira reactiva,False
1891,ECN-CAT-URO-244,Confirmación de Nitritos en orina,2,2.3133,0.755,False,True,850.0,2.75,26,3,urine,microscopia,True
1892,ECN-CAT-MOL-126,Determinación de Detección molecular de SARS-CoV-2,2,2.4072,0.785,False,True,1180.0,7.75,28,1,swab,rt-pcr,True
1893,ECN-CAT-MOL-127,Determinación de Virus de influenza A,2,2.1651,0.706,False,True,1100.0,7.75,25,1,swab,rt-pcr,True
1894,ECN-CAT-MOL-128,Determinación de Virus de influenza B,2,3.1223,1.019,True,True,1000.0,6.5,17,4,swab,rt-pcr,True
1895,ECN-CAT-MOL-129,Determinación de Virus del papiloma humano,2,2.1708,0.708,False,True,880.0,7.25,14,0,swab,pcr,True
1896,ECN-CAT-MOL-130,Determinación de Virus de hepatitis B,2,2.1083,0.688,False,True,800.0,7.25,11,2,plasma,pcr,True
1897,ECN-CAT-MOL-131,Determinación de Virus de hepatitis C,2,2.348,0.766,False,True,760.0,7.25,8,2,plasma,pcr,True
1898,ECN-CAT-MOL-132,Determinación de Virus de Epstein-Barr,1,2.9285,1.073,True,True,580.0,7.25,5,3,blood,pcr,True
1899,ECN-CAT-MOL-133,Determinación de Citomegalovirus,2,2.5986,0.848,False,True,1160.0,8.0,27,0,blood,pcr,True
1900,ECN-CAT-MOL-134,Determinación de Virus herpes simple 1,2,2.1573,0.704,False,True,1060.0,8.0,24,2,swab,pcr,True
1901,ECN-CAT-MOL-135,Determinación de Virus herpes simple 2,2,1.8711,0.611,False,True,980.0,8.0,21,1,swab,pcr,True
1902,ECN-CAT-MOL-136,Determinación de Chlamydia trachomatis,2,3.1462,1.027,True,True,940.0,8.0,18,4,swab,pcr,False
1903,ECN-CAT-MOL-137,Determinación de Neisseria gonorrhoeae,2,2.1632,0.706,False,True,860.0,7.75,15,0,swab,pcr,True
1904,ECN-CAT-MOL-138,Determinación de Mycobacterium tuberculosis,2,2.6028,0.849,False,True,760.0,6.5,7,0,other,pcr,True
1905,ECN-CAT-MOL-139,Determinación de Bordetella pertussis,1,3.5947,1.317,True,True,680.0,6.5,4,4,swab,pcr,True
1906,ECN-CAT-MOL-140,Determinación de Parvovirus B19,1,2.5493,0.934,False,True,600.0,6.5,1,2,blood,pcr,True
1907,ECN-CAT-MOL-141,Determinación de Dengue por PCR,2,2.5983,0.848,False,True,1160.0,7.5,28,0,blood,rt-pcr,True
1908,ECN-CAT-MOL-142,Determinación de Zika por PCR,2,2.1141,0.69,False,True,1060.0,7.5,25,2,blood,rt-pcr,True
1909,ECN-CAT-MOL-143,Determinación de Chikungunya por PCR,2,1.7821,0.582,False,True,980.0,6.25,17,1,blood,rt-pcr,True
1910,ECN-CAT-MOL-144,Determinación de Panel respiratorio molecular,2,3.0962,1.01,True,True,900.0,6.0,14,4,swab,rt-pcr,True
1911,ECN-CAT-MOL-145,Determinación de Panel gastrointestinal molecular,2,2.3035,0.752,False,True,800.0,6.0,11,0,other,rt-pcr,True
1912,ECN-CAT-MOL-146,Determinación de Trombofilia hereditaria,2,2.2545,0.736,False,True,740.0,7.0,8,1,blood,pcr,True
1913,ECN-CAT-MOL-147,Determinación de Mutación JAK2,1,2.6071,0.955,False,True,640.0,7.25,5,2,blood,pcr,True
1914,ECN-CAT-MOL-148,Determinación de BCR-ABL cuantitativo,2,2.8463,0.929,False,True,1220.0,8.0,27,3,blood,pcr,True
1915,ECN-CAT-MOL-149,Determinación de HLA-B27,2,2.4955,0.814,False,True,1140.0,8.0,24,0,blood,pcr,True
1916,ECN-CAT-MOL-150,Determinación de Carga viral cuantitativa,2,1.9035,0.621,False,True,960.0,8.0,21,2,plasma,pcr,True
1917,ECN-CAT-MOL-151,Cuantificación de Detección molecular de SARS-CoV-2,2,1.8906,0.617,False,True,940.0,7.0,18,2,swab,rt-pcr,True
1918,ECN-CAT-MOL-152,Cuantificación de Virus de influenza A,2,3.0869,1.007,True,True,860.0,7.0,15,5,swab,rt-pcr,True
1919,ECN-CAT-MOL-153,Cuantificación de Virus de influenza B,2,2.5847,0.843,False,True,780.0,5.75,7,0,swab,rt-pcr,False
1920,ECN-CAT-MOL-154,Cuantificación de Virus del papiloma humano,1,2.7173,0.995,False,True,660.0,6.75,4,0,swab,pcr,True
1921,ECN-CAT-MOL-155,Cuantificación de Virus de hepatitis B,1,2.4592,0.901,False,True,560.0,6.5,1,2,plasma,pcr,True
1922,ECN-CAT-MOL-156,Cuantificación de Virus de hepatitis C,2,3.4901,1.139,True,True,1180.0,8.5,28,4,plasma,pcr,True
1923,ECN-CAT-MOL-157,Cuantificación de Virus de Epstein-Barr,2,2.4689,0.806,False,True,1100.0,8.5,25,0,blood,pcr,True
1924,ECN-CAT-MOL-158,Cuantificación de Citomegalovirus,2,2.0386,0.665,False,True,1020.0,7.25,17,2,blood,pcr,True
1925,ECN-CAT-MOL-159,Cuantificación de Virus herpes simple 1,2,1.9681,0.642,False,True,840.0,7.25,14,2,swab,pcr,True
1926,ECN-CAT-MOL-160,Cuantificación de Virus herpes simple 2,2,2.1651,0.707,False,True,740.0,7.25,11,2,swab,pcr,True
1927,ECN-CAT-MOL-161,Cuantificación de Chlamydia trachomatis,2,2.5658,0.837,False,True,700.0,7.25,8,0,swab,pcr,True
1928,ECN-CAT-MOL-162,Cuantificación de Neisseria gonorrhoeae,1,2.4667,0.903,False,True,620.0,7.0,5,1,swab,pcr,True
1929,ECN-CAT-MOL-163,Cuantificación de Mycobacterium tuberculosis,2,2.4866,0.811,False,True,1200.0,7.75,27,2,other,pcr,True
1930,ECN-CAT-MOL-164,Cuantificación de Bordetella pertussis,2,3.2801,1.07,True,True,1100.0,7.75,24,4,swab,pcr,True
1931,ECN-CAT-MOL-165,Cuantificación de Parvovirus B19,2,2.1825,0.712,False,True,1020.0,7.75,21,0,blood,pcr,True
1932,ECN-CAT-MOL-166,Cuantificación de Dengue por PCR,2,1.9465,0.635,False,True,1000.0,6.75,18,2,blood,rt-pcr,True
1933,ECN-CAT-MOL-167,Cuantificación de Zika por PCR,2,1.9382,0.632,False,True,920.0,6.75,15,2,blood,rt-pcr,True
1934,ECN-CAT-MOL-168,Cuantificación de Chikungunya por PCR,2,3.3958,1.108,True,True,740.0,5.75,7,4,blood,rt-pcr,True
1935,ECN-CAT-MOL-169,Cuantificación de Panel respiratorio molecular,1,2.5826,0.946,False,True,660.0,5.75,4,0,swab,rt-pcr,True
1936,ECN-CAT-MOL-170,Cuantificación de Panel gastrointestinal molecular,1,2.3895,0.875,False,True,560.0,5.75,1,0,other,rt-pcr,False
1937,ECN-CAT-MOL-171,Cuantificación de Trombofilia hereditaria,2,2.577,0.841,False,True,1160.0,8.75,28,2,blood,pcr,True
1938,ECN-CAT-MOL-172,Cuantificación de Mutación JAK2,2,3.3332,1.088,True,True,1080.0,8.75,25,4,blood,pcr,True
1939,ECN-CAT-MOL-173,Cuantificación de BCR-ABL cuantitativo,2,2.1388,0.698,False,True,980.0,7.25,17,0,blood,pcr,True
1940,ECN-CAT-MOL-174,Cuantificación de HLA-B27,2,1.9872,0.648,False,True,900.0,7.25,14,2,blood,pcr,True
1941,ECN-CAT-MOL-175,Cuantificación de Carga viral cuantitativa,2,2.5552,0.834,False,True,800.0,7.25,11,3,plasma,pcr,True
1942,ECN-CAT-MOL-176,Evaluación de Detección molecular de SARS-CoV-2,2,2.3433,0.765,False,True,760.0,6.25,8,2,swab,rt-pcr,True
1943,ECN-CAT-MOL-177,Evaluación de Virus de influenza A,1,2.5633,0.939,False,True,620.0,6.25,5,0,swab,rt-pcr,True
1944,ECN-CAT-MOL-178,Evaluación de Virus de influenza B,2,2.4006,0.783,False,True,1200.0,7.0,27,2,swab,rt-pcr,True
1945,ECN-CAT-MOL-179,Evaluación de Virus del papiloma humano,2,2.1015,0.686,False,True,1080.0,8.0,24,1,swab,pcr,True
1946,ECN-CAT-MOL-180,Evaluación de Virus de hepatitis B,2,3.0699,1.002,True,True,980.0,7.75,21,4,plasma,pcr,True
1947,ECN-CAT-MOL-181,Evaluación de Virus de hepatitis C,2,2.0351,0.664,False,True,900.0,7.75,18,0,plasma,pcr,True
1948,ECN-CAT-MOL-182,Evaluación de Virus de Epstein-Barr,2,1.96,0.64,False,True,860.0,7.75,15,2,blood,pcr,True
1949,ECN-CAT-MOL-183,Evaluación de Citomegalovirus,2,2.3912,0.78,False,True,780.0,6.5,7,2,blood,pcr,True
1950,ECN-CAT-MOL-184,Evaluación de Virus herpes simple 1,1,2.6217,0.96,False,True,680.0,6.5,4,2,swab,pcr,True
1951,ECN-CAT-MOL-185,Evaluación de Virus herpes simple 2,1,2.6906,0.985,False,True,600.0,6.5,1,0,swab,pcr,True
1952,ECN-CAT-MOL-186,Evaluación de Chlamydia trachomatis,2,2.3597,0.77,False,True,1080.0,8.5,28,2,swab,pcr,True
1953,ECN-CAT-MOL-187,Evaluación de Neisseria gonorrhoeae,2,2.131,0.695,False,True,1040.0,8.5,25,1,swab,pcr,False
1954,ECN-CAT-MOL-188,Evaluación de Mycobacterium tuberculosis,2,3.1158,1.017,True,True,960.0,7.0,17,4,other,pcr,True
1955,ECN-CAT-MOL-189,Evaluación de Bordetella pertussis,2,2.1834,0.712,False,True,860.0,7.5,14,0,swab,pcr,True
1956,ECN-CAT-MOL-190,Evaluación de Parvovirus B19,2,2.3208,0.757,False,True,780.0,7.5,11,0,blood,pcr,True
1957,ECN-CAT-MOL-191,Evaluación de Dengue por PCR,2,2.2405,0.731,False,True,720.0,6.25,8,1,blood,rt-pcr,True
1958,ECN-CAT-MOL-192,Evaluación de Zika por PCR,1,2.5199,0.923,False,True,680.0,6.25,5,2,blood,rt-pcr,True
1959,ECN-CAT-MOL-193,Evaluación de Chikungunya por PCR,2,2.2828,0.745,False,True,1260.0,7.0,27,1,blood,rt-pcr,True
1960,ECN-CAT-MOL-194,Evaluación de Panel respiratorio molecular,2,2.3476,0.766,False,True,1180.0,7.0,24,2,swab,rt-pcr,True
1961,ECN-CAT-MOL-195,Evaluación de Panel gastrointestinal molecular,2,1.8703,0.61,False,True,1000.0,7.0,21,1,other,rt-pcr,True
1962,ECN-CAT-MOL-196,Evaluación de Trombofilia hereditaria,2,3.0598,0.998,False,True,880.0,8.0,18,4,blood,pcr,True
1963,ECN-CAT-MOL-197,Evaluación de Mutación JAK2,2,2.1613,0.705,False,True,840.0,8.0,15,0,blood,pcr,True
1964,ECN-CAT-MOL-198,Evaluación de BCR-ABL cuantitativo,2,2.5501,0.832,False,True,740.0,6.5,7,0,blood,pcr,True
1965,ECN-CAT-MOL-199,Evaluación de HLA-B27,1,2.5367,0.929,False,True,660.0,6.5,4,2,blood,pcr,True
1966,ECN-CAT-MOL-200,Evaluación de Carga viral cuantitativa,1,3.4941,1.28,True,True,580.0,6.5,1,4,plasma,pcr,True
1967,ECN-CAT-MOL-201,Control de Detección molecular de SARS-CoV-2,2,2.6179,0.854,False,True,1180.0,7.5,28,0,swab,rt-pcr,True
1968,ECN-CAT-MOL-202,Control de Virus de influenza A,2,2.3476,0.766,False,True,1140.0,7.5,25,2,swab,rt-pcr,True
1969,ECN-CAT-MOL-203,Control de Virus de influenza B,2,1.9933,0.65,False,True,1060.0,6.25,17,1,swab,rt-pcr,True
1970,ECN-CAT-MOL-204,Control de Virus del papiloma humano,2,3.1371,1.024,True,True,840.0,7.25,14,4,swab,pcr,False
1971,ECN-CAT-MOL-205,Control de Virus de hepatitis B,2,2.2802,0.744,False,True,760.0,7.25,11,0,plasma,pcr,True
1972,ECN-CAT-MOL-206,Control de Virus de hepatitis C,2,2.5418,0.829,False,True,660.0,7.0,8,0,plasma,pcr,True
1973,ECN-CAT-MOL-207,Control de Virus de Epstein-Barr,1,2.9349,1.075,True,True,620.0,7.0,5,3,blood,pcr,True
1974,ECN-CAT-MOL-208,Control de Citomegalovirus,2,2.4246,0.791,False,True,1200.0,7.75,27,2,blood,pcr,True
1975,ECN-CAT-MOL-209,Control de Virus herpes simple 1,2,2.4359,0.795,False,True,1120.0,7.75,24,0,swab,pcr,True
1976,ECN-CAT-MOL-210,Control de Virus herpes simple 2,2,2.5203,0.822,False,True,1020.0,8.0,21,3,swab,pcr,True
1977,ECN-CAT-MOL-211,Control de Chlamydia trachomatis,2,1.8657,0.609,False,True,940.0,8.0,18,1,swab,pcr,True
1978,ECN-CAT-MOL-212,Control de Neisseria gonorrhoeae,2,2.0532,0.67,False,True,900.0,8.0,15,2,swab,pcr,True
1979,ECN-CAT-MOL-213,Control de Mycobacterium tuberculosis,2,2.6331,0.859,False,True,720.0,6.75,7,0,other,pcr,True
1980,ECN-CAT-MOL-214,Control de Bordetella pertussis,1,2.6852,0.983,False,True,640.0,6.75,4,0,swab,pcr,True
1981,ECN-CAT-MOL-215,Control de Parvovirus B19,1,2.9288,1.073,True,True,540.0,6.75,1,3,blood,pcr,True
1982,ECN-CAT-MOL-216,Control de Dengue por PCR,2,3.398,1.109,True,True,1140.0,7.5,28,4,blood,rt-pcr,True
1983,ECN-CAT-MOL-217,Control de Zika por PCR,2,2.4263,0.792,False,True,1120.0,7.5,25,0,blood,rt-pcr,True
1984,ECN-CAT-MOL-218,Control de Chikungunya por PCR,2,1.869,0.61,False,True,1020.0,6.25,17,1,blood,rt-pcr,True
1985,ECN-CAT-MOL-219,Control de Panel respiratorio molecular,2,2.0082,0.655,False,True,940.0,6.25,14,2,swab,rt-pcr,True
1986,ECN-CAT-MOL-220,Control de Panel gastrointestinal molecular,2,2.5984,0.848,False,True,840.0,6.25,11,3,other,rt-pcr,True
1987,ECN-CAT-MOL-221,Control de Trombofilia hereditaria,2,2.5657,0.837,False,True,720.0,7.25,8,0,blood,pcr,False
1988,ECN-CAT-MOL-222,Control de Mutación JAK2,1,2.6432,0.968,False,True,600.0,7.25,5,0,blood,pcr,True
1989,ECN-CAT-MOL-223,Control de BCR-ABL cuantitativo,2,2.4529,0.8,False,True,1180.0,8.0,27,2,blood,pcr,True
1990,ECN-CAT-MOL-224,Control de HLA-B27,2,3.2294,1.054,True,True,1080.0,7.75,24,4,blood,pcr,True
1991,ECN-CAT-MOL-225,Control de Carga viral cuantitativa,2,2.1231,0.693,False,True,1000.0,7.75,21,0,plasma,pcr,True
1992,ECN-CAT-MOL-226,Confirmación de Detección molecular de SARS-CoV-2,2,2.3597,0.77,False,True,940.0,6.75,18,3,swab,rt-pcr,True
1993,ECN-CAT-MOL-227,Confirmación de Virus de influenza A,2,1.9066,0.622,False,True,860.0,6.75,15,2,swab,rt-pcr,True
1994,ECN-CAT-MOL-228,Confirmación de Virus de influenza B,2,2.4002,0.783,False,True,820.0,5.5,7,2,swab,rt-pcr,True
1995,ECN-CAT-MOL-229,Confirmación de Virus del papiloma humano,1,2.5505,0.934,False,True,700.0,6.5,4,1,swab,pcr,True
1996,ECN-CAT-MOL-230,Confirmación de Virus de hepatitis B,1,2.3906,0.876,False,True,600.0,6.5,1,1,plasma,pcr,True
1997,ECN-CAT-MOL-231,Confirmación de Virus de hepatitis C,2,2.8039,0.915,False,True,1100.0,8.75,28,3,plasma,pcr,True
1998,ECN-CAT-MOL-232,Confirmación de Virus de Epstein-Barr,2,3.2177,1.05,True,True,1000.0,8.75,25,4,blood,pcr,True
1999,ECN-CAT-MOL-233,Confirmación de Citomegalovirus,2,2.1338,0.696,False,True,960.0,7.5,17,0,blood,pcr,True
2000,ECN-CAT-MOL-234,Confirmación de Virus herpes simple 1,2,1.878,0.613,False,True,880.0,7.25,14,1,swab,pcr,True
2001,ECN-CAT-MOL-235,Confirmación de Virus herpes simple 2,2,2.1532,0.703,False,True,800.0,7.25,11,2,swab,pcr,True
2002,ECN-CAT-MOL-236,Confirmación de Chlamydia trachomatis,2,2.4182,0.789,False,True,700.0,7.25,8,2,swab,pcr,True
2003,ECN-CAT-MOL-237,Confirmación de Neisseria gonorrhoeae,1,2.5133,0.92,False,True,620.0,7.25,5,1,swab,pcr,True
2004,ECN-CAT-MOL-238,Confirmación de Mycobacterium tuberculosis,2,2.4568,0.802,False,True,1240.0,8.0,27,1,other,pcr,False
2005,ECN-CAT-MOL-239,Confirmación de Bordetella pertussis,2,2.3651,0.772,False,True,1140.0,8.0,24,2,swab,pcr,True
2006,ECN-CAT-MOL-240,Confirmación de Parvovirus B19,2,2.4357,0.795,False,True,980.0,8.0,21,3,blood,pcr,True
2007,ECN-CAT-MOL-241,Confirmación de Dengue por PCR,2,2.0256,0.661,False,True,920.0,7.0,18,0,blood,rt-pcr,True
2008,ECN-CAT-MOL-242,Confirmación de Zika por PCR,2,2.0484,0.668,False,True,820.0,6.75,15,0,blood,rt-pcr,True
2009,ECN-CAT-MOL-243,Confirmación de Chikungunya por PCR,2,2.3764,0.775,False,True,780.0,5.5,7,2,blood,rt-pcr,True
2010,ECN-CAT-MOL-244,Confirmación de Panel respiratorio molecular,1,2.5319,0.927,False,True,700.0,5.5,4,2,swab,rt-pcr,True
