study_id,study_code,study_name,is_synthetic,type,method,parameter_count,duration_minutes,sample_type,requires_special_processing,normal_price
1,GLU-001,GLUCOSA,False,study,sin_metodo,0,60,unknown,,110.0
2,BH01,BIOMETRIA HEMATICA,False,study,AUTOMATIZADO,0,30,unknown,,180.0
3,QS06,QUIMICA SANGUINEA 6 ELEMENTOS,False,study,ESPECTROFOTOMETRIA,0,45,unknown,,220.0
4,QS12,QUIMICA SANGUINEA 12 ELEMENTOS,False,study,ESPECTROFOTOMETRIA,0,60,unknown,,350.0
5,GLU01,GLUCOSA,False,study,ENZIMATICO,0,15,unknown,,80.0
6,HBA1C,Hemoglobina glucosilada HbA1c,False,study,Inmunoturbidimetría,0,90,unknown,,280.0
7,COL01,COLESTEROL TOTAL,False,study,ENZIMATICO,0,20,unknown,,90.0
8,TRI01,TRIGLICERIDOS,False,study,ENZIMATICO,0,20,unknown,,90.0
9,PL01,PERFIL LIPIDICO,False,study,ENZIMATICO,0,40,unknown,,260.0
10,EGO01,EXAMEN GENERAL DE ORINA,False,study,MICROSCOPIA,0,25,unknown,,120.0
11,UROC01,UROCULTIVO,False,study,CULTIVO,0,48,unknown,,280.0
12,CREA01,CREATININA,False,study,ENZIMATICO,0,15,unknown,,85.0
13,UREA01,UREA,False,study,ENZIMATICO,0,15,unknown,,85.0
14,AU01,ACIDO URICO,False,study,ENZIMATICO,0,15,unknown,,85.0
15,HCG01,PRUEBA DE EMBARAZO,False,study,INMUNOENSAYO,0,15,unknown,,120.0
16,TSH01,TSH,False,study,INMUNOENSAYO,0,30,unknown,,220.0
17,T301,T3,False,study,INMUNOENSAYO,0,30,unknown,,200.0
18,T401,T4,False,study,INMUNOENSAYO,0,30,unknown,,200.0
19,PT01,PROTEINAS TOTALES,False,study,COLORIMETRIA,0,20,unknown,,90.0
20,ALB01,ALBUMINA,False,study,COLORIMETRIA,0,20,unknown,,90.0
21,BILI01,BILIRRUBINA TOTAL,False,study,COLORIMETRIA,0,20,unknown,,100.0
22,TGO01,TGO,False,study,ENZIMATICO,0,20,unknown,,110.0
23,TGP01,TGP,False,study,ENZIMATICO,0,20,unknown,,110.0
29,PCR01,PCR,False,study,INMUNOENSAYO,0,25,unknown,,150.0
30,VDRL01,VDRL,False,study,AGLUTINACION,0,25,unknown,,160.0
31,VIH01,VIH,False,study,ELISA,0,30,unknown,,320.0
32,GLU-PP01,Glucosa posprandial,False,study,Enzimático colorimétrico,0,60,serum,False,110.0
33,INS-AY01,Insulina sérica en ayuno,False,study,Quimioluminiscencia,0,120,serum,False,390.0
35,QS003,Química sanguínea de 3 elementos,False,study,Espectrofotometría,3,60,serum,False,190.0
36,DDIM01,Dímero D cuantitativo,False,study,Inmunoturbidimetría,0,120,plasma,True,420.0
37,EXFAR01,Cultivo de exudado faríngeo,False,study,Cultivo microbiológico,0,2880,swab,True,360.0
38,COVPCR01,Detección de SARS-CoV-2 por RT-PCR,False,study,RT-PCR,0,1440,swab,True,950.0
39,BH001,Biometría hemática completa,False,study,Citometría / hematología automatizada,0,60,unknown,,180.0
40,QS006,Química sanguínea de 6 elementos,False,study,Espectrofotometría,0,60,unknown,,260.0
41,QS012,Química sanguínea de 12 elementos,False,study,Espectrofotometría,0,90,unknown,,420.0
42,GLU001,Glucosa en sangre,False,study,Enzimático colorimétrico,0,45,unknown,,80.0
44,PL001,Perfil lipídico,False,study,Espectrofotometría,0,60,unknown,,250.0
45,EGO001,Examen general de orina,False,study,Tira reactiva y microscopía,0,45,unknown,,120.0
46,UROCUL,Urocultivo,False,study,Cultivo microbiológico,0,2880,unknown,,380.0
47,HCG001,Prueba de embarazo en sangre,False,study,Inmunoensayo,0,60,unknown,,180.0
48,PH001,Perfil hepático,False,study,Espectrofotometría,0,90,unknown,,390.0
49,PT001,Perfil tiroideo T3 T4 TSH,False,study,Quimioluminiscencia,0,120,unknown,,520.0
50,PSA001,Antígeno prostático específico PSA,False,study,Quimioluminiscencia,0,120,unknown,,360.0
51,GRH001,Grupo sanguíneo y factor RH,False,study,Hemaglutinación,0,45,unknown,,130.0
52,COP001,Coprológico general,False,study,Microscopía,0,60,unknown,,140.0
53,RF001,Reacciones febriles,False,study,Aglutinación,0,90,unknown,,220.0
54,TP001,Tiempo de protrombina TP,False,study,Coagulometría,0,60,unknown,,180.0
55,TPT001,Tiempo parcial de tromboplastina TPT,False,study,Coagulometría,0,60,unknown,,180.0
59,ECN-CAT-QC-001,Determinación de Glucosa,True,study,ENZIMÁTICO,8,60,serum,False,310.0
60,ECN-CAT-HEM-001,Determinación de Biometría hemática,True,study,IMPEDANCIA,15,105,blood,False,500.0
61,ECN-CAT-INM-001,Determinación de Proteína C reactiva,True,study,INMUNOENSAYO,22,165,serum,False,690.0
62,ECN-CAT-MIC-001,Determinación de Urocultivo,True,study,CULTIVO,29,855,urine,True,940.0
63,ECN-CAT-COA-001,Determinación de Tiempo de protrombina,True,study,COAGULOMETRÍA,6,75,plasma,False,360.0
64,ECN-CAT-END-001,Determinación de Hormona estimulante de tiroides,True,study,INMUNOENSAYO,13,135,serum,False,540.0
65,ECN-CAT-URO-001,Determinación de Examen general de orina,True,study,TIRA REACTIVA,20,105,urine,False,610.0
66,ECN-CAT-MOL-001,Determinación de Detección molecular de SARS-CoV-2,True,study,RT-PCR,27,435,swab,True,1160.0
67,ECN-CAT-QC-002,Determinación de Urea,True,study,ESPECTROFOTOMETRÍA,4,60,plasma,False,240.0
68,ECN-CAT-HEM-002,Determinación de Hemoglobina,True,study,CITOMETRÍA,11,135,blood,False,500.0
69,ECN-CAT-INM-002,Determinación de Factor reumatoide,True,study,ELISA,18,180,serum,False,680.0
70,ECN-CAT-MIC-002,Determinación de Coprocultivo,True,study,CULTIVO,25,840,stool,True,840.0
71,ECN-CAT-COA-002,Determinación de Tiempo de tromboplastina parcial,True,study,COAGULOMETRÍA,2,60,plasma,False,260.0
72,ECN-CAT-END-002,Determinación de Tiroxina libre,True,study,QUIMIOLUMINISCENCIA,9,180,plasma,False,500.0
73,ECN-CAT-URO-002,Determinación de Microalbúmina en orina,True,study,MICROSCOPÍA,16,135,urine,False,590.0
74,ECN-CAT-MOL-002,Determinación de Virus de influenza A,True,study,RT-PCR,23,420,swab,True,1060.0
75,ECN-CAT-QC-003,Determinación de Creatinina,True,study,COLORIMETRÍA,30,150,serum,True,780.0
76,ECN-CAT-HEM-003,Determinación de Hematocrito,True,study,MICROSCOPÍA,7,90,blood,False,290.0
77,ECN-CAT-INM-003,Determinación de Antiestreptolisinas O,True,study,QUIMIOLUMINISCENCIA,14,195,serum,False,610.0
78,ECN-CAT-MIC-003,Determinación de Exudado faríngeo,True,study,CULTIVO,21,810,swab,False,740.0
79,ECN-CAT-COA-003,Determinación de Tiempo de trombina,True,study,COAGULOMETRÍA,28,165,plasma,True,820.0
80,ECN-CAT-END-003,Determinación de Tiroxina total,True,study,ELISA,5,135,serum,False,430.0
81,ECN-CAT-URO-003,Determinación de Proteínas en orina,True,study,COLORIMETRÍA,12,75,urine,False,480.0
82,ECN-CAT-MOL-003,Determinación de Virus de influenza B,True,study,RT-PCR,19,405,swab,True,960.0
83,ECN-CAT-QC-004,Determinación de Ácido úrico,True,study,ENZIMÁTICO,26,135,plasma,True,680.0
84,ECN-CAT-HEM-004,Determinación de Eritrocitos,True,study,IMPEDANCIA,3,45,blood,False,260.0
85,ECN-CAT-INM-004,Determinación de Inmunoglobulina A,True,study,INMUNOENSAYO,10,120,serum,False,450.0
86,ECN-CAT-MIC-004,Determinación de Exudado nasal,True,study,CULTIVO,17,795,swab,True,640.0
87,ECN-CAT-COA-004,Determinación de Fibrinógeno,True,study,COAGULOMETRÍA,24,165,plasma,False,730.0
88,ECN-CAT-END-004,Determinación de Triyodotironina libre,True,study,INMUNOENSAYO,1,75,plasma,False,300.0
89,ECN-CAT-URO-004,Determinación de Glucosa en orina,True,study,TIRA REACTIVA,8,60,urine,False,370.0
90,ECN-CAT-MOL-004,Determinación de Virus del papiloma humano,True,study,PCR,15,435,swab,True,830.0
91,ECN-CAT-QC-005,Determinación de Colesterol total,True,study,ESPECTROFOTOMETRÍA,22,135,serum,False,660.0
92,ECN-CAT-HEM-005,Determinación de Leucocitos,True,study,CITOMETRÍA,29,195,blood,True,920.0
93,ECN-CAT-INM-005,Determinación de Inmunoglobulina G,True,study,ELISA,6,135,serum,False,380.0
94,ECN-CAT-MIC-005,Determinación de Exudado vaginal,True,study,CULTIVO,13,780,swab,False,550.0
95,ECN-CAT-COA-005,Determinación de Dímero D,True,study,COAGULOMETRÍA,20,150,plasma,False,680.0
96,ECN-CAT-END-005,Determinación de Triyodotironina total,True,study,QUIMIOLUMINISCENCIA,27,240,serum,True,920.0
97,ECN-CAT-URO-005,Determinación de Creatinina en orina,True,study,MICROSCOPÍA,4,90,urine,False,290.0
98,ECN-CAT-MOL-005,Determinación de Virus de hepatitis B,True,study,PCR,11,420,plasma,True,730.0
99,ECN-CAT-QC-006,Determinación de Triglicéridos,True,study,COLORIMETRÍA,18,105,plasma,False,540.0
100,ECN-CAT-HEM-006,Determinación de Plaquetas,True,study,MICROSCOPÍA,25,165,blood,True,700.0
101,ECN-CAT-INM-006,Determinación de Inmunoglobulina M,True,study,QUIMIOLUMINISCENCIA,2,150,serum,False,320.0
102,ECN-CAT-MIC-006,Determinación de Exudado uretral,True,study,CULTIVO,9,765,swab,False,500.0
103,ECN-CAT-COA-006,Determinación de INR,True,study,COAGULOMETRÍA,16,135,plasma,False,580.0
104,ECN-CAT-END-006,Determinación de Insulina,True,study,ELISA,23,195,plasma,False,790.0
105,ECN-CAT-URO-006,Determinación de Calcio en orina,True,study,COLORIMETRÍA,30,150,urine,True,840.0
106,ECN-CAT-MOL-006,Determinación de Virus de hepatitis C,True,study,PCR,7,405,plasma,True,690.0
107,ECN-CAT-QC-007,Determinación de Bilirrubina total,True,study,ENZIMÁTICO,14,90,serum,False,430.0
108,ECN-CAT-HEM-007,Determinación de Reticulocitos,True,study,IMPEDANCIA,21,135,blood,False,630.0
109,ECN-CAT-INM-007,Determinación de Inmunoglobulina E,True,study,INMUNOENSAYO,28,195,serum,True,820.0
110,ECN-CAT-MIC-007,Determinación de Hemocultivo,True,study,CULTIVO,5,750,blood,False,400.0
111,ECN-CAT-COA-007,Determinación de Actividad de factor VIII,True,study,COAGULOMETRÍA,12,120,plasma,False,480.0
112,ECN-CAT-END-007,Determinación de Cortisol,True,study,INMUNOENSAYO,19,150,serum,False,660.0
113,ECN-CAT-URO-007,Determinación de Ácido úrico en orina,True,study,TIRA REACTIVA,26,120,urine,True,780.0
114,ECN-CAT-MOL-007,Determinación de Virus de Epstein-Barr,True,study,PCR,3,390,blood,True,590.0
115,ECN-CAT-QC-008,Determinación de Bilirrubina directa,True,study,ESPECTROFOTOMETRÍA,10,75,plasma,False,370.0
116,ECN-CAT-HEM-008,Determinación de Volumen corpuscular medio,True,study,CITOMETRÍA,17,165,blood,False,630.0
117,ECN-CAT-INM-008,Determinación de Complemento C3,True,study,ELISA,24,195,serum,False,800.0
118,ECN-CAT-MIC-008,Determinación de Cultivo de esputo,True,study,CULTIVO,1,735,other,True,300.0
119,ECN-CAT-COA-008,Determinación de Actividad de factor IX,True,study,COAGULOMETRÍA,8,105,plasma,False,380.0
120,ECN-CAT-END-008,Determinación de Hormona adrenocorticotropa,True,study,QUIMIOLUMINISCENCIA,15,195,plasma,False,680.0
121,ECN-CAT-URO-008,Determinación de Sodio en orina,True,study,MICROSCOPÍA,22,150,urine,False,710.0
122,ECN-CAT-MOL-008,Determinación de Citomegalovirus,True,study,PCR,29,495,blood,True,1150.0
123,ECN-CAT-QC-009,Determinación de Alanina aminotransferasa,True,study,COLORIMETRÍA,6,60,serum,False,250.0
124,ECN-CAT-HEM-009,Determinación de Hemoglobina corpuscular media,True,study,MICROSCOPÍA,13,135,blood,False,460.0
125,ECN-CAT-INM-009,Determinación de Complemento C4,True,study,QUIMIOLUMINISCENCIA,20,210,serum,False,730.0
126,ECN-CAT-MIC-009,Determinación de Cultivo de heridas,True,study,CULTIVO,27,840,swab,True,860.0
127,ECN-CAT-COA-009,Determinación de Actividad de factor XI,True,study,COAGULOMETRÍA,4,75,plasma,False,290.0
128,ECN-CAT-END-009,Determinación de Hormona de crecimiento,True,study,ELISA,11,150,serum,False,550.0
129,ECN-CAT-URO-009,Determinación de Potasio en orina,True,study,COLORIMETRÍA,18,120,urine,False,600.0
130,ECN-CAT-MOL-009,Determinación de Virus herpes simple 1,True,study,PCR,25,480,swab,True,1050.0
131,ECN-CAT-QC-010,Determinación de Aspartato aminotransferasa,True,study,ENZIMÁTICO,2,30,plasma,False,190.0
132,ECN-CAT-HEM-010,Determinación de Concentración media de hemoglobina,True,study,IMPEDANCIA,9,90,blood,False,380.0
133,ECN-CAT-INM-010,Determinación de Anticuerpos antinucleares,True,study,INMUNOENSAYO,16,135,serum,False,570.0
134,ECN-CAT-MIC-010,Determinación de Cultivo de secreciones,True,study,CULTIVO,23,825,swab,False,770.0
135,ECN-CAT-COA-010,Determinación de Actividad de factor XII,True,study,COAGULOMETRÍA,30,180,plasma,True,900.0
136,ECN-CAT-END-010,Determinación de Prolactina,True,study,INMUNOENSAYO,7,105,plasma,False,420.0
137,ECN-CAT-URO-010,Determinación de Cloro en orina,True,study,TIRA REACTIVA,14,90,urine,False,490.0
138,ECN-CAT-MOL-010,Determinación de Virus herpes simple 2,True,study,PCR,21,465,swab,True,960.0
139,ECN-CAT-QC-011,Determinación de Fosfatasa alcalina,True,study,ESPECTROFOTOMETRÍA,28,150,serum,True,780.0
140,ECN-CAT-HEM-011,Determinación de Ancho de distribución eritrocitaria,True,study,CITOMETRÍA,5,120,blood,False,380.0
141,ECN-CAT-INM-011,Determinación de Anticuerpos anti-DNA,True,study,ELISA,12,150,serum,False,510.0
142,ECN-CAT-MIC-011,Determinación de Antibiograma,True,study,CULTIVO,19,795,other,False,720.0
143,ECN-CAT-COA-011,Determinación de Antitrombina III,True,study,COAGULOMETRÍA,26,165,plasma,True,800.0
144,ECN-CAT-END-011,Determinación de Hormona luteinizante,True,study,QUIMIOLUMINISCENCIA,3,135,serum,False,380.0
145,ECN-CAT-URO-011,Determinación de Fósforo en orina,True,study,MICROSCOPÍA,10,120,urine,False,420.0
146,ECN-CAT-MOL-011,Determinación de Chlamydia trachomatis,True,study,PCR,17,450,swab,True,910.0
147,ECN-CAT-QC-012,Determinación de Gamma glutamil transferasa,True,study,COLORIMETRÍA,24,120,plasma,False,660.0
148,ECN-CAT-HEM-012,Determinación de Neutrófilos,True,study,MICROSCOPÍA,1,90,blood,False,170.0
149,ECN-CAT-INM-012,Determinación de Anticuerpos anticardiolipina,True,study,QUIMIOLUMINISCENCIA,8,165,serum,False,440.0
150,ECN-CAT-MIC-012,Determinación de Tinción de Gram,True,study,MICROSCOPÍA,15,150,other,True,520.0
151,ECN-CAT-COA-012,Determinación de Proteína C funcional,True,study,COAGULOMETRÍA,22,150,plasma,False,700.0
152,ECN-CAT-END-012,Determinación de Hormona foliculoestimulante,True,study,ELISA,29,210,plasma,True,920.0
153,ECN-CAT-URO-012,Determinación de Magnesio en orina,True,study,COLORIMETRÍA,6,60,urine,False,360.0
154,ECN-CAT-MOL-012,Determinación de Neisseria gonorrhoeae,True,study,PCR,13,420,swab,True,810.0
155,ECN-CAT-QC-013,Determinación de Albúmina,True,study,ENZIMÁTICO,20,105,serum,False,560.0
156,ECN-CAT-HEM-013,Determinación de Linfocitos,True,study,IMPEDANCIA,27,150,blood,True,750.0
157,ECN-CAT-INM-013,Determinación de Procalcitonina,True,study,INMUNOENSAYO,4,90,serum,False,330.0
158,ECN-CAT-MIC-013,Determinación de Baciloscopía,True,study,MICROSCOPÍA,11,135,other,False,420.0
159,ECN-CAT-COA-013,Determinación de Proteína S funcional,True,study,COAGULOMETRÍA,18,135,plasma,False,610.0
160,ECN-CAT-END-013,Determinación de Estradiol,True,study,INMUNOENSAYO,25,165,serum,True,790.0
161,ECN-CAT-URO-013,Determinación de Urea en orina,True,study,TIRA REACTIVA,2,45,urine,False,250.0
162,ECN-CAT-MOL-013,Determinación de Mycobacterium tuberculosis,True,study,PCR,9,405,other,True,710.0
163,ECN-CAT-QC-014,Determinación de Proteínas totales,True,study,ESPECTROFOTOMETRÍA,16,105,plasma,False,490.0
164,ECN-CAT-HEM-014,Determinación de Monocitos,True,study,CITOMETRÍA,23,180,blood,False,800.0
165,ECN-CAT-INM-014,Determinación de Ferritina,True,study,ELISA,30,225,serum,True,920.0
166,ECN-CAT-MIC-014,Determinación de Búsqueda de hongos,True,study,MICROSCOPÍA,7,105,other,False,330.0
167,ECN-CAT-COA-014,Determinación de Anticoagulante lúpico,True,study,COAGULOMETRÍA,14,120,plasma,False,510.0
168,ECN-CAT-END-014,Determinación de Progesterona,True,study,QUIMIOLUMINISCENCIA,21,210,plasma,False,800.0
169,ECN-CAT-URO-014,Determinación de Osmolalidad urinaria,True,study,MICROSCOPÍA,28,195,urine,True,830.0
170,ECN-CAT-MOL-014,Determinación de Bordetella pertussis,True,study,PCR,5,390,swab,True,610.0
171,ECN-CAT-QC-015,Determinación de Calcio,True,study,COLORIMETRÍA,12,90,serum,False,420.0
172,ECN-CAT-HEM-015,Determinación de Eosinófilos,True,study,MICROSCOPÍA,19,150,blood,False,580.0
173,ECN-CAT-INM-015,Determinación de Troponina I,True,study,QUIMIOLUMINISCENCIA,26,240,serum,True,860.0
174,ECN-CAT-MIC-015,Determinación de Coprológico,True,study,MICROSCOPÍA,3,90,stool,False,230.0
175,ECN-CAT-COA-015,Determinación de Resistencia a proteína C activada,True,study,COAGULOMETRÍA,10,105,plasma,False,460.0
176,ECN-CAT-END-015,Determinación de Testosterona total,True,study,ELISA,17,165,serum,False,670.0
177,ECN-CAT-URO-015,Determinación de Depuración de creatinina,True,study,COLORIMETRÍA,24,135,urine,False,720.0
178,ECN-CAT-MOL-015,Determinación de Parvovirus B19,True,study,PCR,1,375,blood,True,520.0
179,ECN-CAT-QC-016,Determinación de Fósforo,True,study,ENZIMÁTICO,8,75,plasma,False,310.0
180,ECN-CAT-HEM-016,Determinación de Basófilos,True,study,IMPEDANCIA,15,105,blood,False,510.0
181,ECN-CAT-INM-016,Determinación de Antígeno carcinoembrionario,True,study,INMUNOENSAYO,22,150,serum,False,700.0
182,ECN-CAT-MIC-016,Determinación de Amiba en fresco,True,study,MICROSCOPÍA,29,195,stool,True,840.0
183,ECN-CAT-COA-016,Determinación de Agregación plaquetaria,True,study,COAGULOMETRÍA,6,75,plasma,False,360.0
184,ECN-CAT-END-016,Determinación de Testosterona libre,True,study,INMUNOENSAYO,13,120,plasma,False,540.0
185,ECN-CAT-URO-016,Determinación de Sedimento urinario,True,study,TIRA REACTIVA,20,120,urine,False,610.0
186,ECN-CAT-MOL-016,Determinación de Dengue por PCR,True,study,RT-PCR,27,420,blood,True,1160.0
187,ECN-CAT-QC-017,Determinación de Magnesio,True,study,ESPECTROFOTOMETRÍA,4,75,serum,False,250.0
188,ECN-CAT-HEM-017,Determinación de Velocidad de sedimentación,True,study,CITOMETRÍA,11,135,blood,False,510.0
189,ECN-CAT-INM-017,Determinación de Alfafetoproteína,True,study,ELISA,18,165,serum,False,630.0
190,ECN-CAT-MIC-017,Determinación de Sangre oculta en heces,True,study,INMUNOCROMATOGRAFÍA,25,150,stool,True,780.0
191,ECN-CAT-COA-017,Determinación de Tiempo de sangrado,True,study,COAGULOMETRÍA,2,60,plasma,False,260.0
192,ECN-CAT-END-017,Determinación de Dehidroepiandrosterona,True,study,QUIMIOLUMINISCENCIA,9,180,serum,False,510.0
193,ECN-CAT-URO-017,Determinación de Cetonas en orina,True,study,MICROSCOPÍA,16,135,urine,False,590.0
194,ECN-CAT-MOL-017,Determinación de Zika por PCR,True,study,RT-PCR,23,405,blood,True,1060.0
195,ECN-CAT-QC-018,Determinación de Sodio,True,study,COLORIMETRÍA,30,165,plasma,True,790.0
196,ECN-CAT-HEM-018,Determinación de Frotis de sangre periférica,True,study,MICROSCOPÍA,7,105,blood,False,290.0
197,ECN-CAT-INM-018,Determinación de CA 125,True,study,QUIMIOLUMINISCENCIA,14,180,serum,False,610.0
198,ECN-CAT-MIC-018,Determinación de Rotavirus en heces,True,study,INMUNOCROMATOGRAFÍA,21,135,stool,False,680.0
199,ECN-CAT-COA-018,Determinación de Tiempo de coagulación,True,study,COAGULOMETRÍA,28,165,plasma,True,830.0
200,ECN-CAT-END-018,Determinación de Aldosterona,True,study,ELISA,5,135,plasma,False,380.0
201,ECN-CAT-URO-018,Determinación de Hemoglobina en orina,True,study,COLORIMETRÍA,12,90,urine,False,480.0
202,ECN-CAT-MOL-018,Determinación de Chikungunya por PCR,True,study,RT-PCR,19,390,blood,True,960.0
203,ECN-CAT-QC-019,Determinación de Potasio,True,study,ENZIMÁTICO,26,135,serum,True,680.0
204,ECN-CAT-HEM-019,Determinación de Conteo diferencial,True,study,IMPEDANCIA,3,60,blood,False,260.0
205,ECN-CAT-INM-019,Determinación de CA 19-9,True,study,INMUNOENSAYO,10,105,serum,False,450.0
206,ECN-CAT-MIC-019,Determinación de Adenovirus en heces,True,study,INMUNOCROMATOGRAFÍA,17,120,stool,False,590.0
207,ECN-CAT-COA-019,Determinación de Productos de degradación de fibrina,True,study,COAGULOMETRÍA,24,150,plasma,False,730.0
208,ECN-CAT-END-019,Determinación de Renina,True,study,INMUNOENSAYO,1,90,serum,False,300.0
209,ECN-CAT-URO-019,Determinación de Nitritos en orina,True,study,TIRA REACTIVA,8,60,urine,False,370.0
210,ECN-CAT-MOL-019,Determinación de Panel respiratorio molecular,True,study,RT-PCR,15,360,swab,True,870.0
211,ECN-CAT-QC-020,Determinación de Cloro,True,study,ESPECTROFOTOMETRÍA,22,135,plasma,False,610.0
212,ECN-CAT-HEM-020,Determinación de Índice plaquetario,True,study,CITOMETRÍA,29,210,blood,True,920.0
213,ECN-CAT-INM-020,Determinación de CA 15-3,True,study,ELISA,6,135,serum,False,390.0
214,ECN-CAT-MIC-020,Determinación de Helicobacter pylori,True,study,INMUNOCROMATOGRAFÍA,13,105,stool,True,490.0
215,ECN-CAT-COA-020,Determinación de Factor de von Willebrand,True,study,COAGULOMETRÍA,20,135,plasma,False,680.0
216,ECN-CAT-END-020,Determinación de Paratohormona,True,study,QUIMIOLUMINISCENCIA,27,255,plasma,True,920.0
217,ECN-CAT-URO-020,Determinación de Leucocitos en orina,True,study,MICROSCOPÍA,4,90,urine,False,300.0
218,ECN-CAT-MOL-020,Determinación de Panel gastrointestinal molecular,True,study,RT-PCR,11,345,other,True,770.0
219,ECN-CAT-QC-021,Determinación de Hierro sérico,True,study,COLORIMETRÍA,18,105,serum,False,540.0
220,ECN-CAT-HEM-021,Determinación de Morfología eritrocitaria,True,study,MICROSCOPÍA,25,165,blood,True,710.0
221,ECN-CAT-INM-021,Determinación de Antígeno prostático total,True,study,QUIMIOLUMINISCENCIA,2,150,serum,False,320.0
222,ECN-CAT-MIC-021,Determinación de Clostridioides difficile,True,study,INMUNOCROMATOGRAFÍA,9,75,stool,False,440.0
223,ECN-CAT-COA-021,Determinación de Mezcla de TTPa,True,study,COAGULOMETRÍA,16,120,plasma,False,580.0
224,ECN-CAT-END-021,Determinación de Calcitonina,True,study,ELISA,23,210,serum,False,800.0
225,ECN-CAT-URO-021,Determinación de Cristales en orina,True,study,COLORIMETRÍA,30,150,urine,True,850.0
226,ECN-CAT-MOL-021,Determinación de Trombofilia hereditaria,True,study,PCR,7,390,blood,True,690.0
227,ECN-CAT-QC-022,Determinación de Amilasa,True,study,ENZIMÁTICO,14,90,plasma,False,440.0
228,ECN-CAT-HEM-022,Determinación de Morfología leucocitaria,True,study,IMPEDANCIA,21,120,blood,False,630.0
229,ECN-CAT-INM-022,Determinación de Antígeno prostático libre,True,study,INMUNOENSAYO,28,195,serum,True,820.0
230,ECN-CAT-MIC-022,Determinación de Estreptococo del grupo A,True,study,INMUNOCROMATOGRAFÍA,5,60,swab,False,340.0
231,ECN-CAT-COA-022,Determinación de Mezcla de TP,True,study,COAGULOMETRÍA,12,105,plasma,False,490.0
232,ECN-CAT-END-022,Determinación de Péptido C,True,study,INMUNOENSAYO,19,150,plasma,False,670.0
233,ECN-CAT-URO-022,Determinación de Cilindros urinarios,True,study,TIRA REACTIVA,26,135,urine,True,790.0
234,ECN-CAT-MOL-022,Determinación de Mutación JAK2,True,study,PCR,3,390,blood,True,590.0
235,ECN-CAT-QC-023,Determinación de Lipasa,True,study,ESPECTROFOTOMETRÍA,10,90,serum,False,370.0
236,ECN-CAT-HEM-023,Determinación de Morfología plaquetaria,True,study,CITOMETRÍA,17,150,blood,False,630.0
237,ECN-CAT-INM-023,Determinación de Serología para dengue,True,study,ELISA,24,210,serum,False,800.0
238,ECN-CAT-MIC-023,Determinación de Salmonella,True,study,CULTIVO,1,735,stool,False,310.0
239,ECN-CAT-COA-023,Determinación de Factor V,True,study,COAGULOMETRÍA,8,90,plasma,False,390.0
240,ECN-CAT-END-023,Determinación de 17-hidroxiprogesterona,True,study,QUIMIOLUMINISCENCIA,15,195,serum,False,630.0
241,ECN-CAT-URO-023,Determinación de Urobilinógeno en orina,True,study,MICROSCOPÍA,22,165,urine,False,710.0
242,ECN-CAT-MOL-023,Determinación de BCR-ABL cuantitativo,True,study,PCR,29,495,blood,True,1150.0
243,ECN-CAT-QC-024,Determinación de Lactato deshidrogenasa,True,study,COLORIMETRÍA,6,60,plasma,False,250.0
244,ECN-CAT-HEM-024,Determinación de Hemoparásitos,True,study,MICROSCOPÍA,13,120,blood,False,460.0
245,ECN-CAT-INM-024,Determinación de Serología para rubéola,True,study,QUIMIOLUMINISCENCIA,20,225,serum,False,740.0
246,ECN-CAT-MIC-024,Determinación de Shigella,True,study,CULTIVO,27,840,stool,True,870.0
247,ECN-CAT-COA-024,Determinación de Factor VII,True,study,COAGULOMETRÍA,4,60,plasma,False,290.0
248,ECN-CAT-END-024,Determinación de Hormona antimülleriana,True,study,ELISA,11,150,plasma,False,550.0
249,ECN-CAT-URO-024,Determinación de Bilirrubina en orina,True,study,COLORIMETRÍA,18,105,urine,False,600.0
250,ECN-CAT-MOL-024,Determinación de HLA-B27,True,study,PCR,25,480,blood,True,1060.0
251,ECN-CAT-QC-025,Determinación de Hemoglobina glucosilada,True,study,ENZIMÁTICO,2,45,blood,False,140.0
252,ECN-CAT-HEM-025,Determinación de Prueba de falciformación,True,study,IMPEDANCIA,9,75,blood,False,390.0
253,ECN-CAT-INM-025,Determinación de Serología para toxoplasma,True,study,INMUNOENSAYO,16,150,serum,False,580.0
254,ECN-CAT-MIC-025,Determinación de Candida albicans,True,study,CULTIVO,23,825,swab,False,770.0
255,ECN-CAT-COA-025,Determinación de Factor X,True,study,COAGULOMETRÍA,30,195,plasma,True,900.0
256,ECN-CAT-END-025,Determinación de Somatomedina C,True,study,INMUNOENSAYO,7,105,serum,False,420.0
257,ECN-CAT-URO-025,Determinación de Relación albúmina creatinina,True,study,TIRA REACTIVA,14,75,urine,False,490.0
258,ECN-CAT-MOL-025,Determinación de Carga viral cuantitativa,True,study,PCR,21,465,plasma,True,960.0
259,ECN-CAT-QC-026,Cuantificación de Glucosa,True,study,ESPECTROFOTOMETRÍA,28,150,plasma,True,790.0
260,ECN-CAT-HEM-026,Cuantificación de Biometría hemática,True,study,CITOMETRÍA,5,105,blood,False,390.0
261,ECN-CAT-INM-026,Cuantificación de Proteína C reactiva,True,study,ELISA,12,150,serum,False,510.0
262,ECN-CAT-MIC-026,Cuantificación de Urocultivo,True,study,CULTIVO,19,810,urine,False,670.0
263,ECN-CAT-COA-026,Cuantificación de Tiempo de protrombina,True,study,COAGULOMETRÍA,26,180,plasma,True,800.0
264,ECN-CAT-END-026,Cuantificación de Hormona estimulante de tiroides,True,study,QUIMIOLUMINISCENCIA,3,150,plasma,False,390.0
265,ECN-CAT-URO-026,Cuantificación de Examen general de orina,True,study,MICROSCOPÍA,10,105,urine,False,420.0
266,ECN-CAT-MOL-026,Cuantificación de Detección molecular de SARS-CoV-2,True,study,RT-PCR,17,390,swab,True,940.0
267,ECN-CAT-QC-027,Cuantificación de Urea,True,study,COLORIMETRÍA,24,135,serum,False,670.0
268,ECN-CAT-HEM-027,Cuantificación de Hemoglobina,True,study,MICROSCOPÍA,1,75,blood,False,170.0
269,ECN-CAT-INM-027,Cuantificación de Factor reumatoide,True,study,QUIMIOLUMINISCENCIA,8,165,serum,False,440.0
270,ECN-CAT-MIC-027,Cuantificación de Coprocultivo,True,study,CULTIVO,15,795,stool,False,620.0
271,ECN-CAT-COA-027,Cuantificación de Tiempo de tromboplastina parcial,True,study,COAGULOMETRÍA,22,150,plasma,False,710.0
272,ECN-CAT-END-027,Cuantificación de Tiroxina libre,True,study,ELISA,29,225,serum,True,920.0
273,ECN-CAT-URO-027,Cuantificación de Microalbúmina en orina,True,study,COLORIMETRÍA,6,45,urine,False,360.0
274,ECN-CAT-MOL-027,Cuantificación de Virus de influenza A,True,study,RT-PCR,13,375,swab,True,840.0
275,ECN-CAT-QC-028,Cuantificación de Creatinina,True,study,ENZIMÁTICO,20,105,plasma,False,560.0
276,ECN-CAT-HEM-028,Cuantificación de Hematocrito,True,study,IMPEDANCIA,27,165,blood,True,750.0
277,ECN-CAT-INM-028,Cuantificación de Antiestreptolisinas O,True,study,INMUNOENSAYO,4,90,serum,False,330.0
278,ECN-CAT-MIC-028,Cuantificación de Exudado faríngeo,True,study,CULTIVO,11,780,swab,True,530.0
279,ECN-CAT-COA-028,Cuantificación de Tiempo de trombina,True,study,COAGULOMETRÍA,18,135,plasma,False,610.0
280,ECN-CAT-END-028,Cuantificación de Tiroxina total,True,study,INMUNOENSAYO,25,180,plasma,True,790.0
281,ECN-CAT-URO-028,Cuantificación de Proteínas en orina,True,study,TIRA REACTIVA,2,30,urine,False,250.0
282,ECN-CAT-MOL-028,Cuantificación de Virus de influenza B,True,study,RT-PCR,9,360,swab,True,750.0
283,ECN-CAT-QC-029,Cuantificación de Ácido úrico,True,study,ESPECTROFOTOMETRÍA,16,105,serum,False,490.0
284,ECN-CAT-HEM-029,Cuantificación de Eritrocitos,True,study,CITOMETRÍA,23,195,blood,False,800.0
285,ECN-CAT-INM-029,Cuantificación de Inmunoglobulina A,True,study,ELISA,30,225,serum,True,930.0
286,ECN-CAT-MIC-029,Cuantificación de Exudado nasal,True,study,CULTIVO,7,750,swab,False,430.0
287,ECN-CAT-COA-029,Cuantificación de Fibrinógeno,True,study,COAGULOMETRÍA,14,120,plasma,False,510.0
288,ECN-CAT-END-029,Cuantificación de Triyodotironina libre,True,study,QUIMIOLUMINISCENCIA,21,210,serum,False,800.0
289,ECN-CAT-URO-029,Cuantificación de Glucosa en orina,True,study,MICROSCOPÍA,28,180,urine,True,840.0
290,ECN-CAT-MOL-029,Cuantificación de Virus del papiloma humano,True,study,PCR,5,405,swab,True,620.0
291,ECN-CAT-QC-030,Cuantificación de Colesterol total,True,study,COLORIMETRÍA,12,75,plasma,False,370.0
292,ECN-CAT-HEM-030,Cuantificación de Leucocitos,True,study,MICROSCOPÍA,19,165,blood,False,590.0
293,ECN-CAT-INM-030,Cuantificación de Inmunoglobulina G,True,study,QUIMIOLUMINISCENCIA,26,240,serum,True,860.0
294,ECN-CAT-MIC-030,Cuantificación de Exudado vaginal,True,study,CULTIVO,3,735,swab,False,330.0
295,ECN-CAT-COA-030,Cuantificación de Dímero D,True,study,COAGULOMETRÍA,10,105,plasma,False,460.0
296,ECN-CAT-END-030,Cuantificación de Triyodotironina total,True,study,ELISA,17,165,plasma,False,680.0
297,ECN-CAT-URO-030,Cuantificación de Creatinina en orina,True,study,COLORIMETRÍA,24,135,urine,False,730.0
298,ECN-CAT-MOL-030,Cuantificación de Virus de hepatitis B,True,study,PCR,1,375,plasma,True,520.0
299,ECN-CAT-QC-031,Cuantificación de Triglicéridos,True,study,ENZIMÁTICO,8,60,serum,False,320.0
300,ECN-CAT-HEM-031,Cuantificación de Plaquetas,True,study,IMPEDANCIA,15,105,blood,False,510.0
301,ECN-CAT-INM-031,Cuantificación de Inmunoglobulina M,True,study,INMUNOENSAYO,22,165,serum,False,700.0
302,ECN-CAT-MIC-031,Cuantificación de Exudado uretral,True,study,CULTIVO,29,840,swab,True,890.0
303,ECN-CAT-COA-031,Cuantificación de INR,True,study,COAGULOMETRÍA,6,90,plasma,False,370.0
304,ECN-CAT-END-031,Cuantificación de Insulina,True,study,INMUNOENSAYO,13,120,serum,False,550.0
305,ECN-CAT-URO-031,Cuantificación de Calcio en orina,True,study,TIRA REACTIVA,20,120,urine,False,610.0
306,ECN-CAT-MOL-031,Cuantificación de Virus de hepatitis C,True,study,PCR,27,480,plasma,True,1130.0
307,ECN-CAT-QC-032,Cuantificación de Bilirrubina total,True,study,ESPECTROFOTOMETRÍA,4,60,plasma,False,250.0
308,ECN-CAT-HEM-032,Cuantificación de Reticulocitos,True,study,CITOMETRÍA,11,135,blood,False,510.0
309,ECN-CAT-INM-032,Cuantificación de Inmunoglobulina E,True,study,ELISA,18,180,serum,False,630.0
310,ECN-CAT-MIC-032,Cuantificación de Hemocultivo,True,study,CULTIVO,25,825,blood,True,850.0
311,ECN-CAT-COA-032,Cuantificación de Actividad de factor VIII,True,study,COAGULOMETRÍA,2,75,plasma,False,270.0
312,ECN-CAT-END-032,Cuantificación de Cortisol,True,study,QUIMIOLUMINISCENCIA,9,165,plasma,False,510.0
313,ECN-CAT-URO-032,Cuantificación de Ácido úrico en orina,True,study,MICROSCOPÍA,16,150,urine,False,540.0
314,ECN-CAT-MOL-032,Cuantificación de Virus de Epstein-Barr,True,study,PCR,23,465,blood,True,1030.0
315,ECN-CAT-QC-033,Cuantificación de Bilirrubina directa,True,study,COLORIMETRÍA,30,150,serum,True,790.0
316,ECN-CAT-HEM-033,Cuantificación de Volumen corpuscular medio,True,study,MICROSCOPÍA,7,105,blood,False,290.0
317,ECN-CAT-INM-033,Cuantificación de Complemento C3,True,study,QUIMIOLUMINISCENCIA,14,195,serum,False,620.0
318,ECN-CAT-MIC-033,Cuantificación de Cultivo de esputo,True,study,CULTIVO,21,825,other,False,750.0
319,ECN-CAT-COA-033,Cuantificación de Actividad de factor IX,True,study,COAGULOMETRÍA,28,180,plasma,True,830.0
320,ECN-CAT-END-033,Cuantificación de Hormona adrenocorticotropa,True,study,ELISA,5,120,serum,False,380.0
321,ECN-CAT-URO-033,Cuantificación de Sodio en orina,True,study,COLORIMETRÍA,12,90,urine,False,480.0
322,ECN-CAT-MOL-033,Cuantificación de Citomegalovirus,True,study,PCR,19,450,blood,True,940.0
323,ECN-CAT-QC-034,Cuantificación de Alanina aminotransferasa,True,study,ENZIMÁTICO,26,120,plasma,True,680.0
324,ECN-CAT-HEM-034,Cuantificación de Hemoglobina corpuscular media,True,study,IMPEDANCIA,3,60,blood,False,270.0
325,ECN-CAT-INM-034,Cuantificación de Complemento C4,True,study,INMUNOENSAYO,10,105,serum,False,460.0
326,ECN-CAT-MIC-034,Cuantificación de Cultivo de heridas,True,study,CULTIVO,17,810,swab,False,650.0
327,ECN-CAT-COA-034,Cuantificación de Actividad de factor XI,True,study,COAGULOMETRÍA,24,150,plasma,False,730.0
328,ECN-CAT-END-034,Cuantificación de Hormona de crecimiento,True,study,INMUNOENSAYO,1,75,plasma,False,300.0
329,ECN-CAT-URO-034,Cuantificación de Potasio en orina,True,study,TIRA REACTIVA,8,75,urine,False,370.0
330,ECN-CAT-MOL-034,Cuantificación de Virus herpes simple 1,True,study,PCR,15,435,swab,True,840.0
331,ECN-CAT-QC-035,Cuantificación de Aspartato aminotransferasa,True,study,ESPECTROFOTOMETRÍA,22,120,serum,False,610.0
332,ECN-CAT-HEM-035,Cuantificación de Concentración media de hemoglobina,True,study,CITOMETRÍA,29,210,blood,True,930.0
333,ECN-CAT-INM-035,Cuantificación de Anticuerpos antinucleares,True,study,ELISA,6,120,serum,False,390.0
334,ECN-CAT-MIC-035,Cuantificación de Cultivo de secreciones,True,study,CULTIVO,13,795,swab,False,550.0
335,ECN-CAT-COA-035,Cuantificación de Actividad de factor XII,True,study,COAGULOMETRÍA,20,135,plasma,False,680.0
336,ECN-CAT-END-035,Cuantificación de Prolactina,True,study,QUIMIOLUMINISCENCIA,27,240,serum,True,930.0
337,ECN-CAT-URO-035,Cuantificación de Cloro en orina,True,study,MICROSCOPÍA,4,90,urine,False,300.0
338,ECN-CAT-MOL-035,Cuantificación de Virus herpes simple 2,True,study,PCR,11,420,swab,True,740.0
339,ECN-CAT-QC-036,Cuantificación de Fosfatasa alcalina,True,study,COLORIMETRÍA,18,120,plasma,False,550.0
340,ECN-CAT-HEM-036,Cuantificación de Ancho de distribución eritrocitaria,True,study,MICROSCOPÍA,25,180,blood,True,710.0
341,ECN-CAT-INM-036,Cuantificación de Anticuerpos anti-DNA,True,study,QUIMIOLUMINISCENCIA,2,135,serum,False,320.0
342,ECN-CAT-MIC-036,Cuantificación de Antibiograma,True,study,CULTIVO,9,780,other,True,450.0
343,ECN-CAT-COA-036,Cuantificación de Antitrombina III,True,study,COAGULOMETRÍA,16,120,plasma,False,590.0
344,ECN-CAT-END-036,Cuantificación de Hormona luteinizante,True,study,ELISA,23,195,plasma,False,800.0
345,ECN-CAT-URO-036,Cuantificación de Fósforo en orina,True,study,COLORIMETRÍA,30,165,urine,True,850.0
346,ECN-CAT-MOL-036,Cuantificación de Chlamydia trachomatis,True,study,PCR,7,405,swab,True,690.0
347,ECN-CAT-QC-037,Cuantificación de Gamma glutamil transferasa,True,study,ENZIMÁTICO,14,90,serum,False,440.0
348,ECN-CAT-HEM-037,Cuantificación de Neutrófilos,True,study,IMPEDANCIA,21,135,blood,False,630.0
349,ECN-CAT-INM-037,Cuantificación de Anticuerpos anticardiolipina,True,study,INMUNOENSAYO,28,180,serum,True,820.0
350,ECN-CAT-MIC-037,Cuantificación de Tinción de Gram,True,study,MICROSCOPÍA,5,105,other,False,310.0
351,ECN-CAT-COA-037,Cuantificación de Proteína C funcional,True,study,COAGULOMETRÍA,12,105,plasma,False,490.0
352,ECN-CAT-END-037,Cuantificación de Hormona foliculoestimulante,True,study,INMUNOENSAYO,19,135,serum,False,670.0
353,ECN-CAT-URO-037,Cuantificación de Magnesio en orina,True,study,TIRA REACTIVA,26,135,urine,True,740.0
354,ECN-CAT-MOL-037,Cuantificación de Neisseria gonorrhoeae,True,study,PCR,3,375,swab,True,600.0
355,ECN-CAT-QC-038,Cuantificación de Albúmina,True,study,ESPECTROFOTOMETRÍA,10,90,plasma,False,370.0
356,ECN-CAT-HEM-038,Cuantificación de Linfocitos,True,study,CITOMETRÍA,17,165,blood,False,630.0
357,ECN-CAT-INM-038,Cuantificación de Procalcitonina,True,study,ELISA,24,195,serum,False,810.0
358,ECN-CAT-MIC-038,Cuantificación de Baciloscopía,True,study,MICROSCOPÍA,1,90,other,False,210.0
359,ECN-CAT-COA-038,Cuantificación de Proteína S funcional,True,study,COAGULOMETRÍA,8,90,plasma,False,390.0
360,ECN-CAT-END-038,Cuantificación de Estradiol,True,study,QUIMIOLUMINISCENCIA,15,210,plasma,False,630.0
361,ECN-CAT-URO-038,Cuantificación de Urea en orina,True,study,MICROSCOPÍA,22,165,urine,False,720.0
362,ECN-CAT-MOL-038,Cuantificación de Mycobacterium tuberculosis,True,study,PCR,29,480,other,True,1160.0
363,ECN-CAT-QC-039,Cuantificación de Proteínas totales,True,study,COLORIMETRÍA,6,60,serum,False,250.0
364,ECN-CAT-HEM-039,Cuantificación de Monocitos,True,study,MICROSCOPÍA,13,120,blood,False,420.0
365,ECN-CAT-INM-039,Cuantificación de Ferritina,True,study,QUIMIOLUMINISCENCIA,20,210,serum,False,740.0
366,ECN-CAT-MIC-039,Cuantificación de Búsqueda de hongos,True,study,MICROSCOPÍA,27,180,other,True,770.0
367,ECN-CAT-COA-039,Cuantificación de Anticoagulante lúpico,True,study,COAGULOMETRÍA,4,75,plasma,False,290.0
368,ECN-CAT-END-039,Cuantificación de Progesterona,True,study,ELISA,11,165,serum,False,560.0
369,ECN-CAT-URO-039,Cuantificación de Osmolalidad urinaria,True,study,COLORIMETRÍA,18,105,urine,False,610.0
370,ECN-CAT-MOL-039,Cuantificación de Bordetella pertussis,True,study,PCR,25,465,swab,True,1060.0
371,ECN-CAT-QC-040,Cuantificación de Calcio,True,study,ENZIMÁTICO,2,45,plasma,False,150.0
372,ECN-CAT-HEM-040,Cuantificación de Eosinófilos,True,study,IMPEDANCIA,9,75,blood,False,390.0
373,ECN-CAT-INM-040,Cuantificación de Troponina I,True,study,INMUNOENSAYO,16,135,serum,False,580.0
374,ECN-CAT-MIC-040,Cuantificación de Coprológico,True,study,MICROSCOPÍA,23,165,stool,True,670.0
375,ECN-CAT-COA-040,Cuantificación de Resistencia a proteína C activada,True,study,COAGULOMETRÍA,30,180,plasma,True,910.0
376,ECN-CAT-END-040,Cuantificación de Testosterona total,True,study,INMUNOENSAYO,7,105,plasma,False,430.0
377,ECN-CAT-URO-040,Cuantificación de Depuración de creatinina,True,study,TIRA REACTIVA,14,90,urine,False,490.0
378,ECN-CAT-MOL-040,Cuantificación de Parvovirus B19,True,study,PCR,21,450,blood,True,960.0
379,ECN-CAT-QC-041,Cuantificación de Fósforo,True,study,ESPECTROFOTOMETRÍA,28,165,serum,True,790.0
380,ECN-CAT-HEM-041,Cuantificación de Basófilos,True,study,CITOMETRÍA,5,105,blood,False,390.0
381,ECN-CAT-INM-041,Cuantificación de Antígeno carcinoembrionario,True,study,ELISA,12,165,serum,False,510.0
382,ECN-CAT-MIC-041,Cuantificación de Amiba en fresco,True,study,MICROSCOPÍA,19,150,stool,False,570.0
383,ECN-CAT-COA-041,Cuantificación de Agregación plaquetaria,True,study,COAGULOMETRÍA,26,165,plasma,True,810.0
384,ECN-CAT-END-041,Cuantificación de Testosterona libre,True,study,QUIMIOLUMINISCENCIA,3,150,serum,False,390.0
385,ECN-CAT-URO-041,Cuantificación de Sedimento urinario,True,study,MICROSCOPÍA,10,120,urine,False,420.0
386,ECN-CAT-MOL-041,Cuantificación de Dengue por PCR,True,study,RT-PCR,17,375,blood,True,940.0
387,ECN-CAT-QC-042,Cuantificación de Magnesio,True,study,COLORIMETRÍA,24,135,plasma,False,670.0
388,ECN-CAT-HEM-042,Cuantificación de Velocidad de sedimentación,True,study,MICROSCOPÍA,1,75,blood,False,170.0
389,ECN-CAT-INM-042,Cuantificación de Alfafetoproteína,True,study,QUIMIOLUMINISCENCIA,8,180,serum,False,440.0
390,ECN-CAT-MIC-042,Cuantificación de Sangre oculta en heces,True,study,INMUNOCROMATOGRAFÍA,15,105,stool,False,570.0
391,ECN-CAT-COA-042,Cuantificación de Tiempo de sangrado,True,study,COAGULOMETRÍA,22,135,plasma,False,710.0
392,ECN-CAT-END-042,Cuantificación de Dehidroepiandrosterona,True,study,ELISA,29,225,plasma,True,920.0
393,ECN-CAT-URO-042,Cuantificación de Cetonas en orina,True,study,COLORIMETRÍA,6,60,urine,False,310.0
394,ECN-CAT-MOL-042,Cuantificación de Zika por PCR,True,study,RT-PCR,13,360,blood,True,850.0
395,ECN-CAT-QC-043,Cuantificación de Sodio,True,study,ENZIMÁTICO,20,120,serum,False,560.0
396,ECN-CAT-HEM-043,Cuantificación de Frotis de sangre periférica,True,study,IMPEDANCIA,27,150,blood,True,750.0
397,ECN-CAT-INM-043,Cuantificación de CA 125,True,study,INMUNOENSAYO,4,105,serum,False,340.0
398,ECN-CAT-MIC-043,Cuantificación de Rotavirus en heces,True,study,INMUNOCROMATOGRAFÍA,11,90,stool,False,470.0
399,ECN-CAT-COA-043,Cuantificación de Tiempo de coagulación,True,study,COAGULOMETRÍA,18,120,plasma,False,610.0
400,ECN-CAT-END-043,Cuantificación de Aldosterona,True,study,INMUNOENSAYO,25,180,serum,True,790.0
401,ECN-CAT-URO-043,Cuantificación de Hemoglobina en orina,True,study,TIRA REACTIVA,2,30,urine,False,250.0
402,ECN-CAT-MOL-043,Cuantificación de Chikungunya por PCR,True,study,RT-PCR,9,360,blood,True,750.0
403,ECN-CAT-QC-044,Cuantificación de Potasio,True,study,ESPECTROFOTOMETRÍA,16,105,plasma,False,490.0
404,ECN-CAT-HEM-044,Cuantificación de Conteo diferencial,True,study,CITOMETRÍA,23,180,blood,False,760.0
405,ECN-CAT-INM-044,Cuantificación de CA 19-9,True,study,ELISA,30,225,serum,True,930.0
406,ECN-CAT-MIC-044,Cuantificación de Adenovirus en heces,True,study,INMUNOCROMATOGRAFÍA,7,75,stool,True,370.0
407,ECN-CAT-COA-044,Cuantificación de Productos de degradación de fibrina,True,study,COAGULOMETRÍA,14,105,plasma,False,510.0
408,ECN-CAT-END-044,Cuantificación de Renina,True,study,QUIMIOLUMINISCENCIA,21,225,plasma,False,810.0
409,ECN-CAT-URO-044,Cuantificación de Nitritos en orina,True,study,MICROSCOPÍA,28,180,urine,True,840.0
410,ECN-CAT-MOL-044,Cuantificación de Panel respiratorio molecular,True,study,RT-PCR,5,345,swab,True,650.0
411,ECN-CAT-QC-045,Cuantificación de Cloro,True,study,COLORIMETRÍA,12,90,serum,False,380.0
412,ECN-CAT-HEM-045,Cuantificación de Índice plaquetario,True,study,MICROSCOPÍA,19,150,blood,False,590.0
413,ECN-CAT-INM-045,Cuantificación de CA 15-3,True,study,QUIMIOLUMINISCENCIA,26,240,serum,True,860.0
414,ECN-CAT-MIC-045,Cuantificación de Helicobacter pylori,True,study,INMUNOCROMATOGRAFÍA,3,60,stool,False,270.0
415,ECN-CAT-COA-045,Cuantificación de Factor de von Willebrand,True,study,COAGULOMETRÍA,10,90,plasma,False,420.0
416,ECN-CAT-END-045,Cuantificación de Paratohormona,True,study,ELISA,17,180,serum,False,680.0
417,ECN-CAT-URO-045,Cuantificación de Leucocitos en orina,True,study,COLORIMETRÍA,24,120,urine,False,730.0
418,ECN-CAT-MOL-045,Cuantificación de Panel gastrointestinal molecular,True,study,RT-PCR,1,330,other,True,550.0
419,ECN-CAT-QC-046,Cuantificación de Hierro sérico,True,study,ENZIMÁTICO,8,60,plasma,False,320.0
420,ECN-CAT-HEM-046,Cuantificación de Morfología eritrocitaria,True,study,IMPEDANCIA,15,90,blood,False,510.0
421,ECN-CAT-INM-046,Cuantificación de Antígeno prostático total,True,study,INMUNOENSAYO,22,165,serum,False,700.0
422,ECN-CAT-MIC-046,Cuantificación de Clostridioides difficile,True,study,INMUNOCROMATOGRAFÍA,29,165,stool,True,840.0
423,ECN-CAT-COA-046,Cuantificación de Mezcla de TTPa,True,study,COAGULOMETRÍA,6,90,plasma,False,370.0
424,ECN-CAT-END-046,Cuantificación de Calcitonina,True,study,INMUNOENSAYO,13,135,plasma,False,550.0
425,ECN-CAT-URO-046,Cuantificación de Cristales en orina,True,study,TIRA REACTIVA,20,105,urine,False,620.0
426,ECN-CAT-MOL-046,Cuantificación de Trombofilia hereditaria,True,study,PCR,27,495,blood,True,1140.0
427,ECN-CAT-QC-047,Cuantificación de Amilasa,True,study,ESPECTROFOTOMETRÍA,4,60,serum,False,250.0
428,ECN-CAT-HEM-047,Cuantificación de Morfología leucocitaria,True,study,CITOMETRÍA,11,120,blood,False,510.0
429,ECN-CAT-INM-047,Cuantificación de Antígeno prostático libre,True,study,ELISA,18,180,serum,False,640.0
430,ECN-CAT-MIC-047,Cuantificación de Estreptococo del grupo A,True,study,INMUNOCROMATOGRAFÍA,25,135,swab,True,790.0
431,ECN-CAT-COA-047,Cuantificación de Mezcla de TP,True,study,COAGULOMETRÍA,2,75,plasma,False,270.0
432,ECN-CAT-END-047,Cuantificación de Péptido C,True,study,QUIMIOLUMINISCENCIA,9,165,serum,False,510.0
433,ECN-CAT-URO-047,Cuantificación de Cilindros urinarios,True,study,MICROSCOPÍA,16,135,urine,False,540.0
434,ECN-CAT-MOL-047,Cuantificación de Mutación JAK2,True,study,PCR,23,480,blood,True,1040.0
435,ECN-CAT-QC-048,Cuantificación de Lipasa,True,study,COLORIMETRÍA,30,150,plasma,True,790.0
436,ECN-CAT-HEM-048,Cuantificación de Morfología plaquetaria,True,study,MICROSCOPÍA,7,90,blood,False,300.0
437,ECN-CAT-INM-048,Cuantificación de Serología para dengue,True,study,QUIMIOLUMINISCENCIA,14,195,serum,False,620.0
438,ECN-CAT-MIC-048,Cuantificación de Salmonella,True,study,CULTIVO,21,810,stool,True,750.0
439,ECN-CAT-COA-048,Cuantificación de Factor V,True,study,COAGULOMETRÍA,28,180,plasma,True,830.0
440,ECN-CAT-END-048,Cuantificación de 17-hidroxiprogesterona,True,study,ELISA,5,120,plasma,False,380.0
441,ECN-CAT-URO-048,Cuantificación de Urobilinógeno en orina,True,study,COLORIMETRÍA,12,75,urine,False,490.0
442,ECN-CAT-MOL-048,Cuantificación de BCR-ABL cuantitativo,True,study,PCR,19,450,blood,True,940.0
443,ECN-CAT-QC-049,Cuantificación de Lactato deshidrogenasa,True,study,ENZIMÁTICO,26,135,serum,True,690.0
444,ECN-CAT-HEM-049,Cuantificación de Hemoparásitos,True,study,IMPEDANCIA,3,60,blood,False,220.0
445,ECN-CAT-INM-049,Cuantificación de Serología para rubéola,True,study,INMUNOENSAYO,10,120,serum,False,460.0
446,ECN-CAT-MIC-049,Cuantificación de Shigella,True,study,CULTIVO,17,795,stool,False,650.0
447,ECN-CAT-COA-049,Cuantificación de Factor VII,True,study,COAGULOMETRÍA,24,165,plasma,False,730.0
448,ECN-CAT-END-049,Cuantificación de Hormona antimülleriana,True,study,INMUNOENSAYO,1,75,serum,False,310.0
449,ECN-CAT-URO-049,Cuantificación de Bilirrubina en orina,True,study,TIRA REACTIVA,8,60,urine,False,370.0
450,ECN-CAT-MOL-049,Cuantificación de HLA-B27,True,study,PCR,15,435,blood,True,840.0
451,ECN-CAT-QC-050,Cuantificación de Hemoglobina glucosilada,True,study,ESPECTROFOTOMETRÍA,22,135,blood,False,620.0
452,ECN-CAT-HEM-050,Cuantificación de Prueba de falciformación,True,study,CITOMETRÍA,29,210,blood,True,930.0
453,ECN-CAT-INM-050,Cuantificación de Serología para toxoplasma,True,study,ELISA,6,135,serum,False,390.0
454,ECN-CAT-MIC-050,Cuantificación de Candida albicans,True,study,CULTIVO,13,780,swab,False,550.0
455,ECN-CAT-COA-050,Cuantificación de Factor X,True,study,COAGULOMETRÍA,20,150,plasma,False,640.0
456,ECN-CAT-END-050,Cuantificación de Somatomedina C,True,study,QUIMIOLUMINISCENCIA,27,240,plasma,True,930.0
457,ECN-CAT-URO-050,Cuantificación de Relación albúmina creatinina,True,study,MICROSCOPÍA,4,75,urine,False,300.0
458,ECN-CAT-MOL-050,Cuantificación de Carga viral cuantitativa,True,study,PCR,11,420,plasma,True,740.0
459,ECN-CAT-QC-051,Evaluación de Glucosa,True,study,COLORIMETRÍA,18,105,serum,False,550.0
460,ECN-CAT-HEM-051,Evaluación de Biometría hemática,True,study,MICROSCOPÍA,25,180,blood,True,710.0
461,ECN-CAT-INM-051,Evaluación de Proteína C reactiva,True,study,QUIMIOLUMINISCENCIA,2,150,serum,False,320.0
462,ECN-CAT-MIC-051,Evaluación de Urocultivo,True,study,CULTIVO,9,765,urine,False,460.0
463,ECN-CAT-COA-051,Evaluación de Tiempo de protrombina,True,study,COAGULOMETRÍA,16,135,plasma,False,590.0
464,ECN-CAT-END-051,Evaluación de Hormona estimulante de tiroides,True,study,ELISA,23,195,serum,False,800.0
465,ECN-CAT-URO-051,Evaluación de Examen general de orina,True,study,COLORIMETRÍA,30,165,urine,True,850.0
466,ECN-CAT-MOL-051,Evaluación de Detección molecular de SARS-CoV-2,True,study,RT-PCR,7,345,swab,True,680.0
467,ECN-CAT-QC-052,Evaluación de Urea,True,study,ENZIMÁTICO,14,75,plasma,False,440.0
468,ECN-CAT-HEM-052,Evaluación de Hemoglobina,True,study,IMPEDANCIA,21,135,blood,False,630.0
469,ECN-CAT-INM-052,Evaluación de Factor reumatoide,True,study,INMUNOENSAYO,28,180,serum,True,830.0
470,ECN-CAT-MIC-052,Evaluación de Coprocultivo,True,study,CULTIVO,5,750,stool,True,410.0
471,ECN-CAT-COA-052,Evaluación de Tiempo de tromboplastina parcial,True,study,COAGULOMETRÍA,12,105,plasma,False,490.0
472,ECN-CAT-END-052,Evaluación de Tiroxina libre,True,study,INMUNOENSAYO,19,150,plasma,False,670.0
473,ECN-CAT-URO-052,Evaluación de Microalbúmina en orina,True,study,TIRA REACTIVA,26,150,urine,True,740.0
474,ECN-CAT-MOL-052,Evaluación de Virus de influenza A,True,study,RT-PCR,3,330,swab,True,630.0
475,ECN-CAT-QC-053,Evaluación de Creatinina,True,study,ESPECTROFOTOMETRÍA,10,75,serum,False,370.0
476,ECN-CAT-HEM-053,Evaluación de Hematocrito,True,study,CITOMETRÍA,17,165,blood,False,640.0
477,ECN-CAT-INM-053,Evaluación de Antiestreptolisinas O,True,study,ELISA,24,195,serum,False,810.0
478,ECN-CAT-MIC-053,Evaluación de Exudado faríngeo,True,study,CULTIVO,1,735,swab,False,310.0
479,ECN-CAT-COA-053,Evaluación de Tiempo de trombina,True,study,COAGULOMETRÍA,8,90,plasma,False,390.0
480,ECN-CAT-END-053,Evaluación de Tiroxina total,True,study,QUIMIOLUMINISCENCIA,15,195,serum,False,640.0
481,ECN-CAT-URO-053,Evaluación de Proteínas en orina,True,study,MICROSCOPÍA,22,165,urine,False,720.0
482,ECN-CAT-MOL-053,Evaluación de Virus de influenza B,True,study,RT-PCR,29,435,swab,True,1190.0
483,ECN-CAT-QC-054,Evaluación de Ácido úrico,True,study,COLORIMETRÍA,6,45,plasma,False,260.0
484,ECN-CAT-HEM-054,Evaluación de Eritrocitos,True,study,MICROSCOPÍA,13,135,blood,False,420.0
485,ECN-CAT-INM-054,Evaluación de Inmunoglobulina A,True,study,QUIMIOLUMINISCENCIA,20,210,serum,False,740.0
486,ECN-CAT-MIC-054,Evaluación de Exudado nasal,True,study,CULTIVO,27,855,swab,True,870.0
487,ECN-CAT-COA-054,Evaluación de Fibrinógeno,True,study,COAGULOMETRÍA,4,75,plasma,False,300.0
488,ECN-CAT-END-054,Evaluación de Triyodotironina libre,True,study,ELISA,11,150,plasma,False,560.0
489,ECN-CAT-URO-054,Evaluación de Glucosa en orina,True,study,COLORIMETRÍA,18,120,urine,False,610.0
490,ECN-CAT-MOL-054,Evaluación de Virus del papiloma humano,True,study,PCR,25,480,swab,True,1060.0
491,ECN-CAT-QC-055,Evaluación de Colesterol total,True,study,ENZIMÁTICO,2,30,serum,False,150.0
492,ECN-CAT-HEM-055,Evaluación de Leucocitos,True,study,IMPEDANCIA,9,90,blood,False,390.0
493,ECN-CAT-INM-055,Evaluación de Inmunoglobulina G,True,study,INMUNOENSAYO,16,135,serum,False,580.0
494,ECN-CAT-MIC-055,Evaluación de Exudado vaginal,True,study,CULTIVO,23,840,swab,False,780.0
495,ECN-CAT-COA-055,Evaluación de Dímero D,True,study,COAGULOMETRÍA,30,180,plasma,True,860.0
496,ECN-CAT-END-055,Evaluación de Triyodotironina total,True,study,INMUNOENSAYO,7,90,serum,False,430.0
497,ECN-CAT-URO-055,Evaluación de Creatinina en orina,True,study,TIRA REACTIVA,14,90,urine,False,500.0
498,ECN-CAT-MOL-055,Evaluación de Virus de hepatitis B,True,study,PCR,21,450,plasma,True,960.0
499,ECN-CAT-QC-056,Evaluación de Triglicéridos,True,study,ESPECTROFOTOMETRÍA,28,150,plasma,True,790.0
500,ECN-CAT-HEM-056,Evaluación de Plaquetas,True,study,CITOMETRÍA,5,120,blood,False,390.0
501,ECN-CAT-INM-056,Evaluación de Inmunoglobulina M,True,study,ELISA,12,150,serum,False,520.0
502,ECN-CAT-MIC-056,Evaluación de Exudado uretral,True,study,CULTIVO,19,825,swab,True,680.0
503,ECN-CAT-COA-056,Evaluación de INR,True,study,COAGULOMETRÍA,26,165,plasma,True,810.0
504,ECN-CAT-END-056,Evaluación de Insulina,True,study,QUIMIOLUMINISCENCIA,3,135,plasma,False,390.0
505,ECN-CAT-URO-056,Evaluación de Calcio en orina,True,study,MICROSCOPÍA,10,120,urine,False,420.0
506,ECN-CAT-MOL-056,Evaluación de Virus de hepatitis C,True,study,PCR,17,435,plasma,True,870.0
507,ECN-CAT-QC-057,Evaluación de Bilirrubina total,True,study,COLORIMETRÍA,24,135,serum,False,670.0
508,ECN-CAT-HEM-057,Evaluación de Reticulocitos,True,study,MICROSCOPÍA,1,75,blood,False,180.0
509,ECN-CAT-INM-057,Evaluación de Inmunoglobulina E,True,study,QUIMIOLUMINISCENCIA,8,165,serum,False,450.0
510,ECN-CAT-MIC-057,Evaluación de Hemocultivo,True,study,CULTIVO,15,795,blood,False,630.0
511,ECN-CAT-COA-057,Evaluación de Actividad de factor VIII,True,study,COAGULOMETRÍA,22,150,plasma,False,710.0
512,ECN-CAT-END-057,Evaluación de Cortisol,True,study,ELISA,29,210,serum,True,920.0
513,ECN-CAT-URO-057,Evaluación de Ácido úrico en orina,True,study,COLORIMETRÍA,6,60,urine,False,320.0
514,ECN-CAT-MOL-057,Evaluación de Virus de Epstein-Barr,True,study,PCR,13,420,blood,True,820.0
515,ECN-CAT-QC-058,Evaluación de Bilirrubina directa,True,study,ENZIMÁTICO,20,120,plasma,False,570.0
516,ECN-CAT-HEM-058,Evaluación de Volumen corpuscular medio,True,study,IMPEDANCIA,27,150,blood,True,760.0
517,ECN-CAT-INM-058,Evaluación de Complemento C3,True,study,INMUNOENSAYO,4,90,serum,False,290.0
518,ECN-CAT-MIC-058,Evaluación de Cultivo de esputo,True,study,CULTIVO,11,780,other,False,530.0
519,ECN-CAT-COA-058,Evaluación de Actividad de factor IX,True,study,COAGULOMETRÍA,18,135,plasma,False,610.0
520,ECN-CAT-END-058,Evaluación de Hormona adrenocorticotropa,True,study,INMUNOENSAYO,25,165,plasma,True,800.0
521,ECN-CAT-URO-058,Evaluación de Sodio en orina,True,study,TIRA REACTIVA,2,45,urine,False,250.0
522,ECN-CAT-MOL-058,Evaluación de Citomegalovirus,True,study,PCR,9,405,blood,True,720.0
523,ECN-CAT-QC-059,Evaluación de Alanina aminotransferasa,True,study,ESPECTROFOTOMETRÍA,16,120,serum,False,500.0
524,ECN-CAT-HEM-059,Evaluación de Hemoglobina corpuscular media,True,study,CITOMETRÍA,23,180,blood,False,760.0
525,ECN-CAT-INM-059,Evaluación de Complemento C4,True,study,ELISA,30,210,serum,True,930.0
526,ECN-CAT-MIC-059,Evaluación de Cultivo de heridas,True,study,CULTIVO,7,765,swab,False,430.0
527,ECN-CAT-COA-059,Evaluación de Actividad de factor XI,True,study,COAGULOMETRÍA,14,120,plasma,False,520.0
528,ECN-CAT-END-059,Evaluación de Hormona de crecimiento,True,study,QUIMIOLUMINISCENCIA,21,225,serum,False,810.0
529,ECN-CAT-URO-059,Evaluación de Potasio en orina,True,study,MICROSCOPÍA,28,195,urine,True,840.0
530,ECN-CAT-MOL-059,Evaluación de Virus herpes simple 1,True,study,PCR,5,390,swab,True,620.0
531,ECN-CAT-QC-060,Evaluación de Aspartato aminotransferasa,True,study,COLORIMETRÍA,12,90,plasma,False,380.0
532,ECN-CAT-HEM-060,Evaluación de Concentración media de hemoglobina,True,study,MICROSCOPÍA,19,150,blood,False,590.0
533,ECN-CAT-INM-060,Evaluación de Anticuerpos antinucleares,True,study,QUIMIOLUMINISCENCIA,26,225,serum,True,860.0
534,ECN-CAT-MIC-060,Evaluación de Cultivo de secreciones,True,study,CULTIVO,3,750,swab,True,340.0
535,ECN-CAT-COA-060,Evaluación de Actividad de factor XII,True,study,COAGULOMETRÍA,10,90,plasma,False,420.0
536,ECN-CAT-END-060,Evaluación de Prolactina,True,study,ELISA,17,180,plasma,False,680.0
537,ECN-CAT-URO-060,Evaluación de Cloro en orina,True,study,COLORIMETRÍA,24,135,urine,False,730.0
538,ECN-CAT-MOL-060,Evaluación de Virus herpes simple 2,True,study,PCR,1,375,swab,True,530.0
539,ECN-CAT-QC-061,Evaluación de Fosfatasa alcalina,True,study,ENZIMÁTICO,8,75,serum,False,320.0
540,ECN-CAT-HEM-061,Evaluación de Ancho de distribución eritrocitaria,True,study,IMPEDANCIA,15,105,blood,False,510.0
541,ECN-CAT-INM-061,Evaluación de Anticuerpos anti-DNA,True,study,INMUNOENSAYO,22,150,serum,False,710.0
542,ECN-CAT-MIC-061,Evaluación de Antibiograma,True,study,CULTIVO,29,855,other,True,900.0
543,ECN-CAT-COA-061,Evaluación de Antitrombina III,True,study,COAGULOMETRÍA,6,75,plasma,False,370.0
544,ECN-CAT-END-061,Evaluación de Hormona luteinizante,True,study,INMUNOENSAYO,13,135,serum,False,550.0
545,ECN-CAT-URO-061,Evaluación de Fósforo en orina,True,study,TIRA REACTIVA,20,105,urine,False,620.0
546,ECN-CAT-MOL-061,Evaluación de Chlamydia trachomatis,True,study,PCR,27,480,swab,True,1090.0
547,ECN-CAT-QC-062,Evaluación de Gamma glutamil transferasa,True,study,ESPECTROFOTOMETRÍA,4,60,plasma,False,250.0
548,ECN-CAT-HEM-062,Evaluación de Neutrófilos,True,study,CITOMETRÍA,11,135,blood,False,520.0
549,ECN-CAT-INM-062,Evaluación de Anticuerpos anticardiolipina,True,study,ELISA,18,180,serum,False,640.0
550,ECN-CAT-MIC-062,Evaluación de Tinción de Gram,True,study,MICROSCOPÍA,25,180,other,True,750.0
551,ECN-CAT-COA-062,Evaluación de Proteína C funcional,True,study,COAGULOMETRÍA,2,60,plasma,False,270.0
552,ECN-CAT-END-062,Evaluación de Hormona foliculoestimulante,True,study,QUIMIOLUMINISCENCIA,9,180,plasma,False,520.0
553,ECN-CAT-URO-062,Evaluación de Magnesio en orina,True,study,MICROSCOPÍA,16,135,urine,False,550.0
554,ECN-CAT-MOL-062,Evaluación de Neisseria gonorrhoeae,True,study,PCR,23,465,swab,True,1040.0
555,ECN-CAT-QC-063,Evaluación de Albúmina,True,study,COLORIMETRÍA,30,165,serum,True,800.0
556,ECN-CAT-HEM-063,Evaluación de Linfocitos,True,study,MICROSCOPÍA,7,105,blood,False,300.0
557,ECN-CAT-INM-063,Evaluación de Procalcitonina,True,study,QUIMIOLUMINISCENCIA,14,195,serum,False,570.0
558,ECN-CAT-MIC-063,Evaluación de Baciloscopía,True,study,MICROSCOPÍA,21,165,other,False,650.0
559,ECN-CAT-COA-063,Evaluación de Proteína S funcional,True,study,COAGULOMETRÍA,28,165,plasma,True,840.0
560,ECN-CAT-END-063,Evaluación de Estradiol,True,study,ELISA,5,135,serum,False,390.0
561,ECN-CAT-URO-063,Evaluación de Urea en orina,True,study,COLORIMETRÍA,12,75,urine,False,490.0
562,ECN-CAT-MOL-063,Evaluación de Mycobacterium tuberculosis,True,study,PCR,19,435,other,True,940.0
563,ECN-CAT-QC-064,Evaluación de Proteínas totales,True,study,ENZIMÁTICO,26,135,plasma,True,690.0
564,ECN-CAT-HEM-064,Evaluación de Monocitos,True,study,IMPEDANCIA,3,45,blood,False,220.0
565,ECN-CAT-INM-064,Evaluación de Ferritina,True,study,INMUNOENSAYO,10,120,serum,False,460.0
566,ECN-CAT-MIC-064,Evaluación de Búsqueda de hongos,True,study,MICROSCOPÍA,17,150,other,True,560.0
567,ECN-CAT-COA-064,Evaluación de Anticoagulante lúpico,True,study,COAGULOMETRÍA,24,150,plasma,False,740.0
568,ECN-CAT-END-064,Evaluación de Progesterona,True,study,INMUNOENSAYO,1,90,plasma,False,260.0
569,ECN-CAT-URO-064,Evaluación de Osmolalidad urinaria,True,study,TIRA REACTIVA,8,60,urine,False,380.0
570,ECN-CAT-MOL-064,Evaluación de Bordetella pertussis,True,study,PCR,15,450,swab,True,840.0
571,ECN-CAT-QC-065,Evaluación de Calcio,True,study,ESPECTROFOTOMETRÍA,22,135,serum,False,620.0
572,ECN-CAT-HEM-065,Evaluación de Eosinófilos,True,study,CITOMETRÍA,29,195,blood,True,930.0
573,ECN-CAT-INM-065,Evaluación de Troponina I,True,study,ELISA,6,135,serum,False,400.0
574,ECN-CAT-MIC-065,Evaluación de Coprológico,True,study,MICROSCOPÍA,13,120,stool,False,460.0
575,ECN-CAT-COA-065,Evaluación de Resistencia a proteína C activada,True,study,COAGULOMETRÍA,20,135,plasma,False,640.0
576,ECN-CAT-END-065,Evaluación de Testosterona total,True,study,QUIMIOLUMINISCENCIA,27,240,serum,True,930.0
577,ECN-CAT-URO-065,Evaluación de Depuración de creatinina,True,study,MICROSCOPÍA,4,90,urine,False,300.0
578,ECN-CAT-MOL-065,Evaluación de Parvovirus B19,True,study,PCR,11,435,blood,True,750.0
579,ECN-CAT-QC-066,Evaluación de Fósforo,True,study,COLORIMETRÍA,18,105,plasma,False,550.0
580,ECN-CAT-HEM-066,Evaluación de Basófilos,True,study,MICROSCOPÍA,25,165,blood,True,720.0
581,ECN-CAT-INM-066,Evaluación de Antígeno carcinoembrionario,True,study,QUIMIOLUMINISCENCIA,2,150,serum,False,330.0
582,ECN-CAT-MIC-066,Evaluación de Amiba en fresco,True,study,MICROSCOPÍA,9,105,stool,False,360.0
583,ECN-CAT-COA-066,Evaluación de Agregación plaquetaria,True,study,COAGULOMETRÍA,16,120,plasma,False,590.0
584,ECN-CAT-END-066,Evaluación de Testosterona libre,True,study,ELISA,23,195,plasma,False,800.0
585,ECN-CAT-URO-066,Evaluación de Sedimento urinario,True,study,COLORIMETRÍA,30,150,urine,True,860.0
586,ECN-CAT-MOL-066,Evaluación de Dengue por PCR,True,study,RT-PCR,7,345,blood,True,680.0
587,ECN-CAT-QC-067,Evaluación de Magnesio,True,study,ENZIMÁTICO,14,90,serum,False,450.0
588,ECN-CAT-HEM-067,Evaluación de Velocidad de sedimentación,True,study,IMPEDANCIA,21,120,blood,False,640.0
589,ECN-CAT-INM-067,Evaluación de Alfafetoproteína,True,study,INMUNOENSAYO,28,195,serum,True,830.0
590,ECN-CAT-MIC-067,Evaluación de Sangre oculta en heces,True,study,INMUNOCROMATOGRAFÍA,5,60,stool,False,350.0
591,ECN-CAT-COA-067,Evaluación de Tiempo de sangrado,True,study,COAGULOMETRÍA,12,120,plasma,False,490.0
592,ECN-CAT-END-067,Evaluación de Dehidroepiandrosterona,True,study,INMUNOENSAYO,19,150,serum,False,680.0
593,ECN-CAT-URO-067,Evaluación de Cetonas en orina,True,study,TIRA REACTIVA,26,135,urine,True,740.0
594,ECN-CAT-MOL-067,Evaluación de Zika por PCR,True,study,RT-PCR,3,330,blood,True,630.0
595,ECN-CAT-QC-068,Evaluación de Sodio,True,study,ESPECTROFOTOMETRÍA,10,90,plasma,False,380.0
596,ECN-CAT-HEM-068,Evaluación de Frotis de sangre periférica,True,study,CITOMETRÍA,17,150,blood,False,640.0
597,ECN-CAT-INM-068,Evaluación de CA 125,True,study,ELISA,24,210,serum,False,760.0
598,ECN-CAT-MIC-068,Evaluación de Rotavirus en heces,True,study,INMUNOCROMATOGRAFÍA,1,45,stool,True,250.0
599,ECN-CAT-COA-068,Evaluación de Tiempo de coagulación,True,study,COAGULOMETRÍA,8,105,plasma,False,400.0
600,ECN-CAT-END-068,Evaluación de Aldosterona,True,study,QUIMIOLUMINISCENCIA,15,195,plasma,False,640.0
601,ECN-CAT-URO-068,Evaluación de Hemoglobina en orina,True,study,MICROSCOPÍA,22,150,urine,False,720.0
602,ECN-CAT-MOL-068,Evaluación de Chikungunya por PCR,True,study,RT-PCR,29,435,blood,True,1190.0
603,ECN-CAT-QC-069,Evaluación de Potasio,True,study,COLORIMETRÍA,6,60,serum,False,260.0
604,ECN-CAT-HEM-069,Evaluación de Conteo diferencial,True,study,MICROSCOPÍA,13,120,blood,False,420.0
605,ECN-CAT-INM-069,Evaluación de CA 19-9,True,study,QUIMIOLUMINISCENCIA,20,225,serum,False,740.0
606,ECN-CAT-MIC-069,Evaluación de Adenovirus en heces,True,study,INMUNOCROMATOGRAFÍA,27,150,stool,True,820.0
607,ECN-CAT-COA-069,Evaluación de Productos de degradación de fibrina,True,study,COAGULOMETRÍA,4,90,plasma,False,300.0
608,ECN-CAT-END-069,Evaluación de Renina,True,study,ELISA,11,150,serum,False,510.0
609,ECN-CAT-URO-069,Evaluación de Nitritos en orina,True,study,COLORIMETRÍA,18,105,urine,False,610.0
610,ECN-CAT-MOL-069,Evaluación de Panel respiratorio molecular,True,study,RT-PCR,25,420,swab,True,1100.0
611,ECN-CAT-QC-070,Evaluación de Cloro,True,study,ENZIMÁTICO,2,30,plasma,False,150.0
612,ECN-CAT-HEM-070,Evaluación de Índice plaquetario,True,study,IMPEDANCIA,9,90,blood,False,390.0
613,ECN-CAT-INM-070,Evaluación de CA 15-3,True,study,INMUNOENSAYO,16,135,serum,False,590.0
614,ECN-CAT-MIC-070,Evaluación de Helicobacter pylori,True,study,INMUNOCROMATOGRAFÍA,23,135,stool,False,720.0
615,ECN-CAT-COA-070,Evaluación de Factor de von Willebrand,True,study,COAGULOMETRÍA,30,180,plasma,True,860.0
616,ECN-CAT-END-070,Evaluación de Paratohormona,True,study,INMUNOENSAYO,7,105,plasma,False,430.0
617,ECN-CAT-URO-070,Evaluación de Leucocitos en orina,True,study,TIRA REACTIVA,14,75,urine,False,500.0
618,ECN-CAT-MOL-070,Evaluación de Panel gastrointestinal molecular,True,study,RT-PCR,21,405,other,True,1000.0
619,ECN-CAT-QC-071,Evaluación de Hierro sérico,True,study,ESPECTROFOTOMETRÍA,28,150,serum,True,740.0
620,ECN-CAT-HEM-071,Evaluación de Morfología eritrocitaria,True,study,CITOMETRÍA,5,120,blood,False,400.0
621,ECN-CAT-INM-071,Evaluación de Antígeno prostático total,True,study,ELISA,12,150,serum,False,520.0
622,ECN-CAT-MIC-071,Evaluación de Clostridioides difficile,True,study,INMUNOCROMATOGRAFÍA,19,120,stool,False,620.0
623,ECN-CAT-COA-071,Evaluación de Mezcla de TTPa,True,study,COAGULOMETRÍA,26,165,plasma,True,810.0
624,ECN-CAT-END-071,Evaluación de Calcitonina,True,study,QUIMIOLUMINISCENCIA,3,150,serum,False,400.0
625,ECN-CAT-URO-071,Evaluación de Cristales en orina,True,study,MICROSCOPÍA,10,105,urine,False,430.0
626,ECN-CAT-MOL-071,Evaluación de Trombofilia hereditaria,True,study,PCR,17,450,blood,True,870.0
627,ECN-CAT-QC-072,Evaluación de Amilasa,True,study,COLORIMETRÍA,24,120,plasma,False,680.0
628,ECN-CAT-HEM-072,Evaluación de Morfología leucocitaria,True,study,MICROSCOPÍA,1,90,blood,False,180.0
629,ECN-CAT-INM-072,Evaluación de Antígeno prostático libre,True,study,QUIMIOLUMINISCENCIA,8,165,serum,False,450.0
630,ECN-CAT-MIC-072,Evaluación de Estreptococo del grupo A,True,study,INMUNOCROMATOGRAFÍA,15,90,swab,True,570.0
631,ECN-CAT-COA-072,Evaluación de Mezcla de TP,True,study,COAGULOMETRÍA,22,150,plasma,False,720.0
632,ECN-CAT-END-072,Evaluación de Péptido C,True,study,ELISA,29,225,plasma,True,930.0
633,ECN-CAT-URO-072,Evaluación de Cilindros urinarios,True,study,COLORIMETRÍA,6,75,urine,False,320.0
634,ECN-CAT-MOL-072,Evaluación de Mutación JAK2,True,study,PCR,13,435,blood,True,820.0
635,ECN-CAT-QC-073,Evaluación de Lipasa,True,study,ENZIMÁTICO,20,105,serum,False,570.0
636,ECN-CAT-HEM-073,Evaluación de Morfología plaquetaria,True,study,IMPEDANCIA,27,165,blood,True,760.0
637,ECN-CAT-INM-073,Evaluación de Serología para dengue,True,study,INMUNOENSAYO,4,90,serum,False,290.0
638,ECN-CAT-MIC-073,Evaluación de Salmonella,True,study,CULTIVO,11,765,stool,False,540.0
639,ECN-CAT-COA-073,Evaluación de Factor V,True,study,COAGULOMETRÍA,18,135,plasma,False,620.0
640,ECN-CAT-END-073,Evaluación de 17-hidroxiprogesterona,True,study,INMUNOENSAYO,25,165,serum,True,800.0
641,ECN-CAT-URO-073,Evaluación de Urobilinógeno en orina,True,study,TIRA REACTIVA,2,45,urine,False,260.0
642,ECN-CAT-MOL-073,Evaluación de BCR-ABL cuantitativo,True,study,PCR,9,405,blood,True,720.0
643,ECN-CAT-QC-074,Evaluación de Lactato deshidrogenasa,True,study,ESPECTROFOTOMETRÍA,16,105,plasma,False,500.0
644,ECN-CAT-HEM-074,Evaluación de Hemoparásitos,True,study,CITOMETRÍA,23,195,blood,False,760.0
645,ECN-CAT-INM-074,Evaluación de Serología para rubéola,True,study,ELISA,30,225,serum,True,940.0
646,ECN-CAT-MIC-074,Evaluación de Shigella,True,study,CULTIVO,7,750,stool,False,440.0
647,ECN-CAT-COA-074,Evaluación de Factor VII,True,study,COAGULOMETRÍA,14,120,plasma,False,520.0
648,ECN-CAT-END-074,Evaluación de Hormona antimülleriana,True,study,QUIMIOLUMINISCENCIA,21,210,plasma,False,760.0
649,ECN-CAT-URO-074,Evaluación de Bilirrubina en orina,True,study,MICROSCOPÍA,28,195,urine,True,840.0
650,ECN-CAT-MOL-074,Evaluación de HLA-B27,True,study,PCR,5,390,blood,True,630.0
651,ECN-CAT-QC-075,Evaluación de Hemoglobina glucosilada,True,study,COLORIMETRÍA,12,75,blood,False,380.0
652,ECN-CAT-HEM-075,Evaluación de Prueba de falciformación,True,study,MICROSCOPÍA,19,150,blood,False,600.0
653,ECN-CAT-INM-075,Evaluación de Serología para toxoplasma,True,study,QUIMIOLUMINISCENCIA,26,240,serum,True,870.0
654,ECN-CAT-MIC-075,Evaluación de Candida albicans,True,study,CULTIVO,3,750,swab,False,340.0
655,ECN-CAT-COA-075,Evaluación de Factor X,True,study,COAGULOMETRÍA,10,105,plasma,False,420.0
656,ECN-CAT-END-075,Evaluación de Somatomedina C,True,study,ELISA,17,165,serum,False,680.0
657,ECN-CAT-URO-075,Evaluación de Relación albúmina creatinina,True,study,COLORIMETRÍA,24,135,urine,False,740.0
658,ECN-CAT-MOL-075,Evaluación de Carga viral cuantitativa,True,study,PCR,1,375,plasma,True,530.0
659,ECN-CAT-QC-076,Control de Glucosa,True,study,ENZIMÁTICO,8,60,plasma,False,270.0
660,ECN-CAT-HEM-076,Control de Biometría hemática,True,study,IMPEDANCIA,15,105,blood,False,520.0
661,ECN-CAT-INM-076,Control de Proteína C reactiva,True,study,INMUNOENSAYO,22,165,serum,False,710.0
662,ECN-CAT-MIC-076,Control de Urocultivo,True,study,CULTIVO,29,855,urine,True,900.0
663,ECN-CAT-COA-076,Control de Tiempo de protrombina,True,study,COAGULOMETRÍA,6,90,plasma,False,370.0
664,ECN-CAT-END-076,Control de Hormona estimulante de tiroides,True,study,INMUNOENSAYO,13,120,plasma,False,560.0
665,ECN-CAT-URO-076,Control de Examen general de orina,True,study,TIRA REACTIVA,20,120,urine,False,620.0
666,ECN-CAT-MOL-076,Control de Detección molecular de SARS-CoV-2,True,study,RT-PCR,27,420,swab,True,1120.0
667,ECN-CAT-QC-077,Control de Urea,True,study,ESPECTROFOTOMETRÍA,4,45,serum,False,260.0
668,ECN-CAT-HEM-077,Control de Hemoglobina,True,study,CITOMETRÍA,11,135,blood,False,520.0
669,ECN-CAT-INM-077,Control de Factor reumatoide,True,study,ELISA,18,165,serum,False,640.0
670,ECN-CAT-MIC-077,Control de Coprocultivo,True,study,CULTIVO,25,840,stool,True,800.0
671,ECN-CAT-COA-077,Control de Tiempo de tromboplastina parcial,True,study,COAGULOMETRÍA,2,75,plasma,False,280.0
672,ECN-CAT-END-077,Control de Tiroxina libre,True,study,QUIMIOLUMINISCENCIA,9,165,serum,False,520.0
673,ECN-CAT-URO-077,Control de Microalbúmina en orina,True,study,MICROSCOPÍA,16,150,urine,False,550.0
674,ECN-CAT-MOL-077,Control de Virus de influenza A,True,study,RT-PCR,23,405,swab,True,1070.0
675,ECN-CAT-QC-078,Control de Creatinina,True,study,COLORIMETRÍA,30,165,plasma,True,800.0
676,ECN-CAT-HEM-078,Control de Hematocrito,True,study,MICROSCOPÍA,7,105,blood,False,300.0
677,ECN-CAT-INM-078,Control de Antiestreptolisinas O,True,study,QUIMIOLUMINISCENCIA,14,180,serum,False,570.0
678,ECN-CAT-MIC-078,Control de Exudado faríngeo,True,study,CULTIVO,21,825,swab,False,760.0
679,ECN-CAT-COA-078,Control de Tiempo de trombina,True,study,COAGULOMETRÍA,28,165,plasma,True,840.0
680,ECN-CAT-END-078,Control de Tiroxina total,True,study,ELISA,5,120,plasma,False,390.0
681,ECN-CAT-URO-078,Control de Proteínas en orina,True,study,COLORIMETRÍA,12,90,urine,False,490.0
682,ECN-CAT-MOL-078,Control de Virus de influenza B,True,study,RT-PCR,19,390,swab,True,980.0
683,ECN-CAT-QC-079,Control de Ácido úrico,True,study,ENZIMÁTICO,26,150,serum,True,690.0
684,ECN-CAT-HEM-079,Control de Eritrocitos,True,study,IMPEDANCIA,3,60,blood,False,220.0
685,ECN-CAT-INM-079,Control de Inmunoglobulina A,True,study,INMUNOENSAYO,10,105,serum,False,470.0
686,ECN-CAT-MIC-079,Control de Exudado nasal,True,study,CULTIVO,17,810,swab,False,660.0
687,ECN-CAT-COA-079,Control de Fibrinógeno,True,study,COAGULOMETRÍA,24,150,plasma,False,740.0
688,ECN-CAT-END-079,Control de Triyodotironina libre,True,study,INMUNOENSAYO,1,75,serum,False,260.0
689,ECN-CAT-URO-079,Control de Glucosa en orina,True,study,TIRA REACTIVA,8,60,urine,False,380.0
690,ECN-CAT-MOL-079,Control de Virus del papiloma humano,True,study,PCR,15,435,swab,True,850.0
691,ECN-CAT-QC-080,Control de Colesterol total,True,study,ESPECTROFOTOMETRÍA,22,135,plasma,False,620.0
692,ECN-CAT-HEM-080,Control de Leucocitos,True,study,CITOMETRÍA,29,210,blood,True,940.0
693,ECN-CAT-INM-080,Control de Inmunoglobulina G,True,study,ELISA,6,120,serum,False,400.0
694,ECN-CAT-MIC-080,Control de Exudado vaginal,True,study,CULTIVO,13,795,swab,True,560.0
695,ECN-CAT-COA-080,Control de Dímero D,True,study,COAGULOMETRÍA,20,135,plasma,False,640.0
696,ECN-CAT-END-080,Control de Triyodotironina total,True,study,QUIMIOLUMINISCENCIA,27,255,plasma,True,940.0
697,ECN-CAT-URO-080,Control de Creatinina en orina,True,study,MICROSCOPÍA,4,90,urine,False,310.0
698,ECN-CAT-MOL-080,Control de Virus de hepatitis B,True,study,PCR,11,420,plasma,True,750.0
699,ECN-CAT-QC-081,Control de Triglicéridos,True,study,COLORIMETRÍA,18,120,serum,False,510.0
700,ECN-CAT-HEM-081,Control de Plaquetas,True,study,MICROSCOPÍA,25,180,blood,True,720.0
701,ECN-CAT-INM-081,Control de Inmunoglobulina M,True,study,QUIMIOLUMINISCENCIA,2,135,serum,False,330.0
702,ECN-CAT-MIC-081,Control de Exudado uretral,True,study,CULTIVO,9,780,swab,False,460.0
703,ECN-CAT-COA-081,Control de INR,True,study,COAGULOMETRÍA,16,120,plasma,False,600.0
704,ECN-CAT-END-081,Control de Insulina,True,study,ELISA,23,210,serum,False,810.0
705,ECN-CAT-URO-081,Control de Calcio en orina,True,study,COLORIMETRÍA,30,150,urine,True,860.0
706,ECN-CAT-MOL-081,Control de Virus de hepatitis C,True,study,PCR,7,390,plasma,True,650.0
707,ECN-CAT-QC-082,Control de Bilirrubina total,True,study,ENZIMÁTICO,14,90,plasma,False,450.0
708,ECN-CAT-HEM-082,Control de Reticulocitos,True,study,IMPEDANCIA,21,120,blood,False,640.0
709,ECN-CAT-INM-082,Control de Inmunoglobulina E,True,study,INMUNOENSAYO,28,180,serum,True,830.0
710,ECN-CAT-MIC-082,Control de Hemocultivo,True,study,CULTIVO,5,765,blood,False,360.0
711,ECN-CAT-COA-082,Control de Actividad de factor VIII,True,study,COAGULOMETRÍA,12,105,plasma,False,500.0
712,ECN-CAT-END-082,Control de Cortisol,True,study,INMUNOENSAYO,19,165,plasma,False,680.0
713,ECN-CAT-URO-082,Control de Ácido úrico en orina,True,study,TIRA REACTIVA,26,135,urine,True,750.0
714,ECN-CAT-MOL-082,Control de Virus de Epstein-Barr,True,study,PCR,3,375,blood,True,600.0
715,ECN-CAT-QC-083,Control de Bilirrubina directa,True,study,ESPECTROFOTOMETRÍA,10,90,serum,False,380.0
716,ECN-CAT-HEM-083,Control de Volumen corpuscular medio,True,study,CITOMETRÍA,17,150,blood,False,640.0
717,ECN-CAT-INM-083,Control de Complemento C3,True,study,ELISA,24,210,serum,False,760.0
718,ECN-CAT-MIC-083,Control de Cultivo de esputo,True,study,CULTIVO,1,735,other,False,320.0
719,ECN-CAT-COA-083,Control de Actividad de factor IX,True,study,COAGULOMETRÍA,8,90,plasma,False,400.0
720,ECN-CAT-END-083,Control de Hormona adrenocorticotropa,True,study,QUIMIOLUMINISCENCIA,15,195,serum,False,640.0
721,ECN-CAT-URO-083,Control de Sodio en orina,True,study,MICROSCOPÍA,22,165,urine,False,670.0
722,ECN-CAT-MOL-083,Control de Citomegalovirus,True,study,PCR,29,480,blood,True,1170.0
723,ECN-CAT-QC-084,Control de Alanina aminotransferasa,True,study,COLORIMETRÍA,6,60,plasma,False,260.0
724,ECN-CAT-HEM-084,Control de Hemoglobina corpuscular media,True,study,MICROSCOPÍA,13,120,blood,False,420.0
725,ECN-CAT-INM-084,Control de Complemento C4,True,study,QUIMIOLUMINISCENCIA,20,225,serum,False,750.0
726,ECN-CAT-MIC-084,Control de Cultivo de heridas,True,study,CULTIVO,27,840,swab,True,880.0
727,ECN-CAT-COA-084,Control de Actividad de factor XI,True,study,COAGULOMETRÍA,4,75,plasma,False,300.0
728,ECN-CAT-END-084,Control de Hormona de crecimiento,True,study,ELISA,11,150,plasma,False,510.0
729,ECN-CAT-URO-084,Control de Potasio en orina,True,study,COLORIMETRÍA,18,105,urine,False,620.0
730,ECN-CAT-MOL-084,Control de Virus herpes simple 1,True,study,PCR,25,465,swab,True,1070.0
731,ECN-CAT-QC-085,Control de Aspartato aminotransferasa,True,study,ENZIMÁTICO,2,45,serum,False,150.0
732,ECN-CAT-HEM-085,Control de Concentración media de hemoglobina,True,study,IMPEDANCIA,9,75,blood,False,400.0
733,ECN-CAT-INM-085,Control de Anticuerpos antinucleares,True,study,INMUNOENSAYO,16,150,serum,False,590.0
734,ECN-CAT-MIC-085,Control de Cultivo de secreciones,True,study,CULTIVO,23,825,swab,False,780.0
735,ECN-CAT-COA-085,Control de Actividad de factor XII,True,study,COAGULOMETRÍA,30,165,plasma,True,860.0
736,ECN-CAT-END-085,Control de Prolactina,True,study,INMUNOENSAYO,7,105,serum,False,440.0
737,ECN-CAT-URO-085,Control de Cloro en orina,True,study,TIRA REACTIVA,14,90,urine,False,500.0
738,ECN-CAT-MOL-085,Control de Virus herpes simple 2,True,study,PCR,21,465,swab,True,970.0
739,ECN-CAT-QC-086,Control de Fosfatasa alcalina,True,study,ESPECTROFOTOMETRÍA,28,165,plasma,True,750.0
740,ECN-CAT-HEM-086,Control de Ancho de distribución eritrocitaria,True,study,CITOMETRÍA,5,105,blood,False,400.0
741,ECN-CAT-INM-086,Control de Anticuerpos anti-DNA,True,study,ELISA,12,165,serum,False,520.0
742,ECN-CAT-MIC-086,Control de Antibiograma,True,study,CULTIVO,19,810,other,False,680.0
743,ECN-CAT-COA-086,Control de Antitrombina III,True,study,COAGULOMETRÍA,26,150,plasma,True,820.0
744,ECN-CAT-END-086,Control de Hormona luteinizante,True,study,QUIMIOLUMINISCENCIA,3,150,plasma,False,400.0
745,ECN-CAT-URO-086,Control de Fósforo en orina,True,study,MICROSCOPÍA,10,105,urine,False,430.0
746,ECN-CAT-MOL-086,Control de Chlamydia trachomatis,True,study,PCR,17,450,swab,True,870.0
747,ECN-CAT-QC-087,Control de Gamma glutamil transferasa,True,study,COLORIMETRÍA,24,135,serum,False,680.0
748,ECN-CAT-HEM-087,Control de Neutrófilos,True,study,MICROSCOPÍA,1,75,blood,False,180.0
749,ECN-CAT-INM-087,Control de Anticuerpos anticardiolipina,True,study,QUIMIOLUMINISCENCIA,8,180,serum,False,450.0
750,ECN-CAT-MIC-087,Control de Tinción de Gram,True,study,MICROSCOPÍA,15,135,other,False,490.0
751,ECN-CAT-COA-087,Control de Proteína C funcional,True,study,COAGULOMETRÍA,22,135,plasma,False,720.0
752,ECN-CAT-END-087,Control de Hormona foliculoestimulante,True,study,ELISA,29,225,serum,True,930.0
753,ECN-CAT-URO-087,Control de Magnesio en orina,True,study,COLORIMETRÍA,6,60,urine,False,320.0
754,ECN-CAT-MOL-087,Control de Neisseria gonorrhoeae,True,study,PCR,13,435,swab,True,830.0
755,ECN-CAT-QC-088,Control de Albúmina,True,study,ENZIMÁTICO,20,105,plasma,False,570.0
756,ECN-CAT-HEM-088,Control de Linfocitos,True,study,IMPEDANCIA,27,150,blood,True,760.0
757,ECN-CAT-INM-088,Control de Procalcitonina,True,study,INMUNOENSAYO,4,90,serum,False,300.0
758,ECN-CAT-MIC-088,Control de Baciloscopía,True,study,MICROSCOPÍA,11,120,other,True,440.0
759,ECN-CAT-COA-088,Control de Proteína S funcional,True,study,COAGULOMETRÍA,18,135,plasma,False,620.0
760,ECN-CAT-END-088,Control de Estradiol,True,study,INMUNOENSAYO,25,180,plasma,True,800.0
761,ECN-CAT-URO-088,Control de Urea en orina,True,study,TIRA REACTIVA,2,30,urine,False,210.0
762,ECN-CAT-MOL-088,Control de Mycobacterium tuberculosis,True,study,PCR,9,420,other,True,730.0
763,ECN-CAT-QC-089,Control de Proteínas totales,True,study,ESPECTROFOTOMETRÍA,16,105,serum,False,500.0
764,ECN-CAT-HEM-089,Control de Monocitos,True,study,CITOMETRÍA,23,180,blood,False,770.0
765,ECN-CAT-INM-089,Control de Ferritina,True,study,ELISA,30,225,serum,True,940.0
766,ECN-CAT-MIC-089,Control de Búsqueda de hongos,True,study,MICROSCOPÍA,7,105,other,False,340.0
767,ECN-CAT-COA-089,Control de Anticoagulante lúpico,True,study,COAGULOMETRÍA,14,120,plasma,False,520.0
768,ECN-CAT-END-089,Control de Progesterona,True,study,QUIMIOLUMINISCENCIA,21,225,serum,False,760.0
769,ECN-CAT-URO-089,Control de Osmolalidad urinaria,True,study,MICROSCOPÍA,28,180,urine,True,850.0
770,ECN-CAT-MOL-089,Control de Bordetella pertussis,True,study,PCR,5,405,swab,True,630.0
771,ECN-CAT-QC-090,Control de Calcio,True,study,COLORIMETRÍA,12,75,plasma,False,390.0
772,ECN-CAT-HEM-090,Control de Eosinófilos,True,study,MICROSCOPÍA,19,135,blood,False,550.0
773,ECN-CAT-INM-090,Control de Troponina I,True,study,QUIMIOLUMINISCENCIA,26,240,serum,True,870.0
774,ECN-CAT-MIC-090,Control de Coprológico,True,study,MICROSCOPÍA,3,75,stool,False,240.0
775,ECN-CAT-COA-090,Control de Resistencia a proteína C activada,True,study,COAGULOMETRÍA,10,105,plasma,False,420.0
776,ECN-CAT-END-090,Control de Testosterona total,True,study,ELISA,17,180,plasma,False,690.0
777,ECN-CAT-URO-090,Control de Depuración de creatinina,True,study,COLORIMETRÍA,24,120,urine,False,740.0
778,ECN-CAT-MOL-090,Control de Parvovirus B19,True,study,PCR,1,390,blood,True,530.0
779,ECN-CAT-QC-091,Control de Fósforo,True,study,ENZIMÁTICO,8,60,serum,False,280.0
780,ECN-CAT-HEM-091,Control de Basófilos,True,study,IMPEDANCIA,15,120,blood,False,520.0
781,ECN-CAT-INM-091,Control de Antígeno carcinoembrionario,True,study,INMUNOENSAYO,22,165,serum,False,710.0
782,ECN-CAT-MIC-091,Control de Amiba en fresco,True,study,MICROSCOPÍA,29,180,stool,True,800.0
783,ECN-CAT-COA-091,Control de Agregación plaquetaria,True,study,COAGULOMETRÍA,6,90,plasma,False,380.0
784,ECN-CAT-END-091,Control de Testosterona libre,True,study,INMUNOENSAYO,13,120,serum,False,560.0
785,ECN-CAT-URO-091,Control de Sedimento urinario,True,study,TIRA REACTIVA,20,105,urine,False,630.0
786,ECN-CAT-MOL-091,Control de Dengue por PCR,True,study,RT-PCR,27,420,blood,True,1120.0
787,ECN-CAT-QC-092,Control de Magnesio,True,study,ESPECTROFOTOMETRÍA,4,60,plasma,False,260.0
788,ECN-CAT-HEM-092,Control de Velocidad de sedimentación,True,study,CITOMETRÍA,11,150,blood,False,520.0
789,ECN-CAT-INM-092,Control de Alfafetoproteína,True,study,ELISA,18,180,serum,False,640.0
790,ECN-CAT-MIC-092,Control de Sangre oculta en heces,True,study,INMUNOCROMATOGRAFÍA,25,135,stool,True,750.0
791,ECN-CAT-COA-092,Control de Tiempo de sangrado,True,study,COAGULOMETRÍA,2,75,plasma,False,280.0
792,ECN-CAT-END-092,Control de Dehidroepiandrosterona,True,study,QUIMIOLUMINISCENCIA,9,165,plasma,False,520.0
793,ECN-CAT-URO-092,Control de Cetonas en orina,True,study,MICROSCOPÍA,16,135,urine,False,550.0
794,ECN-CAT-MOL-092,Control de Zika por PCR,True,study,RT-PCR,23,405,blood,True,1080.0
795,ECN-CAT-QC-093,Control de Sodio,True,study,COLORIMETRÍA,30,150,serum,True,800.0
796,ECN-CAT-HEM-093,Control de Frotis de sangre periférica,True,study,MICROSCOPÍA,7,105,blood,False,300.0
797,ECN-CAT-INM-093,Control de CA 125,True,study,QUIMIOLUMINISCENCIA,14,195,serum,False,580.0
798,ECN-CAT-MIC-093,Control de Rotavirus en heces,True,study,INMUNOCROMATOGRAFÍA,21,120,stool,False,700.0
799,ECN-CAT-COA-093,Control de Tiempo de coagulación,True,study,COAGULOMETRÍA,28,180,plasma,True,840.0
800,ECN-CAT-END-093,Control de Aldosterona,True,study,ELISA,5,120,serum,False,390.0
801,ECN-CAT-URO-093,Control de Hemoglobina en orina,True,study,COLORIMETRÍA,12,90,urine,False,450.0
802,ECN-CAT-MOL-093,Control de Chikungunya por PCR,True,study,RT-PCR,19,390,blood,True,980.0
803,ECN-CAT-QC-094,Control de Potasio,True,study,ENZIMÁTICO,26,135,plasma,True,690.0
804,ECN-CAT-HEM-094,Control de Conteo diferencial,True,study,IMPEDANCIA,3,60,blood,False,230.0
805,ECN-CAT-INM-094,Control de CA 19-9,True,study,INMUNOENSAYO,10,120,serum,False,470.0
806,ECN-CAT-MIC-094,Control de Adenovirus en heces,True,study,INMUNOCROMATOGRAFÍA,17,105,stool,False,600.0
807,ECN-CAT-COA-094,Control de Productos de degradación de fibrina,True,study,COAGULOMETRÍA,24,165,plasma,False,740.0
808,ECN-CAT-END-094,Control de Renina,True,study,INMUNOENSAYO,1,75,plasma,False,270.0
809,ECN-CAT-URO-094,Control de Nitritos en orina,True,study,TIRA REACTIVA,8,75,urine,False,380.0
810,ECN-CAT-MOL-094,Control de Panel respiratorio molecular,True,study,RT-PCR,15,375,swab,True,880.0
811,ECN-CAT-QC-095,Control de Cloro,True,study,ESPECTROFOTOMETRÍA,22,120,serum,False,630.0
812,ECN-CAT-HEM-095,Control de Índice plaquetario,True,study,CITOMETRÍA,29,210,blood,True,890.0
813,ECN-CAT-INM-095,Control de CA 15-3,True,study,ELISA,6,120,serum,False,400.0
814,ECN-CAT-MIC-095,Control de Helicobacter pylori,True,study,INMUNOCROMATOGRAFÍA,13,90,stool,False,500.0
815,ECN-CAT-COA-095,Control de Factor de von Willebrand,True,study,COAGULOMETRÍA,20,150,plasma,False,650.0
816,ECN-CAT-END-095,Control de Paratohormona,True,study,QUIMIOLUMINISCENCIA,27,240,serum,True,940.0
817,ECN-CAT-URO-095,Control de Leucocitos en orina,True,study,MICROSCOPÍA,4,105,urine,False,310.0
818,ECN-CAT-MOL-095,Control de Panel gastrointestinal molecular,True,study,RT-PCR,11,360,other,True,780.0
819,ECN-CAT-QC-096,Control de Hierro sérico,True,study,COLORIMETRÍA,18,105,plasma,False,510.0
820,ECN-CAT-HEM-096,Control de Morfología eritrocitaria,True,study,MICROSCOPÍA,25,180,blood,True,720.0
821,ECN-CAT-INM-096,Control de Antígeno prostático total,True,study,QUIMIOLUMINISCENCIA,2,135,serum,False,330.0
822,ECN-CAT-MIC-096,Control de Clostridioides difficile,True,study,INMUNOCROMATOGRAFÍA,9,90,stool,True,410.0
823,ECN-CAT-COA-096,Control de Mezcla de TTPa,True,study,COAGULOMETRÍA,16,120,plasma,False,550.0
824,ECN-CAT-END-096,Control de Calcitonina,True,study,ELISA,23,195,plasma,False,810.0
825,ECN-CAT-URO-096,Control de Cristales en orina,True,study,COLORIMETRÍA,30,165,urine,True,860.0
826,ECN-CAT-MOL-096,Control de Trombofilia hereditaria,True,study,PCR,7,405,blood,True,650.0
827,ECN-CAT-QC-097,Control de Amilasa,True,study,ENZIMÁTICO,14,75,serum,False,450.0
828,ECN-CAT-HEM-097,Control de Morfología leucocitaria,True,study,IMPEDANCIA,21,135,blood,False,640.0
829,ECN-CAT-INM-097,Control de Antígeno prostático libre,True,study,INMUNOENSAYO,28,180,serum,True,840.0
830,ECN-CAT-MIC-097,Control de Estreptococo del grupo A,True,study,INMUNOCROMATOGRAFÍA,5,75,swab,False,310.0
831,ECN-CAT-COA-097,Control de Mezcla de TP,True,study,COAGULOMETRÍA,12,105,plasma,False,500.0
832,ECN-CAT-END-097,Control de Péptido C,True,study,INMUNOENSAYO,19,150,serum,False,680.0
833,ECN-CAT-URO-097,Control de Cilindros urinarios,True,study,TIRA REACTIVA,26,135,urine,True,750.0
834,ECN-CAT-MOL-097,Control de Mutación JAK2,True,study,PCR,3,390,blood,True,610.0
835,ECN-CAT-QC-098,Control de Lipasa,True,study,ESPECTROFOTOMETRÍA,10,75,plasma,False,380.0
836,ECN-CAT-HEM-098,Control de Morfología plaquetaria,True,study,CITOMETRÍA,17,165,blood,False,650.0
837,ECN-CAT-INM-098,Control de Serología para dengue,True,study,ELISA,24,195,serum,False,770.0
838,ECN-CAT-MIC-098,Control de Salmonella,True,study,CULTIVO,1,750,stool,False,320.0
839,ECN-CAT-COA-098,Control de Factor V,True,study,COAGULOMETRÍA,8,90,plasma,False,400.0
840,ECN-CAT-END-098,Control de 17-hidroxiprogesterona,True,study,QUIMIOLUMINISCENCIA,15,180,plasma,False,640.0
841,ECN-CAT-URO-098,Control de Urobilinógeno en orina,True,study,MICROSCOPÍA,22,165,urine,False,680.0
842,ECN-CAT-MOL-098,Control de BCR-ABL cuantitativo,True,study,PCR,29,495,blood,True,1170.0
843,ECN-CAT-QC-099,Control de Lactato deshidrogenasa,True,study,COLORIMETRÍA,6,75,serum,False,270.0
844,ECN-CAT-HEM-099,Control de Hemoparásitos,True,study,MICROSCOPÍA,13,135,blood,False,430.0
845,ECN-CAT-INM-099,Control de Serología para rubéola,True,study,QUIMIOLUMINISCENCIA,20,210,serum,False,750.0
846,ECN-CAT-MIC-099,Control de Shigella,True,study,CULTIVO,27,855,stool,True,880.0
847,ECN-CAT-COA-099,Control de Factor VII,True,study,COAGULOMETRÍA,4,75,plasma,False,300.0
848,ECN-CAT-END-099,Control de Hormona antimülleriana,True,study,ELISA,11,135,serum,False,520.0
849,ECN-CAT-URO-099,Control de Bilirrubina en orina,True,study,COLORIMETRÍA,18,105,urine,False,620.0
850,ECN-CAT-MOL-099,Control de HLA-B27,True,study,PCR,25,465,blood,True,1070.0
851,ECN-CAT-QC-100,Control de Hemoglobina glucosilada,True,study,ENZIMÁTICO,2,45,blood,False,160.0
852,ECN-CAT-HEM-100,Control de Prueba de falciformación,True,study,IMPEDANCIA,9,75,blood,False,350.0
853,ECN-CAT-INM-100,Control de Serología para toxoplasma,True,study,INMUNOENSAYO,16,135,serum,False,590.0
854,ECN-CAT-MIC-100,Control de Candida albicans,True,study,CULTIVO,23,840,swab,True,780.0
855,ECN-CAT-COA-100,Control de Factor X,True,study,COAGULOMETRÍA,30,180,plasma,True,870.0
856,ECN-CAT-END-100,Control de Somatomedina C,True,study,INMUNOENSAYO,7,90,plasma,False,440.0
857,ECN-CAT-URO-100,Control de Relación albúmina creatinina,True,study,TIRA REACTIVA,14,90,urine,False,510.0
858,ECN-CAT-MOL-100,Control de Carga viral cuantitativa,True,study,PCR,21,450,plasma,True,970.0
859,ECN-CAT-QC-101,Confirmación de Glucosa,True,study,ESPECTROFOTOMETRÍA,28,165,serum,True,750.0
860,ECN-CAT-HEM-101,Confirmación de Biometría hemática,True,study,CITOMETRÍA,5,105,blood,False,400.0
861,ECN-CAT-INM-101,Confirmación de Proteína C reactiva,True,study,ELISA,12,150,serum,False,520.0
862,ECN-CAT-MIC-101,Confirmación de Urocultivo,True,study,CULTIVO,19,810,urine,False,690.0
863,ECN-CAT-COA-101,Confirmación de Tiempo de protrombina,True,study,COAGULOMETRÍA,26,165,plasma,True,770.0
864,ECN-CAT-END-101,Confirmación de Hormona estimulante de tiroides,True,study,QUIMIOLUMINISCENCIA,3,150,serum,False,400.0
865,ECN-CAT-URO-101,Confirmación de Examen general de orina,True,study,MICROSCOPÍA,10,120,urine,False,430.0
866,ECN-CAT-MOL-101,Confirmación de Detección molecular de SARS-CoV-2,True,study,RT-PCR,17,375,swab,True,910.0
867,ECN-CAT-QC-102,Confirmación de Urea,True,study,COLORIMETRÍA,24,135,plasma,False,680.0
868,ECN-CAT-HEM-102,Confirmación de Hemoglobina,True,study,MICROSCOPÍA,1,75,blood,False,180.0
869,ECN-CAT-INM-102,Confirmación de Factor reumatoide,True,study,QUIMIOLUMINISCENCIA,8,165,serum,False,460.0
870,ECN-CAT-MIC-102,Confirmación de Coprocultivo,True,study,CULTIVO,15,795,stool,False,590.0
871,ECN-CAT-COA-102,Confirmación de Tiempo de tromboplastina parcial,True,study,COAGULOMETRÍA,22,150,plasma,False,720.0
872,ECN-CAT-END-102,Confirmación de Tiroxina libre,True,study,ELISA,29,225,plasma,True,930.0
873,ECN-CAT-URO-102,Confirmación de Microalbúmina en orina,True,study,COLORIMETRÍA,6,60,urine,False,330.0
874,ECN-CAT-MOL-102,Confirmación de Virus de influenza A,True,study,RT-PCR,13,360,swab,True,810.0
875,ECN-CAT-QC-103,Confirmación de Creatinina,True,study,ENZIMÁTICO,20,120,serum,False,570.0
876,ECN-CAT-HEM-103,Confirmación de Hematocrito,True,study,IMPEDANCIA,27,150,blood,True,770.0
877,ECN-CAT-INM-103,Confirmación de Antiestreptolisinas O,True,study,INMUNOENSAYO,4,75,serum,False,300.0
878,ECN-CAT-MIC-103,Confirmación de Exudado faríngeo,True,study,CULTIVO,11,780,swab,False,540.0
879,ECN-CAT-COA-103,Confirmación de Tiempo de trombina,True,study,COAGULOMETRÍA,18,120,plasma,False,620.0
880,ECN-CAT-END-103,Confirmación de Tiroxina total,True,study,INMUNOENSAYO,25,180,serum,True,810.0
881,ECN-CAT-URO-103,Confirmación de Proteínas en orina,True,study,TIRA REACTIVA,2,45,urine,False,210.0
882,ECN-CAT-MOL-103,Confirmación de Virus de influenza B,True,study,RT-PCR,9,345,swab,True,760.0
883,ECN-CAT-QC-104,Confirmación de Ácido úrico,True,study,ESPECTROFOTOMETRÍA,16,120,plasma,False,510.0
884,ECN-CAT-HEM-104,Confirmación de Eritrocitos,True,study,CITOMETRÍA,23,180,blood,False,770.0
885,ECN-CAT-INM-104,Confirmación de Inmunoglobulina A,True,study,ELISA,30,240,serum,True,940.0
886,ECN-CAT-MIC-104,Confirmación de Exudado nasal,True,study,CULTIVO,7,765,swab,True,440.0
887,ECN-CAT-COA-104,Confirmación de Fibrinógeno,True,study,COAGULOMETRÍA,14,105,plasma,False,530.0
888,ECN-CAT-END-104,Confirmación de Triyodotironina libre,True,study,QUIMIOLUMINISCENCIA,21,225,plasma,False,770.0
889,ECN-CAT-URO-104,Confirmación de Glucosa en orina,True,study,MICROSCOPÍA,28,180,urine,True,850.0
890,ECN-CAT-MOL-104,Confirmación de Virus del papiloma humano,True,study,PCR,5,390,swab,True,630.0
891,ECN-CAT-QC-105,Confirmación de Colesterol total,True,study,COLORIMETRÍA,12,90,serum,False,390.0
892,ECN-CAT-HEM-105,Confirmación de Leucocitos,True,study,MICROSCOPÍA,19,150,blood,False,550.0
893,ECN-CAT-INM-105,Confirmación de Inmunoglobulina G,True,study,QUIMIOLUMINISCENCIA,26,255,serum,True,870.0
894,ECN-CAT-MIC-105,Confirmación de Exudado vaginal,True,study,CULTIVO,3,750,swab,False,350.0
895,ECN-CAT-COA-105,Confirmación de Dímero D,True,study,COAGULOMETRÍA,10,90,plasma,False,430.0
896,ECN-CAT-END-105,Confirmación de Triyodotironina total,True,study,ELISA,17,180,serum,False,690.0
897,ECN-CAT-URO-105,Confirmación de Creatinina en orina,True,study,COLORIMETRÍA,24,135,urine,False,740.0
898,ECN-CAT-MOL-105,Confirmación de Virus de hepatitis B,True,study,PCR,1,375,plasma,True,530.0
899,ECN-CAT-QC-106,Confirmación de Triglicéridos,True,study,ENZIMÁTICO,8,60,plasma,False,280.0
900,ECN-CAT-HEM-106,Confirmación de Plaquetas,True,study,IMPEDANCIA,15,105,blood,False,520.0
901,ECN-CAT-INM-106,Confirmación de Inmunoglobulina M,True,study,INMUNOENSAYO,22,165,serum,False,720.0
902,ECN-CAT-MIC-106,Confirmación de Exudado uretral,True,study,CULTIVO,29,855,swab,True,910.0
903,ECN-CAT-COA-106,Confirmación de INR,True,study,COAGULOMETRÍA,6,75,plasma,False,330.0
904,ECN-CAT-END-106,Confirmación de Insulina,True,study,INMUNOENSAYO,13,135,plasma,False,560.0
905,ECN-CAT-URO-106,Confirmación de Calcio en orina,True,study,TIRA REACTIVA,20,105,urine,False,630.0
906,ECN-CAT-MOL-106,Confirmación de Virus de hepatitis C,True,study,PCR,27,495,plasma,True,1100.0
907,ECN-CAT-QC-107,Confirmación de Bilirrubina total,True,study,ESPECTROFOTOMETRÍA,4,60,serum,False,260.0
908,ECN-CAT-HEM-107,Confirmación de Reticulocitos,True,study,CITOMETRÍA,11,135,blood,False,530.0
909,ECN-CAT-INM-107,Confirmación de Inmunoglobulina E,True,study,ELISA,18,180,serum,False,650.0
910,ECN-CAT-MIC-107,Confirmación de Hemocultivo,True,study,CULTIVO,25,840,blood,True,810.0
911,ECN-CAT-COA-107,Confirmación de Actividad de factor VIII,True,study,COAGULOMETRÍA,2,60,plasma,False,280.0
912,ECN-CAT-END-107,Confirmación de Cortisol,True,study,QUIMIOLUMINISCENCIA,9,180,serum,False,520.0
913,ECN-CAT-URO-107,Confirmación de Ácido úrico en orina,True,study,MICROSCOPÍA,16,135,urine,False,560.0
914,ECN-CAT-MOL-107,Confirmación de Virus de Epstein-Barr,True,study,PCR,23,480,blood,True,1000.0
915,ECN-CAT-QC-108,Confirmación de Bilirrubina directa,True,study,COLORIMETRÍA,30,150,plasma,True,810.0
916,ECN-CAT-HEM-108,Confirmación de Volumen corpuscular medio,True,study,MICROSCOPÍA,7,90,blood,False,310.0
917,ECN-CAT-INM-108,Confirmación de Complemento C3,True,study,QUIMIOLUMINISCENCIA,14,195,serum,False,580.0
918,ECN-CAT-MIC-108,Confirmación de Cultivo de esputo,True,study,CULTIVO,21,810,other,True,760.0
919,ECN-CAT-COA-108,Confirmación de Actividad de factor IX,True,study,COAGULOMETRÍA,28,165,plasma,True,840.0
920,ECN-CAT-END-108,Confirmación de Hormona adrenocorticotropa,True,study,ELISA,5,135,plasma,False,400.0
921,ECN-CAT-URO-108,Confirmación de Sodio en orina,True,study,COLORIMETRÍA,12,75,urine,False,450.0
922,ECN-CAT-MOL-108,Confirmación de Citomegalovirus,True,study,PCR,19,465,blood,True,950.0
923,ECN-CAT-QC-109,Confirmación de Alanina aminotransferasa,True,study,ENZIMÁTICO,26,135,serum,True,700.0
924,ECN-CAT-HEM-109,Confirmación de Hemoglobina corpuscular media,True,study,IMPEDANCIA,3,45,blood,False,230.0
925,ECN-CAT-INM-109,Confirmación de Complemento C4,True,study,INMUNOENSAYO,10,120,serum,False,420.0
926,ECN-CAT-MIC-109,Confirmación de Cultivo de heridas,True,study,CULTIVO,17,795,swab,False,660.0
927,ECN-CAT-COA-109,Confirmación de Actividad de factor XI,True,study,COAGULOMETRÍA,24,165,plasma,False,750.0
928,ECN-CAT-END-109,Confirmación de Hormona de crecimiento,True,study,INMUNOENSAYO,1,75,serum,False,270.0
929,ECN-CAT-URO-109,Confirmación de Potasio en orina,True,study,TIRA REACTIVA,8,60,urine,False,390.0
930,ECN-CAT-MOL-109,Confirmación de Virus herpes simple 1,True,study,PCR,15,435,swab,True,850.0
931,ECN-CAT-QC-110,Confirmación de Aspartato aminotransferasa,True,study,ESPECTROFOTOMETRÍA,22,135,plasma,False,630.0
932,ECN-CAT-HEM-110,Confirmación de Concentración media de hemoglobina,True,study,CITOMETRÍA,29,195,blood,True,890.0
933,ECN-CAT-INM-110,Confirmación de Anticuerpos antinucleares,True,study,ELISA,6,135,serum,False,400.0
934,ECN-CAT-MIC-110,Confirmación de Cultivo de secreciones,True,study,CULTIVO,13,780,swab,False,570.0
935,ECN-CAT-COA-110,Confirmación de Actividad de factor XII,True,study,COAGULOMETRÍA,20,150,plasma,False,650.0
936,ECN-CAT-END-110,Confirmación de Prolactina,True,study,QUIMIOLUMINISCENCIA,27,240,plasma,True,940.0
937,ECN-CAT-URO-110,Confirmación de Cloro en orina,True,study,MICROSCOPÍA,4,90,urine,False,310.0
938,ECN-CAT-MOL-110,Confirmación de Virus herpes simple 2,True,study,PCR,11,420,swab,True,760.0
939,ECN-CAT-QC-111,Confirmación de Fosfatasa alcalina,True,study,COLORIMETRÍA,18,105,serum,False,510.0
940,ECN-CAT-HEM-111,Confirmación de Ancho de distribución eritrocitaria,True,study,MICROSCOPÍA,25,165,blood,True,720.0
941,ECN-CAT-INM-111,Confirmación de Anticuerpos anti-DNA,True,study,QUIMIOLUMINISCENCIA,2,150,serum,False,340.0
942,ECN-CAT-MIC-111,Confirmación de Antibiograma,True,study,CULTIVO,9,765,other,False,470.0
943,ECN-CAT-COA-111,Confirmación de Antitrombina III,True,study,COAGULOMETRÍA,16,135,plasma,False,550.0
944,ECN-CAT-END-111,Confirmación de Hormona luteinizante,True,study,ELISA,23,195,serum,False,810.0
945,ECN-CAT-URO-111,Confirmación de Fósforo en orina,True,study,COLORIMETRÍA,30,150,urine,True,870.0
946,ECN-CAT-MOL-111,Confirmación de Chlamydia trachomatis,True,study,PCR,7,405,swab,True,660.0
947,ECN-CAT-QC-112,Confirmación de Gamma glutamil transferasa,True,study,ENZIMÁTICO,14,90,plasma,False,450.0
948,ECN-CAT-HEM-112,Confirmación de Neutrófilos,True,study,IMPEDANCIA,21,135,blood,False,650.0
949,ECN-CAT-INM-112,Confirmación de Anticuerpos anticardiolipina,True,study,INMUNOENSAYO,28,195,serum,True,840.0
950,ECN-CAT-MIC-112,Confirmación de Tinción de Gram,True,study,MICROSCOPÍA,5,90,other,True,270.0
951,ECN-CAT-COA-112,Confirmación de Proteína C funcional,True,study,COAGULOMETRÍA,12,120,plasma,False,500.0
952,ECN-CAT-END-112,Confirmación de Hormona foliculoestimulante,True,study,INMUNOENSAYO,19,150,plasma,False,690.0
953,ECN-CAT-URO-112,Confirmación de Magnesio en orina,True,study,TIRA REACTIVA,26,120,urine,True,750.0
954,ECN-CAT-MOL-112,Confirmación de Neisseria gonorrhoeae,True,study,PCR,3,390,swab,True,560.0
955,ECN-CAT-QC-113,Confirmación de Albúmina,True,study,ESPECTROFOTOMETRÍA,10,75,serum,False,390.0
956,ECN-CAT-HEM-113,Confirmación de Linfocitos,True,study,CITOMETRÍA,17,165,blood,False,650.0
957,ECN-CAT-INM-113,Confirmación de Procalcitonina,True,study,ELISA,24,195,serum,False,770.0
958,ECN-CAT-MIC-113,Confirmación de Baciloscopía,True,study,MICROSCOPÍA,1,75,other,False,220.0
959,ECN-CAT-COA-113,Confirmación de Proteína S funcional,True,study,COAGULOMETRÍA,8,105,plasma,False,410.0
960,ECN-CAT-END-113,Confirmación de Estradiol,True,study,QUIMIOLUMINISCENCIA,15,195,serum,False,650.0
961,ECN-CAT-URO-113,Confirmación de Urea en orina,True,study,MICROSCOPÍA,22,150,urine,False,680.0
962,ECN-CAT-MOL-113,Confirmación de Mycobacterium tuberculosis,True,study,PCR,29,495,other,True,1170.0
963,ECN-CAT-QC-114,Confirmación de Proteínas totales,True,study,COLORIMETRÍA,6,60,plasma,False,270.0
964,ECN-CAT-HEM-114,Confirmación de Monocitos,True,study,MICROSCOPÍA,13,135,blood,False,430.0
965,ECN-CAT-INM-114,Confirmación de Ferritina,True,study,QUIMIOLUMINISCENCIA,20,210,serum,False,700.0
966,ECN-CAT-MIC-114,Confirmación de Búsqueda de hongos,True,study,MICROSCOPÍA,27,180,other,True,790.0
967,ECN-CAT-COA-114,Confirmación de Anticoagulante lúpico,True,study,COAGULOMETRÍA,4,75,plasma,False,310.0
968,ECN-CAT-END-114,Confirmación de Progesterona,True,study,ELISA,11,150,plasma,False,520.0
969,ECN-CAT-URO-114,Confirmación de Osmolalidad urinaria,True,study,COLORIMETRÍA,18,120,urine,False,620.0
970,ECN-CAT-MOL-114,Confirmación de Bordetella pertussis,True,study,PCR,25,480,swab,True,1070.0
971,ECN-CAT-QC-115,Confirmación de Calcio,True,study,ENZIMÁTICO,2,30,serum,False,160.0
972,ECN-CAT-HEM-115,Confirmación de Eosinófilos,True,study,IMPEDANCIA,9,90,blood,False,350.0
973,ECN-CAT-INM-115,Confirmación de Troponina I,True,study,INMUNOENSAYO,16,135,serum,False,600.0
974,ECN-CAT-MIC-115,Confirmación de Coprológico,True,study,MICROSCOPÍA,23,165,stool,False,690.0
975,ECN-CAT-COA-115,Confirmación de Resistencia a proteína C activada,True,study,COAGULOMETRÍA,30,180,plasma,True,870.0
976,ECN-CAT-END-115,Confirmación de Testosterona total,True,study,INMUNOENSAYO,7,105,serum,False,390.0
977,ECN-CAT-URO-115,Confirmación de Depuración de creatinina,True,study,TIRA REACTIVA,14,90,urine,False,510.0
978,ECN-CAT-MOL-115,Confirmación de Parvovirus B19,True,study,PCR,21,465,blood,True,980.0
979,ECN-CAT-QC-116,Confirmación de Fósforo,True,study,ESPECTROFOTOMETRÍA,28,150,plasma,True,750.0
980,ECN-CAT-HEM-116,Confirmación de Basófilos,True,study,CITOMETRÍA,5,120,blood,False,410.0
981,ECN-CAT-INM-116,Confirmación de Antígeno carcinoembrionario,True,study,ELISA,12,150,serum,False,530.0
982,ECN-CAT-MIC-116,Confirmación de Amiba en fresco,True,study,MICROSCOPÍA,19,135,stool,True,590.0
983,ECN-CAT-COA-116,Confirmación de Agregación plaquetaria,True,study,COAGULOMETRÍA,26,165,plasma,True,770.0
984,ECN-CAT-END-116,Confirmación de Testosterona libre,True,study,QUIMIOLUMINISCENCIA,3,135,plasma,False,400.0
985,ECN-CAT-URO-116,Confirmación de Sedimento urinario,True,study,MICROSCOPÍA,10,120,urine,False,440.0
986,ECN-CAT-MOL-116,Confirmación de Dengue por PCR,True,study,RT-PCR,17,390,blood,True,910.0
987,ECN-CAT-QC-117,Confirmación de Magnesio,True,study,COLORIMETRÍA,24,120,serum,False,690.0
988,ECN-CAT-HEM-117,Confirmación de Velocidad de sedimentación,True,study,MICROSCOPÍA,1,90,blood,False,190.0
989,ECN-CAT-INM-117,Confirmación de Alfafetoproteína,True,study,QUIMIOLUMINISCENCIA,8,165,serum,False,460.0
990,ECN-CAT-MIC-117,Confirmación de Sangre oculta en heces,True,study,INMUNOCROMATOGRAFÍA,15,120,stool,False,530.0
991,ECN-CAT-COA-117,Confirmación de Tiempo de sangrado,True,study,COAGULOMETRÍA,22,150,plasma,False,720.0
992,ECN-CAT-END-117,Confirmación de Dehidroepiandrosterona,True,study,ELISA,29,210,serum,True,940.0
993,ECN-CAT-URO-117,Confirmación de Cetonas en orina,True,study,COLORIMETRÍA,6,60,urine,False,330.0
994,ECN-CAT-MOL-117,Confirmación de Zika por PCR,True,study,RT-PCR,13,360,blood,True,810.0
995,ECN-CAT-QC-118,Confirmación de Sodio,True,study,ENZIMÁTICO,20,105,plasma,False,580.0
996,ECN-CAT-HEM-118,Confirmación de Frotis de sangre periférica,True,study,IMPEDANCIA,27,150,blood,True,770.0
997,ECN-CAT-INM-118,Confirmación de CA 125,True,study,INMUNOENSAYO,4,90,serum,False,300.0
998,ECN-CAT-MIC-118,Confirmación de Rotavirus en heces,True,study,INMUNOCROMATOGRAFÍA,11,105,stool,False,480.0
999,ECN-CAT-COA-118,Confirmación de Tiempo de coagulación,True,study,COAGULOMETRÍA,18,135,plasma,False,630.0
1000,ECN-CAT-END-118,Confirmación de Aldosterona,True,study,INMUNOENSAYO,25,165,plasma,True,810.0
1001,ECN-CAT-URO-118,Confirmación de Hemoglobina en orina,True,study,TIRA REACTIVA,2,45,urine,False,220.0
1002,ECN-CAT-MOL-118,Confirmación de Chikungunya por PCR,True,study,RT-PCR,9,345,blood,True,760.0
1003,ECN-CAT-QC-119,Confirmación de Potasio,True,study,ESPECTROFOTOMETRÍA,16,105,serum,False,510.0
1004,ECN-CAT-HEM-119,Confirmación de Conteo diferencial,True,study,CITOMETRÍA,23,180,blood,False,770.0
1005,ECN-CAT-INM-119,Confirmación de CA 19-9,True,study,ELISA,30,225,serum,True,890.0
1006,ECN-CAT-MIC-119,Confirmación de Adenovirus en heces,True,study,INMUNOCROMATOGRAFÍA,7,75,stool,False,390.0
1007,ECN-CAT-COA-119,Confirmación de Productos de degradación de fibrina,True,study,COAGULOMETRÍA,14,120,plasma,False,530.0
1008,ECN-CAT-END-119,Confirmación de Renina,True,study,QUIMIOLUMINISCENCIA,21,210,serum,False,770.0
1009,ECN-CAT-URO-119,Confirmación de Nitritos en orina,True,study,MICROSCOPÍA,28,195,urine,True,850.0
1010,ECN-CAT-MOL-119,Confirmación de Panel respiratorio molecular,True,study,RT-PCR,5,330,swab,True,670.0
1011,ECN-CAT-QC-120,Confirmación de Cloro,True,study,COLORIMETRÍA,12,90,plasma,False,390.0
1012,ECN-CAT-HEM-120,Confirmación de Índice plaquetario,True,study,MICROSCOPÍA,19,150,blood,False,550.0
1013,ECN-CAT-INM-120,Confirmación de CA 15-3,True,study,QUIMIOLUMINISCENCIA,26,240,serum,True,880.0
1014,ECN-CAT-MIC-120,Confirmación de Helicobacter pylori,True,study,INMUNOCROMATOGRAFÍA,3,60,stool,True,290.0
1015,ECN-CAT-COA-120,Confirmación de Factor de von Willebrand,True,study,COAGULOMETRÍA,10,105,plasma,False,430.0
1016,ECN-CAT-END-120,Confirmación de Paratohormona,True,study,ELISA,17,165,plasma,False,640.0
1017,ECN-CAT-URO-120,Confirmación de Leucocitos en orina,True,study,COLORIMETRÍA,24,135,urine,False,750.0
1018,ECN-CAT-MOL-120,Confirmación de Panel gastrointestinal molecular,True,study,RT-PCR,1,315,other,True,570.0
1019,ECN-CAT-QC-121,Confirmación de Hierro sérico,True,study,ENZIMÁTICO,8,75,serum,False,280.0
1020,ECN-CAT-HEM-121,Confirmación de Morfología eritrocitaria,True,study,IMPEDANCIA,15,105,blood,False,530.0
1021,ECN-CAT-INM-121,Confirmación de Antígeno prostático total,True,study,INMUNOENSAYO,22,150,serum,False,720.0
1022,ECN-CAT-MIC-121,Confirmación de Clostridioides difficile,True,study,INMUNOCROMATOGRAFÍA,29,165,stool,True,850.0
1023,ECN-CAT-COA-121,Confirmación de Mezcla de TTPa,True,study,COAGULOMETRÍA,6,75,plasma,False,330.0
1024,ECN-CAT-END-121,Confirmación de Calcitonina,True,study,INMUNOENSAYO,13,120,serum,False,570.0
1025,ECN-CAT-URO-121,Confirmación de Cristales en orina,True,study,TIRA REACTIVA,20,120,urine,False,630.0
1026,ECN-CAT-MOL-121,Confirmación de Trombofilia hereditaria,True,study,PCR,27,480,blood,True,1100.0
1027,ECN-CAT-QC-122,Confirmación de Amilasa,True,study,ESPECTROFOTOMETRÍA,4,75,plasma,False,220.0
1028,ECN-CAT-HEM-122,Confirmación de Morfología leucocitaria,True,study,CITOMETRÍA,11,135,blood,False,530.0
1029,ECN-CAT-INM-122,Confirmación de Antígeno prostático libre,True,study,ELISA,18,165,serum,False,650.0
1030,ECN-CAT-MIC-122,Confirmación de Estreptococo del grupo A,True,study,INMUNOCROMATOGRAFÍA,25,150,swab,True,750.0
1031,ECN-CAT-COA-122,Confirmación de Mezcla de TP,True,study,COAGULOMETRÍA,2,60,plasma,False,290.0
1032,ECN-CAT-END-122,Confirmación de Péptido C,True,study,QUIMIOLUMINISCENCIA,9,180,plasma,False,530.0
1033,ECN-CAT-URO-122,Confirmación de Cilindros urinarios,True,study,MICROSCOPÍA,16,135,urine,False,560.0
1034,ECN-CAT-MOL-122,Confirmación de Mutación JAK2,True,study,PCR,23,465,blood,True,1000.0
1035,ECN-CAT-QC-123,Confirmación de Lipasa,True,study,COLORIMETRÍA,30,165,serum,True,810.0
1036,ECN-CAT-HEM-123,Confirmación de Morfología plaquetaria,True,study,MICROSCOPÍA,7,105,blood,False,310.0
1037,ECN-CAT-INM-123,Confirmación de Serología para dengue,True,study,QUIMIOLUMINISCENCIA,14,180,serum,False,580.0
1038,ECN-CAT-MIC-123,Confirmación de Salmonella,True,study,CULTIVO,21,825,stool,False,770.0
1039,ECN-CAT-COA-123,Confirmación de Factor V,True,study,COAGULOMETRÍA,28,165,plasma,True,850.0
1040,ECN-CAT-END-123,Confirmación de 17-hidroxiprogesterona,True,study,ELISA,5,135,serum,False,400.0
1041,ECN-CAT-URO-123,Confirmación de Urobilinógeno en orina,True,study,COLORIMETRÍA,12,90,urine,False,450.0
1042,ECN-CAT-MOL-123,Confirmación de BCR-ABL cuantitativo,True,study,PCR,19,450,blood,True,950.0
1043,ECN-CAT-QC-124,Confirmación de Lactato deshidrogenasa,True,study,ENZIMÁTICO,26,135,plasma,True,700.0
1044,ECN-CAT-HEM-124,Confirmación de Hemoparásitos,True,study,IMPEDANCIA,3,60,blood,False,230.0
1045,ECN-CAT-INM-124,Confirmación de Serología para rubéola,True,study,INMUNOENSAYO,10,105,serum,False,420.0
1046,ECN-CAT-MIC-124,Confirmación de Shigella,True,study,CULTIVO,17,810,stool,True,670.0
1047,ECN-CAT-COA-124,Confirmación de Factor VII,True,study,COAGULOMETRÍA,24,150,plasma,False,750.0
1048,ECN-CAT-END-124,Confirmación de Hormona antimülleriana,True,study,INMUNOENSAYO,1,90,plasma,False,270.0
1049,ECN-CAT-URO-124,Confirmación de Bilirrubina en orina,True,study,TIRA REACTIVA,8,60,urine,False,390.0
1050,ECN-CAT-MOL-124,Confirmación de HLA-B27,True,study,PCR,15,420,blood,True,860.0
1051,ECN-CAT-QC-125,Confirmación de Hemoglobina glucosilada,True,study,ESPECTROFOTOMETRÍA,22,135,blood,False,630.0
1052,ECN-CAT-HEM-125,Confirmación de Prueba de falciformación,True,study,CITOMETRÍA,29,210,blood,True,890.0
1053,ECN-CAT-INM-125,Confirmación de Serología para toxoplasma,True,study,ELISA,6,135,serum,False,410.0
1054,ECN-CAT-MIC-125,Confirmación de Candida albicans,True,study,CULTIVO,13,795,swab,False,570.0
1055,ECN-CAT-COA-125,Confirmación de Factor X,True,study,COAGULOMETRÍA,20,135,plasma,False,650.0
1056,ECN-CAT-END-125,Confirmación de Somatomedina C,True,study,QUIMIOLUMINISCENCIA,27,255,serum,True,890.0
1057,ECN-CAT-URO-125,Confirmación de Relación albúmina creatinina,True,study,MICROSCOPÍA,4,90,urine,False,320.0
1058,ECN-CAT-MOL-125,Confirmación de Carga viral cuantitativa,True,study,PCR,11,405,plasma,True,760.0
1059,ECN-CAT-QC-126,Determinación de Glucosa,true,study,ENZIMÁTICO,7,60,serum,false,270.00
1060,ECN-CAT-QC-127,Determinación de Urea,true,study,ESPECTROFOTOMETRÍA,4,60,plasma,false,210.00
1061,ECN-CAT-QC-128,Determinación de Creatinina,true,study,COLORIMETRÍA,31,150,serum,true,760.00
1062,ECN-CAT-QC-129,Determinación de Ácido úrico,true,study,ENZIMÁTICO,28,135,plasma,true,670.00
1063,ECN-CAT-QC-130,Determinación de Colesterol total,true,study,ESPECTROFOTOMETRÍA,20,135,serum,false,660.00
1064,ECN-CAT-QC-131,Determinación de Triglicéridos,true,study,COLORIMETRÍA,17,105,plasma,false,550.00
1065,ECN-CAT-QC-132,Determinación de Bilirrubina total,true,study,ENZIMÁTICO,14,90,serum,false,450.00
1066,ECN-CAT-QC-133,Determinación de Bilirrubina directa,true,study,ESPECTROFOTOMETRÍA,11,75,plasma,false,400.00
1067,ECN-CAT-QC-134,Determinación de Alanina aminotransferasa,true,study,COLORIMETRÍA,8,60,serum,false,290.00
1068,ECN-CAT-QC-135,Determinación de Aspartato aminotransferasa,true,study,ENZIMÁTICO,1,30,plasma,false,150.00
1069,ECN-CAT-QC-136,Determinación de Fosfatasa alcalina,true,study,ESPECTROFOTOMETRÍA,27,150,serum,false,750.00
1070,ECN-CAT-QC-137,Determinación de Gamma glutamil transferasa,true,study,COLORIMETRÍA,24,120,plasma,false,640.00
1071,ECN-CAT-QC-138,Determinación de Albúmina,true,study,ENZIMÁTICO,21,105,serum,false,550.00
1072,ECN-CAT-QC-139,Determinación de Proteínas totales,true,study,ESPECTROFOTOMETRÍA,18,105,plasma,false,490.00
1073,ECN-CAT-QC-140,Determinación de Calcio,true,study,COLORIMETRÍA,10,90,serum,false,430.00
1074,ECN-CAT-QC-141,Determinación de Fósforo,true,study,ENZIMÁTICO,7,75,plasma,false,330.00
1075,ECN-CAT-QC-142,Determinación de Magnesio,true,study,ESPECTROFOTOMETRÍA,4,75,serum,false,280.00
1076,ECN-CAT-QC-143,Determinación de Sodio,true,study,COLORIMETRÍA,31,165,plasma,true,830.00
1077,ECN-CAT-QC-144,Determinación de Potasio,true,study,ENZIMÁTICO,28,135,serum,true,640.00
1078,ECN-CAT-QC-145,Determinación de Cloro,true,study,ESPECTROFOTOMETRÍA,20,135,plasma,false,580.00
1079,ECN-CAT-QC-146,Determinación de Hierro sérico,true,study,COLORIMETRÍA,17,105,serum,false,520.00
1080,ECN-CAT-QC-147,Determinación de Amilasa,true,study,ENZIMÁTICO,14,90,plasma,false,430.00
1081,ECN-CAT-QC-148,Determinación de Lipasa,true,study,ESPECTROFOTOMETRÍA,11,90,serum,false,370.00
1082,ECN-CAT-QC-149,Determinación de Lactato deshidrogenasa,true,study,COLORIMETRÍA,8,60,plasma,false,260.00
1083,ECN-CAT-QC-150,Determinación de Hemoglobina glucosilada,true,study,ENZIMÁTICO,1,45,blood,false,160.00
1084,ECN-CAT-QC-151,Cuantificación de Glucosa,true,study,ESPECTROFOTOMETRÍA,27,150,plasma,true,820.00
1085,ECN-CAT-QC-152,Cuantificación de Urea,true,study,COLORIMETRÍA,24,135,serum,false,710.00
1086,ECN-CAT-QC-153,Cuantificación de Creatinina,true,study,ENZIMÁTICO,21,105,plasma,true,520.00
1087,ECN-CAT-QC-154,Cuantificación de Ácido úrico,true,study,ESPECTROFOTOMETRÍA,18,105,serum,false,460.00
1088,ECN-CAT-QC-155,Cuantificación de Colesterol total,true,study,COLORIMETRÍA,10,75,plasma,false,350.00
1089,ECN-CAT-QC-156,Cuantificación de Triglicéridos,true,study,ENZIMÁTICO,7,60,serum,false,310.00
1090,ECN-CAT-QC-157,Cuantificación de Bilirrubina total,true,study,ESPECTROFOTOMETRÍA,4,60,plasma,false,250.00
1091,ECN-CAT-QC-158,Cuantificación de Bilirrubina directa,true,study,COLORIMETRÍA,31,150,serum,true,800.00
1092,ECN-CAT-QC-159,Cuantificación de Alanina aminotransferasa,true,study,ENZIMÁTICO,28,120,plasma,true,700.00
1093,ECN-CAT-QC-160,Cuantificación de Aspartato aminotransferasa,true,study,ESPECTROFOTOMETRÍA,20,120,serum,false,640.00
1094,ECN-CAT-QC-161,Cuantificación de Fosfatasa alcalina,true,study,COLORIMETRÍA,17,120,plasma,false,590.00
1095,ECN-CAT-QC-162,Cuantificación de Gamma glutamil transferasa,true,study,ENZIMÁTICO,14,90,serum,false,400.00
1096,ECN-CAT-QC-163,Cuantificación de Albúmina,true,study,ESPECTROFOTOMETRÍA,11,90,plasma,false,340.00
1097,ECN-CAT-QC-164,Cuantificación de Proteínas totales,true,study,COLORIMETRÍA,8,60,serum,false,230.00
1098,ECN-CAT-QC-165,Cuantificación de Calcio,true,study,ENZIMÁTICO,1,45,plasma,false,140.00
1099,ECN-CAT-QC-166,Cuantificación de Fósforo,true,study,ESPECTROFOTOMETRÍA,27,165,serum,true,790.00
1100,ECN-CAT-QC-167,Cuantificación de Magnesio,true,study,COLORIMETRÍA,24,135,plasma,false,680.00
1101,ECN-CAT-QC-168,Cuantificación de Sodio,true,study,ENZIMÁTICO,21,120,serum,false,580.00
1102,ECN-CAT-QC-169,Cuantificación de Potasio,true,study,ESPECTROFOTOMETRÍA,18,105,plasma,false,520.00
1103,ECN-CAT-QC-170,Cuantificación de Cloro,true,study,COLORIMETRÍA,10,90,serum,true,420.00
1104,ECN-CAT-QC-171,Cuantificación de Hierro sérico,true,study,ENZIMÁTICO,7,60,plasma,false,280.00
1105,ECN-CAT-QC-172,Cuantificación de Amilasa,true,study,ESPECTROFOTOMETRÍA,4,60,serum,false,220.00
1106,ECN-CAT-QC-173,Cuantificación de Lipasa,true,study,COLORIMETRÍA,31,150,plasma,true,770.00
1107,ECN-CAT-QC-174,Cuantificación de Lactato deshidrogenasa,true,study,ENZIMÁTICO,28,135,serum,true,680.00
1108,ECN-CAT-QC-175,Cuantificación de Hemoglobina glucosilada,true,study,ESPECTROFOTOMETRÍA,20,135,blood,false,620.00
1109,ECN-CAT-QC-176,Evaluación de Glucosa,true,study,COLORIMETRÍA,17,105,serum,false,560.00
1110,ECN-CAT-QC-177,Evaluación de Urea,true,study,ENZIMÁTICO,14,75,plasma,false,460.00
1111,ECN-CAT-QC-178,Evaluación de Creatinina,true,study,ESPECTROFOTOMETRÍA,11,75,serum,false,400.00
1112,ECN-CAT-QC-179,Evaluación de Ácido úrico,true,study,COLORIMETRÍA,8,45,plasma,false,300.00
1113,ECN-CAT-QC-180,Evaluación de Colesterol total,true,study,ENZIMÁTICO,1,30,serum,false,110.00
1114,ECN-CAT-QC-181,Evaluación de Triglicéridos,true,study,ESPECTROFOTOMETRÍA,27,150,plasma,true,760.00
1115,ECN-CAT-QC-182,Evaluación de Bilirrubina total,true,study,COLORIMETRÍA,24,135,serum,false,650.00
1116,ECN-CAT-QC-183,Evaluación de Bilirrubina directa,true,study,ENZIMÁTICO,21,120,plasma,false,560.00
1117,ECN-CAT-QC-184,Evaluación de Alanina aminotransferasa,true,study,ESPECTROFOTOMETRÍA,18,120,serum,false,500.00
1118,ECN-CAT-QC-185,Evaluación de Aspartato aminotransferasa,true,study,COLORIMETRÍA,10,90,plasma,false,390.00
1119,ECN-CAT-QC-186,Evaluación de Fosfatasa alcalina,true,study,ENZIMÁTICO,7,75,serum,false,340.00
1120,ECN-CAT-QC-187,Evaluación de Gamma glutamil transferasa,true,study,ESPECTROFOTOMETRÍA,4,60,plasma,true,280.00
1121,ECN-CAT-QC-188,Evaluación de Albúmina,true,study,COLORIMETRÍA,31,165,serum,true,840.00
1122,ECN-CAT-QC-189,Evaluación de Proteínas totales,true,study,ENZIMÁTICO,28,135,plasma,true,650.00
1123,ECN-CAT-QC-190,Evaluación de Calcio,true,study,ESPECTROFOTOMETRÍA,20,135,serum,false,590.00
1124,ECN-CAT-QC-191,Evaluación de Fósforo,true,study,COLORIMETRÍA,17,105,plasma,false,530.00
1125,ECN-CAT-QC-192,Evaluación de Magnesio,true,study,ENZIMÁTICO,14,90,serum,false,440.00
1126,ECN-CAT-QC-193,Evaluación de Sodio,true,study,ESPECTROFOTOMETRÍA,11,90,plasma,false,380.00
1127,ECN-CAT-QC-194,Evaluación de Potasio,true,study,COLORIMETRÍA,8,60,serum,false,270.00
1128,ECN-CAT-QC-195,Evaluación de Cloro,true,study,ENZIMÁTICO,1,30,plasma,false,170.00
1129,ECN-CAT-QC-196,Evaluación de Hierro sérico,true,study,ESPECTROFOTOMETRÍA,27,150,serum,true,770.00
1130,ECN-CAT-QC-197,Evaluación de Amilasa,true,study,COLORIMETRÍA,24,120,plasma,false,720.00
1131,ECN-CAT-QC-198,Evaluación de Lipasa,true,study,ENZIMÁTICO,21,105,serum,false,530.00
1132,ECN-CAT-QC-199,Evaluación de Lactato deshidrogenasa,true,study,ESPECTROFOTOMETRÍA,18,105,plasma,false,470.00
1133,ECN-CAT-QC-200,Evaluación de Hemoglobina glucosilada,true,study,COLORIMETRÍA,10,75,blood,false,360.00
1134,ECN-CAT-QC-201,Control de Glucosa,true,study,ENZIMÁTICO,7,60,plasma,false,260.00
1135,ECN-CAT-QC-202,Control de Urea,true,study,ESPECTROFOTOMETRÍA,4,45,serum,false,260.00
1136,ECN-CAT-QC-203,Control de Creatinina,true,study,COLORIMETRÍA,31,165,plasma,true,810.00
1137,ECN-CAT-QC-204,Control de Ácido úrico,true,study,ENZIMÁTICO,28,150,serum,false,710.00
1138,ECN-CAT-QC-205,Control de Colesterol total,true,study,ESPECTROFOTOMETRÍA,20,135,plasma,false,650.00
1139,ECN-CAT-QC-206,Control de Triglicéridos,true,study,COLORIMETRÍA,17,120,serum,false,550.00
1140,ECN-CAT-QC-207,Control de Bilirrubina total,true,study,ENZIMÁTICO,14,90,plasma,false,410.00
1141,ECN-CAT-QC-208,Control de Bilirrubina directa,true,study,ESPECTROFOTOMETRÍA,11,90,serum,false,350.00
1142,ECN-CAT-QC-209,Control de Alanina aminotransferasa,true,study,COLORIMETRÍA,8,60,plasma,false,240.00
1143,ECN-CAT-QC-210,Control de Aspartato aminotransferasa,true,study,ENZIMÁTICO,1,45,serum,false,140.00
1144,ECN-CAT-QC-211,Control de Fosfatasa alcalina,true,study,ESPECTROFOTOMETRÍA,27,165,plasma,true,750.00
1145,ECN-CAT-QC-212,Control de Gamma glutamil transferasa,true,study,COLORIMETRÍA,24,135,serum,false,690.00
1146,ECN-CAT-QC-213,Control de Albúmina,true,study,ENZIMÁTICO,21,105,plasma,false,590.00
1147,ECN-CAT-QC-214,Control de Proteínas totales,true,study,ESPECTROFOTOMETRÍA,18,105,serum,false,530.00
1148,ECN-CAT-QC-215,Control de Calcio,true,study,COLORIMETRÍA,10,75,plasma,false,430.00
1149,ECN-CAT-QC-216,Control de Fósforo,true,study,ENZIMÁTICO,7,60,serum,false,240.00
1150,ECN-CAT-QC-217,Control de Magnesio,true,study,ESPECTROFOTOMETRÍA,4,60,plasma,false,230.00
1151,ECN-CAT-QC-218,Control de Sodio,true,study,COLORIMETRÍA,31,150,serum,true,780.00
1152,ECN-CAT-QC-219,Control de Potasio,true,study,ENZIMÁTICO,28,135,plasma,true,680.00
1153,ECN-CAT-QC-220,Control de Cloro,true,study,ESPECTROFOTOMETRÍA,20,120,serum,false,630.00
1154,ECN-CAT-QC-221,Control de Hierro sérico,true,study,COLORIMETRÍA,17,105,plasma,true,520.00
1155,ECN-CAT-QC-222,Control de Amilasa,true,study,ENZIMÁTICO,14,75,serum,false,470.00
1156,ECN-CAT-QC-223,Control de Lipasa,true,study,ESPECTROFOTOMETRÍA,11,75,plasma,false,410.00
1157,ECN-CAT-QC-224,Control de Lactato deshidrogenasa,true,study,COLORIMETRÍA,8,75,serum,false,310.00
1158,ECN-CAT-QC-225,Control de Hemoglobina glucosilada,true,study,ENZIMÁTICO,1,45,blood,false,120.00
1159,ECN-CAT-QC-226,Confirmación de Glucosa,true,study,ESPECTROFOTOMETRÍA,27,165,serum,true,720.00
1160,ECN-CAT-QC-227,Confirmación de Urea,true,study,COLORIMETRÍA,24,135,plasma,false,660.00
1161,ECN-CAT-QC-228,Confirmación de Creatinina,true,study,ENZIMÁTICO,21,120,serum,false,560.00
1162,ECN-CAT-QC-229,Confirmación de Ácido úrico,true,study,ESPECTROFOTOMETRÍA,18,120,plasma,false,510.00
1163,ECN-CAT-QC-230,Confirmación de Colesterol total,true,study,COLORIMETRÍA,10,90,serum,false,400.00
1164,ECN-CAT-QC-231,Confirmación de Triglicéridos,true,study,ENZIMÁTICO,7,60,plasma,false,300.00
1165,ECN-CAT-QC-232,Confirmación de Bilirrubina total,true,study,ESPECTROFOTOMETRÍA,4,60,serum,false,290.00
1166,ECN-CAT-QC-233,Confirmación de Bilirrubina directa,true,study,COLORIMETRÍA,31,150,plasma,true,850.00
1167,ECN-CAT-QC-234,Confirmación de Alanina aminotransferasa,true,study,ENZIMÁTICO,28,135,serum,true,660.00
1168,ECN-CAT-QC-235,Confirmación de Aspartato aminotransferasa,true,study,ESPECTROFOTOMETRÍA,20,135,plasma,false,600.00
1169,ECN-CAT-QC-236,Confirmación de Fosfatasa alcalina,true,study,COLORIMETRÍA,17,105,serum,false,490.00
1170,ECN-CAT-QC-237,Confirmación de Gamma glutamil transferasa,true,study,ENZIMÁTICO,14,90,plasma,false,440.00
1171,ECN-CAT-QC-238,Confirmación de Albúmina,true,study,ESPECTROFOTOMETRÍA,11,75,serum,true,390.00
1172,ECN-CAT-QC-239,Confirmación de Proteínas totales,true,study,COLORIMETRÍA,8,60,plasma,false,280.00
1173,ECN-CAT-QC-240,Confirmación de Calcio,true,study,ENZIMÁTICO,1,30,serum,false,180.00
1174,ECN-CAT-QC-241,Confirmación de Fósforo,true,study,ESPECTROFOTOMETRÍA,27,150,plasma,true,780.00
1175,ECN-CAT-QC-242,Confirmación de Magnesio,true,study,COLORIMETRÍA,24,120,serum,false,730.00
1176,ECN-CAT-QC-243,Confirmación de Sodio,true,study,ENZIMÁTICO,21,105,plasma,false,540.00
1177,ECN-CAT-QC-244,Confirmación de Potasio,true,study,ESPECTROFOTOMETRÍA,18,105,serum,false,480.00
1178,ECN-CAT-HEM-126,Determinación de Biometría hemática,true,study,IMPEDANCIA,15,105,blood,false,500.00
1179,ECN-CAT-HEM-127,Determinación de Hemoglobina,true,study,CITOMETRÍA,12,135,blood,false,500.00
1180,ECN-CAT-HEM-128,Determinación de Hematocrito,true,study,MICROSCOPÍA,9,90,blood,false,300.00
1181,ECN-CAT-HEM-129,Determinación de Eritrocitos,true,study,IMPEDANCIA,1,45,blood,false,280.00
1182,ECN-CAT-HEM-130,Determinación de Leucocitos,true,study,CITOMETRÍA,28,195,blood,true,960.00
1183,ECN-CAT-HEM-131,Determinación de Plaquetas,true,study,MICROSCOPÍA,25,165,blood,true,740.00
1184,ECN-CAT-HEM-132,Determinación de Reticulocitos,true,study,IMPEDANCIA,22,135,blood,false,600.00
1185,ECN-CAT-HEM-133,Determinación de Volumen corpuscular medio,true,study,CITOMETRÍA,19,165,blood,false,600.00
1186,ECN-CAT-HEM-134,Determinación de Hemoglobina corpuscular media,true,study,MICROSCOPÍA,11,135,blood,false,440.00
1187,ECN-CAT-HEM-135,Determinación de Concentración media de hemoglobina,true,study,IMPEDANCIA,8,90,blood,false,380.00
1188,ECN-CAT-HEM-136,Determinación de Ancho de distribución eritrocitaria,true,study,CITOMETRÍA,5,120,blood,true,380.00
1189,ECN-CAT-HEM-137,Determinación de Neutrófilos,true,study,MICROSCOPÍA,2,90,blood,false,180.00
1190,ECN-CAT-HEM-138,Determinación de Linfocitos,true,study,IMPEDANCIA,29,150,blood,true,780.00
1191,ECN-CAT-HEM-139,Determinación de Monocitos,true,study,CITOMETRÍA,21,180,blood,false,840.00
1192,ECN-CAT-HEM-140,Determinación de Eosinófilos,true,study,MICROSCOPÍA,18,150,blood,false,620.00
1193,ECN-CAT-HEM-141,Determinación de Basófilos,true,study,IMPEDANCIA,15,105,blood,false,480.00
1194,ECN-CAT-HEM-142,Determinación de Velocidad de sedimentación,true,study,CITOMETRÍA,12,135,blood,false,480.00
1195,ECN-CAT-HEM-143,Determinación de Frotis de sangre periférica,true,study,MICROSCOPÍA,9,105,blood,false,280.00
1196,ECN-CAT-HEM-144,Determinación de Conteo diferencial,true,study,IMPEDANCIA,1,60,blood,false,260.00
1197,ECN-CAT-HEM-145,Determinación de Índice plaquetario,true,study,CITOMETRÍA,28,210,blood,true,920.00
1198,ECN-CAT-HEM-146,Determinación de Morfología eritrocitaria,true,study,MICROSCOPÍA,25,165,blood,true,720.00
1199,ECN-CAT-HEM-147,Determinación de Morfología leucocitaria,true,study,IMPEDANCIA,22,120,blood,false,660.00
1200,ECN-CAT-HEM-148,Determinación de Morfología plaquetaria,true,study,CITOMETRÍA,19,150,blood,false,660.00
1201,ECN-CAT-HEM-149,Determinación de Hemoparásitos,true,study,MICROSCOPÍA,11,120,blood,false,500.00
1202,ECN-CAT-HEM-150,Determinación de Prueba de falciformación,true,study,IMPEDANCIA,8,75,blood,false,360.00
1203,ECN-CAT-HEM-151,Cuantificación de Biometría hemática,true,study,CITOMETRÍA,5,105,blood,false,360.00
1204,ECN-CAT-HEM-152,Cuantificación de Hemoglobina,true,study,MICROSCOPÍA,2,75,blood,false,160.00
1205,ECN-CAT-HEM-153,Cuantificación de Hematocrito,true,study,IMPEDANCIA,29,165,blood,false,740.00
1206,ECN-CAT-HEM-154,Cuantificación de Eritrocitos,true,study,CITOMETRÍA,21,195,blood,false,800.00
1207,ECN-CAT-HEM-155,Cuantificación de Leucocitos,true,study,MICROSCOPÍA,18,165,blood,false,600.00
1208,ECN-CAT-HEM-156,Cuantificación de Plaquetas,true,study,IMPEDANCIA,15,105,blood,false,540.00
1209,ECN-CAT-HEM-157,Cuantificación de Reticulocitos,true,study,CITOMETRÍA,12,135,blood,false,540.00
1210,ECN-CAT-HEM-158,Cuantificación de Volumen corpuscular medio,true,study,MICROSCOPÍA,9,105,blood,false,340.00
1211,ECN-CAT-HEM-159,Cuantificación de Hemoglobina corpuscular media,true,study,IMPEDANCIA,1,60,blood,false,240.00
1212,ECN-CAT-HEM-160,Cuantificación de Concentración media de hemoglobina,true,study,CITOMETRÍA,28,210,blood,true,900.00
1213,ECN-CAT-HEM-161,Cuantificación de Ancho de distribución eritrocitaria,true,study,MICROSCOPÍA,25,180,blood,true,700.00
1214,ECN-CAT-HEM-162,Cuantificación de Neutrófilos,true,study,IMPEDANCIA,22,135,blood,false,620.00
1215,ECN-CAT-HEM-163,Cuantificación de Linfocitos,true,study,CITOMETRÍA,19,165,blood,false,640.00
1216,ECN-CAT-HEM-164,Cuantificación de Monocitos,true,study,MICROSCOPÍA,11,120,blood,false,440.00
1217,ECN-CAT-HEM-165,Cuantificación de Eosinófilos,true,study,IMPEDANCIA,8,75,blood,false,420.00
1218,ECN-CAT-HEM-166,Cuantificación de Basófilos,true,study,CITOMETRÍA,5,105,blood,false,420.00
1219,ECN-CAT-HEM-167,Cuantificación de Velocidad de sedimentación,true,study,MICROSCOPÍA,2,75,blood,false,220.00
1220,ECN-CAT-HEM-168,Cuantificación de Frotis de sangre periférica,true,study,IMPEDANCIA,29,150,blood,true,720.00
1221,ECN-CAT-HEM-169,Cuantificación de Conteo diferencial,true,study,CITOMETRÍA,21,180,blood,false,740.00
1222,ECN-CAT-HEM-170,Cuantificación de Índice plaquetario,true,study,MICROSCOPÍA,18,150,blood,true,580.00
1223,ECN-CAT-HEM-171,Cuantificación de Morfología eritrocitaria,true,study,IMPEDANCIA,15,90,blood,false,500.00
1224,ECN-CAT-HEM-172,Cuantificación de Morfología leucocitaria,true,study,CITOMETRÍA,12,120,blood,false,520.00
1225,ECN-CAT-HEM-173,Cuantificación de Morfología plaquetaria,true,study,MICROSCOPÍA,9,90,blood,false,320.00
1226,ECN-CAT-HEM-174,Cuantificación de Hemoparásitos,true,study,IMPEDANCIA,1,60,blood,false,240.00
1227,ECN-CAT-HEM-175,Cuantificación de Prueba de falciformación,true,study,CITOMETRÍA,28,210,blood,true,960.00
1228,ECN-CAT-HEM-176,Evaluación de Biometría hemática,true,study,MICROSCOPÍA,25,180,blood,true,760.00
1229,ECN-CAT-HEM-177,Evaluación de Hemoglobina,true,study,IMPEDANCIA,22,135,blood,false,600.00
1230,ECN-CAT-HEM-178,Evaluación de Hematocrito,true,study,CITOMETRÍA,19,165,blood,false,620.00
1231,ECN-CAT-HEM-179,Evaluación de Eritrocitos,true,study,MICROSCOPÍA,11,135,blood,false,400.00
1232,ECN-CAT-HEM-180,Evaluación de Leucocitos,true,study,IMPEDANCIA,8,90,blood,false,380.00
1233,ECN-CAT-HEM-181,Evaluación de Plaquetas,true,study,CITOMETRÍA,5,120,blood,false,400.00
1234,ECN-CAT-HEM-182,Evaluación de Reticulocitos,true,study,MICROSCOPÍA,2,75,blood,false,200.00
1235,ECN-CAT-HEM-183,Evaluación de Volumen corpuscular medio,true,study,IMPEDANCIA,29,150,blood,true,780.00
1236,ECN-CAT-HEM-184,Evaluación de Hemoglobina corpuscular media,true,study,CITOMETRÍA,21,180,blood,false,800.00
1237,ECN-CAT-HEM-185,Evaluación de Concentración media de hemoglobina,true,study,MICROSCOPÍA,18,150,blood,false,640.00
1238,ECN-CAT-HEM-186,Evaluación de Ancho de distribución eritrocitaria,true,study,IMPEDANCIA,15,105,blood,false,480.00
1239,ECN-CAT-HEM-187,Evaluación de Neutrófilos,true,study,CITOMETRÍA,12,135,blood,true,500.00
1240,ECN-CAT-HEM-188,Evaluación de Linfocitos,true,study,MICROSCOPÍA,9,105,blood,false,280.00
1241,ECN-CAT-HEM-189,Evaluación de Monocitos,true,study,IMPEDANCIA,1,45,blood,false,220.00
1242,ECN-CAT-HEM-190,Evaluación de Eosinófilos,true,study,CITOMETRÍA,28,195,blood,true,940.00
1243,ECN-CAT-HEM-191,Evaluación de Basófilos,true,study,MICROSCOPÍA,25,165,blood,true,740.00
1244,ECN-CAT-HEM-192,Evaluación de Velocidad de sedimentación,true,study,IMPEDANCIA,22,120,blood,false,660.00
1245,ECN-CAT-HEM-193,Evaluación de Frotis de sangre periférica,true,study,CITOMETRÍA,19,150,blood,false,680.00
1246,ECN-CAT-HEM-194,Evaluación de Conteo diferencial,true,study,MICROSCOPÍA,11,120,blood,false,460.00
1247,ECN-CAT-HEM-195,Evaluación de Índice plaquetario,true,study,IMPEDANCIA,8,90,blood,false,360.00
1248,ECN-CAT-HEM-196,Evaluación de Morfología eritrocitaria,true,study,CITOMETRÍA,5,120,blood,false,380.00
1249,ECN-CAT-HEM-197,Evaluación de Morfología leucocitaria,true,study,MICROSCOPÍA,2,90,blood,false,160.00
1250,ECN-CAT-HEM-198,Evaluación de Morfología plaquetaria,true,study,IMPEDANCIA,29,165,blood,true,760.00
1251,ECN-CAT-HEM-199,Evaluación de Hemoparásitos,true,study,CITOMETRÍA,21,195,blood,false,760.00
1252,ECN-CAT-HEM-200,Evaluación de Prueba de falciformación,true,study,MICROSCOPÍA,18,150,blood,false,620.00
1253,ECN-CAT-HEM-201,Control de Biometría hemática,true,study,IMPEDANCIA,15,105,blood,false,540.00
1254,ECN-CAT-HEM-202,Control de Hemoglobina,true,study,CITOMETRÍA,12,135,blood,false,560.00
1255,ECN-CAT-HEM-203,Control de Hematocrito,true,study,MICROSCOPÍA,9,105,blood,false,340.00
1256,ECN-CAT-HEM-204,Control de Eritrocitos,true,study,IMPEDANCIA,1,60,blood,true,180.00
1257,ECN-CAT-HEM-205,Control de Leucocitos,true,study,CITOMETRÍA,28,210,blood,true,920.00
1258,ECN-CAT-HEM-206,Control de Plaquetas,true,study,MICROSCOPÍA,25,180,blood,true,700.00
1259,ECN-CAT-HEM-207,Control de Reticulocitos,true,study,IMPEDANCIA,22,120,blood,false,640.00
1260,ECN-CAT-HEM-208,Control de Volumen corpuscular medio,true,study,CITOMETRÍA,19,150,blood,false,640.00
1261,ECN-CAT-HEM-209,Control de Hemoglobina corpuscular media,true,study,MICROSCOPÍA,11,120,blood,false,440.00
1262,ECN-CAT-HEM-210,Control de Concentración media de hemoglobina,true,study,IMPEDANCIA,8,75,blood,false,420.00
1263,ECN-CAT-HEM-211,Control de Ancho de distribución eritrocitaria,true,study,CITOMETRÍA,5,105,blood,false,440.00
1264,ECN-CAT-HEM-212,Control de Neutrófilos,true,study,MICROSCOPÍA,2,75,blood,false,220.00
1265,ECN-CAT-HEM-213,Control de Linfocitos,true,study,IMPEDANCIA,29,150,blood,true,720.00
1266,ECN-CAT-HEM-214,Control de Monocitos,true,study,CITOMETRÍA,21,180,blood,false,740.00
1267,ECN-CAT-HEM-215,Control de Eosinófilos,true,study,MICROSCOPÍA,18,135,blood,false,540.00
1268,ECN-CAT-HEM-216,Control de Basófilos,true,study,IMPEDANCIA,15,120,blood,false,520.00
1269,ECN-CAT-HEM-217,Control de Velocidad de sedimentación,true,study,CITOMETRÍA,12,150,blood,false,520.00
1270,ECN-CAT-HEM-218,Control de Frotis de sangre periférica,true,study,MICROSCOPÍA,9,105,blood,false,320.00
1271,ECN-CAT-HEM-219,Control de Conteo diferencial,true,study,IMPEDANCIA,1,60,blood,false,260.00
1272,ECN-CAT-HEM-220,Control de Índice plaquetario,true,study,CITOMETRÍA,28,210,blood,true,920.00
1273,ECN-CAT-HEM-221,Control de Morfología eritrocitaria,true,study,MICROSCOPÍA,25,180,blood,false,760.00
1274,ECN-CAT-HEM-222,Control de Morfología leucocitaria,true,study,IMPEDANCIA,22,135,blood,false,600.00
1275,ECN-CAT-HEM-223,Control de Morfología plaquetaria,true,study,CITOMETRÍA,19,165,blood,false,620.00
1276,ECN-CAT-HEM-224,Control de Hemoparásitos,true,study,MICROSCOPÍA,11,135,blood,false,420.00
1277,ECN-CAT-HEM-225,Control de Prueba de falciformación,true,study,IMPEDANCIA,8,75,blood,false,340.00
1278,ECN-CAT-HEM-226,Confirmación de Biometría hemática,true,study,CITOMETRÍA,5,105,blood,false,400.00
1279,ECN-CAT-HEM-227,Confirmación de Hemoglobina,true,study,MICROSCOPÍA,2,75,blood,false,200.00
1280,ECN-CAT-HEM-228,Confirmación de Hematocrito,true,study,IMPEDANCIA,29,150,blood,true,800.00
1281,ECN-CAT-HEM-229,Confirmación de Eritrocitos,true,study,CITOMETRÍA,21,180,blood,false,800.00
1282,ECN-CAT-HEM-230,Confirmación de Leucocitos,true,study,MICROSCOPÍA,18,150,blood,false,600.00
1283,ECN-CAT-HEM-231,Confirmación de Plaquetas,true,study,IMPEDANCIA,15,105,blood,false,480.00
1284,ECN-CAT-HEM-232,Confirmación de Reticulocitos,true,study,CITOMETRÍA,12,135,blood,false,500.00
1285,ECN-CAT-HEM-233,Confirmación de Volumen corpuscular medio,true,study,MICROSCOPÍA,9,90,blood,false,300.00
1286,ECN-CAT-HEM-234,Confirmación de Hemoglobina corpuscular media,true,study,IMPEDANCIA,1,45,blood,false,220.00
1287,ECN-CAT-HEM-235,Confirmación de Concentración media de hemoglobina,true,study,CITOMETRÍA,28,195,blood,true,900.00
1288,ECN-CAT-HEM-236,Confirmación de Ancho de distribución eritrocitaria,true,study,MICROSCOPÍA,25,165,blood,true,740.00
1289,ECN-CAT-HEM-237,Confirmación de Neutrófilos,true,study,IMPEDANCIA,22,135,blood,false,680.00
1290,ECN-CAT-HEM-238,Confirmación de Linfocitos,true,study,CITOMETRÍA,19,165,blood,true,680.00
1291,ECN-CAT-HEM-239,Confirmación de Monocitos,true,study,MICROSCOPÍA,11,135,blood,false,480.00
1292,ECN-CAT-HEM-240,Confirmación de Eosinófilos,true,study,IMPEDANCIA,8,90,blood,false,320.00
1293,ECN-CAT-HEM-241,Confirmación de Basófilos,true,study,CITOMETRÍA,5,120,blood,false,380.00
1294,ECN-CAT-HEM-242,Confirmación de Velocidad de sedimentación,true,study,MICROSCOPÍA,2,90,blood,false,180.00
1295,ECN-CAT-HEM-243,Confirmación de Frotis de sangre periférica,true,study,IMPEDANCIA,29,150,blood,true,760.00
1296,ECN-CAT-HEM-244,Confirmación de Conteo diferencial,true,study,CITOMETRÍA,21,180,blood,false,780.00
1297,ECN-CAT-INM-126,Determinación de Proteína C reactiva,true,study,INMUNOENSAYO,23,165,serum,false,720.00
1298,ECN-CAT-INM-127,Determinación de Factor reumatoide,true,study,ELISA,20,180,serum,false,720.00
1299,ECN-CAT-INM-128,Determinación de Antiestreptolisinas O,true,study,QUIMIOLUMINISCENCIA,12,195,serum,false,660.00
1300,ECN-CAT-INM-129,Determinación de Inmunoglobulina A,true,study,INMUNOENSAYO,9,120,serum,false,420.00
1301,ECN-CAT-INM-130,Determinación de Inmunoglobulina G,true,study,ELISA,6,135,serum,false,360.00
1302,ECN-CAT-INM-131,Determinación de Inmunoglobulina M,true,study,QUIMIOLUMINISCENCIA,3,150,serum,false,310.00
1303,ECN-CAT-INM-132,Determinación de Inmunoglobulina E,true,study,INMUNOENSAYO,30,195,serum,true,820.00
1304,ECN-CAT-INM-133,Determinación de Complemento C3,true,study,ELISA,22,195,serum,false,810.00
1305,ECN-CAT-INM-134,Determinación de Complemento C4,true,study,QUIMIOLUMINISCENCIA,19,210,serum,false,750.00
1306,ECN-CAT-INM-135,Determinación de Anticuerpos antinucleares,true,study,INMUNOENSAYO,16,135,serum,false,600.00
1307,ECN-CAT-INM-136,Determinación de Anticuerpos anti-DNA,true,study,ELISA,13,150,serum,true,550.00
1308,ECN-CAT-INM-137,Determinación de Anticuerpos anticardiolipina,true,study,QUIMIOLUMINISCENCIA,10,165,serum,false,490.00
1309,ECN-CAT-INM-138,Determinación de Procalcitonina,true,study,INMUNOENSAYO,2,90,serum,false,300.00
1310,ECN-CAT-INM-139,Determinación de Ferritina,true,study,ELISA,29,225,serum,true,900.00
1311,ECN-CAT-INM-140,Determinación de Troponina I,true,study,QUIMIOLUMINISCENCIA,26,240,serum,true,850.00
1312,ECN-CAT-INM-141,Determinación de Antígeno carcinoembrionario,true,study,INMUNOENSAYO,23,150,serum,false,700.00
1313,ECN-CAT-INM-142,Determinación de Alfafetoproteína,true,study,ELISA,20,165,serum,false,640.00
1314,ECN-CAT-INM-143,Determinación de CA 125,true,study,QUIMIOLUMINISCENCIA,12,180,serum,false,630.00
1315,ECN-CAT-INM-144,Determinación de CA 19-9,true,study,INMUNOENSAYO,9,105,serum,false,480.00
1316,ECN-CAT-INM-145,Determinación de CA 15-3,true,study,ELISA,6,135,serum,false,430.00
1317,ECN-CAT-INM-146,Determinación de Antígeno prostático total,true,study,QUIMIOLUMINISCENCIA,3,150,serum,false,370.00
1318,ECN-CAT-INM-147,Determinación de Antígeno prostático libre,true,study,INMUNOENSAYO,30,195,serum,true,790.00
1319,ECN-CAT-INM-148,Determinación de Serología para dengue,true,study,ELISA,22,210,serum,false,780.00
1320,ECN-CAT-INM-149,Determinación de Serología para rubéola,true,study,QUIMIOLUMINISCENCIA,19,225,serum,false,730.00
1321,ECN-CAT-INM-150,Determinación de Serología para toxoplasma,true,study,INMUNOENSAYO,16,150,serum,false,580.00
1322,ECN-CAT-INM-151,Cuantificación de Proteína C reactiva,true,study,ELISA,13,150,serum,false,520.00
1323,ECN-CAT-INM-152,Cuantificación de Factor reumatoide,true,study,QUIMIOLUMINISCENCIA,10,165,serum,false,460.00
1324,ECN-CAT-INM-153,Cuantificación de Antiestreptolisinas O,true,study,INMUNOENSAYO,2,90,serum,true,360.00
1325,ECN-CAT-INM-154,Cuantificación de Inmunoglobulina A,true,study,ELISA,29,225,serum,true,970.00
1326,ECN-CAT-INM-155,Cuantificación de Inmunoglobulina G,true,study,QUIMIOLUMINISCENCIA,26,240,serum,true,910.00
1327,ECN-CAT-INM-156,Cuantificación de Inmunoglobulina M,true,study,INMUNOENSAYO,23,165,serum,false,670.00
1328,ECN-CAT-INM-157,Cuantificación de Inmunoglobulina E,true,study,ELISA,20,180,serum,false,610.00
1329,ECN-CAT-INM-158,Cuantificación de Complemento C3,true,study,QUIMIOLUMINISCENCIA,12,195,serum,false,610.00
1330,ECN-CAT-INM-159,Cuantificación de Complemento C4,true,study,INMUNOENSAYO,9,105,serum,false,460.00
1331,ECN-CAT-INM-160,Cuantificación de Anticuerpos antinucleares,true,study,ELISA,6,120,serum,false,400.00
1332,ECN-CAT-INM-161,Cuantificación de Anticuerpos anti-DNA,true,study,QUIMIOLUMINISCENCIA,3,135,serum,false,340.00
1333,ECN-CAT-INM-162,Cuantificación de Anticuerpos anticardiolipina,true,study,INMUNOENSAYO,30,180,serum,true,850.00
1334,ECN-CAT-INM-163,Cuantificación de Procalcitonina,true,study,ELISA,22,195,serum,false,850.00
1335,ECN-CAT-INM-164,Cuantificación de Ferritina,true,study,QUIMIOLUMINISCENCIA,19,210,serum,false,790.00
1336,ECN-CAT-INM-165,Cuantificación de Troponina I,true,study,INMUNOENSAYO,16,135,serum,false,550.00
1337,ECN-CAT-INM-166,Cuantificación de Antígeno carcinoembrionario,true,study,ELISA,13,165,serum,false,490.00
1338,ECN-CAT-INM-167,Cuantificación de Alfafetoproteína,true,study,QUIMIOLUMINISCENCIA,10,180,serum,false,430.00
1339,ECN-CAT-INM-168,Cuantificación de CA 125,true,study,INMUNOENSAYO,2,105,serum,false,340.00
1340,ECN-CAT-INM-169,Cuantificación de CA 19-9,true,study,ELISA,29,225,serum,true,940.00
1341,ECN-CAT-INM-170,Cuantificación de CA 15-3,true,study,QUIMIOLUMINISCENCIA,26,240,serum,false,880.00
1342,ECN-CAT-INM-171,Cuantificación de Antígeno prostático total,true,study,INMUNOENSAYO,23,165,serum,false,730.00
1343,ECN-CAT-INM-172,Cuantificación de Antígeno prostático libre,true,study,ELISA,20,180,serum,false,680.00
1344,ECN-CAT-INM-173,Cuantificación de Serología para dengue,true,study,QUIMIOLUMINISCENCIA,12,195,serum,false,670.00
1345,ECN-CAT-INM-174,Cuantificación de Serología para rubéola,true,study,INMUNOENSAYO,9,120,serum,false,430.00
1346,ECN-CAT-INM-175,Cuantificación de Serología para toxoplasma,true,study,ELISA,6,135,serum,false,370.00
1347,ECN-CAT-INM-176,Evaluación de Proteína C reactiva,true,study,QUIMIOLUMINISCENCIA,3,150,serum,false,310.00
1348,ECN-CAT-INM-177,Evaluación de Factor reumatoide,true,study,INMUNOENSAYO,30,180,serum,true,830.00
1349,ECN-CAT-INM-178,Evaluación de Antiestreptolisinas O,true,study,ELISA,22,195,serum,false,820.00
1350,ECN-CAT-INM-179,Evaluación de Inmunoglobulina A,true,study,QUIMIOLUMINISCENCIA,19,210,serum,false,760.00
1351,ECN-CAT-INM-180,Evaluación de Inmunoglobulina G,true,study,INMUNOENSAYO,16,135,serum,false,610.00
1352,ECN-CAT-INM-181,Evaluación de Inmunoglobulina M,true,study,ELISA,13,150,serum,false,560.00
1353,ECN-CAT-INM-182,Evaluación de Inmunoglobulina E,true,study,QUIMIOLUMINISCENCIA,10,165,serum,false,500.00
1354,ECN-CAT-INM-183,Evaluación de Complemento C3,true,study,INMUNOENSAYO,2,90,serum,false,260.00
1355,ECN-CAT-INM-184,Evaluación de Complemento C4,true,study,ELISA,29,210,serum,true,910.00
1356,ECN-CAT-INM-185,Evaluación de Anticuerpos antinucleares,true,study,QUIMIOLUMINISCENCIA,26,225,serum,true,850.00
1357,ECN-CAT-INM-186,Evaluación de Anticuerpos anti-DNA,true,study,INMUNOENSAYO,23,150,serum,false,710.00
1358,ECN-CAT-INM-187,Evaluación de Anticuerpos anticardiolipina,true,study,ELISA,20,180,serum,true,650.00
1359,ECN-CAT-INM-188,Evaluación de Procalcitonina,true,study,QUIMIOLUMINISCENCIA,12,195,serum,false,590.00
1360,ECN-CAT-INM-189,Evaluación de Ferritina,true,study,INMUNOENSAYO,9,120,serum,false,490.00
1361,ECN-CAT-INM-190,Evaluación de Troponina I,true,study,ELISA,6,135,serum,false,440.00
1362,ECN-CAT-INM-191,Evaluación de Antígeno carcinoembrionario,true,study,QUIMIOLUMINISCENCIA,3,150,serum,false,380.00
1363,ECN-CAT-INM-192,Evaluación de Alfafetoproteína,true,study,INMUNOENSAYO,30,195,serum,true,800.00
1364,ECN-CAT-INM-193,Evaluación de CA 125,true,study,ELISA,22,210,serum,false,740.00
1365,ECN-CAT-INM-194,Evaluación de CA 19-9,true,study,QUIMIOLUMINISCENCIA,19,225,serum,false,730.00
1366,ECN-CAT-INM-195,Evaluación de CA 15-3,true,study,INMUNOENSAYO,16,135,serum,false,590.00
1367,ECN-CAT-INM-196,Evaluación de Antígeno prostático total,true,study,ELISA,13,150,serum,false,530.00
1368,ECN-CAT-INM-197,Evaluación de Antígeno prostático libre,true,study,QUIMIOLUMINISCENCIA,10,165,serum,false,470.00
1369,ECN-CAT-INM-198,Evaluación de Serología para dengue,true,study,INMUNOENSAYO,2,90,serum,false,320.00
1370,ECN-CAT-INM-199,Evaluación de Serología para rubéola,true,study,ELISA,29,225,serum,true,980.00
1371,ECN-CAT-INM-200,Evaluación de Serología para toxoplasma,true,study,QUIMIOLUMINISCENCIA,26,240,serum,true,920.00
1372,ECN-CAT-INM-201,Control de Proteína C reactiva,true,study,INMUNOENSAYO,23,165,serum,false,680.00
1373,ECN-CAT-INM-202,Control de Factor reumatoide,true,study,ELISA,20,165,serum,false,620.00
1374,ECN-CAT-INM-203,Control de Antiestreptolisinas O,true,study,QUIMIOLUMINISCENCIA,12,180,serum,false,560.00
1375,ECN-CAT-INM-204,Control de Inmunoglobulina A,true,study,INMUNOENSAYO,9,105,serum,true,470.00
1376,ECN-CAT-INM-205,Control de Inmunoglobulina G,true,study,ELISA,6,120,serum,false,410.00
1377,ECN-CAT-INM-206,Control de Inmunoglobulina M,true,study,QUIMIOLUMINISCENCIA,3,135,serum,false,350.00
1378,ECN-CAT-INM-207,Control de Inmunoglobulina E,true,study,INMUNOENSAYO,30,180,serum,true,860.00
1379,ECN-CAT-INM-208,Control de Complemento C3,true,study,ELISA,22,210,serum,false,800.00
1380,ECN-CAT-INM-209,Control de Complemento C4,true,study,QUIMIOLUMINISCENCIA,19,225,serum,false,800.00
1381,ECN-CAT-INM-210,Control de Anticuerpos antinucleares,true,study,INMUNOENSAYO,16,150,serum,false,560.00
1382,ECN-CAT-INM-211,Control de Anticuerpos anti-DNA,true,study,ELISA,13,165,serum,false,500.00
1383,ECN-CAT-INM-212,Control de Anticuerpos anticardiolipina,true,study,QUIMIOLUMINISCENCIA,10,180,serum,false,440.00
1384,ECN-CAT-INM-213,Control de Procalcitonina,true,study,INMUNOENSAYO,2,90,serum,false,300.00
1385,ECN-CAT-INM-214,Control de Ferritina,true,study,ELISA,29,225,serum,true,950.00
1386,ECN-CAT-INM-215,Control de Troponina I,true,study,QUIMIOLUMINISCENCIA,26,240,serum,true,890.00
1387,ECN-CAT-INM-216,Control de Antígeno carcinoembrionario,true,study,INMUNOENSAYO,23,165,serum,false,740.00
1388,ECN-CAT-INM-217,Control de Alfafetoproteína,true,study,ELISA,20,180,serum,false,680.00
1389,ECN-CAT-INM-218,Control de CA 125,true,study,QUIMIOLUMINISCENCIA,12,195,serum,false,630.00
1390,ECN-CAT-INM-219,Control de CA 19-9,true,study,INMUNOENSAYO,9,120,serum,false,440.00
1391,ECN-CAT-INM-220,Control de CA 15-3,true,study,ELISA,6,120,serum,false,380.00
1392,ECN-CAT-INM-221,Control de Antígeno prostático total,true,study,QUIMIOLUMINISCENCIA,3,135,serum,true,320.00
1393,ECN-CAT-INM-222,Control de Antígeno prostático libre,true,study,INMUNOENSAYO,30,180,serum,true,840.00
1394,ECN-CAT-INM-223,Control de Serología para dengue,true,study,ELISA,22,195,serum,false,780.00
1395,ECN-CAT-INM-224,Control de Serología para rubéola,true,study,QUIMIOLUMINISCENCIA,19,210,serum,false,770.00
1396,ECN-CAT-INM-225,Control de Serología para toxoplasma,true,study,INMUNOENSAYO,16,135,serum,false,620.00
1397,ECN-CAT-INM-226,Confirmación de Proteína C reactiva,true,study,ELISA,13,150,serum,false,560.00
1398,ECN-CAT-INM-227,Confirmación de Factor reumatoide,true,study,QUIMIOLUMINISCENCIA,10,165,serum,false,510.00
1399,ECN-CAT-INM-228,Confirmación de Antiestreptolisinas O,true,study,INMUNOENSAYO,2,75,serum,false,270.00
1400,ECN-CAT-INM-229,Confirmación de Inmunoglobulina A,true,study,ELISA,29,240,serum,true,920.00
1401,ECN-CAT-INM-230,Confirmación de Inmunoglobulina G,true,study,QUIMIOLUMINISCENCIA,26,255,serum,true,860.00
1402,ECN-CAT-INM-231,Confirmación de Inmunoglobulina M,true,study,INMUNOENSAYO,23,165,serum,false,720.00
1403,ECN-CAT-INM-232,Confirmación de Inmunoglobulina E,true,study,ELISA,20,180,serum,false,660.00
1404,ECN-CAT-INM-233,Confirmación de Complemento C3,true,study,QUIMIOLUMINISCENCIA,12,195,serum,false,600.00
1405,ECN-CAT-INM-234,Confirmación de Complemento C4,true,study,INMUNOENSAYO,9,120,serum,false,450.00
1406,ECN-CAT-INM-235,Confirmación de Anticuerpos antinucleares,true,study,ELISA,6,135,serum,false,440.00
1407,ECN-CAT-INM-236,Confirmación de Anticuerpos anti-DNA,true,study,QUIMIOLUMINISCENCIA,3,150,serum,false,390.00
1408,ECN-CAT-INM-237,Confirmación de Anticuerpos anticardiolipina,true,study,INMUNOENSAYO,30,195,serum,true,810.00
1409,ECN-CAT-INM-238,Confirmación de Procalcitonina,true,study,ELISA,22,195,serum,true,750.00
1410,ECN-CAT-INM-239,Confirmación de Ferritina,true,study,QUIMIOLUMINISCENCIA,19,210,serum,false,690.00
1411,ECN-CAT-INM-240,Confirmación de Troponina I,true,study,INMUNOENSAYO,16,135,serum,false,600.00
1412,ECN-CAT-INM-241,Confirmación de Antígeno carcinoembrionario,true,study,ELISA,13,150,serum,false,540.00
1413,ECN-CAT-INM-242,Confirmación de Alfafetoproteína,true,study,QUIMIOLUMINISCENCIA,10,165,serum,false,480.00
1414,ECN-CAT-INM-243,Confirmación de CA 125,true,study,INMUNOENSAYO,2,90,serum,false,330.00
1415,ECN-CAT-INM-244,Confirmación de CA 19-9,true,study,ELISA,29,225,serum,true,930.00
1416,ECN-CAT-MIC-126,Determinación de Urocultivo,true,study,CULTIVO,31,855,urine,true,920.00
1417,ECN-CAT-MIC-127,Determinación de Coprocultivo,true,study,CULTIVO,23,840,stool,true,820.00
1418,ECN-CAT-MIC-128,Determinación de Exudado faríngeo,true,study,CULTIVO,20,810,swab,false,740.00
1419,ECN-CAT-MIC-129,Determinación de Exudado nasal,true,study,CULTIVO,17,795,swab,true,640.00
1420,ECN-CAT-MIC-130,Determinación de Exudado vaginal,true,study,CULTIVO,14,780,swab,false,560.00
1421,ECN-CAT-MIC-131,Determinación de Exudado uretral,true,study,CULTIVO,11,765,swab,false,520.00
1422,ECN-CAT-MIC-132,Determinación de Hemocultivo,true,study,CULTIVO,3,750,blood,false,440.00
1423,ECN-CAT-MIC-133,Determinación de Cultivo de esputo,true,study,CULTIVO,1,735,other,true,340.00
1424,ECN-CAT-MIC-134,Determinación de Cultivo de heridas,true,study,CULTIVO,27,840,swab,true,920.00
1425,ECN-CAT-MIC-135,Determinación de Cultivo de secreciones,true,study,CULTIVO,24,825,swab,false,740.00
1426,ECN-CAT-MIC-136,Determinación de Antibiograma,true,study,CULTIVO,21,795,other,true,700.00
1427,ECN-CAT-MIC-137,Determinación de Tinción de Gram,true,study,MICROSCOPÍA,13,150,other,true,520.00
1428,ECN-CAT-MIC-138,Determinación de Baciloscopía,true,study,MICROSCOPÍA,10,135,other,false,420.00
1429,ECN-CAT-MIC-139,Determinación de Búsqueda de hongos,true,study,MICROSCOPÍA,7,105,other,false,340.00
1430,ECN-CAT-MIC-140,Determinación de Coprológico,true,study,MICROSCOPÍA,4,90,stool,false,260.00
1431,ECN-CAT-MIC-141,Determinación de Amiba en fresco,true,study,MICROSCOPÍA,31,195,stool,true,880.00
1432,ECN-CAT-MIC-142,Determinación de Sangre oculta en heces,true,study,INMUNOCROMATOGRAFÍA,23,150,stool,true,820.00
1433,ECN-CAT-MIC-143,Determinación de Rotavirus en heces,true,study,INMUNOCROMATOGRAFÍA,20,135,stool,false,740.00
1434,ECN-CAT-MIC-144,Determinación de Adenovirus en heces,true,study,INMUNOCROMATOGRAFÍA,17,120,stool,false,560.00
1435,ECN-CAT-MIC-145,Determinación de Helicobacter pylori,true,study,INMUNOCROMATOGRAFÍA,14,105,stool,true,480.00
1436,ECN-CAT-MIC-146,Determinación de Clostridioides difficile,true,study,INMUNOCROMATOGRAFÍA,11,75,stool,false,440.00
1437,ECN-CAT-MIC-147,Determinación de Estreptococo del grupo A,true,study,INMUNOCROMATOGRAFÍA,3,60,swab,false,340.00
1438,ECN-CAT-MIC-148,Determinación de Salmonella,true,study,CULTIVO,1,735,stool,false,320.00
1439,ECN-CAT-MIC-149,Determinación de Shigella,true,study,CULTIVO,27,840,stool,true,900.00
1440,ECN-CAT-MIC-150,Determinación de Candida albicans,true,study,CULTIVO,24,825,swab,false,800.00
1441,ECN-CAT-MIC-151,Cuantificación de Urocultivo,true,study,CULTIVO,21,810,urine,false,720.00
1442,ECN-CAT-MIC-152,Cuantificación de Coprocultivo,true,study,CULTIVO,13,795,stool,false,680.00
1443,ECN-CAT-MIC-153,Cuantificación de Exudado faríngeo,true,study,CULTIVO,10,780,swab,false,500.00
1444,ECN-CAT-MIC-154,Cuantificación de Exudado nasal,true,study,CULTIVO,7,750,swab,false,420.00
1445,ECN-CAT-MIC-155,Cuantificación de Exudado vaginal,true,study,CULTIVO,4,735,swab,false,320.00
1446,ECN-CAT-MIC-156,Cuantificación de Exudado uretral,true,study,CULTIVO,31,840,swab,true,900.00
1447,ECN-CAT-MIC-157,Cuantificación de Hemocultivo,true,study,CULTIVO,23,825,blood,true,860.00
1448,ECN-CAT-MIC-158,Cuantificación de Cultivo de esputo,true,study,CULTIVO,20,825,other,false,780.00
1449,ECN-CAT-MIC-159,Cuantificación de Cultivo de heridas,true,study,CULTIVO,17,810,swab,false,680.00
1450,ECN-CAT-MIC-160,Cuantificación de Cultivo de secreciones,true,study,CULTIVO,14,795,swab,false,600.00
1451,ECN-CAT-MIC-161,Cuantificación de Antibiograma,true,study,CULTIVO,11,780,other,true,500.00
1452,ECN-CAT-MIC-162,Cuantificación de Tinción de Gram,true,study,MICROSCOPÍA,3,105,other,false,280.00
1453,ECN-CAT-MIC-163,Cuantificación de Baciloscopía,true,study,MICROSCOPÍA,1,90,other,false,200.00
1454,ECN-CAT-MIC-164,Cuantificación de Búsqueda de hongos,true,study,MICROSCOPÍA,27,180,other,true,760.00
1455,ECN-CAT-MIC-165,Cuantificación de Coprológico,true,study,MICROSCOPÍA,24,165,stool,true,680.00
1456,ECN-CAT-MIC-166,Cuantificación de Amiba en fresco,true,study,MICROSCOPÍA,21,150,stool,false,580.00
1457,ECN-CAT-MIC-167,Cuantificación de Sangre oculta en heces,true,study,INMUNOCROMATOGRAFÍA,13,105,stool,false,600.00
1458,ECN-CAT-MIC-168,Cuantificación de Rotavirus en heces,true,study,INMUNOCROMATOGRAFÍA,10,90,stool,false,500.00
1459,ECN-CAT-MIC-169,Cuantificación de Adenovirus en heces,true,study,INMUNOCROMATOGRAFÍA,7,75,stool,true,420.00
1460,ECN-CAT-MIC-170,Cuantificación de Helicobacter pylori,true,study,INMUNOCROMATOGRAFÍA,4,60,stool,true,320.00
1461,ECN-CAT-MIC-171,Cuantificación de Clostridioides difficile,true,study,INMUNOCROMATOGRAFÍA,31,165,stool,true,820.00
1462,ECN-CAT-MIC-172,Cuantificación de Estreptococo del grupo A,true,study,INMUNOCROMATOGRAFÍA,23,135,swab,true,780.00
1463,ECN-CAT-MIC-173,Cuantificación de Salmonella,true,study,CULTIVO,20,810,stool,true,740.00
1464,ECN-CAT-MIC-174,Cuantificación de Shigella,true,study,CULTIVO,17,795,stool,false,660.00
1465,ECN-CAT-MIC-175,Cuantificación de Candida albicans,true,study,CULTIVO,14,780,swab,false,560.00
1466,ECN-CAT-MIC-176,Evaluación de Urocultivo,true,study,CULTIVO,11,765,urine,false,480.00
1467,ECN-CAT-MIC-177,Evaluación de Coprocultivo,true,study,CULTIVO,3,750,stool,true,440.00
1468,ECN-CAT-MIC-178,Evaluación de Exudado faríngeo,true,study,CULTIVO,1,735,swab,false,360.00
1469,ECN-CAT-MIC-179,Evaluación de Exudado nasal,true,study,CULTIVO,27,855,swab,true,920.00
1470,ECN-CAT-MIC-180,Evaluación de Exudado vaginal,true,study,CULTIVO,24,840,swab,false,760.00
1471,ECN-CAT-MIC-181,Evaluación de Exudado uretral,true,study,CULTIVO,21,825,swab,true,660.00
1472,ECN-CAT-MIC-182,Evaluación de Hemocultivo,true,study,CULTIVO,13,795,blood,false,620.00
1473,ECN-CAT-MIC-183,Evaluación de Cultivo de esputo,true,study,CULTIVO,10,780,other,false,540.00
1474,ECN-CAT-MIC-184,Evaluación de Cultivo de heridas,true,study,CULTIVO,7,765,swab,false,440.00
1475,ECN-CAT-MIC-185,Evaluación de Cultivo de secreciones,true,study,CULTIVO,4,750,swab,true,360.00
1476,ECN-CAT-MIC-186,Evaluación de Antibiograma,true,study,CULTIVO,31,855,other,true,940.00
1477,ECN-CAT-MIC-187,Evaluación de Tinción de Gram,true,study,MICROSCOPÍA,23,180,other,false,800.00
1478,ECN-CAT-MIC-188,Evaluación de Baciloscopía,true,study,MICROSCOPÍA,20,165,other,false,700.00
1479,ECN-CAT-MIC-189,Evaluación de Búsqueda de hongos,true,study,MICROSCOPÍA,17,150,other,true,540.00
1480,ECN-CAT-MIC-190,Evaluación de Coprológico,true,study,MICROSCOPÍA,14,120,stool,false,440.00
1481,ECN-CAT-MIC-191,Evaluación de Amiba en fresco,true,study,MICROSCOPÍA,11,105,stool,false,360.00
1482,ECN-CAT-MIC-192,Evaluación de Sangre oculta en heces,true,study,INMUNOCROMATOGRAFÍA,3,60,stool,false,360.00
1483,ECN-CAT-MIC-193,Evaluación de Rotavirus en heces,true,study,INMUNOCROMATOGRAFÍA,1,45,stool,true,260.00
1484,ECN-CAT-MIC-194,Evaluación de Adenovirus en heces,true,study,INMUNOCROMATOGRAFÍA,27,150,stool,true,840.00
1485,ECN-CAT-MIC-195,Evaluación de Helicobacter pylori,true,study,INMUNOCROMATOGRAFÍA,24,135,stool,false,760.00
1486,ECN-CAT-MIC-196,Evaluación de Clostridioides difficile,true,study,INMUNOCROMATOGRAFÍA,21,120,stool,false,660.00
1487,ECN-CAT-MIC-197,Evaluación de Estreptococo del grupo A,true,study,INMUNOCROMATOGRAFÍA,13,90,swab,true,620.00
1488,ECN-CAT-MIC-198,Evaluación de Salmonella,true,study,CULTIVO,10,765,stool,false,520.00
1489,ECN-CAT-MIC-199,Evaluación de Shigella,true,study,CULTIVO,7,750,stool,false,420.00
1490,ECN-CAT-MIC-200,Evaluación de Candida albicans,true,study,CULTIVO,4,750,swab,false,340.00
1491,ECN-CAT-MIC-201,Control de Urocultivo,true,study,CULTIVO,31,855,urine,true,900.00
1492,ECN-CAT-MIC-202,Control de Coprocultivo,true,study,CULTIVO,23,840,stool,true,820.00
1493,ECN-CAT-MIC-203,Control de Exudado faríngeo,true,study,CULTIVO,20,825,swab,false,780.00
1494,ECN-CAT-MIC-204,Control de Exudado nasal,true,study,CULTIVO,17,810,swab,true,700.00
1495,ECN-CAT-MIC-205,Control de Exudado vaginal,true,study,CULTIVO,14,795,swab,true,600.00
1496,ECN-CAT-MIC-206,Control de Exudado uretral,true,study,CULTIVO,11,780,swab,false,520.00
1497,ECN-CAT-MIC-207,Control de Hemocultivo,true,study,CULTIVO,3,765,blood,false,340.00
1498,ECN-CAT-MIC-208,Control de Cultivo de esputo,true,study,CULTIVO,1,735,other,false,300.00
1499,ECN-CAT-MIC-209,Control de Cultivo de heridas,true,study,CULTIVO,27,840,swab,true,880.00
1500,ECN-CAT-MIC-210,Control de Cultivo de secreciones,true,study,CULTIVO,24,825,swab,false,780.00
1501,ECN-CAT-MIC-211,Control de Antibiograma,true,study,CULTIVO,21,810,other,false,700.00
1502,ECN-CAT-MIC-212,Control de Tinción de Gram,true,study,MICROSCOPÍA,13,135,other,false,520.00
1503,ECN-CAT-MIC-213,Control de Baciloscopía,true,study,MICROSCOPÍA,10,120,other,true,480.00
1504,ECN-CAT-MIC-214,Control de Búsqueda de hongos,true,study,MICROSCOPÍA,7,105,other,false,380.00
1505,ECN-CAT-MIC-215,Control de Coprológico,true,study,MICROSCOPÍA,4,75,stool,false,300.00
1506,ECN-CAT-MIC-216,Control de Amiba en fresco,true,study,MICROSCOPÍA,31,180,stool,true,780.00
1507,ECN-CAT-MIC-217,Control de Sangre oculta en heces,true,study,INMUNOCROMATOGRAFÍA,23,135,stool,true,740.00
1508,ECN-CAT-MIC-218,Control de Rotavirus en heces,true,study,INMUNOCROMATOGRAFÍA,20,120,stool,false,700.00
1509,ECN-CAT-MIC-219,Control de Adenovirus en heces,true,study,INMUNOCROMATOGRAFÍA,17,105,stool,false,600.00
1510,ECN-CAT-MIC-220,Control de Helicobacter pylori,true,study,INMUNOCROMATOGRAFÍA,14,90,stool,false,520.00
1511,ECN-CAT-MIC-221,Control de Clostridioides difficile,true,study,INMUNOCROMATOGRAFÍA,11,90,stool,false,440.00
1512,ECN-CAT-MIC-222,Control de Estreptococo del grupo A,true,study,INMUNOCROMATOGRAFÍA,3,75,swab,false,340.00
1513,ECN-CAT-MIC-223,Control de Salmonella,true,study,CULTIVO,1,750,stool,false,360.00
1514,ECN-CAT-MIC-224,Control de Shigella,true,study,CULTIVO,27,855,stool,true,940.00
1515,ECN-CAT-MIC-225,Control de Candida albicans,true,study,CULTIVO,24,840,swab,true,760.00
1516,ECN-CAT-MIC-226,Confirmación de Urocultivo,true,study,CULTIVO,21,810,urine,false,680.00
1517,ECN-CAT-MIC-227,Confirmación de Coprocultivo,true,study,CULTIVO,13,795,stool,false,580.00
1518,ECN-CAT-MIC-228,Confirmación de Exudado faríngeo,true,study,CULTIVO,10,780,swab,false,540.00
1519,ECN-CAT-MIC-229,Confirmación de Exudado nasal,true,study,CULTIVO,7,765,swab,true,460.00
1520,ECN-CAT-MIC-230,Confirmación de Exudado vaginal,true,study,CULTIVO,4,750,swab,false,380.00
1521,ECN-CAT-MIC-231,Confirmación de Exudado uretral,true,study,CULTIVO,31,855,swab,true,940.00
1522,ECN-CAT-MIC-232,Confirmación de Hemocultivo,true,study,CULTIVO,23,840,blood,true,860.00
1523,ECN-CAT-MIC-233,Confirmación de Cultivo de esputo,true,study,CULTIVO,20,810,other,true,820.00
1524,ECN-CAT-MIC-234,Confirmación de Cultivo de heridas,true,study,CULTIVO,17,795,swab,false,640.00
1525,ECN-CAT-MIC-235,Confirmación de Cultivo de secreciones,true,study,CULTIVO,14,780,swab,false,560.00
1526,ECN-CAT-MIC-236,Confirmación de Antibiograma,true,study,CULTIVO,11,765,other,false,460.00
1527,ECN-CAT-MIC-237,Confirmación de Tinción de Gram,true,study,MICROSCOPÍA,3,90,other,true,280.00
1528,ECN-CAT-MIC-238,Confirmación de Baciloscopía,true,study,MICROSCOPÍA,1,75,other,true,240.00
1529,ECN-CAT-MIC-239,Confirmación de Búsqueda de hongos,true,study,MICROSCOPÍA,27,180,other,true,820.00
1530,ECN-CAT-MIC-240,Confirmación de Coprológico,true,study,MICROSCOPÍA,24,165,stool,false,720.00
1531,ECN-CAT-MIC-241,Confirmación de Amiba en fresco,true,study,MICROSCOPÍA,21,135,stool,true,640.00
1532,ECN-CAT-MIC-242,Confirmación de Sangre oculta en heces,true,study,INMUNOCROMATOGRAFÍA,13,120,stool,false,580.00
1533,ECN-CAT-MIC-243,Confirmación de Rotavirus en heces,true,study,INMUNOCROMATOGRAFÍA,10,105,stool,false,460.00
1534,ECN-CAT-MIC-244,Confirmación de Adenovirus en heces,true,study,INMUNOCROMATOGRAFÍA,7,75,stool,false,380.00
1535,ECN-CAT-COA-126,Determinación de Tiempo de protrombina,true,study,COAGULOMETRÍA,4,75,plasma,false,370.00
1536,ECN-CAT-COA-127,Determinación de Tiempo de tromboplastina parcial,true,study,COAGULOMETRÍA,1,60,plasma,false,280.00
1537,ECN-CAT-COA-128,Determinación de Tiempo de trombina,true,study,COAGULOMETRÍA,28,165,plasma,true,850.00
1538,ECN-CAT-COA-129,Determinación de Fibrinógeno,true,study,COAGULOMETRÍA,25,165,plasma,false,770.00
1539,ECN-CAT-COA-130,Determinación de Dímero D,true,study,COAGULOMETRÍA,22,150,plasma,false,730.00
1540,ECN-CAT-COA-131,Determinación de INR,true,study,COAGULOMETRÍA,14,135,plasma,false,640.00
1541,ECN-CAT-COA-132,Determinación de Actividad de factor VIII,true,study,COAGULOMETRÍA,11,120,plasma,false,460.00
1542,ECN-CAT-COA-133,Determinación de Actividad de factor IX,true,study,COAGULOMETRÍA,8,105,plasma,false,370.00
1543,ECN-CAT-COA-134,Determinación de Actividad de factor XI,true,study,COAGULOMETRÍA,5,75,plasma,false,290.00
1544,ECN-CAT-COA-135,Determinación de Actividad de factor XII,true,study,COAGULOMETRÍA,32,180,plasma,true,910.00
1545,ECN-CAT-COA-136,Determinación de Antitrombina III,true,study,COAGULOMETRÍA,24,165,plasma,false,820.00
1546,ECN-CAT-COA-137,Determinación de Proteína C funcional,true,study,COAGULOMETRÍA,21,150,plasma,false,730.00
1547,ECN-CAT-COA-138,Determinación de Proteína S funcional,true,study,COAGULOMETRÍA,18,135,plasma,false,650.00
1548,ECN-CAT-COA-139,Determinación de Anticoagulante lúpico,true,study,COAGULOMETRÍA,15,120,plasma,false,560.00
1549,ECN-CAT-COA-140,Determinación de Resistencia a proteína C activada,true,study,COAGULOMETRÍA,12,105,plasma,false,520.00
1550,ECN-CAT-COA-141,Determinación de Agregación plaquetaria,true,study,COAGULOMETRÍA,4,75,plasma,false,340.00
1551,ECN-CAT-COA-142,Determinación de Tiempo de sangrado,true,study,COAGULOMETRÍA,1,60,plasma,false,250.00
1552,ECN-CAT-COA-143,Determinación de Tiempo de coagulación,true,study,COAGULOMETRÍA,28,165,plasma,true,830.00
1553,ECN-CAT-COA-144,Determinación de Productos de degradación de fibrina,true,study,COAGULOMETRÍA,25,150,plasma,false,740.00
1554,ECN-CAT-COA-145,Determinación de Factor de von Willebrand,true,study,COAGULOMETRÍA,22,135,plasma,false,700.00
1555,ECN-CAT-COA-146,Determinación de Mezcla de TTPa,true,study,COAGULOMETRÍA,14,120,plasma,false,610.00
1556,ECN-CAT-COA-147,Determinación de Mezcla de TP,true,study,COAGULOMETRÍA,11,105,plasma,false,530.00
1557,ECN-CAT-COA-148,Determinación de Factor V,true,study,COAGULOMETRÍA,8,90,plasma,false,440.00
1558,ECN-CAT-COA-149,Determinación de Factor VII,true,study,COAGULOMETRÍA,5,60,plasma,false,350.00
1559,ECN-CAT-COA-150,Determinación de Factor X,true,study,COAGULOMETRÍA,32,195,plasma,true,880.00
1560,ECN-CAT-COA-151,Cuantificación de Tiempo de protrombina,true,study,COAGULOMETRÍA,24,180,plasma,true,790.00
1561,ECN-CAT-COA-152,Cuantificación de Tiempo de tromboplastina parcial,true,study,COAGULOMETRÍA,21,150,plasma,false,710.00
1562,ECN-CAT-COA-153,Cuantificación de Tiempo de trombina,true,study,COAGULOMETRÍA,18,135,plasma,true,620.00
1563,ECN-CAT-COA-154,Cuantificación de Fibrinógeno,true,study,COAGULOMETRÍA,15,120,plasma,false,530.00
1564,ECN-CAT-COA-155,Cuantificación de Dímero D,true,study,COAGULOMETRÍA,12,105,plasma,false,490.00
1565,ECN-CAT-COA-156,Cuantificación de INR,true,study,COAGULOMETRÍA,4,90,plasma,false,410.00
1566,ECN-CAT-COA-157,Cuantificación de Actividad de factor VIII,true,study,COAGULOMETRÍA,1,75,plasma,false,320.00
1567,ECN-CAT-COA-158,Cuantificación de Actividad de factor IX,true,study,COAGULOMETRÍA,28,180,plasma,true,890.00
1568,ECN-CAT-COA-159,Cuantificación de Actividad de factor XI,true,study,COAGULOMETRÍA,25,150,plasma,false,710.00
1569,ECN-CAT-COA-160,Cuantificación de Actividad de factor XII,true,study,COAGULOMETRÍA,22,135,plasma,false,670.00
1570,ECN-CAT-COA-161,Cuantificación de Antitrombina III,true,study,COAGULOMETRÍA,14,120,plasma,false,590.00
1571,ECN-CAT-COA-162,Cuantificación de Proteína C funcional,true,study,COAGULOMETRÍA,11,105,plasma,false,500.00
1572,ECN-CAT-COA-163,Cuantificación de Proteína S funcional,true,study,COAGULOMETRÍA,8,90,plasma,false,410.00
1573,ECN-CAT-COA-164,Cuantificación de Anticoagulante lúpico,true,study,COAGULOMETRÍA,5,75,plasma,false,320.00
1574,ECN-CAT-COA-165,Cuantificación de Resistencia a proteína C activada,true,study,COAGULOMETRÍA,32,180,plasma,true,950.00
1575,ECN-CAT-COA-166,Cuantificación de Agregación plaquetaria,true,study,COAGULOMETRÍA,24,165,plasma,true,860.00
1576,ECN-CAT-COA-167,Cuantificación de Tiempo de sangrado,true,study,COAGULOMETRÍA,21,135,plasma,false,770.00
1577,ECN-CAT-COA-168,Cuantificación de Tiempo de coagulación,true,study,COAGULOMETRÍA,18,120,plasma,false,590.00
1578,ECN-CAT-COA-169,Cuantificación de Productos de degradación de fibrina,true,study,COAGULOMETRÍA,15,105,plasma,false,500.00
1579,ECN-CAT-COA-170,Cuantificación de Factor de von Willebrand,true,study,COAGULOMETRÍA,12,90,plasma,true,420.00
1580,ECN-CAT-COA-171,Cuantificación de Mezcla de TTPa,true,study,COAGULOMETRÍA,4,90,plasma,false,380.00
1581,ECN-CAT-COA-172,Cuantificación de Mezcla de TP,true,study,COAGULOMETRÍA,1,75,plasma,false,290.00
1582,ECN-CAT-COA-173,Cuantificación de Factor V,true,study,COAGULOMETRÍA,28,180,plasma,true,860.00
1583,ECN-CAT-COA-174,Cuantificación de Factor VII,true,study,COAGULOMETRÍA,25,165,plasma,false,770.00
1584,ECN-CAT-COA-175,Cuantificación de Factor X,true,study,COAGULOMETRÍA,22,150,plasma,false,690.00
1585,ECN-CAT-COA-176,Evaluación de Tiempo de protrombina,true,study,COAGULOMETRÍA,14,135,plasma,false,650.00
1586,ECN-CAT-COA-177,Evaluación de Tiempo de tromboplastina parcial,true,study,COAGULOMETRÍA,11,105,plasma,false,470.00
1587,ECN-CAT-COA-178,Evaluación de Tiempo de trombina,true,study,COAGULOMETRÍA,8,90,plasma,false,380.00
1588,ECN-CAT-COA-179,Evaluación de Fibrinógeno,true,study,COAGULOMETRÍA,5,75,plasma,false,300.00
1589,ECN-CAT-COA-180,Evaluación de Dímero D,true,study,COAGULOMETRÍA,32,180,plasma,true,870.00
1590,ECN-CAT-COA-181,Evaluación de INR,true,study,COAGULOMETRÍA,24,165,plasma,true,830.00
1591,ECN-CAT-COA-182,Evaluación de Actividad de factor VIII,true,study,COAGULOMETRÍA,21,150,plasma,false,740.00
1592,ECN-CAT-COA-183,Evaluación de Actividad de factor IX,true,study,COAGULOMETRÍA,18,135,plasma,false,650.00
1593,ECN-CAT-COA-184,Evaluación de Actividad de factor XI,true,study,COAGULOMETRÍA,15,120,plasma,false,570.00
1594,ECN-CAT-COA-185,Evaluación de Actividad de factor XII,true,study,COAGULOMETRÍA,12,90,plasma,false,480.00
1595,ECN-CAT-COA-186,Evaluación de Antitrombina III,true,study,COAGULOMETRÍA,4,75,plasma,false,350.00
1596,ECN-CAT-COA-187,Evaluación de Proteína C funcional,true,study,COAGULOMETRÍA,1,60,plasma,true,260.00
1597,ECN-CAT-COA-188,Evaluación de Proteína S funcional,true,study,COAGULOMETRÍA,28,165,plasma,true,840.00
1598,ECN-CAT-COA-189,Evaluación de Anticoagulante lúpico,true,study,COAGULOMETRÍA,25,150,plasma,false,750.00
1599,ECN-CAT-COA-190,Evaluación de Resistencia a proteína C activada,true,study,COAGULOMETRÍA,22,135,plasma,false,660.00
1600,ECN-CAT-COA-191,Evaluación de Agregación plaquetaria,true,study,COAGULOMETRÍA,14,120,plasma,false,620.00
1601,ECN-CAT-COA-192,Evaluación de Tiempo de sangrado,true,study,COAGULOMETRÍA,11,120,plasma,false,530.00
1602,ECN-CAT-COA-193,Evaluación de Tiempo de coagulación,true,study,COAGULOMETRÍA,8,105,plasma,false,450.00
1603,ECN-CAT-COA-194,Evaluación de Productos de degradación de fibrina,true,study,COAGULOMETRÍA,5,90,plasma,false,360.00
1604,ECN-CAT-COA-195,Evaluación de Factor de von Willebrand,true,study,COAGULOMETRÍA,32,180,plasma,true,840.00
1605,ECN-CAT-COA-196,Evaluación de Mezcla de TTPa,true,study,COAGULOMETRÍA,24,165,plasma,true,800.00
1606,ECN-CAT-COA-197,Evaluación de Mezcla de TP,true,study,COAGULOMETRÍA,21,150,plasma,false,720.00
1607,ECN-CAT-COA-198,Evaluación de Factor V,true,study,COAGULOMETRÍA,18,135,plasma,false,630.00
1608,ECN-CAT-COA-199,Evaluación de Factor VII,true,study,COAGULOMETRÍA,15,120,plasma,false,540.00
1609,ECN-CAT-COA-200,Evaluación de Factor X,true,study,COAGULOMETRÍA,12,105,plasma,false,450.00
1610,ECN-CAT-COA-201,Control de Tiempo de protrombina,true,study,COAGULOMETRÍA,4,90,plasma,false,410.00
1611,ECN-CAT-COA-202,Control de Tiempo de tromboplastina parcial,true,study,COAGULOMETRÍA,1,75,plasma,false,330.00
1612,ECN-CAT-COA-203,Control de Tiempo de trombina,true,study,COAGULOMETRÍA,28,165,plasma,true,900.00
1613,ECN-CAT-COA-204,Control de Fibrinógeno,true,study,COAGULOMETRÍA,25,150,plasma,true,720.00
1614,ECN-CAT-COA-205,Control de Dímero D,true,study,COAGULOMETRÍA,22,135,plasma,false,630.00
1615,ECN-CAT-COA-206,Control de INR,true,study,COAGULOMETRÍA,14,120,plasma,false,600.00
1616,ECN-CAT-COA-207,Control de Actividad de factor VIII,true,study,COAGULOMETRÍA,11,105,plasma,false,510.00
1617,ECN-CAT-COA-208,Control de Actividad de factor IX,true,study,COAGULOMETRÍA,8,90,plasma,false,420.00
1618,ECN-CAT-COA-209,Control de Actividad de factor XI,true,study,COAGULOMETRÍA,5,75,plasma,false,330.00
1619,ECN-CAT-COA-210,Control de Actividad de factor XII,true,study,COAGULOMETRÍA,32,165,plasma,true,900.00
1620,ECN-CAT-COA-211,Control de Antitrombina III,true,study,COAGULOMETRÍA,24,150,plasma,true,870.00
1621,ECN-CAT-COA-212,Control de Proteína C funcional,true,study,COAGULOMETRÍA,21,135,plasma,false,780.00
1622,ECN-CAT-COA-213,Control de Proteína S funcional,true,study,COAGULOMETRÍA,18,135,plasma,false,600.00
1623,ECN-CAT-COA-214,Control de Anticoagulante lúpico,true,study,COAGULOMETRÍA,15,120,plasma,false,510.00
1624,ECN-CAT-COA-215,Control de Resistencia a proteína C activada,true,study,COAGULOMETRÍA,12,105,plasma,false,420.00
1625,ECN-CAT-COA-216,Control de Agregación plaquetaria,true,study,COAGULOMETRÍA,4,90,plasma,false,390.00
1626,ECN-CAT-COA-217,Control de Tiempo de sangrado,true,study,COAGULOMETRÍA,1,75,plasma,false,300.00
1627,ECN-CAT-COA-218,Control de Tiempo de coagulación,true,study,COAGULOMETRÍA,28,180,plasma,true,870.00
1628,ECN-CAT-COA-219,Control de Productos de degradación de fibrina,true,study,COAGULOMETRÍA,25,165,plasma,false,780.00
1629,ECN-CAT-COA-220,Control de Factor de von Willebrand,true,study,COAGULOMETRÍA,22,150,plasma,false,700.00
1630,ECN-CAT-COA-221,Control de Mezcla de TTPa,true,study,COAGULOMETRÍA,14,120,plasma,true,610.00
1631,ECN-CAT-COA-222,Control de Mezcla de TP,true,study,COAGULOMETRÍA,11,105,plasma,false,480.00
1632,ECN-CAT-COA-223,Control de Factor V,true,study,COAGULOMETRÍA,8,90,plasma,false,390.00
1633,ECN-CAT-COA-224,Control de Factor VII,true,study,COAGULOMETRÍA,5,75,plasma,false,300.00
1634,ECN-CAT-COA-225,Control de Factor X,true,study,COAGULOMETRÍA,32,180,plasma,true,880.00
1635,ECN-CAT-COA-226,Confirmación de Tiempo de protrombina,true,study,COAGULOMETRÍA,24,165,plasma,true,790.00
1636,ECN-CAT-COA-227,Confirmación de Tiempo de tromboplastina parcial,true,study,COAGULOMETRÍA,21,150,plasma,false,750.00
1637,ECN-CAT-COA-228,Confirmación de Tiempo de trombina,true,study,COAGULOMETRÍA,18,120,plasma,false,660.00
1638,ECN-CAT-COA-229,Confirmación de Fibrinógeno,true,study,COAGULOMETRÍA,15,105,plasma,false,580.00
1639,ECN-CAT-COA-230,Confirmación de Dímero D,true,study,COAGULOMETRÍA,12,90,plasma,false,490.00
1640,ECN-CAT-COA-231,Confirmación de INR,true,study,COAGULOMETRÍA,4,75,plasma,false,310.00
1641,ECN-CAT-COA-232,Confirmación de Actividad de factor VIII,true,study,COAGULOMETRÍA,1,60,plasma,false,270.00
1642,ECN-CAT-COA-233,Confirmación de Actividad de factor IX,true,study,COAGULOMETRÍA,28,165,plasma,true,840.00
1643,ECN-CAT-COA-234,Confirmación de Actividad de factor XI,true,study,COAGULOMETRÍA,25,165,plasma,false,760.00
1644,ECN-CAT-COA-235,Confirmación de Actividad de factor XII,true,study,COAGULOMETRÍA,22,150,plasma,false,670.00
1645,ECN-CAT-COA-236,Confirmación de Antitrombina III,true,study,COAGULOMETRÍA,14,135,plasma,false,580.00
1646,ECN-CAT-COA-237,Confirmación de Proteína C funcional,true,study,COAGULOMETRÍA,11,120,plasma,false,540.00
1647,ECN-CAT-COA-238,Confirmación de Proteína S funcional,true,study,COAGULOMETRÍA,8,105,plasma,true,460.00
1648,ECN-CAT-COA-239,Confirmación de Anticoagulante lúpico,true,study,COAGULOMETRÍA,5,75,plasma,false,370.00
1649,ECN-CAT-COA-240,Confirmación de Resistencia a proteína C activada,true,study,COAGULOMETRÍA,32,180,plasma,true,850.00
1650,ECN-CAT-COA-241,Confirmación de Agregación plaquetaria,true,study,COAGULOMETRÍA,24,165,plasma,true,760.00
1651,ECN-CAT-COA-242,Confirmación de Tiempo de sangrado,true,study,COAGULOMETRÍA,21,150,plasma,false,720.00
1652,ECN-CAT-COA-243,Confirmación de Tiempo de coagulación,true,study,COAGULOMETRÍA,18,135,plasma,false,640.00
1653,ECN-CAT-COA-244,Confirmación de Productos de degradación de fibrina,true,study,COAGULOMETRÍA,15,120,plasma,false,550.00
1654,ECN-CAT-END-126,Determinación de Hormona estimulante de tiroides,true,study,INMUNOENSAYO,12,135,serum,false,580.00
1655,ECN-CAT-END-127,Determinación de Tiroxina libre,true,study,QUIMIOLUMINISCENCIA,9,180,plasma,false,560.00
1656,ECN-CAT-END-128,Determinación de Tiroxina total,true,study,ELISA,6,135,serum,false,500.00
1657,ECN-CAT-END-129,Determinación de Triyodotironina libre,true,study,INMUNOENSAYO,3,75,plasma,false,280.00
1658,ECN-CAT-END-130,Determinación de Triyodotironina total,true,study,QUIMIOLUMINISCENCIA,25,240,serum,true,920.00
1659,ECN-CAT-END-131,Determinación de Insulina,true,study,ELISA,22,195,plasma,false,800.00
1660,ECN-CAT-END-132,Determinación de Cortisol,true,study,INMUNOENSAYO,19,150,serum,false,680.00
1661,ECN-CAT-END-133,Determinación de Hormona adrenocorticotropa,true,study,QUIMIOLUMINISCENCIA,16,195,plasma,false,700.00
1662,ECN-CAT-END-134,Determinación de Hormona de crecimiento,true,study,ELISA,13,150,serum,false,580.00
1663,ECN-CAT-END-135,Determinación de Prolactina,true,study,INMUNOENSAYO,5,105,plasma,false,460.00
1664,ECN-CAT-END-136,Determinación de Hormona luteinizante,true,study,QUIMIOLUMINISCENCIA,2,135,serum,true,440.00
1665,ECN-CAT-END-137,Determinación de Hormona foliculoestimulante,true,study,ELISA,29,210,plasma,true,980.00
1666,ECN-CAT-END-138,Determinación de Estradiol,true,study,INMUNOENSAYO,26,165,serum,true,780.00
1667,ECN-CAT-END-139,Determinación de Progesterona,true,study,QUIMIOLUMINISCENCIA,23,210,plasma,false,800.00
1668,ECN-CAT-END-140,Determinación de Testosterona total,true,study,ELISA,15,165,serum,false,680.00
1669,ECN-CAT-END-141,Determinación de Testosterona libre,true,study,INMUNOENSAYO,12,120,plasma,false,560.00
1670,ECN-CAT-END-142,Determinación de Dehidroepiandrosterona,true,study,QUIMIOLUMINISCENCIA,9,180,serum,false,540.00
1671,ECN-CAT-END-143,Determinación de Aldosterona,true,study,ELISA,6,135,plasma,false,420.00
1672,ECN-CAT-END-144,Determinación de Renina,true,study,INMUNOENSAYO,3,90,serum,false,340.00
1673,ECN-CAT-END-145,Determinación de Paratohormona,true,study,QUIMIOLUMINISCENCIA,25,255,plasma,true,980.00
1674,ECN-CAT-END-146,Determinación de Calcitonina,true,study,ELISA,22,210,serum,false,860.00
1675,ECN-CAT-END-147,Determinación de Péptido C,true,study,INMUNOENSAYO,19,150,plasma,false,660.00
1676,ECN-CAT-END-148,Determinación de 17-hidroxiprogesterona,true,study,QUIMIOLUMINISCENCIA,16,195,serum,false,620.00
1677,ECN-CAT-END-149,Determinación de Hormona antimülleriana,true,study,ELISA,13,150,plasma,false,560.00
1678,ECN-CAT-END-150,Determinación de Somatomedina C,true,study,INMUNOENSAYO,5,105,serum,false,440.00
1679,ECN-CAT-END-151,Cuantificación de Hormona estimulante de tiroides,true,study,QUIMIOLUMINISCENCIA,2,150,plasma,false,420.00
1680,ECN-CAT-END-152,Cuantificación de Tiroxina libre,true,study,ELISA,29,225,serum,true,960.00
1681,ECN-CAT-END-153,Cuantificación de Tiroxina total,true,study,INMUNOENSAYO,26,180,plasma,false,840.00
1682,ECN-CAT-END-154,Cuantificación de Triyodotironina libre,true,study,QUIMIOLUMINISCENCIA,23,210,serum,false,860.00
1683,ECN-CAT-END-155,Cuantificación de Triyodotironina total,true,study,ELISA,15,165,plasma,false,740.00
1684,ECN-CAT-END-156,Cuantificación de Insulina,true,study,INMUNOENSAYO,12,120,serum,false,540.00
1685,ECN-CAT-END-157,Cuantificación de Cortisol,true,study,QUIMIOLUMINISCENCIA,9,165,plasma,false,500.00
1686,ECN-CAT-END-158,Cuantificación de Hormona adrenocorticotropa,true,study,ELISA,6,120,serum,false,380.00
1687,ECN-CAT-END-159,Cuantificación de Hormona de crecimiento,true,study,INMUNOENSAYO,3,75,plasma,false,320.00
1688,ECN-CAT-END-160,Cuantificación de Prolactina,true,study,QUIMIOLUMINISCENCIA,25,240,serum,true,960.00
1689,ECN-CAT-END-161,Cuantificación de Hormona luteinizante,true,study,ELISA,22,195,plasma,false,840.00
1690,ECN-CAT-END-162,Cuantificación de Hormona foliculoestimulante,true,study,INMUNOENSAYO,19,135,serum,false,720.00
1691,ECN-CAT-END-163,Cuantificación de Estradiol,true,study,QUIMIOLUMINISCENCIA,16,210,plasma,false,680.00
1692,ECN-CAT-END-164,Cuantificación de Progesterona,true,study,ELISA,13,165,serum,false,620.00
1693,ECN-CAT-END-165,Cuantificación de Testosterona total,true,study,INMUNOENSAYO,5,105,plasma,false,420.00
1694,ECN-CAT-END-166,Cuantificación de Testosterona libre,true,study,QUIMIOLUMINISCENCIA,2,150,serum,false,380.00
1695,ECN-CAT-END-167,Cuantificación de Dehidroepiandrosterona,true,study,ELISA,29,225,plasma,true,920.00
1696,ECN-CAT-END-168,Cuantificación de Aldosterona,true,study,INMUNOENSAYO,26,180,serum,true,800.00
1697,ECN-CAT-END-169,Cuantificación de Renina,true,study,QUIMIOLUMINISCENCIA,23,225,plasma,false,840.00
1698,ECN-CAT-END-170,Cuantificación de Paratohormona,true,study,ELISA,15,180,serum,true,720.00
1699,ECN-CAT-END-171,Cuantificación de Calcitonina,true,study,INMUNOENSAYO,12,135,plasma,false,600.00
1700,ECN-CAT-END-172,Cuantificación de Péptido C,true,study,QUIMIOLUMINISCENCIA,9,165,serum,false,560.00
1701,ECN-CAT-END-173,Cuantificación de 17-hidroxiprogesterona,true,study,ELISA,6,120,plasma,false,440.00
1702,ECN-CAT-END-174,Cuantificación de Hormona antimülleriana,true,study,INMUNOENSAYO,3,75,serum,false,300.00
1703,ECN-CAT-END-175,Cuantificación de Somatomedina C,true,study,QUIMIOLUMINISCENCIA,25,240,plasma,true,920.00
1704,ECN-CAT-END-176,Evaluación de Hormona estimulante de tiroides,true,study,ELISA,22,195,serum,false,800.00
1705,ECN-CAT-END-177,Evaluación de Tiroxina libre,true,study,INMUNOENSAYO,19,150,plasma,false,680.00
1706,ECN-CAT-END-178,Evaluación de Tiroxina total,true,study,QUIMIOLUMINISCENCIA,16,195,serum,false,660.00
1707,ECN-CAT-END-179,Evaluación de Triyodotironina libre,true,study,ELISA,13,150,plasma,false,600.00
1708,ECN-CAT-END-180,Evaluación de Triyodotironina total,true,study,INMUNOENSAYO,5,90,serum,false,480.00
1709,ECN-CAT-END-181,Evaluación de Insulina,true,study,QUIMIOLUMINISCENCIA,2,135,plasma,false,440.00
1710,ECN-CAT-END-182,Evaluación de Cortisol,true,study,ELISA,29,210,serum,true,980.00
1711,ECN-CAT-END-183,Evaluación de Hormona adrenocorticotropa,true,study,INMUNOENSAYO,26,165,plasma,true,780.00
1712,ECN-CAT-END-184,Evaluación de Hormona de crecimiento,true,study,QUIMIOLUMINISCENCIA,23,225,serum,false,800.00
1713,ECN-CAT-END-185,Evaluación de Prolactina,true,study,ELISA,15,180,plasma,false,680.00
1714,ECN-CAT-END-186,Evaluación de Hormona luteinizante,true,study,INMUNOENSAYO,12,135,serum,false,560.00
1715,ECN-CAT-END-187,Evaluación de Hormona foliculoestimulante,true,study,QUIMIOLUMINISCENCIA,9,180,plasma,true,540.00
1716,ECN-CAT-END-188,Evaluación de Estradiol,true,study,ELISA,6,135,serum,false,420.00
1717,ECN-CAT-END-189,Evaluación de Progesterona,true,study,INMUNOENSAYO,3,90,plasma,false,300.00
1718,ECN-CAT-END-190,Evaluación de Testosterona total,true,study,QUIMIOLUMINISCENCIA,25,240,serum,true,980.00
1719,ECN-CAT-END-191,Evaluación de Testosterona libre,true,study,ELISA,22,195,plasma,false,860.00
1720,ECN-CAT-END-192,Evaluación de Dehidroepiandrosterona,true,study,INMUNOENSAYO,19,150,serum,false,660.00
1721,ECN-CAT-END-193,Evaluación de Aldosterona,true,study,QUIMIOLUMINISCENCIA,16,195,plasma,false,640.00
1722,ECN-CAT-END-194,Evaluación de Renina,true,study,ELISA,13,150,serum,false,520.00
1723,ECN-CAT-END-195,Evaluación de Paratohormona,true,study,INMUNOENSAYO,5,105,plasma,false,440.00
1724,ECN-CAT-END-196,Evaluación de Calcitonina,true,study,QUIMIOLUMINISCENCIA,2,150,serum,false,420.00
1725,ECN-CAT-END-197,Evaluación de Péptido C,true,study,ELISA,29,225,plasma,true,960.00
1726,ECN-CAT-END-198,Evaluación de 17-hidroxiprogesterona,true,study,INMUNOENSAYO,26,165,serum,true,840.00
1727,ECN-CAT-END-199,Evaluación de Hormona antimülleriana,true,study,QUIMIOLUMINISCENCIA,23,210,plasma,false,820.00
1728,ECN-CAT-END-200,Evaluación de Somatomedina C,true,study,ELISA,15,165,serum,false,740.00
1729,ECN-CAT-END-201,Control de Hormona estimulante de tiroides,true,study,INMUNOENSAYO,12,120,plasma,false,540.00
1730,ECN-CAT-END-202,Control de Tiroxina libre,true,study,QUIMIOLUMINISCENCIA,9,165,serum,false,520.00
1731,ECN-CAT-END-203,Control de Tiroxina total,true,study,ELISA,6,120,plasma,false,400.00
1732,ECN-CAT-END-204,Control de Triyodotironina libre,true,study,INMUNOENSAYO,3,75,serum,true,280.00
1733,ECN-CAT-END-205,Control de Triyodotironina total,true,study,QUIMIOLUMINISCENCIA,25,255,plasma,true,960.00
1734,ECN-CAT-END-206,Control de Insulina,true,study,ELISA,22,210,serum,false,840.00
1735,ECN-CAT-END-207,Control de Cortisol,true,study,INMUNOENSAYO,19,165,plasma,false,720.00
1736,ECN-CAT-END-208,Control de Hormona adrenocorticotropa,true,study,QUIMIOLUMINISCENCIA,16,195,serum,false,700.00
1737,ECN-CAT-END-209,Control de Hormona de crecimiento,true,study,ELISA,13,150,plasma,false,580.00
1738,ECN-CAT-END-210,Control de Prolactina,true,study,INMUNOENSAYO,5,105,serum,false,420.00
1739,ECN-CAT-END-211,Control de Hormona luteinizante,true,study,QUIMIOLUMINISCENCIA,2,150,plasma,false,400.00
1740,ECN-CAT-END-212,Control de Hormona foliculoestimulante,true,study,ELISA,29,225,serum,true,940.00
1741,ECN-CAT-END-213,Control de Estradiol,true,study,INMUNOENSAYO,26,180,plasma,true,820.00
1742,ECN-CAT-END-214,Control de Progesterona,true,study,QUIMIOLUMINISCENCIA,23,225,serum,false,780.00
1743,ECN-CAT-END-215,Control de Testosterona total,true,study,ELISA,15,180,plasma,false,720.00
1744,ECN-CAT-END-216,Control de Testosterona libre,true,study,INMUNOENSAYO,12,120,serum,false,600.00
1745,ECN-CAT-END-217,Control de Dehidroepiandrosterona,true,study,QUIMIOLUMINISCENCIA,9,165,plasma,false,580.00
1746,ECN-CAT-END-218,Control de Aldosterona,true,study,ELISA,6,120,serum,false,460.00
1747,ECN-CAT-END-219,Control de Renina,true,study,INMUNOENSAYO,3,75,plasma,false,260.00
1748,ECN-CAT-END-220,Control de Paratohormona,true,study,QUIMIOLUMINISCENCIA,25,240,serum,true,940.00
1749,ECN-CAT-END-221,Control de Calcitonina,true,study,ELISA,22,195,plasma,true,820.00
1750,ECN-CAT-END-222,Control de Péptido C,true,study,INMUNOENSAYO,19,150,serum,false,700.00
1751,ECN-CAT-END-223,Control de 17-hidroxiprogesterona,true,study,QUIMIOLUMINISCENCIA,16,180,plasma,false,660.00
1752,ECN-CAT-END-224,Control de Hormona antimülleriana,true,study,ELISA,13,135,serum,false,560.00
1753,ECN-CAT-END-225,Control de Somatomedina C,true,study,INMUNOENSAYO,5,90,plasma,false,480.00
1754,ECN-CAT-END-226,Confirmación de Hormona estimulante de tiroides,true,study,QUIMIOLUMINISCENCIA,2,150,serum,false,460.00
1755,ECN-CAT-END-227,Confirmación de Tiroxina libre,true,study,ELISA,29,225,plasma,true,1000.00
1756,ECN-CAT-END-228,Confirmación de Tiroxina total,true,study,INMUNOENSAYO,26,180,serum,true,800.00
1757,ECN-CAT-END-229,Confirmación de Triyodotironina libre,true,study,QUIMIOLUMINISCENCIA,23,225,plasma,false,760.00
1758,ECN-CAT-END-230,Confirmación de Triyodotironina total,true,study,ELISA,15,180,serum,false,700.00
1759,ECN-CAT-END-231,Confirmación de Insulina,true,study,INMUNOENSAYO,12,135,plasma,false,580.00
1760,ECN-CAT-END-232,Confirmación de Cortisol,true,study,QUIMIOLUMINISCENCIA,9,180,serum,false,540.00
1761,ECN-CAT-END-233,Confirmación de Hormona adrenocorticotropa,true,study,ELISA,6,135,plasma,false,440.00
1762,ECN-CAT-END-234,Confirmación de Hormona de crecimiento,true,study,INMUNOENSAYO,3,75,serum,false,320.00
1763,ECN-CAT-END-235,Confirmación de Prolactina,true,study,QUIMIOLUMINISCENCIA,25,240,plasma,true,1000.00
1764,ECN-CAT-END-236,Confirmación de Hormona luteinizante,true,study,ELISA,22,195,serum,false,880.00
1765,ECN-CAT-END-237,Confirmación de Hormona foliculoestimulante,true,study,INMUNOENSAYO,19,150,plasma,false,680.00
1766,ECN-CAT-END-238,Confirmación de Estradiol,true,study,QUIMIOLUMINISCENCIA,16,195,serum,true,640.00
1767,ECN-CAT-END-239,Confirmación de Progesterona,true,study,ELISA,13,150,plasma,false,520.00
1768,ECN-CAT-END-240,Confirmación de Testosterona total,true,study,INMUNOENSAYO,5,105,serum,false,400.00
1769,ECN-CAT-END-241,Confirmación de Testosterona libre,true,study,QUIMIOLUMINISCENCIA,2,135,plasma,false,420.00
1770,ECN-CAT-END-242,Confirmación de Dehidroepiandrosterona,true,study,ELISA,29,210,serum,true,980.00
1771,ECN-CAT-END-243,Confirmación de Aldosterona,true,study,INMUNOENSAYO,26,165,plasma,true,860.00
1772,ECN-CAT-END-244,Confirmación de Renina,true,study,QUIMIOLUMINISCENCIA,23,210,serum,false,820.00
1773,ECN-CAT-URO-126,Determinación de Examen general de orina,true,study,TIRA REACTIVA,20,105,urine,false,600.00
1774,ECN-CAT-URO-127,Determinación de Microalbúmina en orina,true,study,MICROSCOPÍA,17,135,urine,false,590.00
1775,ECN-CAT-URO-128,Determinación de Proteínas en orina,true,study,COLORIMETRÍA,14,75,urine,false,490.00
1776,ECN-CAT-URO-129,Determinación de Glucosa en orina,true,study,TIRA REACTIVA,6,60,urine,false,390.00
1777,ECN-CAT-URO-130,Determinación de Creatinina en orina,true,study,MICROSCOPÍA,3,90,urine,false,320.00
1778,ECN-CAT-URO-131,Determinación de Calcio en orina,true,study,COLORIMETRÍA,30,150,urine,true,880.00
1779,ECN-CAT-URO-132,Determinación de Ácido úrico en orina,true,study,TIRA REACTIVA,27,120,urine,true,830.00
1780,ECN-CAT-URO-133,Determinación de Sodio en orina,true,study,MICROSCOPÍA,24,150,urine,false,770.00
1781,ECN-CAT-URO-134,Determinación de Potasio en orina,true,study,COLORIMETRÍA,16,120,urine,false,670.00
1782,ECN-CAT-URO-135,Determinación de Cloro en orina,true,study,TIRA REACTIVA,13,90,urine,false,480.00
1783,ECN-CAT-URO-136,Determinación de Fósforo en orina,true,study,MICROSCOPÍA,10,120,urine,true,420.00
1784,ECN-CAT-URO-137,Determinación de Magnesio en orina,true,study,COLORIMETRÍA,7,60,urine,false,370.00
1785,ECN-CAT-URO-138,Determinación de Urea en orina,true,study,TIRA REACTIVA,4,45,urine,false,270.00
1786,ECN-CAT-URO-139,Determinación de Osmolalidad urinaria,true,study,MICROSCOPÍA,26,195,urine,true,860.00
1787,ECN-CAT-URO-140,Determinación de Depuración de creatinina,true,study,COLORIMETRÍA,23,135,urine,false,760.00
1788,ECN-CAT-URO-141,Determinación de Sedimento urinario,true,study,TIRA REACTIVA,20,120,urine,false,660.00
1789,ECN-CAT-URO-142,Determinación de Cetonas en orina,true,study,MICROSCOPÍA,17,135,urine,false,650.00
1790,ECN-CAT-URO-143,Determinación de Hemoglobina en orina,true,study,COLORIMETRÍA,14,90,urine,false,550.00
1791,ECN-CAT-URO-144,Determinación de Nitritos en orina,true,study,TIRA REACTIVA,6,60,urine,false,360.00
1792,ECN-CAT-URO-145,Determinación de Leucocitos en orina,true,study,MICROSCOPÍA,3,90,urine,false,300.00
1793,ECN-CAT-URO-146,Determinación de Cristales en orina,true,study,COLORIMETRÍA,30,150,urine,true,860.00
1794,ECN-CAT-URO-147,Determinación de Cilindros urinarios,true,study,TIRA REACTIVA,27,135,urine,true,810.00
1795,ECN-CAT-URO-148,Determinación de Urobilinógeno en orina,true,study,MICROSCOPÍA,24,165,urine,false,740.00
1796,ECN-CAT-URO-149,Determinación de Bilirrubina en orina,true,study,COLORIMETRÍA,16,105,urine,false,640.00
1797,ECN-CAT-URO-150,Determinación de Relación albúmina creatinina,true,study,TIRA REACTIVA,13,75,urine,false,540.00
1798,ECN-CAT-URO-151,Cuantificación de Examen general de orina,true,study,MICROSCOPÍA,10,105,urine,false,480.00
1799,ECN-CAT-URO-152,Cuantificación de Microalbúmina en orina,true,study,COLORIMETRÍA,7,45,urine,false,430.00
1800,ECN-CAT-URO-153,Cuantificación de Proteínas en orina,true,study,TIRA REACTIVA,4,30,urine,true,240.00
1801,ECN-CAT-URO-154,Cuantificación de Glucosa en orina,true,study,MICROSCOPÍA,26,180,urine,true,840.00
1802,ECN-CAT-URO-155,Cuantificación de Creatinina en orina,true,study,COLORIMETRÍA,23,135,urine,false,740.00
1803,ECN-CAT-URO-156,Cuantificación de Calcio en orina,true,study,TIRA REACTIVA,20,120,urine,false,630.00
1804,ECN-CAT-URO-157,Cuantificación de Ácido úrico en orina,true,study,MICROSCOPÍA,17,150,urine,false,570.00
1805,ECN-CAT-URO-158,Cuantificación de Sodio en orina,true,study,COLORIMETRÍA,14,90,urine,false,520.00
1806,ECN-CAT-URO-159,Cuantificación de Potasio en orina,true,study,TIRA REACTIVA,6,75,urine,false,420.00
1807,ECN-CAT-URO-160,Cuantificación de Cloro en orina,true,study,MICROSCOPÍA,3,90,urine,false,360.00
1808,ECN-CAT-URO-161,Cuantificación de Fósforo en orina,true,study,COLORIMETRÍA,30,165,urine,true,920.00
1809,ECN-CAT-URO-162,Cuantificación de Magnesio en orina,true,study,TIRA REACTIVA,27,135,urine,true,730.00
1810,ECN-CAT-URO-163,Cuantificación de Urea en orina,true,study,MICROSCOPÍA,24,165,urine,false,720.00
1811,ECN-CAT-URO-164,Cuantificación de Osmolalidad urinaria,true,study,COLORIMETRÍA,16,105,urine,false,620.00
1812,ECN-CAT-URO-165,Cuantificación de Depuración de creatinina,true,study,TIRA REACTIVA,13,90,urine,false,510.00
1813,ECN-CAT-URO-166,Cuantificación de Sedimento urinario,true,study,MICROSCOPÍA,10,120,urine,false,450.00
1814,ECN-CAT-URO-167,Cuantificación de Cetonas en orina,true,study,COLORIMETRÍA,7,60,urine,false,350.00
1815,ECN-CAT-URO-168,Cuantificación de Hemoglobina en orina,true,study,TIRA REACTIVA,4,30,urine,false,300.00
1816,ECN-CAT-URO-169,Cuantificación de Nitritos en orina,true,study,MICROSCOPÍA,26,180,urine,true,900.00
1817,ECN-CAT-URO-170,Cuantificación de Leucocitos en orina,true,study,COLORIMETRÍA,23,120,urine,true,800.00
1818,ECN-CAT-URO-171,Cuantificación de Cristales en orina,true,study,TIRA REACTIVA,20,105,urine,false,610.00
1819,ECN-CAT-URO-172,Cuantificación de Cilindros urinarios,true,study,MICROSCOPÍA,17,135,urine,false,540.00
1820,ECN-CAT-URO-173,Cuantificación de Urobilinógeno en orina,true,study,COLORIMETRÍA,14,75,urine,false,500.00
1821,ECN-CAT-URO-174,Cuantificación de Bilirrubina en orina,true,study,TIRA REACTIVA,6,60,urine,false,390.00
1822,ECN-CAT-URO-175,Cuantificación de Relación albúmina creatinina,true,study,MICROSCOPÍA,3,75,urine,false,330.00
1823,ECN-CAT-URO-176,Evaluación de Examen general de orina,true,study,COLORIMETRÍA,30,165,urine,true,890.00
1824,ECN-CAT-URO-177,Evaluación de Microalbúmina en orina,true,study,TIRA REACTIVA,27,150,urine,true,790.00
1825,ECN-CAT-URO-178,Evaluación de Proteínas en orina,true,study,MICROSCOPÍA,24,165,urine,false,780.00
1826,ECN-CAT-URO-179,Evaluación de Glucosa en orina,true,study,COLORIMETRÍA,16,120,urine,false,680.00
1827,ECN-CAT-URO-180,Evaluación de Creatinina en orina,true,study,TIRA REACTIVA,13,90,urine,false,490.00
1828,ECN-CAT-URO-181,Evaluación de Calcio en orina,true,study,MICROSCOPÍA,10,120,urine,false,420.00
1829,ECN-CAT-URO-182,Evaluación de Ácido úrico en orina,true,study,COLORIMETRÍA,7,60,urine,false,330.00
1830,ECN-CAT-URO-183,Evaluación de Sodio en orina,true,study,TIRA REACTIVA,4,45,urine,false,270.00
1831,ECN-CAT-URO-184,Evaluación de Potasio en orina,true,study,MICROSCOPÍA,26,195,urine,true,870.00
1832,ECN-CAT-URO-185,Evaluación de Cloro en orina,true,study,COLORIMETRÍA,23,135,urine,false,770.00
1833,ECN-CAT-URO-186,Evaluación de Fósforo en orina,true,study,TIRA REACTIVA,20,105,urine,false,670.00
1834,ECN-CAT-URO-187,Evaluación de Magnesio en orina,true,study,MICROSCOPÍA,17,135,urine,true,610.00
1835,ECN-CAT-URO-188,Evaluación de Urea en orina,true,study,COLORIMETRÍA,14,75,urine,false,560.00
1836,ECN-CAT-URO-189,Evaluación de Osmolalidad urinaria,true,study,TIRA REACTIVA,6,60,urine,false,370.00
1837,ECN-CAT-URO-190,Evaluación de Depuración de creatinina,true,study,MICROSCOPÍA,3,90,urine,false,300.00
1838,ECN-CAT-URO-191,Evaluación de Sedimento urinario,true,study,COLORIMETRÍA,30,150,urine,true,870.00
1839,ECN-CAT-URO-192,Evaluación de Cetonas en orina,true,study,TIRA REACTIVA,27,135,urine,true,760.00
1840,ECN-CAT-URO-193,Evaluación de Hemoglobina en orina,true,study,MICROSCOPÍA,24,150,urine,false,750.00
1841,ECN-CAT-URO-194,Evaluación de Nitritos en orina,true,study,COLORIMETRÍA,16,105,urine,false,650.00
1842,ECN-CAT-URO-195,Evaluación de Leucocitos en orina,true,study,TIRA REACTIVA,13,75,urine,false,550.00
1843,ECN-CAT-URO-196,Evaluación de Cristales en orina,true,study,MICROSCOPÍA,10,105,urine,false,490.00
1844,ECN-CAT-URO-197,Evaluación de Cilindros urinarios,true,study,COLORIMETRÍA,7,75,urine,false,390.00
1845,ECN-CAT-URO-198,Evaluación de Urobilinógeno en orina,true,study,TIRA REACTIVA,4,45,urine,false,250.00
1846,ECN-CAT-URO-199,Evaluación de Bilirrubina en orina,true,study,MICROSCOPÍA,26,195,urine,true,840.00
1847,ECN-CAT-URO-200,Evaluación de Relación albúmina creatinina,true,study,COLORIMETRÍA,23,135,urine,false,750.00
1848,ECN-CAT-URO-201,Control de Examen general de orina,true,study,TIRA REACTIVA,20,120,urine,false,640.00
1849,ECN-CAT-URO-202,Control de Microalbúmina en orina,true,study,MICROSCOPÍA,17,150,urine,false,580.00
1850,ECN-CAT-URO-203,Control de Proteínas en orina,true,study,COLORIMETRÍA,14,90,urine,false,530.00
1851,ECN-CAT-URO-204,Control de Glucosa en orina,true,study,TIRA REACTIVA,6,60,urine,true,430.00
1852,ECN-CAT-URO-205,Control de Creatinina en orina,true,study,MICROSCOPÍA,3,90,urine,false,370.00
1853,ECN-CAT-URO-206,Control de Calcio en orina,true,study,COLORIMETRÍA,30,150,urine,true,930.00
1854,ECN-CAT-URO-207,Control de Ácido úrico en orina,true,study,TIRA REACTIVA,27,135,urine,true,740.00
1855,ECN-CAT-URO-208,Control de Sodio en orina,true,study,MICROSCOPÍA,24,165,urine,false,670.00
1856,ECN-CAT-URO-209,Control de Potasio en orina,true,study,COLORIMETRÍA,16,105,urine,false,630.00
1857,ECN-CAT-URO-210,Control de Cloro en orina,true,study,TIRA REACTIVA,13,90,urine,false,520.00
1858,ECN-CAT-URO-211,Control de Fósforo en orina,true,study,MICROSCOPÍA,10,105,urine,false,460.00
1859,ECN-CAT-URO-212,Control de Magnesio en orina,true,study,COLORIMETRÍA,7,60,urine,false,360.00
1860,ECN-CAT-URO-213,Control de Urea en orina,true,study,TIRA REACTIVA,4,30,urine,false,260.00
1861,ECN-CAT-URO-214,Control de Osmolalidad urinaria,true,study,MICROSCOPÍA,26,180,urine,true,910.00
1862,ECN-CAT-URO-215,Control de Depuración de creatinina,true,study,COLORIMETRÍA,23,120,urine,false,810.00
1863,ECN-CAT-URO-216,Control de Sedimento urinario,true,study,TIRA REACTIVA,20,105,urine,false,620.00
1864,ECN-CAT-URO-217,Control de Cetonas en orina,true,study,MICROSCOPÍA,17,135,urine,false,550.00
1865,ECN-CAT-URO-218,Control de Hemoglobina en orina,true,study,COLORIMETRÍA,14,90,urine,false,460.00
1866,ECN-CAT-URO-219,Control de Nitritos en orina,true,study,TIRA REACTIVA,6,75,urine,false,400.00
1867,ECN-CAT-URO-220,Control de Leucocitos en orina,true,study,MICROSCOPÍA,3,105,urine,false,340.00
1868,ECN-CAT-URO-221,Control de Cristales en orina,true,study,COLORIMETRÍA,30,165,urine,false,900.00
1869,ECN-CAT-URO-222,Control de Cilindros urinarios,true,study,TIRA REACTIVA,27,135,urine,true,800.00
1870,ECN-CAT-URO-223,Control de Urobilinógeno en orina,true,study,MICROSCOPÍA,24,165,urine,false,740.00
1871,ECN-CAT-URO-224,Control de Bilirrubina en orina,true,study,COLORIMETRÍA,16,105,urine,false,690.00
1872,ECN-CAT-URO-225,Control de Relación albúmina creatinina,true,study,TIRA REACTIVA,13,90,urine,false,500.00
1873,ECN-CAT-URO-226,Confirmación de Examen general de orina,true,study,MICROSCOPÍA,10,120,urine,false,430.00
1874,ECN-CAT-URO-227,Confirmación de Microalbúmina en orina,true,study,COLORIMETRÍA,7,60,urine,false,340.00
1875,ECN-CAT-URO-228,Confirmación de Proteínas en orina,true,study,TIRA REACTIVA,4,45,urine,false,230.00
1876,ECN-CAT-URO-229,Confirmación de Glucosa en orina,true,study,MICROSCOPÍA,26,180,urine,true,880.00
1877,ECN-CAT-URO-230,Confirmación de Creatinina en orina,true,study,COLORIMETRÍA,23,135,urine,false,780.00
1878,ECN-CAT-URO-231,Confirmación de Calcio en orina,true,study,TIRA REACTIVA,20,105,urine,false,680.00
1879,ECN-CAT-URO-232,Confirmación de Ácido úrico en orina,true,study,MICROSCOPÍA,17,135,urine,false,620.00
1880,ECN-CAT-URO-233,Confirmación de Sodio en orina,true,study,COLORIMETRÍA,14,75,urine,false,520.00
1881,ECN-CAT-URO-234,Confirmación de Potasio en orina,true,study,TIRA REACTIVA,6,60,urine,false,380.00
1882,ECN-CAT-URO-235,Confirmación de Cloro en orina,true,study,MICROSCOPÍA,3,90,urine,false,310.00
1883,ECN-CAT-URO-236,Confirmación de Fósforo en orina,true,study,COLORIMETRÍA,30,150,urine,true,880.00
1884,ECN-CAT-URO-237,Confirmación de Magnesio en orina,true,study,TIRA REACTIVA,27,120,urine,true,770.00
1885,ECN-CAT-URO-238,Confirmación de Urea en orina,true,study,MICROSCOPÍA,24,150,urine,true,710.00
1886,ECN-CAT-URO-239,Confirmación de Osmolalidad urinaria,true,study,COLORIMETRÍA,16,120,urine,false,660.00
1887,ECN-CAT-URO-240,Confirmación de Depuración de creatinina,true,study,TIRA REACTIVA,13,90,urine,false,560.00
1888,ECN-CAT-URO-241,Confirmación de Sedimento urinario,true,study,MICROSCOPÍA,10,120,urine,false,500.00
1889,ECN-CAT-URO-242,Confirmación de Cetonas en orina,true,study,COLORIMETRÍA,7,60,urine,false,400.00
1890,ECN-CAT-URO-243,Confirmación de Hemoglobina en orina,true,study,TIRA REACTIVA,4,45,urine,false,210.00
1891,ECN-CAT-URO-244,Confirmación de Nitritos en orina,true,study,MICROSCOPÍA,26,195,urine,true,850.00
1892,ECN-CAT-MOL-126,Determinación de Detección molecular de SARS-CoV-2,true,study,RT-PCR,28,435,swab,true,1180.00
1893,ECN-CAT-MOL-127,Determinación de Virus de influenza A,true,study,RT-PCR,25,420,swab,true,1100.00
1894,ECN-CAT-MOL-128,Determinación de Virus de influenza B,true,study,RT-PCR,17,405,swab,true,1000.00
1895,ECN-CAT-MOL-129,Determinación de Virus del papiloma humano,true,study,PCR,14,435,swab,true,880.00
1896,ECN-CAT-MOL-130,Determinación de Virus de hepatitis B,true,study,PCR,11,420,plasma,true,800.00
1897,ECN-CAT-MOL-131,Determinación de Virus de hepatitis C,true,study,PCR,8,405,plasma,true,760.00
1898,ECN-CAT-MOL-132,Determinación de Virus de Epstein-Barr,true,study,PCR,5,390,blood,true,580.00
1899,ECN-CAT-MOL-133,Determinación de Citomegalovirus,true,study,PCR,27,495,blood,true,1160.00
1900,ECN-CAT-MOL-134,Determinación de Virus herpes simple 1,true,study,PCR,24,480,swab,true,1060.00
1901,ECN-CAT-MOL-135,Determinación de Virus herpes simple 2,true,study,PCR,21,465,swab,true,980.00
1902,ECN-CAT-MOL-136,Determinación de Chlamydia trachomatis,true,study,PCR,18,450,swab,false,940.00
1903,ECN-CAT-MOL-137,Determinación de Neisseria gonorrhoeae,true,study,PCR,15,420,swab,true,860.00
1904,ECN-CAT-MOL-138,Determinación de Mycobacterium tuberculosis,true,study,PCR,7,405,other,true,760.00
1905,ECN-CAT-MOL-139,Determinación de Bordetella pertussis,true,study,PCR,4,390,swab,true,680.00
1906,ECN-CAT-MOL-140,Determinación de Parvovirus B19,true,study,PCR,1,375,blood,true,600.00
1907,ECN-CAT-MOL-141,Determinación de Dengue por PCR,true,study,RT-PCR,28,420,blood,true,1160.00
1908,ECN-CAT-MOL-142,Determinación de Zika por PCR,true,study,RT-PCR,25,405,blood,true,1060.00
1909,ECN-CAT-MOL-143,Determinación de Chikungunya por PCR,true,study,RT-PCR,17,390,blood,true,980.00
1910,ECN-CAT-MOL-144,Determinación de Panel respiratorio molecular,true,study,RT-PCR,14,360,swab,true,900.00
1911,ECN-CAT-MOL-145,Determinación de Panel gastrointestinal molecular,true,study,RT-PCR,11,345,other,true,800.00
1912,ECN-CAT-MOL-146,Determinación de Trombofilia hereditaria,true,study,PCR,8,390,blood,true,740.00
1913,ECN-CAT-MOL-147,Determinación de Mutación JAK2,true,study,PCR,5,390,blood,true,640.00
1914,ECN-CAT-MOL-148,Determinación de BCR-ABL cuantitativo,true,study,PCR,27,495,blood,true,1220.00
1915,ECN-CAT-MOL-149,Determinación de HLA-B27,true,study,PCR,24,480,blood,true,1140.00
1916,ECN-CAT-MOL-150,Determinación de Carga viral cuantitativa,true,study,PCR,21,465,plasma,true,960.00
1917,ECN-CAT-MOL-151,Cuantificación de Detección molecular de SARS-CoV-2,true,study,RT-PCR,18,390,swab,true,940.00
1918,ECN-CAT-MOL-152,Cuantificación de Virus de influenza A,true,study,RT-PCR,15,375,swab,true,860.00
1919,ECN-CAT-MOL-153,Cuantificación de Virus de influenza B,true,study,RT-PCR,7,360,swab,false,780.00
1920,ECN-CAT-MOL-154,Cuantificación de Virus del papiloma humano,true,study,PCR,4,405,swab,true,660.00
1921,ECN-CAT-MOL-155,Cuantificación de Virus de hepatitis B,true,study,PCR,1,375,plasma,true,560.00
1922,ECN-CAT-MOL-156,Cuantificación de Virus de hepatitis C,true,study,PCR,28,480,plasma,true,1180.00
1923,ECN-CAT-MOL-157,Cuantificación de Virus de Epstein-Barr,true,study,PCR,25,465,blood,true,1100.00
1924,ECN-CAT-MOL-158,Cuantificación de Citomegalovirus,true,study,PCR,17,450,blood,true,1020.00
1925,ECN-CAT-MOL-159,Cuantificación de Virus herpes simple 1,true,study,PCR,14,435,swab,true,840.00
1926,ECN-CAT-MOL-160,Cuantificación de Virus herpes simple 2,true,study,PCR,11,420,swab,true,740.00
1927,ECN-CAT-MOL-161,Cuantificación de Chlamydia trachomatis,true,study,PCR,8,405,swab,true,700.00
1928,ECN-CAT-MOL-162,Cuantificación de Neisseria gonorrhoeae,true,study,PCR,5,375,swab,true,620.00
1929,ECN-CAT-MOL-163,Cuantificación de Mycobacterium tuberculosis,true,study,PCR,27,480,other,true,1200.00
1930,ECN-CAT-MOL-164,Cuantificación de Bordetella pertussis,true,study,PCR,24,465,swab,true,1100.00
1931,ECN-CAT-MOL-165,Cuantificación de Parvovirus B19,true,study,PCR,21,450,blood,true,1020.00
1932,ECN-CAT-MOL-166,Cuantificación de Dengue por PCR,true,study,RT-PCR,18,375,blood,true,1000.00
1933,ECN-CAT-MOL-167,Cuantificación de Zika por PCR,true,study,RT-PCR,15,360,blood,true,920.00
1934,ECN-CAT-MOL-168,Cuantificación de Chikungunya por PCR,true,study,RT-PCR,7,360,blood,true,740.00
1935,ECN-CAT-MOL-169,Cuantificación de Panel respiratorio molecular,true,study,RT-PCR,4,345,swab,true,660.00
1936,ECN-CAT-MOL-170,Cuantificación de Panel gastrointestinal molecular,true,study,RT-PCR,1,330,other,false,560.00
1937,ECN-CAT-MOL-171,Cuantificación de Trombofilia hereditaria,true,study,PCR,28,495,blood,true,1160.00
1938,ECN-CAT-MOL-172,Cuantificación de Mutación JAK2,true,study,PCR,25,480,blood,true,1080.00
1939,ECN-CAT-MOL-173,Cuantificación de BCR-ABL cuantitativo,true,study,PCR,17,450,blood,true,980.00
1940,ECN-CAT-MOL-174,Cuantificación de HLA-B27,true,study,PCR,14,435,blood,true,900.00
1941,ECN-CAT-MOL-175,Cuantificación de Carga viral cuantitativa,true,study,PCR,11,420,plasma,true,800.00
1942,ECN-CAT-MOL-176,Evaluación de Detección molecular de SARS-CoV-2,true,study,RT-PCR,8,345,swab,true,760.00
1943,ECN-CAT-MOL-177,Evaluación de Virus de influenza A,true,study,RT-PCR,5,330,swab,true,620.00
1944,ECN-CAT-MOL-178,Evaluación de Virus de influenza B,true,study,RT-PCR,27,435,swab,true,1200.00
1945,ECN-CAT-MOL-179,Evaluación de Virus del papiloma humano,true,study,PCR,24,480,swab,true,1080.00
1946,ECN-CAT-MOL-180,Evaluación de Virus de hepatitis B,true,study,PCR,21,450,plasma,true,980.00
1947,ECN-CAT-MOL-181,Evaluación de Virus de hepatitis C,true,study,PCR,18,435,plasma,true,900.00
1948,ECN-CAT-MOL-182,Evaluación de Virus de Epstein-Barr,true,study,PCR,15,420,blood,true,860.00
1949,ECN-CAT-MOL-183,Evaluación de Citomegalovirus,true,study,PCR,7,405,blood,true,780.00
1950,ECN-CAT-MOL-184,Evaluación de Virus herpes simple 1,true,study,PCR,4,390,swab,true,680.00
1951,ECN-CAT-MOL-185,Evaluación de Virus herpes simple 2,true,study,PCR,1,375,swab,true,600.00
1952,ECN-CAT-MOL-186,Evaluación de Chlamydia trachomatis,true,study,PCR,28,480,swab,true,1080.00
1953,ECN-CAT-MOL-187,Evaluación de Neisseria gonorrhoeae,true,study,PCR,25,465,swab,false,1040.00
1954,ECN-CAT-MOL-188,Evaluación de Mycobacterium tuberculosis,true,study,PCR,17,435,other,true,960.00
1955,ECN-CAT-MOL-189,Evaluación de Bordetella pertussis,true,study,PCR,14,450,swab,true,860.00
1956,ECN-CAT-MOL-190,Evaluación de Parvovirus B19,true,study,PCR,11,435,blood,true,780.00
1957,ECN-CAT-MOL-191,Evaluación de Dengue por PCR,true,study,RT-PCR,8,345,blood,true,720.00
1958,ECN-CAT-MOL-192,Evaluación de Zika por PCR,true,study,RT-PCR,5,330,blood,true,680.00
1959,ECN-CAT-MOL-193,Evaluación de Chikungunya por PCR,true,study,RT-PCR,27,435,blood,true,1260.00
1960,ECN-CAT-MOL-194,Evaluación de Panel respiratorio molecular,true,study,RT-PCR,24,420,swab,true,1180.00
1961,ECN-CAT-MOL-195,Evaluación de Panel gastrointestinal molecular,true,study,RT-PCR,21,405,other,true,1000.00
1962,ECN-CAT-MOL-196,Evaluación de Trombofilia hereditaria,true,study,PCR,18,450,blood,true,880.00
1963,ECN-CAT-MOL-197,Evaluación de Mutación JAK2,true,study,PCR,15,435,blood,true,840.00
1964,ECN-CAT-MOL-198,Evaluación de BCR-ABL cuantitativo,true,study,PCR,7,405,blood,true,740.00
1965,ECN-CAT-MOL-199,Evaluación de HLA-B27,true,study,PCR,4,390,blood,true,660.00
1966,ECN-CAT-MOL-200,Evaluación de Carga viral cuantitativa,true,study,PCR,1,375,plasma,true,580.00
1967,ECN-CAT-MOL-201,Control de Detección molecular de SARS-CoV-2,true,study,RT-PCR,28,420,swab,true,1180.00
1968,ECN-CAT-MOL-202,Control de Virus de influenza A,true,study,RT-PCR,25,405,swab,true,1140.00
1969,ECN-CAT-MOL-203,Control de Virus de influenza B,true,study,RT-PCR,17,390,swab,true,1060.00
1970,ECN-CAT-MOL-204,Control de Virus del papiloma humano,true,study,PCR,14,435,swab,false,840.00
1971,ECN-CAT-MOL-205,Control de Virus de hepatitis B,true,study,PCR,11,420,plasma,true,760.00
1972,ECN-CAT-MOL-206,Control de Virus de hepatitis C,true,study,PCR,8,390,plasma,true,660.00
1973,ECN-CAT-MOL-207,Control de Virus de Epstein-Barr,true,study,PCR,5,375,blood,true,620.00
1974,ECN-CAT-MOL-208,Control de Citomegalovirus,true,study,PCR,27,480,blood,true,1200.00
1975,ECN-CAT-MOL-209,Control de Virus herpes simple 1,true,study,PCR,24,465,swab,true,1120.00
1976,ECN-CAT-MOL-210,Control de Virus herpes simple 2,true,study,PCR,21,465,swab,true,1020.00
1977,ECN-CAT-MOL-211,Control de Chlamydia trachomatis,true,study,PCR,18,450,swab,true,940.00
1978,ECN-CAT-MOL-212,Control de Neisseria gonorrhoeae,true,study,PCR,15,435,swab,true,900.00
1979,ECN-CAT-MOL-213,Control de Mycobacterium tuberculosis,true,study,PCR,7,420,other,true,720.00
1980,ECN-CAT-MOL-214,Control de Bordetella pertussis,true,study,PCR,4,405,swab,true,640.00
1981,ECN-CAT-MOL-215,Control de Parvovirus B19,true,study,PCR,1,390,blood,true,540.00
1982,ECN-CAT-MOL-216,Control de Dengue por PCR,true,study,RT-PCR,28,420,blood,true,1140.00
1983,ECN-CAT-MOL-217,Control de Zika por PCR,true,study,RT-PCR,25,405,blood,true,1120.00
1984,ECN-CAT-MOL-218,Control de Chikungunya por PCR,true,study,RT-PCR,17,390,blood,true,1020.00
1985,ECN-CAT-MOL-219,Control de Panel respiratorio molecular,true,study,RT-PCR,14,375,swab,true,940.00
1986,ECN-CAT-MOL-220,Control de Panel gastrointestinal molecular,true,study,RT-PCR,11,360,other,true,840.00
1987,ECN-CAT-MOL-221,Control de Trombofilia hereditaria,true,study,PCR,8,405,blood,false,720.00
1988,ECN-CAT-MOL-222,Control de Mutación JAK2,true,study,PCR,5,390,blood,true,600.00
1989,ECN-CAT-MOL-223,Control de BCR-ABL cuantitativo,true,study,PCR,27,495,blood,true,1180.00
1990,ECN-CAT-MOL-224,Control de HLA-B27,true,study,PCR,24,465,blood,true,1080.00
1991,ECN-CAT-MOL-225,Control de Carga viral cuantitativa,true,study,PCR,21,450,plasma,true,1000.00
1992,ECN-CAT-MOL-226,Confirmación de Detección molecular de SARS-CoV-2,true,study,RT-PCR,18,375,swab,true,940.00
1993,ECN-CAT-MOL-227,Confirmación de Virus de influenza A,true,study,RT-PCR,15,360,swab,true,860.00
1994,ECN-CAT-MOL-228,Confirmación de Virus de influenza B,true,study,RT-PCR,7,345,swab,true,820.00
1995,ECN-CAT-MOL-229,Confirmación de Virus del papiloma humano,true,study,PCR,4,390,swab,true,700.00
1996,ECN-CAT-MOL-230,Confirmación de Virus de hepatitis B,true,study,PCR,1,375,plasma,true,600.00
1997,ECN-CAT-MOL-231,Confirmación de Virus de hepatitis C,true,study,PCR,28,495,plasma,true,1100.00
1998,ECN-CAT-MOL-232,Confirmación de Virus de Epstein-Barr,true,study,PCR,25,480,blood,true,1000.00
1999,ECN-CAT-MOL-233,Confirmación de Citomegalovirus,true,study,PCR,17,465,blood,true,960.00
2000,ECN-CAT-MOL-234,Confirmación de Virus herpes simple 1,true,study,PCR,14,435,swab,true,880.00
2001,ECN-CAT-MOL-235,Confirmación de Virus herpes simple 2,true,study,PCR,11,420,swab,true,800.00
2002,ECN-CAT-MOL-236,Confirmación de Chlamydia trachomatis,true,study,PCR,8,405,swab,true,700.00
2003,ECN-CAT-MOL-237,Confirmación de Neisseria gonorrhoeae,true,study,PCR,5,390,swab,true,620.00
2004,ECN-CAT-MOL-238,Confirmación de Mycobacterium tuberculosis,true,study,PCR,27,495,other,false,1240.00
2005,ECN-CAT-MOL-239,Confirmación de Bordetella pertussis,true,study,PCR,24,480,swab,true,1140.00
2006,ECN-CAT-MOL-240,Confirmación de Parvovirus B19,true,study,PCR,21,465,blood,true,980.00
2007,ECN-CAT-MOL-241,Confirmación de Dengue por PCR,true,study,RT-PCR,18,390,blood,true,920.00
2008,ECN-CAT-MOL-242,Confirmación de Zika por PCR,true,study,RT-PCR,15,360,blood,true,820.00
2009,ECN-CAT-MOL-243,Confirmación de Chikungunya por PCR,true,study,RT-PCR,7,345,blood,true,780.00
2010,ECN-CAT-MOL-244,Confirmación de Panel respiratorio molecular,true,study,RT-PCR,4,330,swab,true,700.00
