study_id,code,name,cluster,distance_to_centroid,is_outlier
1,GLU-001,GLUCOSA,1,3.7752,True
2,BH01,BIOMETRIA HEMATICA,1,2.1389,False
3,QS06,QUIMICA SANGUINEA 6 ELEMENTOS,1,1.6037,False
4,QS12,QUIMICA SANGUINEA 12 ELEMENTOS,1,2.6905,True
5,GLU01,GLUCOSA,1,3.8497,True
6,HBA1C,Hemoglobina glucosilada HbA1c,1,1.433,False
7,COL01,COLESTEROL TOTAL,1,1.7011,False
8,TRI01,TRIGLICERIDOS,1,3.0526,True
9,PL01,PERFIL LIPIDICO,1,1.3423,False
10,EGO01,EXAMEN GENERAL DE ORINA,1,1.8935,False
11,UROC01,UROCULTIVO,1,1.2879,False
12,CREA01,CREATININA,1,1.8761,False
13,UREA01,UREA,1,2.0124,False
14,AU01,ACIDO URICO,1,3.8416,True
15,HCG01,PRUEBA DE EMBARAZO,1,1.7633,False
16,TSH01,TSH,1,1.4529,False
17,T301,T3,1,1.6717,False
18,T401,T4,1,1.5049,False
19,PT01,PROTEINAS TOTALES,1,1.8523,False
20,ALB01,ALBUMINA,1,2.3606,False
21,BILI01,BILIRRUBINA TOTAL,1,1.8195,False
22,TGO01,TGO,1,1.7873,False
23,TGP01,TGP,1,1.63,False
29,PCR01,PCR,1,1.4842,False
30,VDRL01,VDRL,1,2.1872,False
31,VIH01,VIH,1,1.4488,False
32,GLU-PP01,Glucosa posprandial,1,1.8826,False
33,INS-AY01,Insulina sérica en ayuno,1,0.7814,False
35,QS003,Química sanguínea de 3 elementos,1,1.6106,False
36,DDIM01,Dímero D cuantitativo,1,1.2915,False
37,EXFAR01,Cultivo de exudado faríngeo,2,12.3669,True
38,COVPCR01,Detección de SARS-CoV-2 por RT-PCR,2,5.5709,True
39,BH001,Biometría hemática completa,1,1.6837,False
40,QS006,Química sanguínea de 6 elementos,1,1.3117,False
41,QS012,Química sanguínea de 12 elementos,1,1.0894,False
42,GLU001,Glucosa en sangre,1,1.8531,False
44,PL001,Perfil lipídico,1,1.52,False
45,EGO001,Examen general de orina,1,1.5568,False
46,UROCUL,Urocultivo,2,12.382,True
47,HCG001,Prueba de embarazo en sangre,1,1.6837,False
48,PH001,Perfil hepático,1,0.8121,False
49,PT001,Perfil tiroideo T3 T4 TSH,1,1.1618,False
50,PSA001,Antígeno prostático específico PSA,1,1.3121,False
51,GRH001,Grupo sanguíneo y factor RH,1,1.839,False
52,COP001,Coprológico general,1,1.4664,False
53,RF001,Reacciones febriles,1,1.5569,False
54,TP001,Tiempo de protrombina TP,1,1.6837,False
55,TPT001,Tiempo parcial de tromboplastina TPT,1,1.3296,False
59,ECN-CAT-QC-001,Determinación de Glucosa,1,0.956,False
60,ECN-CAT-HEM-001,Determinación de Biometría hemática,1,1.3516,False
61,ECN-CAT-INM-001,Determinación de Proteína C reactiva,2,1.0009,False
62,ECN-CAT-MIC-001,Determinación de Urocultivo,2,3.2712,True
63,ECN-CAT-COA-001,Determinación de Tiempo de protrombina,1,0.8937,False
64,ECN-CAT-END-001,Determinación de Hormona estimulante de tiroides,1,1.289,False
65,ECN-CAT-URO-001,Determinación de Examen general de orina,2,1.195,False
66,ECN-CAT-MOL-001,Determinación de Detección molecular de SARS-CoV-2,2,1.8606,False
67,ECN-CAT-QC-002,Determinación de Urea,1,1.4434,False
68,ECN-CAT-HEM-002,Determinación de Hemoglobina,1,0.496,False
69,ECN-CAT-INM-002,Determinación de Factor reumatoide,2,0.8717,False
70,ECN-CAT-MIC-002,Determinación de Coprocultivo,2,2.8376,True
71,ECN-CAT-COA-002,Determinación de Tiempo de tromboplastina parcial,1,1.5029,False
72,ECN-CAT-END-002,Determinación de Tiroxina libre,1,0.8569,False
73,ECN-CAT-URO-002,Determinación de Microalbúmina en orina,1,1.5594,False
74,ECN-CAT-MOL-002,Determinación de Virus de influenza A,2,1.7327,False
75,ECN-CAT-QC-003,Determinación de Creatinina,2,1.1165,False
76,ECN-CAT-HEM-003,Determinación de Hematocrito,1,0.6337,False
77,ECN-CAT-INM-003,Determinación de Antiestreptolisinas O,1,1.5109,False
78,ECN-CAT-MIC-003,Determinación de Exudado faríngeo,2,2.5626,False
79,ECN-CAT-COA-003,Determinación de Tiempo de trombina,2,1.83,False
80,ECN-CAT-END-003,Determinación de Tiroxina total,1,1.1239,False
81,ECN-CAT-URO-003,Determinación de Proteínas en orina,1,0.6058,False
82,ECN-CAT-MOL-003,Determinación de Virus de influenza B,2,1.238,False
83,ECN-CAT-QC-004,Determinación de Ácido úrico,2,0.969,False
84,ECN-CAT-HEM-004,Determinación de Eritrocitos,1,1.468,False
85,ECN-CAT-INM-004,Determinación de Inmunoglobulina A,1,1.0742,False
86,ECN-CAT-MIC-004,Determinación de Exudado nasal,2,2.547,False
87,ECN-CAT-COA-004,Determinación de Fibrinógeno,2,1.2684,False
88,ECN-CAT-END-004,Determinación de Triyodotironina libre,1,1.0633,False
89,ECN-CAT-URO-004,Determinación de Glucosa en orina,1,0.4582,False
90,ECN-CAT-MOL-004,Determinación de Virus del papiloma humano,2,1.5592,False
91,ECN-CAT-QC-005,Determinación de Colesterol total,2,1.412,False
92,ECN-CAT-HEM-005,Determinación de Leucocitos,2,1.2767,False
93,ECN-CAT-INM-005,Determinación de Inmunoglobulina G,1,0.3614,False
94,ECN-CAT-MIC-005,Determinación de Exudado vaginal,2,2.9566,True
95,ECN-CAT-COA-005,Determinación de Dímero D,2,1.3731,False
96,ECN-CAT-END-005,Determinación de Triyodotironina total,2,1.8024,False
97,ECN-CAT-URO-005,Determinación de Creatinina en orina,1,1.3093,False
98,ECN-CAT-MOL-005,Determinación de Virus de hepatitis B,2,1.6385,False
99,ECN-CAT-QC-006,Determinación de Triglicéridos,1,1.4507,False
100,ECN-CAT-HEM-006,Determinación de Plaquetas,2,1.0293,False
101,ECN-CAT-INM-006,Determinación de Inmunoglobulina M,1,1.3535,False
102,ECN-CAT-MIC-006,Determinación de Exudado uretral,1,2.956,True
103,ECN-CAT-COA-006,Determinación de INR,1,1.1402,False
104,ECN-CAT-END-006,Determinación de Insulina,2,1.1747,False
105,ECN-CAT-URO-006,Determinación de Calcio en orina,2,1.5651,False
106,ECN-CAT-MOL-006,Determinación de Virus de hepatitis C,1,1.7377,False
107,ECN-CAT-QC-007,Determinación de Bilirrubina total,1,1.2487,False
108,ECN-CAT-HEM-007,Determinación de Reticulocitos,2,1.4748,False
109,ECN-CAT-INM-007,Determinación de Inmunoglobulina E,2,1.0682,False
110,ECN-CAT-MIC-007,Determinación de Hemocultivo,1,2.8911,True
111,ECN-CAT-COA-007,Determinación de Actividad de factor VIII,1,1.1601,False
112,ECN-CAT-END-007,Determinación de Cortisol,2,0.9511,False
113,ECN-CAT-URO-007,Determinación de Ácido úrico en orina,2,0.917,False
114,ECN-CAT-MOL-007,Determinación de Virus de Epstein-Barr,1,1.5424,False
115,ECN-CAT-QC-008,Determinación de Bilirrubina directa,1,0.8507,False
116,ECN-CAT-HEM-008,Determinación de Volumen corpuscular medio,2,1.9328,False
117,ECN-CAT-INM-008,Determinación de Complemento C3,2,1.1893,False
118,ECN-CAT-MIC-008,Determinación de Cultivo de esputo,1,2.9663,True
119,ECN-CAT-COA-008,Determinación de Actividad de factor IX,1,0.7838,False
120,ECN-CAT-END-008,Determinación de Hormona adrenocorticotropa,2,1.2765,False
121,ECN-CAT-URO-008,Determinación de Sodio en orina,2,1.3077,False
122,ECN-CAT-MOL-008,Determinación de Citomegalovirus,2,2.2889,False
123,ECN-CAT-QC-009,Determinación de Alanina aminotransferasa,1,1.3524,False
124,ECN-CAT-HEM-009,Determinación de Hemoglobina corpuscular media,1,1.1838,False
125,ECN-CAT-INM-009,Determinación de Complemento C4,2,1.2037,False
126,ECN-CAT-MIC-009,Determinación de Cultivo de heridas,2,2.7591,True
127,ECN-CAT-COA-009,Determinación de Actividad de factor XI,1,1.3242,False
128,ECN-CAT-END-009,Determinación de Hormona de crecimiento,1,1.2342,False
129,ECN-CAT-URO-009,Determinación de Potasio en orina,2,1.2496,False
130,ECN-CAT-MOL-009,Determinación de Virus herpes simple 1,2,1.6526,False
131,ECN-CAT-QC-010,Determinación de Aspartato aminotransferasa,1,1.6986,False
132,ECN-CAT-HEM-010,Determinación de Concentración media de hemoglobina,1,0.3256,False
133,ECN-CAT-INM-010,Determinación de Anticuerpos antinucleares,1,1.3328,False
134,ECN-CAT-MIC-010,Determinación de Cultivo de secreciones,2,2.7475,True
135,ECN-CAT-COA-010,Determinación de Actividad de factor XII,2,1.1555,False
136,ECN-CAT-END-010,Determinación de Prolactina,1,1.6622,False
137,ECN-CAT-URO-010,Determinación de Cloro en orina,1,0.7724,False
138,ECN-CAT-MOL-010,Determinación de Virus herpes simple 2,2,1.5741,False
139,ECN-CAT-QC-011,Determinación de Fosfatasa alcalina,2,1.4258,False
140,ECN-CAT-HEM-011,Determinación de Ancho de distribución eritrocitaria,1,0.4712,False
141,ECN-CAT-INM-011,Determinación de Anticuerpos anti-DNA,1,1.1952,False
142,ECN-CAT-MIC-011,Determinación de Antibiograma,2,2.6609,False
143,ECN-CAT-COA-011,Determinación de Antitrombina III,2,1.0075,False
144,ECN-CAT-END-011,Determinación de Hormona luteinizante,1,1.2347,False
145,ECN-CAT-URO-011,Determinación de Fósforo en orina,1,1.063,False
146,ECN-CAT-MOL-011,Determinación de Chlamydia trachomatis,2,1.3273,False
147,ECN-CAT-QC-012,Determinación de Gamma glutamil transferasa,2,1.2038,False
148,ECN-CAT-HEM-012,Determinación de Neutrófilos,1,1.742,False
149,ECN-CAT-INM-012,Determinación de Anticuerpos anticardiolipina,1,0.2243,False
150,ECN-CAT-MIC-012,Determinación de Tinción de Gram,1,0.8964,False
151,ECN-CAT-COA-012,Determinación de Proteína C funcional,2,1.3191,False
152,ECN-CAT-END-012,Determinación de Hormona foliculoestimulante,2,1.2543,False
153,ECN-CAT-URO-012,Determinación de Magnesio en orina,1,0.9209,False
154,ECN-CAT-MOL-012,Determinación de Neisseria gonorrhoeae,2,1.6629,False
155,ECN-CAT-QC-013,Determinación de Albúmina,2,1.7171,False
156,ECN-CAT-HEM-013,Determinación de Linfocitos,2,1.1094,False
157,ECN-CAT-INM-013,Determinación de Procalcitonina,1,0.7004,False
158,ECN-CAT-MIC-013,Determinación de Baciloscopía,1,1.0834,False
159,ECN-CAT-COA-013,Determinación de Proteína S funcional,2,1.5913,False
160,ECN-CAT-END-013,Determinación de Estradiol,2,0.6832,False
161,ECN-CAT-URO-013,Determinación de Urea en orina,1,1.542,False
162,ECN-CAT-MOL-013,Determinación de Mycobacterium tuberculosis,2,2.0014,False
163,ECN-CAT-QC-014,Determinación de Proteínas totales,1,1.2062,False
164,ECN-CAT-HEM-014,Determinación de Monocitos,2,0.5532,False
165,ECN-CAT-INM-014,Determinación de Ferritina,2,1.5505,False
166,ECN-CAT-MIC-014,Determinación de Búsqueda de hongos,1,0.8677,False
167,ECN-CAT-COA-014,Determinación de Anticoagulante lúpico,1,0.7828,False
168,ECN-CAT-END-014,Determinación de Progesterona,2,1.1607,False
169,ECN-CAT-URO-014,Determinación de Osmolalidad urinaria,2,1.357,False
170,ECN-CAT-MOL-014,Determinación de Bordetella pertussis,1,2.2256,False
171,ECN-CAT-QC-015,Determinación de Calcio,1,1.1458,False
172,ECN-CAT-HEM-015,Determinación de Eosinófilos,2,1.1832,False
173,ECN-CAT-INM-015,Determinación de Troponina I,2,0.9132,False
174,ECN-CAT-MIC-015,Determinación de Coprológico,1,1.0634,False
175,ECN-CAT-COA-015,Determinación de Resistencia a proteína C activada,1,1.0904,False
176,ECN-CAT-END-015,Determinación de Testosterona total,2,1.4678,False
177,ECN-CAT-URO-015,Determinación de Depuración de creatinina,2,0.8184,False
178,ECN-CAT-MOL-015,Determinación de Parvovirus B19,1,1.8075,False
179,ECN-CAT-QC-016,Determinación de Fósforo,1,1.181,False
180,ECN-CAT-HEM-016,Determinación de Basófilos,1,1.1538,False
181,ECN-CAT-INM-016,Determinación de Antígeno carcinoembrionario,2,0.7715,False
182,ECN-CAT-MIC-016,Determinación de Amiba en fresco,2,1.4235,False
183,ECN-CAT-COA-016,Determinación de Agregación plaquetaria,1,0.8937,False
184,ECN-CAT-END-016,Determinación de Testosterona libre,1,1.0682,False
185,ECN-CAT-URO-016,Determinación de Sedimento urinario,2,1.5672,False
186,ECN-CAT-MOL-016,Determinación de Dengue por PCR,2,1.8356,False
187,ECN-CAT-QC-017,Determinación de Magnesio,1,0.9504,False
188,ECN-CAT-HEM-017,Determinación de Velocidad de sedimentación,1,0.5295,False
189,ECN-CAT-INM-017,Determinación de Alfafetoproteína,2,1.0393,False
190,ECN-CAT-MIC-017,Determinación de Sangre oculta en heces,2,1.0064,False
191,ECN-CAT-COA-017,Determinación de Tiempo de sangrado,1,1.5029,False
192,ECN-CAT-END-017,Determinación de Dehidroepiandrosterona,1,1.1396,False
193,ECN-CAT-URO-017,Determinación de Cetonas en orina,1,1.1681,False
194,ECN-CAT-MOL-017,Determinación de Zika por PCR,2,1.495,False
195,ECN-CAT-QC-018,Determinación de Sodio,2,1.5182,False
196,ECN-CAT-HEM-018,Determinación de Frotis de sangre periférica,1,1.1997,False
197,ECN-CAT-INM-018,Determinación de CA 125,1,1.5008,False
198,ECN-CAT-MIC-018,Determinación de Rotavirus en heces,2,0.8869,False
199,ECN-CAT-COA-018,Determinación de Tiempo de coagulación,2,1.409,False
200,ECN-CAT-END-018,Determinación de Aldosterona,1,1.7004,False
201,ECN-CAT-URO-018,Determinación de Hemoglobina en orina,1,0.5723,False
202,ECN-CAT-MOL-018,Determinación de Chikungunya por PCR,2,1.4647,False
203,ECN-CAT-QC-019,Determinación de Potasio,2,0.969,False
204,ECN-CAT-HEM-019,Determinación de Conteo diferencial,1,1.2513,False
205,ECN-CAT-INM-019,Determinación de CA 19-9,1,0.3259,False
206,ECN-CAT-MIC-019,Determinación de Adenovirus en heces,1,1.6301,False
207,ECN-CAT-COA-019,Determinación de Productos de degradación de fibrina,2,0.7421,False
208,ECN-CAT-END-019,Determinación de Renina,1,1.4692,False
209,ECN-CAT-URO-019,Determinación de Nitritos en orina,1,1.1301,False
210,ECN-CAT-MOL-019,Determinación de Panel respiratorio molecular,2,1.2181,False
211,ECN-CAT-QC-020,Determinación de Cloro,2,1.0632,False
212,ECN-CAT-HEM-020,Determinación de Índice plaquetario,2,1.5028,False
213,ECN-CAT-INM-020,Determinación de CA 15-3,1,1.0895,False
214,ECN-CAT-MIC-020,Determinación de Helicobacter pylori,1,0.6577,False
215,ECN-CAT-COA-020,Determinación de Factor de von Willebrand,2,0.9151,False
216,ECN-CAT-END-020,Determinación de Paratohormona,2,1.3575,False
217,ECN-CAT-URO-020,Determinación de Leucocitos en orina,1,1.8114,False
218,ECN-CAT-MOL-020,Determinación de Panel gastrointestinal molecular,2,1.3644,False
219,ECN-CAT-QC-021,Determinación de Hierro sérico,1,1.6231,False
220,ECN-CAT-HEM-021,Determinación de Morfología eritrocitaria,2,1.0147,False
221,ECN-CAT-INM-021,Determinación de Antígeno prostático total,1,1.1411,False
222,ECN-CAT-MIC-021,Determinación de Clostridioides difficile,1,0.3699,False
223,ECN-CAT-COA-021,Determinación de Mezcla de TTPa,1,1.5417,False
224,ECN-CAT-END-021,Determinación de Calcitonina,2,0.4269,False
225,ECN-CAT-URO-021,Determinación de Cristales en orina,2,1.5724,False
226,ECN-CAT-MOL-021,Determinación de Trombofilia hereditaria,1,1.6883,False
227,ECN-CAT-QC-022,Determinación de Amilasa,1,0.7072,False
228,ECN-CAT-HEM-022,Determinación de Morfología leucocitaria,2,1.0662,False
229,ECN-CAT-INM-022,Determinación de Antígeno prostático libre,2,1.3514,False
230,ECN-CAT-MIC-022,Determinación de Estreptococo del grupo A,1,0.6638,False
231,ECN-CAT-COA-022,Determinación de Mezcla de TP,1,0.5701,False
232,ECN-CAT-END-022,Determinación de Péptido C,2,0.9272,False
233,ECN-CAT-URO-022,Determinación de Cilindros urinarios,2,1.3709,False
234,ECN-CAT-MOL-022,Determinación de Mutación JAK2,1,1.5424,False
235,ECN-CAT-QC-023,Determinación de Lipasa,1,1.1019,False
236,ECN-CAT-HEM-023,Determinación de Morfología plaquetaria,2,1.5632,False
237,ECN-CAT-INM-023,Determinación de Serología para dengue,2,0.82,False
238,ECN-CAT-MIC-023,Determinación de Salmonella,1,3.0488,True
239,ECN-CAT-COA-023,Determinación de Factor V,1,0.3095,False
240,ECN-CAT-END-023,Determinación de 17-hidroxiprogesterona,2,1.3686,False
241,ECN-CAT-URO-023,Determinación de Urobilinógeno en orina,2,0.6918,False
242,ECN-CAT-MOL-023,Determinación de BCR-ABL cuantitativo,2,2.0235,False
243,ECN-CAT-QC-024,Determinación de Lactato deshidrogenasa,1,1.3524,False
244,ECN-CAT-HEM-024,Determinación de Hemoparásitos,1,0.9387,False
245,ECN-CAT-INM-024,Determinación de Serología para rubéola,2,0.4884,False
246,ECN-CAT-MIC-024,Determinación de Shigella,2,2.8859,True
247,ECN-CAT-COA-024,Determinación de Factor VII,1,0.8578,False
248,ECN-CAT-END-024,Determinación de Hormona antimülleriana,1,0.6753,False
249,ECN-CAT-URO-024,Determinación de Bilirrubina en orina,2,1.2954,False
250,ECN-CAT-MOL-024,Determinación de HLA-B27,2,1.8757,False
251,ECN-CAT-QC-025,Determinación de Hemoglobina glucosilada,1,1.4893,False
252,ECN-CAT-HEM-025,Determinación de Prueba de falciformación,1,0.3668,False
253,ECN-CAT-INM-025,Determinación de Serología para toxoplasma,1,1.5387,False
254,ECN-CAT-MIC-025,Determinación de Candida albicans,2,2.988,True
255,ECN-CAT-COA-025,Determinación de Factor X,2,1.1263,False
256,ECN-CAT-END-025,Determinación de Somatomedina C,1,1.073,False
257,ECN-CAT-URO-025,Determinación de Relación albúmina creatinina,1,1.0832,False
258,ECN-CAT-MOL-025,Determinación de Carga viral cuantitativa,2,1.3389,False
259,ECN-CAT-QC-026,Cuantificación de Glucosa,2,0.9425,False
260,ECN-CAT-HEM-026,Cuantificación de Biometría hemática,1,1.1392,False
261,ECN-CAT-INM-026,Cuantificación de Proteína C reactiva,1,0.6011,False
262,ECN-CAT-MIC-026,Cuantificación de Urocultivo,2,2.5386,False
263,ECN-CAT-COA-026,Cuantificación de Tiempo de protrombina,2,1.2741,False
264,ECN-CAT-END-026,Cuantificación de Hormona estimulante de tiroides,1,0.6684,False
265,ECN-CAT-URO-026,Cuantificación de Examen general de orina,1,0.2867,False
266,ECN-CAT-MOL-026,Cuantificación de Detección molecular de SARS-CoV-2,2,1.0548,False
267,ECN-CAT-QC-027,Cuantificación de Urea,2,1.4081,False
268,ECN-CAT-HEM-027,Cuantificación de Hemoglobina,1,1.595,False
269,ECN-CAT-INM-027,Cuantificación de Factor reumatoide,1,0.2243,False
270,ECN-CAT-MIC-027,Cuantificación de Coprocultivo,2,2.8448,True
271,ECN-CAT-COA-027,Cuantificación de Tiempo de tromboplastina parcial,2,1.3077,False
272,ECN-CAT-END-027,Cuantificación de Tiroxina libre,2,1.0327,False
273,ECN-CAT-URO-027,Cuantificación de Microalbúmina en orina,1,1.1988,False
274,ECN-CAT-MOL-027,Cuantificación de Virus de influenza A,2,1.9933,False
275,ECN-CAT-QC-028,Cuantificación de Creatinina,2,1.5044,False
276,ECN-CAT-HEM-028,Cuantificación de Hematocrito,2,0.8273,False
277,ECN-CAT-INM-028,Cuantificación de Antiestreptolisinas O,1,0.7004,False
278,ECN-CAT-MIC-028,Cuantificación de Exudado faríngeo,2,2.9668,True
279,ECN-CAT-COA-028,Cuantificación de Tiempo de trombina,2,1.1779,False
280,ECN-CAT-END-028,Cuantificación de Tiroxina total,2,1.2388,False
281,ECN-CAT-URO-028,Cuantificación de Proteínas en orina,1,1.5643,False
282,ECN-CAT-MOL-028,Cuantificación de Virus de influenza B,2,1.61,False
283,ECN-CAT-QC-029,Cuantificación de Ácido úrico,1,0.958,False
284,ECN-CAT-HEM-029,Cuantificación de Eritrocitos,2,0.489,False
285,ECN-CAT-INM-029,Cuantificación de Inmunoglobulina A,2,1.3312,False
286,ECN-CAT-MIC-029,Cuantificación de Exudado nasal,1,2.8677,True
287,ECN-CAT-COA-029,Cuantificación de Fibrinógeno,1,1.2961,False
288,ECN-CAT-END-029,Cuantificación de Triyodotironina libre,2,0.45,False
289,ECN-CAT-URO-029,Cuantificación de Glucosa en orina,2,0.8848,False
290,ECN-CAT-MOL-029,Cuantificación de Virus del papiloma humano,1,1.8939,False
291,ECN-CAT-QC-030,Cuantificación de Colesterol total,1,1.7318,False
292,ECN-CAT-HEM-030,Cuantificación de Leucocitos,2,1.1127,False
293,ECN-CAT-INM-030,Cuantificación de Inmunoglobulina G,2,1.2325,False
294,ECN-CAT-MIC-030,Cuantificación de Exudado vaginal,1,2.9785,True
295,ECN-CAT-COA-030,Cuantificación de Dímero D,1,0.8118,False
296,ECN-CAT-END-030,Cuantificación de Triyodotironina total,2,1.195,False
297,ECN-CAT-URO-030,Cuantificación de Creatinina en orina,2,1.3387,False
298,ECN-CAT-MOL-030,Cuantificación de Virus de hepatitis B,1,1.4833,False
299,ECN-CAT-QC-031,Cuantificación de Triglicéridos,1,1.1861,False
300,ECN-CAT-HEM-031,Cuantificación de Plaquetas,1,0.8911,False
301,ECN-CAT-INM-031,Cuantificación de Inmunoglobulina M,2,1.2858,False
302,ECN-CAT-MIC-031,Cuantificación de Exudado uretral,2,2.8319,True
303,ECN-CAT-COA-031,Cuantificación de INR,1,0.4513,False
304,ECN-CAT-END-031,Cuantificación de Insulina,1,1.3117,False
305,ECN-CAT-URO-031,Cuantificación de Calcio en orina,2,1.1452,False
306,ECN-CAT-MOL-031,Cuantificación de Virus de hepatitis C,2,1.962,False
307,ECN-CAT-QC-032,Cuantificación de Bilirrubina total,1,1.4212,False
308,ECN-CAT-HEM-032,Cuantificación de Reticulocitos,1,0.5295,False
309,ECN-CAT-INM-032,Cuantificación de Inmunoglobulina E,2,1.4657,False
310,ECN-CAT-MIC-032,Cuantificación de Hemocultivo,2,2.7775,True
311,ECN-CAT-COA-032,Cuantificación de Actividad de factor VIII,1,1.2742,False
312,ECN-CAT-END-032,Cuantificación de Cortisol,1,0.8651,False
313,ECN-CAT-URO-032,Cuantificación de Ácido úrico en orina,1,1.2716,False
314,ECN-CAT-MOL-032,Cuantificación de Virus de Epstein-Barr,2,1.3671,False
315,ECN-CAT-QC-033,Cuantificación de Bilirrubina directa,2,1.1167,False
316,ECN-CAT-HEM-033,Cuantificación de Volumen corpuscular medio,1,0.6101,False
317,ECN-CAT-INM-033,Cuantificación de Complemento C3,1,1.1364,False
318,ECN-CAT-MIC-033,Cuantificación de Cultivo de esputo,2,2.7545,True
319,ECN-CAT-COA-033,Cuantificación de Actividad de factor IX,2,1.106,False
320,ECN-CAT-END-033,Cuantificación de Hormona adrenocorticotropa,1,0.4712,False
321,ECN-CAT-URO-033,Cuantificación de Sodio en orina,1,1.181,False
322,ECN-CAT-MOL-033,Cuantificación de Citomegalovirus,2,1.2977,False
323,ECN-CAT-QC-034,Cuantificación de Alanina aminotransferasa,2,1.2268,False
324,ECN-CAT-HEM-034,Cuantificación de Hemoglobina corpuscular media,1,1.4282,False
325,ECN-CAT-INM-034,Cuantificación de Complemento C4,1,0.3489,False
326,ECN-CAT-MIC-034,Cuantificación de Cultivo de heridas,2,2.6029,False
327,ECN-CAT-COA-034,Cuantificación de Actividad de factor XI,2,1.3021,False
328,ECN-CAT-END-034,Cuantificación de Hormona de crecimiento,1,1.9518,False
329,ECN-CAT-URO-034,Cuantificación de Potasio en orina,1,0.8354,False
330,ECN-CAT-MOL-034,Cuantificación de Virus herpes simple 1,2,1.1426,False
331,ECN-CAT-QC-035,Cuantificación de Aspartato aminotransferasa,2,1.1122,False
332,ECN-CAT-HEM-035,Cuantificación de Concentración media de hemoglobina,2,1.2752,False
333,ECN-CAT-INM-035,Cuantificación de Anticuerpos antinucleares,1,0.3596,False
334,ECN-CAT-MIC-035,Cuantificación de Cultivo de secreciones,2,2.8156,True
335,ECN-CAT-COA-035,Cuantificación de Actividad de factor XII,2,1.4079,False
336,ECN-CAT-END-035,Cuantificación de Prolactina,2,0.8821,False
337,ECN-CAT-URO-035,Cuantificación de Cloro en orina,1,1.2921,False
338,ECN-CAT-MOL-035,Cuantificación de Virus herpes simple 2,2,1.8306,False
339,ECN-CAT-QC-036,Cuantificación de Fosfatasa alcalina,1,1.461,False
340,ECN-CAT-HEM-036,Cuantificación de Ancho de distribución eritrocitaria,2,0.9762,False
341,ECN-CAT-INM-036,Cuantificación de Anticuerpos anti-DNA,1,1.3534,False
342,ECN-CAT-MIC-036,Cuantificación de Antibiograma,1,3.0948,True
343,ECN-CAT-COA-036,Cuantificación de Antitrombina III,1,1.1722,False
344,ECN-CAT-END-036,Cuantificación de Hormona luteinizante,2,1.1764,False
345,ECN-CAT-URO-036,Cuantificación de Fósforo en orina,2,1.5446,False
346,ECN-CAT-MOL-036,Cuantificación de Chlamydia trachomatis,1,1.7377,False
347,ECN-CAT-QC-037,Cuantificación de Gamma glutamil transferasa,1,0.7072,False
348,ECN-CAT-HEM-037,Cuantificación de Neutrófilos,2,1.2206,False
349,ECN-CAT-INM-037,Cuantificación de Anticuerpos anticardiolipina,2,0.865,False
350,ECN-CAT-MIC-037,Cuantificación de Tinción de Gram,1,0.9799,False
351,ECN-CAT-COA-037,Cuantificación de Proteína C funcional,1,0.5701,False
352,ECN-CAT-END-037,Cuantificación de Hormona foliculoestimulante,2,1.1899,False
353,ECN-CAT-URO-037,Cuantificación de Magnesio en orina,2,0.878,False
354,ECN-CAT-MOL-037,Cuantificación de Neisseria gonorrhoeae,1,1.5126,False
355,ECN-CAT-QC-038,Cuantificación de Albúmina,1,1.1019,False
356,ECN-CAT-HEM-038,Cuantificación de Linfocitos,2,1.293,False
357,ECN-CAT-INM-038,Cuantificación de Procalcitonina,2,0.5267,False
358,ECN-CAT-MIC-038,Cuantificación de Baciloscopía,1,1.6423,False
359,ECN-CAT-COA-038,Cuantificación de Proteína S funcional,1,0.7956,False
360,ECN-CAT-END-038,Cuantificación de Estradiol,2,1.3477,False
361,ECN-CAT-URO-038,Cuantificación de Urea en orina,2,1.2638,False
362,ECN-CAT-MOL-038,Cuantificación de Mycobacterium tuberculosis,2,2.0254,False
363,ECN-CAT-QC-039,Cuantificación de Proteínas totales,1,0.8728,False
364,ECN-CAT-HEM-039,Cuantificación de Monocitos,1,1.1711,False
365,ECN-CAT-INM-039,Cuantificación de Ferritina,2,0.8632,False
366,ECN-CAT-MIC-039,Cuantificación de Búsqueda de hongos,2,1.0242,False
367,ECN-CAT-COA-039,Cuantificación de Anticoagulante lúpico,1,0.8285,False
368,ECN-CAT-END-039,Cuantificación de Progesterona,1,0.7208,False
369,ECN-CAT-URO-039,Cuantificación de Osmolalidad urinaria,2,1.2691,False
370,ECN-CAT-MOL-039,Cuantificación de Bordetella pertussis,2,1.6466,False
371,ECN-CAT-QC-040,Cuantificación de Calcio,1,1.4549,False
372,ECN-CAT-HEM-040,Cuantificación de Eosinófilos,1,1.0962,False
373,ECN-CAT-INM-040,Cuantificación de Troponina I,1,1.5385,False
374,ECN-CAT-MIC-040,Cuantificación de Coprológico,2,0.7901,False
375,ECN-CAT-COA-040,Cuantificación de Resistencia a proteína C activada,2,1.5892,False
376,ECN-CAT-END-040,Cuantificación de Testosterona total,1,1.6635,False
377,ECN-CAT-URO-040,Cuantificación de Depuración de creatinina,1,1.0648,False
378,ECN-CAT-MOL-040,Cuantificación de Parvovirus B19,2,1.5381,False
379,ECN-CAT-QC-041,Cuantificación de Fósforo,2,0.8953,False
380,ECN-CAT-HEM-041,Cuantificación de Basófilos,1,0.8763,False
381,ECN-CAT-INM-041,Cuantificación de Antígeno carcinoembrionario,1,1.1995,False
382,ECN-CAT-MIC-041,Cuantificación de Amiba en fresco,2,1.6198,False
383,ECN-CAT-COA-041,Cuantificación de Agregación plaquetaria,2,1.3069,False
384,ECN-CAT-END-041,Cuantificación de Testosterona libre,1,0.6684,False
385,ECN-CAT-URO-041,Cuantificación de Sedimento urinario,1,0.2504,False
386,ECN-CAT-MOL-041,Cuantificación de Dengue por PCR,2,1.2287,False
387,ECN-CAT-QC-042,Cuantificación de Magnesio,2,1.1391,False
388,ECN-CAT-HEM-042,Cuantificación de Velocidad de sedimentación,1,1.4166,False
389,ECN-CAT-INM-042,Cuantificación de Alfafetoproteína,1,0.2656,False
390,ECN-CAT-MIC-042,Cuantificación de Sangre oculta en heces,1,1.039,False
391,ECN-CAT-COA-042,Cuantificación de Tiempo de sangrado,2,0.8136,False
392,ECN-CAT-END-042,Cuantificación de Dehidroepiandrosterona,2,1.487,False
393,ECN-CAT-URO-042,Cuantificación de Cetonas en orina,1,0.9982,False
394,ECN-CAT-MOL-042,Cuantificación de Zika por PCR,2,1.1917,False
395,ECN-CAT-QC-043,Cuantificación de Sodio,2,1.6828,False
396,ECN-CAT-HEM-043,Cuantificación de Frotis de sangre periférica,2,1.1094,False
397,ECN-CAT-INM-043,Cuantificación de CA 125,1,0.9842,False
398,ECN-CAT-MIC-043,Cuantificación de Rotavirus en heces,1,1.1363,False
399,ECN-CAT-COA-043,Cuantificación de Tiempo de coagulación,2,1.6244,False
400,ECN-CAT-END-043,Cuantificación de Aldosterona,2,0.6244,False
401,ECN-CAT-URO-043,Cuantificación de Hemoglobina en orina,1,1.5643,False
402,ECN-CAT-MOL-043,Cuantificación de Chikungunya por PCR,2,1.7469,False
403,ECN-CAT-QC-044,Cuantificación de Potasio,1,0.958,False
404,ECN-CAT-HEM-044,Cuantificación de Conteo diferencial,2,0.8787,False
405,ECN-CAT-INM-044,Cuantificación de CA 19-9,2,1.5675,False
406,ECN-CAT-MIC-044,Cuantificación de Adenovirus en heces,1,0.434,False
407,ECN-CAT-COA-044,Cuantificación de Productos de degradación de fibrina,1,0.7951,False
408,ECN-CAT-END-044,Cuantificación de Renina,2,0.7893,False
409,ECN-CAT-URO-044,Cuantificación de Nitritos en orina,2,1.3884,False
410,ECN-CAT-MOL-044,Cuantificación de Panel respiratorio molecular,1,1.4671,False
411,ECN-CAT-QC-045,Cuantificación de Cloro,1,1.1548,False
412,ECN-CAT-HEM-045,Cuantificación de Índice plaquetario,2,1.5715,False
413,ECN-CAT-INM-045,Cuantificación de CA 15-3,2,0.9132,False
414,ECN-CAT-MIC-045,Cuantificación de Helicobacter pylori,1,1.9109,False
415,ECN-CAT-COA-045,Cuantificación de Factor de von Willebrand,1,1.0857,False
416,ECN-CAT-END-045,Cuantificación de Paratohormona,2,0.9443,False
417,ECN-CAT-URO-045,Cuantificación de Leucocitos en orina,2,0.8683,False
418,ECN-CAT-MOL-045,Cuantificación de Panel gastrointestinal molecular,1,1.7279,False
419,ECN-CAT-QC-046,Cuantificación de Hierro sérico,1,1.1861,False
420,ECN-CAT-HEM-046,Cuantificación de Morfología eritrocitaria,1,0.9074,False
421,ECN-CAT-INM-046,Cuantificación de Antígeno prostático total,2,0.984,False
422,ECN-CAT-MIC-046,Cuantificación de Clostridioides difficile,2,1.0126,False
423,ECN-CAT-COA-046,Cuantificación de Mezcla de TTPa,1,0.4513,False
424,ECN-CAT-END-046,Cuantificación de Calcitonina,1,1.0867,False
425,ECN-CAT-URO-046,Cuantificación de Cristales en orina,2,1.3505,False
426,ECN-CAT-MOL-046,Cuantificación de Trombofilia hereditaria,2,1.9115,False
427,ECN-CAT-QC-047,Cuantificación de Amilasa,1,0.976,False
428,ECN-CAT-HEM-047,Cuantificación de Morfología leucocitaria,1,0.5385,False
429,ECN-CAT-INM-047,Cuantificación de Antígeno prostático libre,2,1.4463,False
430,ECN-CAT-MIC-047,Cuantificación de Estreptococo del grupo A,2,1.0534,False
431,ECN-CAT-COA-047,Cuantificación de Mezcla de TP,1,1.2742,False
432,ECN-CAT-END-047,Cuantificación de Péptido C,1,1.1307,False
433,ECN-CAT-URO-047,Cuantificación de Cilindros urinarios,1,1.039,False
434,ECN-CAT-MOL-047,Cuantificación de Mutación JAK2,2,1.5953,False
435,ECN-CAT-QC-048,Cuantificación de Lipasa,2,1.5465,False
436,ECN-CAT-HEM-048,Cuantificación de Morfología plaquetaria,1,1.1933,False
437,ECN-CAT-INM-048,Cuantificación de Serología para dengue,1,1.1364,False
438,ECN-CAT-MIC-048,Cuantificación de Salmonella,2,2.4682,False
439,ECN-CAT-COA-048,Cuantificación de Factor V,2,0.8739,False
440,ECN-CAT-END-048,Cuantificación de 17-hidroxiprogesterona,1,0.4712,False
441,ECN-CAT-URO-048,Cuantificación de Urobilinógeno en orina,1,0.9649,False
442,ECN-CAT-MOL-048,Cuantificación de BCR-ABL cuantitativo,2,1.1066,False
443,ECN-CAT-QC-049,Cuantificación de Lactato deshidrogenasa,2,1.4305,False
444,ECN-CAT-HEM-049,Cuantificación de Hemoparásitos,1,1.352,False
445,ECN-CAT-INM-049,Cuantificación de Serología para rubéola,1,0.3198,False
446,ECN-CAT-MIC-049,Cuantificación de Shigella,2,2.753,True
447,ECN-CAT-COA-049,Cuantificación de Factor VII,2,1.2684,False
448,ECN-CAT-END-049,Cuantificación de Hormona antimülleriana,1,1.0439,False
449,ECN-CAT-URO-049,Cuantificación de Bilirrubina en orina,1,1.1301,False
450,ECN-CAT-MOL-049,Cuantificación de HLA-B27,2,1.3286,False
451,ECN-CAT-QC-050,Cuantificación de Hemoglobina glucosilada,2,1.2354,False
452,ECN-CAT-HEM-050,Cuantificación de Prueba de falciformación,2,1.5203,False
453,ECN-CAT-INM-050,Cuantificación de Serología para toxoplasma,1,1.0895,False
454,ECN-CAT-MIC-050,Cuantificación de Candida albicans,2,2.8384,True
455,ECN-CAT-COA-050,Cuantificación de Factor X,2,0.9634,False
456,ECN-CAT-END-050,Cuantificación de Somatomedina C,2,1.3867,False
457,ECN-CAT-URO-050,Cuantificación de Relación albúmina creatinina,1,1.3072,False
458,ECN-CAT-MOL-050,Cuantificación de Carga viral cuantitativa,2,1.6328,False
459,ECN-CAT-QC-051,Evaluación de Glucosa,1,1.6383,False
460,ECN-CAT-HEM-051,Evaluación de Biometría hemática,2,0.7023,False
461,ECN-CAT-INM-051,Evaluación de Proteína C reactiva,1,1.1411,False
462,ECN-CAT-MIC-051,Evaluación de Urocultivo,1,3.0291,True
463,ECN-CAT-COA-051,Evaluación de Tiempo de protrombina,1,1.5594,False
464,ECN-CAT-END-051,Evaluación de Hormona estimulante de tiroides,2,0.489,False
465,ECN-CAT-URO-051,Evaluación de Examen general de orina,2,1.114,False
466,ECN-CAT-MOL-051,Evaluación de Detección molecular de SARS-CoV-2,1,1.8349,False
467,ECN-CAT-QC-052,Evaluación de Urea,1,0.7345,False
468,ECN-CAT-HEM-052,Evaluación de Hemoglobina,2,1.2206,False
469,ECN-CAT-INM-052,Evaluación de Factor reumatoide,2,1.3814,False
470,ECN-CAT-MIC-052,Evaluación de Coprocultivo,1,2.8906,True
471,ECN-CAT-COA-052,Evaluación de Tiempo de tromboplastina parcial,1,0.9286,False
472,ECN-CAT-END-052,Evaluación de Tiroxina libre,2,0.9272,False
473,ECN-CAT-URO-052,Evaluación de Microalbúmina en orina,2,1.3487,False
474,ECN-CAT-MOL-052,Evaluación de Virus de influenza A,1,1.4481,False
475,ECN-CAT-QC-053,Evaluación de Creatinina,1,1.1196,False
476,ECN-CAT-HEM-053,Evaluación de Hematocrito,2,1.0751,False
477,ECN-CAT-INM-053,Evaluación de Antiestreptolisinas O,2,0.8585,False
478,ECN-CAT-MIC-053,Evaluación de Exudado faríngeo,1,3.3819,True
479,ECN-CAT-COA-053,Evaluación de Tiempo de trombina,1,0.3095,False
480,ECN-CAT-END-053,Evaluación de Tiroxina total,2,1.5818,False
481,ECN-CAT-URO-053,Evaluación de Proteínas en orina,2,0.6727,False
482,ECN-CAT-MOL-053,Evaluación de Virus de influenza B,2,2.1605,False
483,ECN-CAT-QC-054,Evaluación de Ácido úrico,1,1.3522,False
484,ECN-CAT-HEM-054,Evaluación de Eritrocitos,1,1.167,False
485,ECN-CAT-INM-054,Evaluación de Inmunoglobulina A,2,1.1959,False
486,ECN-CAT-MIC-054,Evaluación de Exudado nasal,2,2.9494,True
487,ECN-CAT-COA-054,Evaluación de Fibrinógeno,1,0.801,False
488,ECN-CAT-END-054,Evaluación de Triyodotironina libre,1,1.023,False
489,ECN-CAT-URO-054,Evaluación de Glucosa en orina,2,1.6244,False
490,ECN-CAT-MOL-054,Evaluación de Virus del papiloma humano,2,1.8757,False
491,ECN-CAT-QC-055,Evaluación de Colesterol total,1,1.4785,False
492,ECN-CAT-HEM-055,Evaluación de Leucocitos,1,0.3085,False
493,ECN-CAT-INM-055,Evaluación de Inmunoglobulina G,1,1.5385,False
494,ECN-CAT-MIC-055,Evaluación de Exudado vaginal,2,2.6002,False
495,ECN-CAT-COA-055,Evaluación de Dímero D,2,1.2847,False
496,ECN-CAT-END-055,Evaluación de Triyodotironina total,1,1.0886,False
497,ECN-CAT-URO-055,Evaluación de Creatinina en orina,1,0.792,False
498,ECN-CAT-MOL-055,Evaluación de Virus de hepatitis B,2,1.2964,False
499,ECN-CAT-QC-056,Evaluación de Triglicéridos,2,1.161,False
500,ECN-CAT-HEM-056,Evaluación de Plaquetas,1,1.1306,False
501,ECN-CAT-INM-056,Evaluación de Inmunoglobulina M,1,1.2111,False
502,ECN-CAT-MIC-056,Evaluación de Exudado uretral,2,2.5989,False
503,ECN-CAT-COA-056,Evaluación de INR,2,1.3069,False
504,ECN-CAT-END-056,Evaluación de Insulina,1,0.6681,False
505,ECN-CAT-URO-056,Evaluación de Calcio en orina,1,0.7745,False
506,ECN-CAT-MOL-056,Evaluación de Virus de hepatitis C,2,1.4783,False
507,ECN-CAT-QC-057,Evaluación de Bilirrubina total,2,1.4081,False
508,ECN-CAT-HEM-057,Evaluación de Reticulocitos,1,1.5665,False
509,ECN-CAT-INM-057,Evaluación de Inmunoglobulina E,1,0.2492,False
510,ECN-CAT-MIC-057,Evaluación de Hemocultivo,2,2.8343,True
511,ECN-CAT-COA-057,Evaluación de Actividad de factor VIII,2,0.7519,False
512,ECN-CAT-END-057,Evaluación de Cortisol,2,1.0552,False
513,ECN-CAT-URO-057,Evaluación de Ácido úrico en orina,1,1.2203,False
514,ECN-CAT-MOL-057,Evaluación de Virus de Epstein-Barr,2,1.4463,False
515,ECN-CAT-QC-058,Evaluación de Bilirrubina directa,2,1.4367,False
516,ECN-CAT-HEM-058,Evaluación de Volumen corpuscular medio,2,0.8718,False
517,ECN-CAT-INM-058,Evaluación de Complemento C3,1,1.3093,False
518,ECN-CAT-MIC-058,Evaluación de Cultivo de esputo,2,2.8883,True
519,ECN-CAT-COA-058,Evaluación de Actividad de factor IX,2,1.1779,False
520,ECN-CAT-END-058,Evaluación de Hormona adrenocorticotropa,2,1.271,False
521,ECN-CAT-URO-058,Evaluación de Sodio en orina,1,1.542,False
522,ECN-CAT-MOL-058,Evaluación de Citomegalovirus,2,1.6837,False
523,ECN-CAT-QC-059,Evaluación de Alanina aminotransferasa,1,1.4128,False
524,ECN-CAT-HEM-059,Evaluación de Hemoglobina corpuscular media,2,0.5589,False
525,ECN-CAT-INM-059,Evaluación de Complemento C4,2,1.1659,False
526,ECN-CAT-MIC-059,Evaluación de Cultivo de heridas,1,3.1142,True
527,ECN-CAT-COA-059,Evaluación de Actividad de factor XI,1,1.3108,False
528,ECN-CAT-END-059,Evaluación de Hormona de crecimiento,2,0.7893,False
529,ECN-CAT-URO-059,Evaluación de Potasio en orina,2,0.8461,False
530,ECN-CAT-MOL-059,Evaluación de Virus herpes simple 1,1,1.8487,False
531,ECN-CAT-QC-060,Evaluación de Aspartato aminotransferasa,1,1.1548,False
532,ECN-CAT-HEM-060,Evaluación de Concentración media de hemoglobina,2,1.3359,False
533,ECN-CAT-INM-060,Evaluación de Anticuerpos antinucleares,2,1.2474,False
534,ECN-CAT-MIC-060,Evaluación de Cultivo de secreciones,1,2.95,True
535,ECN-CAT-COA-060,Evaluación de Actividad de factor XII,1,0.3341,False
536,ECN-CAT-END-060,Evaluación de Prolactina,2,1.1625,False
537,ECN-CAT-URO-060,Evaluación de Cloro en orina,2,1.3387,False
538,ECN-CAT-MOL-060,Evaluación de Virus herpes simple 2,1,1.8191,False
539,ECN-CAT-QC-061,Evaluación de Fosfatasa alcalina,1,0.5388,False
540,ECN-CAT-HEM-061,Evaluación de Ancho de distribución eritrocitaria,1,1.3642,False
541,ECN-CAT-INM-061,Evaluación de Anticuerpos anti-DNA,2,1.3077,False
542,ECN-CAT-MIC-061,Evaluación de Antibiograma,2,2.9038,True
543,ECN-CAT-COA-061,Evaluación de Antitrombina III,1,1.1447,False
544,ECN-CAT-END-061,Evaluación de Hormona luteinizante,1,1.308,False
545,ECN-CAT-URO-061,Evaluación de Fósforo en orina,2,1.168,False
546,ECN-CAT-MOL-061,Evaluación de Chlamydia trachomatis,2,1.8326,False
547,ECN-CAT-QC-062,Evaluación de Gamma glutamil transferasa,1,1.4212,False
548,ECN-CAT-HEM-062,Evaluación de Neutrófilos,1,0.5644,False
549,ECN-CAT-INM-062,Evaluación de Anticuerpos anticardiolipina,2,1.4463,False
550,ECN-CAT-MIC-062,Evaluación de Tinción de Gram,2,0.6414,False
551,ECN-CAT-COA-062,Evaluación de Proteína C funcional,1,1.0656,False
552,ECN-CAT-END-062,Evaluación de Hormona foliculoestimulante,1,0.8982,False
553,ECN-CAT-URO-062,Evaluación de Magnesio en orina,1,1.0625,False
554,ECN-CAT-MOL-062,Evaluación de Neisseria gonorrhoeae,2,1.763,False
555,ECN-CAT-QC-063,Evaluación de Albúmina,2,1.5195,False
556,ECN-CAT-HEM-063,Evaluación de Linfocitos,1,0.9299,False
557,ECN-CAT-INM-063,Evaluación de Procalcitonina,1,1.4202,False
558,ECN-CAT-MIC-063,Evaluación de Baciloscopía,2,1.3722,False
559,ECN-CAT-COA-063,Evaluación de Proteína S funcional,2,1.4157,False
560,ECN-CAT-END-063,Evaluación de Estradiol,1,1.1264,False
561,ECN-CAT-URO-063,Evaluación de Urea en orina,1,1.2087,False
562,ECN-CAT-MOL-063,Evaluación de Mycobacterium tuberculosis,2,1.2578,False
563,ECN-CAT-QC-064,Evaluación de Proteínas totales,2,0.9495,False
564,ECN-CAT-HEM-064,Evaluación de Monocitos,1,1.5547,False
565,ECN-CAT-INM-064,Evaluación de Ferritina,1,0.3198,False
566,ECN-CAT-MIC-064,Evaluación de Búsqueda de hongos,1,1.1825,False
567,ECN-CAT-COA-064,Evaluación de Anticoagulante lúpico,2,0.7295,False
568,ECN-CAT-END-064,Evaluación de Progesterona,1,1.5363,False
569,ECN-CAT-URO-064,Evaluación de Osmolalidad urinaria,1,0.4419,False
570,ECN-CAT-MOL-064,Evaluación de Bordetella pertussis,2,1.5976,False
571,ECN-CAT-QC-065,Evaluación de Calcio,2,1.4871,False
572,ECN-CAT-HEM-065,Evaluación de Eosinófilos,2,1.1061,False
573,ECN-CAT-INM-065,Evaluación de Troponina I,1,0.8062,False
574,ECN-CAT-MIC-065,Evaluación de Coprológico,1,1.1879,False
575,ECN-CAT-COA-065,Evaluación de Resistencia a proteína C activada,2,1.4729,False
576,ECN-CAT-END-065,Evaluación de Testosterona total,2,0.8821,False
577,ECN-CAT-URO-065,Evaluación de Depuración de creatinina,1,1.2921,False
578,ECN-CAT-MOL-065,Evaluación de Parvovirus B19,2,1.8516,False
579,ECN-CAT-QC-066,Evaluación de Fósforo,1,1.4676,False
580,ECN-CAT-HEM-066,Evaluación de Basófilos,2,0.7375,False
581,ECN-CAT-INM-066,Evaluación de Antígeno carcinoembrionario,1,1.3411,False
582,ECN-CAT-MIC-066,Evaluación de Amiba en fresco,1,0.331,False
583,ECN-CAT-COA-066,Evaluación de Agregación plaquetaria,1,1.1722,False
584,ECN-CAT-END-066,Evaluación de Testosterona libre,2,0.489,False
585,ECN-CAT-URO-066,Evaluación de Sedimento urinario,2,1.1638,False
586,ECN-CAT-MOL-066,Evaluación de Dengue por PCR,1,1.8349,False
587,ECN-CAT-QC-067,Evaluación de Magnesio,1,1.2566,False
588,ECN-CAT-HEM-067,Evaluación de Velocidad de sedimentación,2,1.0395,False
589,ECN-CAT-INM-067,Evaluación de Alfafetoproteína,2,1.0754,False
590,ECN-CAT-MIC-067,Evaluación de Sangre oculta en heces,1,0.9757,False
591,ECN-CAT-COA-067,Evaluación de Tiempo de sangrado,1,1.1716,False
592,ECN-CAT-END-067,Evaluación de Dehidroepiandrosterona,2,1.4011,False
593,ECN-CAT-URO-067,Evaluación de Cetonas en orina,2,0.878,False
594,ECN-CAT-MOL-067,Evaluación de Zika por PCR,1,1.7788,False
595,ECN-CAT-QC-068,Evaluación de Sodio,1,1.0952,False
596,ECN-CAT-HEM-068,Evaluación de Frotis de sangre periférica,2,1.1147,False
597,ECN-CAT-INM-068,Evaluación de CA 125,2,1.1678,False
598,ECN-CAT-MIC-068,Evaluación de Rotavirus en heces,1,1.6025,False
599,ECN-CAT-COA-068,Evaluación de Tiempo de coagulación,1,0.2435,False
600,ECN-CAT-END-068,Evaluación de Aldosterona,2,1.165,False
601,ECN-CAT-URO-068,Evaluación de Hemoglobina en orina,2,1.2977,False
602,ECN-CAT-MOL-068,Evaluación de Chikungunya por PCR,2,2.1605,False
603,ECN-CAT-QC-069,Evaluación de Potasio,1,1.3301,False
604,ECN-CAT-HEM-069,Evaluación de Conteo diferencial,1,0.5517,False
605,ECN-CAT-INM-069,Evaluación de CA 19-9,2,1.1761,False
606,ECN-CAT-MIC-069,Evaluación de Adenovirus en heces,2,1.1103,False
607,ECN-CAT-COA-069,Evaluación de Productos de degradación de fibrina,1,0.7761,False
608,ECN-CAT-END-069,Evaluación de Renina,1,1.161,False
609,ECN-CAT-URO-069,Evaluación de Nitritos en orina,2,1.6599,False
610,ECN-CAT-MOL-069,Evaluación de Panel respiratorio molecular,2,1.6885,False
611,ECN-CAT-QC-070,Evaluación de Cloro,1,1.8036,False
612,ECN-CAT-HEM-070,Evaluación de Índice plaquetario,1,1.0781,False
613,ECN-CAT-INM-070,Evaluación de CA 15-3,1,1.1681,False
614,ECN-CAT-MIC-070,Evaluación de Helicobacter pylori,2,1.3357,False
615,ECN-CAT-COA-070,Evaluación de Factor de von Willebrand,2,1.5283,False
616,ECN-CAT-END-070,Evaluación de Paratohormona,1,0.7909,False
617,ECN-CAT-URO-070,Evaluación de Leucocitos en orina,1,0.8165,False
618,ECN-CAT-MOL-070,Evaluación de Panel gastrointestinal molecular,2,1.5441,False
619,ECN-CAT-QC-071,Evaluación de Hierro sérico,2,0.9616,False
620,ECN-CAT-HEM-071,Evaluación de Morfología eritrocitaria,1,0.4517,False
621,ECN-CAT-INM-071,Evaluación de Antígeno prostático total,1,0.6321,False
622,ECN-CAT-MIC-071,Evaluación de Clostridioides difficile,2,1.1513,False
623,ECN-CAT-COA-071,Evaluación de Mezcla de TTPa,2,0.7504,False
624,ECN-CAT-END-071,Evaluación de Calcitonina,1,0.6631,False
625,ECN-CAT-URO-071,Evaluación de Cristales en orina,1,0.294,False
626,ECN-CAT-MOL-071,Evaluación de Trombofilia hereditaria,2,1.2658,False
627,ECN-CAT-QC-072,Evaluación de Amilasa,2,0.9505,False
628,ECN-CAT-HEM-072,Evaluación de Morfología leucocitaria,1,1.716,False
629,ECN-CAT-INM-072,Evaluación de Antígeno prostático libre,1,1.0627,False
630,ECN-CAT-MIC-072,Evaluación de Estreptococo del grupo A,1,1.283,False
631,ECN-CAT-COA-072,Evaluación de Mezcla de TP,2,1.2977,False
632,ECN-CAT-END-072,Evaluación de Péptido C,2,1.5048,False
633,ECN-CAT-URO-072,Evaluación de Cilindros urinarios,1,1.2,False
634,ECN-CAT-MOL-072,Evaluación de Mutación JAK2,2,1.6938,False
635,ECN-CAT-QC-073,Evaluación de Lipasa,2,1.6928,False
636,ECN-CAT-HEM-073,Evaluación de Morfología plaquetaria,2,1.0644,False
637,ECN-CAT-INM-073,Evaluación de Serología para dengue,1,0.8044,False
638,ECN-CAT-MIC-073,Evaluación de Salmonella,2,3.012,True
639,ECN-CAT-COA-073,Evaluación de Factor V,2,1.1505,False
640,ECN-CAT-END-073,Evaluación de 17-hidroxiprogesterona,2,0.6861,False
641,ECN-CAT-URO-073,Evaluación de Urobilinógeno en orina,1,1.1184,False
642,ECN-CAT-MOL-073,Evaluación de BCR-ABL cuantitativo,2,1.9949,False
643,ECN-CAT-QC-074,Evaluación de Lactato deshidrogenasa,1,1.4197,False
644,ECN-CAT-HEM-074,Evaluación de Hemoparásitos,2,0.4956,False
645,ECN-CAT-INM-074,Evaluación de Serología para rubéola,2,1.5856,False
646,ECN-CAT-MIC-074,Evaluación de Shigella,1,3.0494,True
647,ECN-CAT-COA-074,Evaluación de Factor VII,1,1.09,False
648,ECN-CAT-END-074,Evaluación de Hormona antimülleriana,2,1.1635,False
649,ECN-CAT-URO-074,Evaluación de Bilirrubina en orina,2,1.3641,False
650,ECN-CAT-MOL-074,Evaluación de HLA-B27,1,1.5589,False
651,ECN-CAT-QC-075,Evaluación de Hemoglobina glucosilada,1,1.1717,False
652,ECN-CAT-HEM-075,Evaluación de Prueba de falciformación,2,1.5486,False
653,ECN-CAT-INM-075,Evaluación de Serología para toxoplasma,2,0.9297,False
654,ECN-CAT-MIC-075,Evaluación de Candida albicans,1,2.95,True
655,ECN-CAT-COA-075,Evaluación de Factor X,1,1.0721,False
656,ECN-CAT-END-075,Evaluación de Somatomedina C,2,0.9841,False
657,ECN-CAT-URO-075,Evaluación de Relación albúmina creatinina,2,0.793,False
658,ECN-CAT-MOL-075,Evaluación de Carga viral cuantitativa,1,1.6671,False
659,ECN-CAT-QC-076,Control de Glucosa,1,1.277,False
660,ECN-CAT-HEM-076,Control de Biometría hemática,1,0.9122,False
661,ECN-CAT-INM-076,Control de Proteína C reactiva,2,1.2741,False
662,ECN-CAT-MIC-076,Control de Urocultivo,2,2.8235,True
663,ECN-CAT-COA-076,Control de Tiempo de protrombina,1,0.4513,False
664,ECN-CAT-END-076,Control de Hormona estimulante de tiroides,1,1.1153,False
665,ECN-CAT-URO-076,Control de Examen general de orina,2,1.5467,False
666,ECN-CAT-MOL-076,Control de Detección molecular de SARS-CoV-2,2,1.9945,False
667,ECN-CAT-QC-077,Control de Urea,1,0.9757,False
668,ECN-CAT-HEM-077,Control de Hemoglobina,1,1.1772,False
669,ECN-CAT-INM-077,Control de Factor reumatoide,2,1.4727,False
670,ECN-CAT-MIC-077,Control de Coprocultivo,2,2.6179,False
671,ECN-CAT-COA-077,Control de Tiempo de tromboplastina parcial,1,1.4495,False
672,ECN-CAT-END-077,Control de Tiroxina libre,1,1.1474,False
673,ECN-CAT-URO-077,Control de Microalbúmina en orina,1,1.291,False
674,ECN-CAT-MOL-077,Control de Virus de influenza A,2,1.5299,False
675,ECN-CAT-QC-078,Control de Creatinina,2,1.079,False
676,ECN-CAT-HEM-078,Control de Hematocrito,1,0.5722,False
677,ECN-CAT-INM-078,Control de Antiestreptolisinas O,1,0.959,False
678,ECN-CAT-MIC-078,Control de Exudado faríngeo,2,2.5361,False
679,ECN-CAT-COA-078,Control de Tiempo de trombina,2,1.4157,False
680,ECN-CAT-END-078,Control de Tiroxina total,1,1.1306,False
681,ECN-CAT-URO-078,Control de Proteínas en orina,1,0.9443,False
682,ECN-CAT-MOL-078,Control de Virus de influenza B,2,1.5118,False
683,ECN-CAT-QC-079,Control de Ácido úrico,2,1.3963,False
684,ECN-CAT-HEM-079,Control de Eritrocitos,1,1.352,False
685,ECN-CAT-INM-079,Control de Inmunoglobulina A,1,1.0992,False
686,ECN-CAT-MIC-079,Control de Exudado nasal,2,2.8056,True
687,ECN-CAT-COA-079,Control de Fibrinógeno,2,0.7295,False
688,ECN-CAT-END-079,Control de Triyodotironina libre,1,1.5491,False
689,ECN-CAT-URO-079,Control de Glucosa en orina,1,1.1236,False
690,ECN-CAT-MOL-079,Control de Virus del papiloma humano,2,1.3372,False
691,ECN-CAT-QC-080,Control de Colesterol total,2,1.2354,False
692,ECN-CAT-HEM-080,Control de Leucocitos,2,1.1061,False
693,ECN-CAT-INM-080,Control de Inmunoglobulina G,1,0.3496,False
694,ECN-CAT-MIC-080,Control de Exudado vaginal,2,2.8002,True
695,ECN-CAT-COA-080,Control de Dímero D,2,1.0123,False
696,ECN-CAT-END-080,Control de Triyodotironina total,2,1.3974,False
697,ECN-CAT-URO-080,Control de Creatinina en orina,1,0.7492,False
698,ECN-CAT-MOL-080,Control de Virus de hepatitis B,2,1.4804,False
699,ECN-CAT-QC-081,Control de Triglicéridos,1,1.5777,False
700,ECN-CAT-HEM-081,Control de Plaquetas,2,0.6835,False
701,ECN-CAT-INM-081,Control de Inmunoglobulina M,1,1.1262,False
702,ECN-CAT-MIC-081,Control de Exudado uretral,1,3.1817,True
703,ECN-CAT-COA-081,Control de INR,1,1.5842,False
704,ECN-CAT-END-081,Control de Insulina,2,0.806,False
705,ECN-CAT-URO-081,Control de Calcio en orina,2,1.5809,False
706,ECN-CAT-MOL-081,Control de Virus de hepatitis C,1,1.8792,False
707,ECN-CAT-QC-082,Control de Bilirrubina total,1,1.2566,False
708,ECN-CAT-HEM-082,Control de Reticulocitos,2,1.0395,False
709,ECN-CAT-INM-082,Control de Inmunoglobulina E,2,1.3814,False
710,ECN-CAT-MIC-082,Control de Hemocultivo,1,3.3906,True
711,ECN-CAT-COA-082,Control de Actividad de factor VIII,1,0.5963,False
712,ECN-CAT-END-082,Control de Cortisol,2,0.8554,False
713,ECN-CAT-URO-082,Control de Ácido úrico en orina,2,1.3787,False
714,ECN-CAT-MOL-082,Control de Virus de Epstein-Barr,1,1.6808,False
715,ECN-CAT-QC-083,Control de Bilirrubina directa,1,0.3639,False
716,ECN-CAT-HEM-083,Control de Volumen corpuscular medio,2,1.5451,False
717,ECN-CAT-INM-083,Control de Complemento C3,2,1.1678,False
718,ECN-CAT-MIC-083,Control de Cultivo de esputo,1,3.0427,True
719,ECN-CAT-COA-083,Control de Actividad de factor IX,1,1.0751,False
720,ECN-CAT-END-083,Control de Hormona adrenocorticotropa,2,1.5818,False
721,ECN-CAT-URO-083,Control de Sodio en orina,2,1.0394,False
722,ECN-CAT-MOL-083,Control de Citomegalovirus,2,2.3218,False
723,ECN-CAT-QC-084,Control de Alanina aminotransferasa,1,1.3301,False
724,ECN-CAT-HEM-084,Control de Hemoglobina corpuscular media,1,0.5517,False
725,ECN-CAT-INM-084,Control de Complemento C4,2,0.473,False
726,ECN-CAT-MIC-084,Control de Cultivo de heridas,2,2.8918,True
727,ECN-CAT-COA-084,Control de Actividad de factor XI,1,1.0858,False
728,ECN-CAT-END-084,Control de Hormona de crecimiento,1,0.9044,False
729,ECN-CAT-URO-084,Control de Potasio en orina,2,1.2437,False
730,ECN-CAT-MOL-084,Control de Virus herpes simple 1,2,1.5354,False
731,ECN-CAT-QC-085,Control de Aspartato aminotransferasa,1,1.6291,False
732,ECN-CAT-HEM-085,Control de Concentración media de hemoglobina,1,0.8153,False
733,ECN-CAT-INM-085,Control de Anticuerpos antinucleares,1,1.5595,False
734,ECN-CAT-MIC-085,Control de Cultivo de secreciones,2,2.53,False
735,ECN-CAT-COA-085,Control de Actividad de factor XII,2,1.5532,False
736,ECN-CAT-END-085,Control de Prolactina,1,1.0787,False
737,ECN-CAT-URO-085,Control de Cloro en orina,1,0.792,False
738,ECN-CAT-MOL-085,Control de Virus herpes simple 2,2,1.9811,False
739,ECN-CAT-QC-086,Control de Fosfatasa alcalina,2,1.4028,False
740,ECN-CAT-HEM-086,Control de Ancho de distribución eritrocitaria,1,1.1361,False
741,ECN-CAT-INM-086,Control de Anticuerpos anti-DNA,1,0.6402,False
742,ECN-CAT-MIC-086,Control de Antibiograma,2,2.5305,False
743,ECN-CAT-COA-086,Control de Antitrombina III,2,1.3439,False
744,ECN-CAT-END-086,Control de Hormona luteinizante,1,0.6631,False
745,ECN-CAT-URO-086,Control de Fósforo en orina,1,1.0741,False
746,ECN-CAT-MOL-086,Control de Chlamydia trachomatis,2,1.5124,False
747,ECN-CAT-QC-087,Control de Gamma glutamil transferasa,2,1.1209,False
748,ECN-CAT-HEM-087,Control de Neutrófilos,1,1.5665,False
749,ECN-CAT-INM-087,Control de Anticuerpos anticardiolipina,1,0.7871,False
750,ECN-CAT-MIC-087,Control de Tinción de Gram,1,1.3293,False
751,ECN-CAT-COA-087,Control de Proteína C funcional,2,0.7974,False
752,ECN-CAT-END-087,Control de Hormona foliculoestimulante,2,1.0581,False
753,ECN-CAT-URO-087,Control de Magnesio en orina,1,1.2203,False
754,ECN-CAT-MOL-087,Control de Neisseria gonorrhoeae,2,1.6983,False
755,ECN-CAT-QC-088,Control de Albúmina,2,2.0602,False
756,ECN-CAT-HEM-088,Control de Linfocitos,2,1.3802,False
757,ECN-CAT-INM-088,Control de Procalcitonina,1,1.2921,False
758,ECN-CAT-MIC-088,Control de Baciloscopía,1,0.8159,False
759,ECN-CAT-COA-088,Control de Proteína S funcional,2,1.1505,False
760,ECN-CAT-END-088,Control de Estradiol,2,1.2404,False
761,ECN-CAT-URO-088,Control de Urea en orina,1,1.2873,False
762,ECN-CAT-MOL-088,Control de Mycobacterium tuberculosis,2,1.7014,False
763,ECN-CAT-QC-089,Control de Proteínas totales,1,1.4197,False
764,ECN-CAT-HEM-089,Control de Monocitos,2,0.8745,False
765,ECN-CAT-INM-089,Control de Ferritina,2,1.1702,False
766,ECN-CAT-MIC-089,Control de Búsqueda de hongos,1,0.8504,False
767,ECN-CAT-COA-089,Control de Anticoagulante lúpico,1,1.3108,False
768,ECN-CAT-END-089,Control de Progesterona,2,0.7884,False
769,ECN-CAT-URO-089,Control de Osmolalidad urinaria,2,0.8976,False
770,ECN-CAT-MOL-089,Control de Bordetella pertussis,1,1.9148,False
771,ECN-CAT-QC-090,Control de Calcio,1,1.1671,False
772,ECN-CAT-HEM-090,Control de Eosinófilos,2,1.3208,False
773,ECN-CAT-INM-090,Control de Troponina I,2,1.2448,False
774,ECN-CAT-MIC-090,Control de Coprológico,1,1.0502,False
775,ECN-CAT-COA-090,Control de Resistencia a proteína C activada,1,0.787,False
776,ECN-CAT-END-090,Control de Testosterona total,2,0.9243,False
777,ECN-CAT-URO-090,Control de Depuración de creatinina,2,1.3712,False
778,ECN-CAT-MOL-090,Control de Parvovirus B19,1,1.7142,False
779,ECN-CAT-QC-091,Control de Fósforo,1,0.7149,False
780,ECN-CAT-HEM-091,Control de Basófilos,1,1.3711,False
781,ECN-CAT-INM-091,Control de Antígeno carcinoembrionario,2,1.2741,False
782,ECN-CAT-MIC-091,Control de Amiba en fresco,2,0.9459,False
783,ECN-CAT-COA-091,Control de Agregación plaquetaria,1,0.4348,False
784,ECN-CAT-END-091,Control de Testosterona libre,1,1.1153,False
785,ECN-CAT-URO-091,Control de Sedimento urinario,2,1.3281,False
786,ECN-CAT-MOL-091,Control de Dengue por PCR,2,1.8146,False
787,ECN-CAT-QC-092,Control de Magnesio,1,1.4,False
788,ECN-CAT-HEM-092,Control de Velocidad de sedimentación,1,0.5648,False
789,ECN-CAT-INM-092,Control de Alfafetoproteína,2,0.9732,False
790,ECN-CAT-MIC-092,Control de Sangre oculta en heces,2,1.3477,False
791,ECN-CAT-COA-092,Control de Tiempo de sangrado,1,1.4495,False
792,ECN-CAT-END-092,Control de Dehidroepiandrosterona,1,1.7112,False
793,ECN-CAT-URO-092,Control de Cetonas en orina,1,1.0625,False
794,ECN-CAT-MOL-092,Control de Zika por PCR,2,1.7707,False
795,ECN-CAT-QC-093,Control de Sodio,2,1.3079,False
796,ECN-CAT-HEM-093,Control de Frotis de sangre periférica,1,0.5722,False
797,ECN-CAT-INM-093,Control de CA 125,1,1.4415,False
798,ECN-CAT-MIC-093,Control de Rotavirus en heces,2,0.9067,False
799,ECN-CAT-COA-093,Control de Tiempo de coagulación,2,0.8848,False
800,ECN-CAT-END-093,Control de Aldosterona,1,0.4595,False
801,ECN-CAT-URO-093,Control de Hemoglobina en orina,1,0.8983,False
802,ECN-CAT-MOL-093,Control de Chikungunya por PCR,2,1.0681,False
803,ECN-CAT-QC-094,Control de Potasio,2,1.1667,False
804,ECN-CAT-HEM-094,Control de Conteo diferencial,1,1.5122,False
805,ECN-CAT-INM-094,Control de CA 19-9,1,0.3486,False
806,ECN-CAT-MIC-094,Control de Adenovirus en heces,1,1.4883,False
807,ECN-CAT-COA-094,Control de Productos de degradación de fibrina,2,1.261,False
808,ECN-CAT-END-094,Control de Renina,1,1.5308,False
809,ECN-CAT-URO-094,Control de Nitritos en orina,1,1.1014,False
810,ECN-CAT-MOL-094,Control de Panel respiratorio molecular,2,1.0539,False
811,ECN-CAT-QC-095,Control de Cloro,2,1.5026,False
812,ECN-CAT-HEM-095,Control de Índice plaquetario,2,1.871,False
813,ECN-CAT-INM-095,Control de CA 15-3,1,0.3496,False
814,ECN-CAT-MIC-095,Control de Helicobacter pylori,1,1.2489,False
815,ECN-CAT-COA-095,Control de Factor de von Willebrand,2,0.9357,False
816,ECN-CAT-END-095,Control de Paratohormona,2,1.1378,False
817,ECN-CAT-URO-095,Control de Leucocitos en orina,1,0.7293,False
818,ECN-CAT-MOL-095,Control de Panel gastrointestinal molecular,2,1.3786,False
819,ECN-CAT-QC-096,Control de Hierro sérico,1,1.5839,False
820,ECN-CAT-HEM-096,Control de Morfología eritrocitaria,2,0.6835,False
821,ECN-CAT-INM-096,Control de Antígeno prostático total,1,0.855,False
822,ECN-CAT-MIC-096,Control de Clostridioides difficile,1,1.6624,False
823,ECN-CAT-COA-096,Control de Mezcla de TTPa,1,1.2945,False
824,ECN-CAT-END-096,Control de Calcitonina,2,1.1797,False
825,ECN-CAT-URO-096,Control de Cristales en orina,2,1.5532,False
826,ECN-CAT-MOL-096,Control de Trombofilia hereditaria,1,1.6228,False
827,ECN-CAT-QC-097,Control de Amilasa,1,0.7425,False
828,ECN-CAT-HEM-097,Control de Morfología leucocitaria,2,1.4556,False
829,ECN-CAT-INM-097,Control de Antígeno prostático libre,2,1.8184,False
830,ECN-CAT-MIC-097,Control de Estreptococo del grupo A,1,0.7013,False
831,ECN-CAT-COA-097,Control de Mezcla de TP,1,1.1928,False
832,ECN-CAT-END-097,Control de Péptido C,2,1.1305,False
833,ECN-CAT-URO-097,Control de Cilindros urinarios,2,1.1026,False
834,ECN-CAT-MOL-097,Control de Mutación JAK2,1,1.8938,False
835,ECN-CAT-QC-098,Control de Lipasa,1,0.4145,False
836,ECN-CAT-HEM-098,Control de Morfología plaquetaria,2,1.0504,False
837,ECN-CAT-INM-098,Control de Serología para dengue,2,1.1889,False
838,ECN-CAT-MIC-098,Control de Salmonella,1,3.1074,True
839,ECN-CAT-COA-098,Control de Factor V,1,0.7911,False
840,ECN-CAT-END-098,Control de 17-hidroxiprogesterona,2,1.3725,False
841,ECN-CAT-URO-098,Control de Urobilinógeno en orina,2,1.3131,False
842,ECN-CAT-MOL-098,Control de BCR-ABL cuantitativo,2,2.0923,False
843,ECN-CAT-QC-099,Control de Lactato deshidrogenasa,1,0.7724,False
844,ECN-CAT-HEM-099,Control de Hemoparásitos,1,0.5468,False
845,ECN-CAT-INM-099,Control de Serología para rubéola,2,1.1897,False
846,ECN-CAT-MIC-099,Control de Shigella,2,2.7547,True
847,ECN-CAT-COA-099,Control de Factor VII,1,1.3072,False
848,ECN-CAT-END-099,Control de Hormona antimülleriana,1,1.1772,False
849,ECN-CAT-URO-099,Control de Bilirrubina en orina,2,1.4165,False
850,ECN-CAT-MOL-099,Control de HLA-B27,2,1.6784,False
851,ECN-CAT-QC-100,Control de Hemoglobina glucosilada,1,1.7568,False
852,ECN-CAT-HEM-100,Control de Prueba de falciformación,1,0.8589,False
853,ECN-CAT-INM-100,Control de Serología para toxoplasma,1,1.1681,False
854,ECN-CAT-MIC-100,Control de Candida albicans,2,2.6002,False
855,ECN-CAT-COA-100,Control de Factor X,2,1.5382,False
856,ECN-CAT-END-100,Control de Somatomedina C,1,0.3547,False
857,ECN-CAT-URO-100,Control de Relación albúmina creatinina,1,0.8134,False
858,ECN-CAT-MOL-100,Control de Carga viral cuantitativa,2,1.1354,False
859,ECN-CAT-QC-101,Confirmación de Glucosa,2,1.1326,False
860,ECN-CAT-HEM-101,Confirmación de Biometría hemática,1,0.8722,False
861,ECN-CAT-INM-101,Confirmación de Proteína C reactiva,1,0.6321,False
862,ECN-CAT-MIC-101,Confirmación de Urocultivo,2,2.7406,True
863,ECN-CAT-COA-101,Confirmación de Tiempo de protrombina,2,0.7446,False
864,ECN-CAT-END-101,Confirmación de Hormona estimulante de tiroides,1,0.6631,False
865,ECN-CAT-URO-101,Confirmación de Examen general de orina,1,1.0649,False
866,ECN-CAT-MOL-101,Confirmación de Detección molecular de SARS-CoV-2,2,1.8479,False
867,ECN-CAT-QC-102,Confirmación de Urea,2,0.8926,False
868,ECN-CAT-HEM-102,Confirmación de Hemoglobina,1,1.7274,False
869,ECN-CAT-INM-102,Confirmación de Factor reumatoide,1,0.7841,False
870,ECN-CAT-MIC-102,Confirmación de Coprocultivo,2,2.7588,True
871,ECN-CAT-COA-102,Confirmación de Tiempo de tromboplastina parcial,2,1.2977,False
872,ECN-CAT-END-102,Confirmación de Tiroxina libre,2,1.0581,False
873,ECN-CAT-URO-102,Confirmación de Microalbúmina en orina,1,0.6233,False
874,ECN-CAT-MOL-102,Confirmación de Virus de influenza A,2,1.1624,False
875,ECN-CAT-QC-103,Confirmación de Creatinina,2,1.2666,False
876,ECN-CAT-HEM-103,Confirmación de Hematocrito,2,1.1011,False
877,ECN-CAT-INM-103,Confirmación de Antiestreptolisinas O,1,0.801,False
878,ECN-CAT-MIC-103,Confirmación de Exudado faríngeo,2,2.872,True
879,ECN-CAT-COA-103,Confirmación de Tiempo de trombina,2,1.6047,False
880,ECN-CAT-END-103,Confirmación de Tiroxina total,2,0.9281,False
881,ECN-CAT-URO-103,Confirmación de Proteínas en orina,1,1.2601,False
882,ECN-CAT-MOL-103,Confirmación de Virus de influenza B,2,1.9192,False
883,ECN-CAT-QC-104,Confirmación de Ácido úrico,1,1.4249,False
884,ECN-CAT-HEM-104,Confirmación de Eritrocitos,2,0.5524,False
885,ECN-CAT-INM-104,Confirmación de Inmunoglobulina A,2,1.5738,False
886,ECN-CAT-MIC-104,Confirmación de Exudado nasal,1,3.3642,True
887,ECN-CAT-COA-104,Confirmación de Fibrinógeno,1,1.1178,False
888,ECN-CAT-END-104,Confirmación de Triyodotironina libre,2,1.1399,False
889,ECN-CAT-URO-104,Confirmación de Glucosa en orina,2,0.8976,False
890,ECN-CAT-MOL-104,Confirmación de Virus del papiloma humano,1,1.7226,False
891,ECN-CAT-QC-105,Confirmación de Colesterol total,1,0.5055,False
892,ECN-CAT-HEM-105,Confirmación de Leucocitos,2,1.6711,False
893,ECN-CAT-INM-105,Confirmación de Inmunoglobulina G,2,1.2338,False
894,ECN-CAT-MIC-105,Confirmación de Exudado vaginal,1,2.9456,True
895,ECN-CAT-COA-105,Confirmación de Dímero D,1,0.3404,False
896,ECN-CAT-END-105,Confirmación de Triyodotironina total,2,1.1463,False
897,ECN-CAT-URO-105,Confirmación de Creatinina en orina,2,1.0433,False
898,ECN-CAT-MOL-105,Confirmación de Virus de hepatitis B,1,1.4973,False
899,ECN-CAT-QC-106,Confirmación de Triglicéridos,1,1.2563,False
900,ECN-CAT-HEM-106,Confirmación de Plaquetas,1,0.9122,False
901,ECN-CAT-INM-106,Confirmación de Inmunoglobulina M,2,0.6727,False
902,ECN-CAT-MIC-106,Confirmación de Exudado uretral,2,3.027,True
903,ECN-CAT-COA-106,Confirmación de INR,1,0.9362,False
904,ECN-CAT-END-106,Confirmación de Insulina,1,0.8349,False
905,ECN-CAT-URO-106,Confirmación de Calcio en orina,2,1.5649,False
906,ECN-CAT-MOL-106,Confirmación de Virus de hepatitis C,2,1.8993,False
907,ECN-CAT-QC-107,Confirmación de Bilirrubina total,1,1.1958,False
908,ECN-CAT-HEM-107,Confirmación de Reticulocitos,1,0.6004,False
909,ECN-CAT-INM-107,Confirmación de Inmunoglobulina E,2,1.4281,False
910,ECN-CAT-MIC-107,Confirmación de Hemocultivo,2,2.6194,False
911,ECN-CAT-COA-107,Confirmación de Actividad de factor VIII,1,1.4664,False
912,ECN-CAT-END-107,Confirmación de Cortisol,1,0.8982,False
913,ECN-CAT-URO-107,Confirmación de Ácido úrico en orina,1,1.0873,False
914,ECN-CAT-MOL-107,Confirmación de Virus de Epstein-Barr,2,1.4797,False
915,ECN-CAT-QC-108,Confirmación de Bilirrubina directa,2,1.122,False
916,ECN-CAT-HEM-108,Confirmación de Volumen corpuscular medio,1,1.176,False
917,ECN-CAT-INM-108,Confirmación de Complemento C3,1,1.0053,False
918,ECN-CAT-MIC-108,Confirmación de Cultivo de esputo,2,2.5575,False
919,ECN-CAT-COA-108,Confirmación de Actividad de factor IX,2,1.4157,False
920,ECN-CAT-END-108,Confirmación de Hormona adrenocorticotropa,1,0.441,False
921,ECN-CAT-URO-108,Confirmación de Sodio en orina,1,1.1731,False
922,ECN-CAT-MOL-108,Confirmación de Citomegalovirus,2,1.5943,False
923,ECN-CAT-QC-109,Confirmación de Alanina aminotransferasa,2,1.1522,False
924,ECN-CAT-HEM-109,Confirmación de Hemoglobina corpuscular media,1,1.3476,False
925,ECN-CAT-INM-109,Confirmación de Complemento C4,1,0.2504,False
926,ECN-CAT-MIC-109,Confirmación de Cultivo de heridas,2,2.527,False
927,ECN-CAT-COA-109,Confirmación de Actividad de factor XI,2,0.6563,False
928,ECN-CAT-END-109,Confirmación de Hormona de crecimiento,1,1.1297,False
929,ECN-CAT-URO-109,Confirmación de Potasio en orina,1,0.4295,False
930,ECN-CAT-MOL-109,Confirmación de Virus herpes simple 1,2,1.1526,False
931,ECN-CAT-QC-110,Confirmación de Aspartato aminotransferasa,2,1.2109,False
932,ECN-CAT-HEM-110,Confirmación de Concentración media de hemoglobina,2,1.0168,False
933,ECN-CAT-INM-110,Confirmación de Anticuerpos antinucleares,1,0.3357,False
934,ECN-CAT-MIC-110,Confirmación de Cultivo de secreciones,2,2.8084,True
935,ECN-CAT-COA-110,Confirmación de Actividad de factor XII,2,1.1555,False
936,ECN-CAT-END-110,Confirmación de Prolactina,2,1.407,False
937,ECN-CAT-URO-110,Confirmación de Cloro en orina,1,0.7492,False
938,ECN-CAT-MOL-110,Confirmación de Virus herpes simple 2,2,1.4767,False
939,ECN-CAT-QC-111,Confirmación de Fosfatasa alcalina,1,1.5839,False
940,ECN-CAT-HEM-111,Confirmación de Ancho de distribución eritrocitaria,2,1.0018,False
941,ECN-CAT-INM-111,Confirmación de Anticuerpos anti-DNA,1,0.8377,False
942,ECN-CAT-MIC-111,Confirmación de Antibiograma,1,3.1184,True
943,ECN-CAT-COA-111,Confirmación de Antitrombina III,1,1.0625,False
944,ECN-CAT-END-111,Confirmación de Hormona luteinizante,2,0.8406,False
945,ECN-CAT-URO-111,Confirmación de Fósforo en orina,2,1.1768,False
946,ECN-CAT-MOL-111,Confirmación de Chlamydia trachomatis,1,1.9472,False
947,ECN-CAT-QC-112,Confirmación de Gamma glutamil transferasa,1,0.7155,False
948,ECN-CAT-HEM-112,Confirmación de Neutrófilos,2,0.9599,False
949,ECN-CAT-INM-112,Confirmación de Anticuerpos anticardiolipina,2,1.3641,False
950,ECN-CAT-MIC-112,Confirmación de Tinción de Gram,1,0.7994,False
951,ECN-CAT-COA-112,Confirmación de Proteína C funcional,1,0.5798,False
952,ECN-CAT-END-112,Confirmación de Hormona foliculoestimulante,2,1.1139,False
953,ECN-CAT-URO-112,Confirmación de Magnesio en orina,2,1.4169,False
954,ECN-CAT-MOL-112,Confirmación de Neisseria gonorrhoeae,1,1.6535,False
955,ECN-CAT-QC-113,Confirmación de Albúmina,1,0.4012,False
956,ECN-CAT-HEM-113,Confirmación de Linfocitos,2,1.4994,False
957,ECN-CAT-INM-113,Confirmación de Procalcitonina,2,1.1889,False
958,ECN-CAT-MIC-113,Confirmación de Baciloscopía,1,1.2627,False
959,ECN-CAT-COA-113,Confirmación de Proteína S funcional,1,1.0598,False
960,ECN-CAT-END-113,Confirmación de Estradiol,2,1.3283,False
961,ECN-CAT-URO-113,Confirmación de Urea en orina,2,0.8163,False
962,ECN-CAT-MOL-113,Confirmación de Mycobacterium tuberculosis,2,2.0923,False
963,ECN-CAT-QC-114,Confirmación de Proteínas totales,1,1.3088,False
964,ECN-CAT-HEM-114,Confirmación de Monocitos,1,0.9145,False
965,ECN-CAT-INM-114,Confirmación de Ferritina,2,0.6184,False
966,ECN-CAT-MIC-114,Confirmación de Búsqueda de hongos,2,0.7656,False
967,ECN-CAT-COA-114,Confirmación de Anticoagulante lúpico,1,1.2914,False
968,ECN-CAT-END-114,Confirmación de Progesterona,1,0.9253,False
969,ECN-CAT-URO-114,Confirmación de Osmolalidad urinaria,2,1.1959,False
970,ECN-CAT-MOL-114,Confirmación de Bordetella pertussis,2,1.5746,False
971,ECN-CAT-QC-115,Confirmación de Calcio,1,1.6203,False
972,ECN-CAT-HEM-115,Confirmación de Eosinófilos,1,0.8357,False
973,ECN-CAT-INM-115,Confirmación de Troponina I,1,1.5811,False
974,ECN-CAT-MIC-115,Confirmación de Coprológico,2,0.7386,False
975,ECN-CAT-COA-115,Confirmación de Resistencia a proteína C activada,2,1.1052,False
976,ECN-CAT-END-115,Confirmación de Testosterona total,1,1.0776,False
977,ECN-CAT-URO-115,Confirmación de Depuración de creatinina,1,0.8134,False
978,ECN-CAT-MOL-115,Confirmación de Parvovirus B19,2,1.2137,False
979,ECN-CAT-QC-116,Confirmación de Fósforo,2,1.4334,False
980,ECN-CAT-HEM-116,Confirmación de Basófilos,1,0.4481,False
981,ECN-CAT-INM-116,Confirmación de Antígeno carcinoembrionario,1,0.9893,False
982,ECN-CAT-MIC-116,Confirmación de Amiba en fresco,2,1.3716,False
983,ECN-CAT-COA-116,Confirmación de Agregación plaquetaria,2,1.3035,False
984,ECN-CAT-END-116,Confirmación de Testosterona libre,1,0.6628,False
985,ECN-CAT-URO-116,Confirmación de Sedimento urinario,1,1.0687,False
986,ECN-CAT-MOL-116,Confirmación de Dengue por PCR,2,0.9764,False
987,ECN-CAT-QC-117,Confirmación de Magnesio,2,0.9306,False
988,ECN-CAT-HEM-117,Confirmación de Velocidad de sedimentación,1,1.5259,False
989,ECN-CAT-INM-117,Confirmación de Alfafetoproteína,1,0.7841,False
990,ECN-CAT-MIC-117,Confirmación de Sangre oculta en heces,1,1.3863,False
991,ECN-CAT-COA-117,Confirmación de Tiempo de sangrado,2,0.7343,False
992,ECN-CAT-END-117,Confirmación de Dehidroepiandrosterona,2,1.2973,False
993,ECN-CAT-URO-117,Confirmación de Cetonas en orina,1,1.2065,False
994,ECN-CAT-MOL-117,Confirmación de Zika por PCR,2,1.5799,False
995,ECN-CAT-QC-118,Confirmación de Sodio,2,1.6693,False
996,ECN-CAT-HEM-118,Confirmación de Frotis de sangre periférica,2,1.3775,False
997,ECN-CAT-INM-118,Confirmación de CA 125,1,0.7761,False
998,ECN-CAT-MIC-118,Confirmación de Rotavirus en heces,1,0.8688,False
999,ECN-CAT-COA-118,Confirmación de Tiempo de coagulación,2,1.3127,False
1000,ECN-CAT-END-118,Confirmación de Aldosterona,2,1.2741,False
1001,ECN-CAT-URO-118,Confirmación de Hemoglobina en orina,1,1.23,False
1002,ECN-CAT-MOL-118,Confirmación de Chikungunya por PCR,2,1.5933,False
1003,ECN-CAT-QC-119,Confirmación de Potasio,1,0.9913,False
1004,ECN-CAT-HEM-119,Confirmación de Conteo diferencial,2,1.2041,False
1005,ECN-CAT-INM-119,Confirmación de CA 19-9,2,1.0596,False
1006,ECN-CAT-MIC-119,Confirmación de Adenovirus en heces,1,0.4035,False
1007,ECN-CAT-COA-119,Confirmación de Productos de degradación de fibrina,1,1.3267,False
1008,ECN-CAT-END-119,Confirmación de Renina,2,0.8132,False
1009,ECN-CAT-URO-119,Confirmación de Nitritos en orina,2,1.0948,False
1010,ECN-CAT-MOL-119,Confirmación de Panel respiratorio molecular,1,1.8099,False
1011,ECN-CAT-QC-120,Confirmación de Cloro,1,1.1501,False
1012,ECN-CAT-HEM-120,Confirmación de Índice plaquetario,2,1.2837,False
1013,ECN-CAT-INM-120,Confirmación de CA 15-3,2,1.2584,False
1014,ECN-CAT-MIC-120,Confirmación de Helicobacter pylori,1,0.9336,False
1015,ECN-CAT-COA-120,Confirmación de Factor de von Willebrand,1,0.294,False
1016,ECN-CAT-END-120,Confirmación de Paratohormona,2,1.0751,False
1017,ECN-CAT-URO-120,Confirmación de Leucocitos en orina,2,1.3262,False
1018,ECN-CAT-MOL-120,Confirmación de Panel gastrointestinal molecular,1,1.5641,False
1019,ECN-CAT-QC-121,Confirmación de Hierro sérico,1,0.6796,False
1020,ECN-CAT-HEM-121,Confirmación de Morfología eritrocitaria,1,0.9349,False
1021,ECN-CAT-INM-121,Confirmación de Antígeno prostático total,2,1.2977,False
1022,ECN-CAT-MIC-121,Confirmación de Clostridioides difficile,2,1.0238,False
1023,ECN-CAT-COA-121,Confirmación de Mezcla de TTPa,1,1.1859,False
1024,ECN-CAT-END-121,Confirmación de Calcitonina,1,0.8738,False
1025,ECN-CAT-URO-121,Confirmación de Cristales en orina,2,1.2834,False
1026,ECN-CAT-MOL-121,Confirmación de Trombofilia hereditaria,2,1.8643,False
1027,ECN-CAT-QC-122,Confirmación de Amilasa,1,1.474,False
1028,ECN-CAT-HEM-122,Confirmación de Morfología leucocitaria,1,0.6004,False
1029,ECN-CAT-INM-122,Confirmación de Antígeno prostático libre,2,0.9856,False
1030,ECN-CAT-MIC-122,Confirmación de Estreptococo del grupo A,2,1.3114,False
1031,ECN-CAT-COA-122,Confirmación de Mezcla de TP,1,1.4498,False
1032,ECN-CAT-END-122,Confirmación de Péptido C,1,0.5582,False
1033,ECN-CAT-URO-122,Confirmación de Cilindros urinarios,1,1.0873,False
1034,ECN-CAT-MOL-122,Confirmación de Mutación JAK2,2,1.268,False
1035,ECN-CAT-QC-123,Confirmación de Lipasa,2,1.0826,False
1036,ECN-CAT-HEM-123,Confirmación de Morfología plaquetaria,1,0.9075,False
1037,ECN-CAT-INM-123,Confirmación de Serología para dengue,1,0.9902,False
1038,ECN-CAT-MIC-123,Confirmación de Salmonella,2,2.5347,False
1039,ECN-CAT-COA-123,Confirmación de Factor V,2,0.9394,False
1040,ECN-CAT-END-123,Confirmación de 17-hidroxiprogesterona,1,0.441,False
1041,ECN-CAT-URO-123,Confirmación de Urobilinógeno en orina,1,1.1562,False
1042,ECN-CAT-MOL-123,Confirmación de BCR-ABL cuantitativo,2,1.1336,False
1043,ECN-CAT-QC-124,Confirmación de Lactato deshidrogenasa,2,0.9316,False
1044,ECN-CAT-HEM-124,Confirmación de Hemoparásitos,1,1.5122,False
1045,ECN-CAT-INM-124,Confirmación de Serología para rubéola,1,0.2867,False
1046,ECN-CAT-MIC-124,Confirmación de Shigella,2,2.6723,False
1047,ECN-CAT-COA-124,Confirmación de Factor VII,2,1.2892,False
1048,ECN-CAT-END-124,Confirmación de Hormona antimülleriana,1,1.5179,False
1049,ECN-CAT-URO-124,Confirmación de Bilirrubina en orina,1,0.4295,False
1050,ECN-CAT-MOL-124,Confirmación de HLA-B27,2,1.1238,False
1051,ECN-CAT-QC-125,Confirmación de Hemoglobina glucosilada,2,1.4667,False
1052,ECN-CAT-HEM-125,Confirmación de Prueba de falciformación,2,0.9884,False
1053,ECN-CAT-INM-125,Confirmación de Serología para toxoplasma,1,0.3307,False
1054,ECN-CAT-MIC-125,Confirmación de Candida albicans,2,2.9838,True
1055,ECN-CAT-COA-125,Confirmación de Factor X,2,1.1966,False
1056,ECN-CAT-END-125,Confirmación de Somatomedina C,2,1.0105,False
1057,ECN-CAT-URO-125,Confirmación de Relación albúmina creatinina,1,0.7239,False
1058,ECN-CAT-MOL-125,Confirmación de Carga viral cuantitativa,2,1.8009,False
1059,ECN-CAT-QC-126,Determinación de Glucosa,1,1.8246,False
1060,ECN-CAT-QC-127,Determinación de Urea,1,1.3292,False
1061,ECN-CAT-QC-128,Determinación de Creatinina,2,1.5923,False
1062,ECN-CAT-QC-129,Determinación de Ácido úrico,2,1.0233,False
1063,ECN-CAT-QC-130,Determinación de Colesterol total,2,1.0708,False
1064,ECN-CAT-QC-131,Determinación de Triglicéridos,1,2.7979,True
1065,ECN-CAT-QC-132,Determinación de Bilirrubina total,1,1.2566,False
1066,ECN-CAT-QC-133,Determinación de Bilirrubina directa,1,0.8397,False
1067,ECN-CAT-QC-134,Determinación de Alanina aminotransferasa,1,0.6115,False
1068,ECN-CAT-QC-135,Determinación de Aspartato aminotransferasa,1,1.7298,False
1069,ECN-CAT-QC-136,Determinación de Fosfatasa alcalina,2,1.4186,False
1070,ECN-CAT-QC-137,Determinación de Gamma glutamil transferasa,2,1.2452,False
1071,ECN-CAT-QC-138,Determinación de Albúmina,2,1.3125,False
1072,ECN-CAT-QC-139,Determinación de Proteínas totales,1,2.7879,True
1073,ECN-CAT-QC-140,Determinación de Calcio,1,1.1277,False
1074,ECN-CAT-QC-141,Determinación de Fósforo,1,1.1836,False
1075,ECN-CAT-QC-142,Determinación de Magnesio,1,1.1279,False
1076,ECN-CAT-QC-143,Determinación de Sodio,2,1.3423,False
1077,ECN-CAT-QC-144,Determinación de Potasio,2,1.5291,False
1078,ECN-CAT-QC-145,Determinación de Cloro,2,1.2814,False
1079,ECN-CAT-QC-146,Determinación de Hierro sérico,1,1.1252,False
1080,ECN-CAT-QC-147,Determinación de Amilasa,1,1.7807,False
1081,ECN-CAT-QC-148,Determinación de Lipasa,1,1.1128,False
1082,ECN-CAT-QC-149,Determinación de Lactato deshidrogenasa,1,1.2641,False
1083,ECN-CAT-QC-150,Determinación de Hemoglobina glucosilada,1,1.7014,False
1084,ECN-CAT-QC-151,Cuantificación de Glucosa,2,1.8421,False
1085,ECN-CAT-QC-152,Cuantificación de Urea,2,1.3567,False
1086,ECN-CAT-QC-153,Cuantificación de Creatinina,2,1.5698,False
1087,ECN-CAT-QC-154,Cuantificación de Ácido úrico,1,1.3474,False
1088,ECN-CAT-QC-155,Cuantificación de Colesterol total,1,3.48,True
1089,ECN-CAT-QC-156,Cuantificación de Triglicéridos,1,1.2373,False
1090,ECN-CAT-QC-157,Cuantificación de Bilirrubina total,1,1.4212,False
1091,ECN-CAT-QC-158,Cuantificación de Bilirrubina directa,2,1.3579,False
1092,ECN-CAT-QC-159,Cuantificación de Alanina aminotransferasa,2,2.6858,False
1093,ECN-CAT-QC-160,Cuantificación de Aspartato aminotransferasa,2,1.5871,False
1094,ECN-CAT-QC-161,Cuantificación de Fosfatasa alcalina,1,1.4651,False
1095,ECN-CAT-QC-162,Cuantificación de Gamma glutamil transferasa,1,1.0139,False
1096,ECN-CAT-QC-163,Cuantificación de Albúmina,1,0.8802,False
1097,ECN-CAT-QC-164,Cuantificación de Proteínas totales,1,1.3375,False
1098,ECN-CAT-QC-165,Cuantificación de Calcio,1,1.5988,False
1099,ECN-CAT-QC-166,Cuantificación de Fósforo,2,1.0997,False
1100,ECN-CAT-QC-167,Cuantificación de Magnesio,2,2.6437,False
1101,ECN-CAT-QC-168,Cuantificación de Sodio,2,1.5852,False
1102,ECN-CAT-QC-169,Cuantificación de Potasio,1,1.2044,False
1103,ECN-CAT-QC-170,Cuantificación de Cloro,1,0.4475,False
1104,ECN-CAT-QC-171,Cuantificación de Hierro sérico,1,1.0655,False
1105,ECN-CAT-QC-172,Cuantificación de Amilasa,1,1.4906,False
1106,ECN-CAT-QC-173,Cuantificación de Lipasa,2,1.59,False
1107,ECN-CAT-QC-174,Cuantificación de Lactato deshidrogenasa,2,1.0029,False
1108,ECN-CAT-QC-175,Cuantificación de Hemoglobina glucosilada,2,2.7489,True
1109,ECN-CAT-QC-176,Evaluación de Glucosa,1,1.5886,False
1110,ECN-CAT-QC-177,Evaluación de Urea,1,0.7529,False
1111,ECN-CAT-QC-178,Evaluación de Creatinina,1,0.4098,False
1112,ECN-CAT-QC-179,Evaluación de Ácido úrico,1,0.9517,False
1113,ECN-CAT-QC-180,Evaluación de Colesterol total,1,1.9875,False
1114,ECN-CAT-QC-181,Evaluación de Triglicéridos,2,1.1473,False
1115,ECN-CAT-QC-182,Evaluación de Bilirrubina total,2,0.9652,False
1116,ECN-CAT-QC-183,Evaluación de Bilirrubina directa,2,2.7788,True
1117,ECN-CAT-QC-184,Evaluación de Alanina aminotransferasa,1,1.5638,False
1118,ECN-CAT-QC-185,Evaluación de Aspartato aminotransferasa,1,1.1302,False
1119,ECN-CAT-QC-186,Evaluación de Fosfatasa alcalina,1,0.9172,False
1120,ECN-CAT-QC-187,Evaluación de Gamma glutamil transferasa,1,1.1496,False
1121,ECN-CAT-QC-188,Evaluación de Albúmina,2,1.583,False
1122,ECN-CAT-QC-189,Evaluación de Proteínas totales,2,1.0681,False
1123,ECN-CAT-QC-190,Evaluación de Calcio,2,1.2517,False
1124,ECN-CAT-QC-191,Evaluación de Fósforo,1,2.7808,True
1125,ECN-CAT-QC-192,Evaluación de Magnesio,1,1.2519,False
1126,ECN-CAT-QC-193,Evaluación de Sodio,1,1.1062,False
1127,ECN-CAT-QC-194,Evaluación de Potasio,1,0.689,False
1128,ECN-CAT-QC-195,Evaluación de Cloro,1,1.6736,False
1129,ECN-CAT-QC-196,Evaluación de Hierro sérico,2,1.4122,False
1130,ECN-CAT-QC-197,Evaluación de Amilasa,2,0.8811,False
1131,ECN-CAT-QC-198,Evaluación de Lipasa,2,1.3809,False
1132,ECN-CAT-QC-199,Evaluación de Lactato deshidrogenasa,1,1.3545,False
1133,ECN-CAT-QC-200,Evaluación de Hemoglobina glucosilada,1,1.1749,False
1134,ECN-CAT-QC-201,Control de Glucosa,1,1.3318,False
1135,ECN-CAT-QC-202,Control de Urea,1,1.2203,False
1136,ECN-CAT-QC-203,Control de Creatinina,2,1.9593,False
1137,ECN-CAT-QC-204,Control de Ácido úrico,2,1.4046,False
1138,ECN-CAT-QC-205,Control de Colesterol total,2,1.2865,False
1139,ECN-CAT-QC-206,Control de Triglicéridos,1,1.1721,False
1140,ECN-CAT-QC-207,Control de Bilirrubina total,1,1.0123,False
1141,ECN-CAT-QC-208,Control de Bilirrubina directa,1,1.1308,False
1142,ECN-CAT-QC-209,Control de Alanina aminotransferasa,1,1.3121,False
1143,ECN-CAT-QC-210,Control de Aspartato aminotransferasa,1,2.288,False
1144,ECN-CAT-QC-211,Control de Fosfatasa alcalina,2,1.1094,False
1145,ECN-CAT-QC-212,Control de Gamma glutamil transferasa,2,0.8714,False
1146,ECN-CAT-QC-213,Control de Albúmina,2,1.9807,False
1147,ECN-CAT-QC-214,Control de Proteínas totales,1,1.2217,False
1148,ECN-CAT-QC-215,Control de Calcio,1,0.895,False
1149,ECN-CAT-QC-216,Control de Fósforo,1,1.3774,False
1150,ECN-CAT-QC-217,Control de Magnesio,1,1.4665,False
1151,ECN-CAT-QC-218,Control de Sodio,2,1.9757,False
1152,ECN-CAT-QC-219,Control de Potasio,2,2.6829,False
1153,ECN-CAT-QC-220,Control de Cloro,2,1.6048,False
1154,ECN-CAT-QC-221,Control de Hierro sérico,1,1.5275,False
1155,ECN-CAT-QC-222,Control de Amilasa,1,1.0599,False
1156,ECN-CAT-QC-223,Control de Lipasa,1,1.6863,False
1157,ECN-CAT-QC-224,Control de Lactato deshidrogenasa,1,1.1515,False
1158,ECN-CAT-QC-225,Control de Hemoglobina glucosilada,1,1.9589,False
1159,ECN-CAT-QC-226,Confirmación de Glucosa,2,1.8304,False
1160,ECN-CAT-QC-227,Confirmación de Urea,2,1.8457,False
1161,ECN-CAT-QC-228,Confirmación de Creatinina,2,1.6354,False
1162,ECN-CAT-QC-229,Confirmación de Ácido úrico,1,1.5748,False
1163,ECN-CAT-QC-230,Confirmación de Colesterol total,1,0.8604,False
1164,ECN-CAT-QC-231,Confirmación de Triglicéridos,1,1.0208,False
1165,ECN-CAT-QC-232,Confirmación de Bilirrubina total,1,0.8578,False
1166,ECN-CAT-QC-233,Confirmación de Bilirrubina directa,2,1.2087,False
1167,ECN-CAT-QC-234,Confirmación de Alanina aminotransferasa,2,1.9015,False
1168,ECN-CAT-QC-235,Confirmación de Aspartato aminotransferasa,2,2.7727,True
1169,ECN-CAT-QC-236,Confirmación de Fosfatasa alcalina,1,1.4934,False
1170,ECN-CAT-QC-237,Confirmación de Gamma glutamil transferasa,1,0.7072,False
1171,ECN-CAT-QC-238,Confirmación de Albúmina,1,0.844,False
1172,ECN-CAT-QC-239,Confirmación de Proteínas totales,1,0.9796,False
1173,ECN-CAT-QC-240,Confirmación de Calcio,1,1.4743,False
1174,ECN-CAT-QC-241,Confirmación de Fósforo,2,1.4109,False
1175,ECN-CAT-QC-242,Confirmación de Magnesio,2,1.1017,False
1176,ECN-CAT-QC-243,Confirmación de Sodio,2,1.5075,False
1177,ECN-CAT-QC-244,Confirmación de Potasio,1,1.5452,False
1178,ECN-CAT-HEM-126,Determinación de Biometría hemática,1,1.1388,False
1179,ECN-CAT-HEM-127,Determinación de Hemoglobina,1,1.1807,False
1180,ECN-CAT-HEM-128,Determinación de Hematocrito,1,0.5288,False
1181,ECN-CAT-HEM-129,Determinación de Eritrocitos,1,1.2169,False
1182,ECN-CAT-HEM-130,Determinación de Leucocitos,2,2.7383,True
1183,ECN-CAT-HEM-131,Determinación de Plaquetas,2,0.7092,False
1184,ECN-CAT-HEM-132,Determinación de Reticulocitos,2,1.4987,False
1185,ECN-CAT-HEM-133,Determinación de Volumen corpuscular medio,2,2.6861,False
1186,ECN-CAT-HEM-134,Determinación de Hemoglobina corpuscular media,1,0.8277,False
1187,ECN-CAT-HEM-135,Determinación de Concentración media de hemoglobina,1,1.1014,False
1188,ECN-CAT-HEM-136,Determinación de Ancho de distribución eritrocitaria,1,0.4712,False
1189,ECN-CAT-HEM-137,Determinación de Neutrófilos,1,1.2876,False
1190,ECN-CAT-HEM-138,Determinación de Linfocitos,2,2.6613,False
1191,ECN-CAT-HEM-139,Determinación de Monocitos,2,1.2994,False
1192,ECN-CAT-HEM-140,Determinación de Eosinófilos,2,1.1505,False
1193,ECN-CAT-HEM-141,Determinación de Basófilos,1,1.8387,False
1194,ECN-CAT-HEM-142,Determinación de Velocidad de sedimentación,1,1.7171,False
1195,ECN-CAT-HEM-143,Determinación de Frotis de sangre periférica,1,1.196,False
1196,ECN-CAT-HEM-144,Determinación de Conteo diferencial,1,1.4309,False
1197,ECN-CAT-HEM-145,Determinación de Índice plaquetario,2,1.0023,False
1198,ECN-CAT-HEM-146,Determinación de Morfología eritrocitaria,2,2.5954,False
1199,ECN-CAT-HEM-147,Determinación de Morfología leucocitaria,2,1.412,False
1200,ECN-CAT-HEM-148,Determinación de Morfología plaquetaria,2,1.3733,False
1201,ECN-CAT-HEM-149,Determinación de Hemoparásitos,1,1.7272,False
1202,ECN-CAT-HEM-150,Determinación de Prueba de falciformación,1,1.705,False
1203,ECN-CAT-HEM-151,Cuantificación de Biometría hemática,1,1.1583,False
1204,ECN-CAT-HEM-152,Cuantificación de Hemoglobina,1,1.5519,False
1205,ECN-CAT-HEM-153,Cuantificación de Hematocrito,2,1.1488,False
1206,ECN-CAT-HEM-154,Cuantificación de Eritrocitos,2,1.7108,False
1207,ECN-CAT-HEM-155,Cuantificación de Leucocitos,2,1.5821,False
1208,ECN-CAT-HEM-156,Cuantificación de Plaquetas,1,0.959,False
1209,ECN-CAT-HEM-157,Cuantificación de Reticulocitos,1,1.0121,False
1210,ECN-CAT-HEM-158,Cuantificación de Volumen corpuscular medio,1,1.6755,False
1211,ECN-CAT-HEM-159,Cuantificación de Hemoglobina corpuscular media,1,1.6434,False
1212,ECN-CAT-HEM-160,Cuantificación de Concentración media de hemoglobina,2,1.1703,False
1213,ECN-CAT-HEM-161,Cuantificación de Ancho de distribución eritrocitaria,2,1.7455,False
1214,ECN-CAT-HEM-162,Cuantificación de Neutrófilos,2,2.6762,False
1215,ECN-CAT-HEM-163,Cuantificación de Linfocitos,2,0.8806,False
1216,ECN-CAT-HEM-164,Cuantificación de Monocitos,1,1.1156,False
1217,ECN-CAT-HEM-165,Cuantificación de Eosinófilos,1,0.4178,False
1218,ECN-CAT-HEM-166,Cuantificación de Basófilos,1,2.5779,True
1219,ECN-CAT-HEM-167,Cuantificación de Velocidad de sedimentación,1,1.5595,False
1220,ECN-CAT-HEM-168,Cuantificación de Frotis de sangre periférica,2,1.1948,False
1221,ECN-CAT-HEM-169,Cuantificación de Conteo diferencial,2,1.7452,False
1222,ECN-CAT-HEM-170,Cuantificación de Índice plaquetario,2,1.4357,False
1223,ECN-CAT-HEM-171,Cuantificación de Morfología eritrocitaria,1,1.3624,False
1224,ECN-CAT-HEM-172,Cuantificación de Morfología leucocitaria,1,0.6317,False
1225,ECN-CAT-HEM-173,Cuantificación de Morfología plaquetaria,1,0.4487,False
1226,ECN-CAT-HEM-174,Cuantificación de Hemoparásitos,1,2.8387,True
1227,ECN-CAT-HEM-175,Cuantificación de Prueba de falciformación,2,1.5441,False
1228,ECN-CAT-HEM-176,Evaluación de Biometría hemática,2,0.6328,False
1229,ECN-CAT-HEM-177,Evaluación de Hemoglobina,2,1.904,False
1230,ECN-CAT-HEM-178,Evaluación de Hematocrito,2,1.8481,False
1231,ECN-CAT-HEM-179,Evaluación de Eritrocitos,1,1.098,False
1232,ECN-CAT-HEM-180,Evaluación de Leucocitos,1,0.3821,False
1233,ECN-CAT-HEM-181,Evaluación de Plaquetas,1,0.4517,False
1234,ECN-CAT-HEM-182,Evaluación de Reticulocitos,1,2.8184,True
1235,ECN-CAT-HEM-183,Evaluación de Volumen corpuscular medio,2,1.4266,False
1236,ECN-CAT-HEM-184,Evaluación de Hemoglobina corpuscular media,2,0.6998,False
1237,ECN-CAT-HEM-185,Evaluación de Concentración media de hemoglobina,2,1.9316,False
1238,ECN-CAT-HEM-186,Evaluación de Ancho de distribución eritrocitaria,1,1.1133,False
1239,ECN-CAT-HEM-187,Evaluación de Neutrófilos,1,1.1807,False
1240,ECN-CAT-HEM-188,Evaluación de Linfocitos,1,0.949,False
1241,ECN-CAT-HEM-189,Evaluación de Monocitos,1,1.3606,False
1242,ECN-CAT-HEM-190,Evaluación de Eosinófilos,2,1.9249,False
1243,ECN-CAT-HEM-191,Evaluación de Basófilos,2,1.2836,False
1244,ECN-CAT-HEM-192,Evaluación de Velocidad de sedimentación,2,0.9215,False
1245,ECN-CAT-HEM-193,Evaluación de Frotis de sangre periférica,2,1.0558,False
1246,ECN-CAT-HEM-194,Evaluación de Conteo diferencial,1,1.6981,False
1247,ECN-CAT-HEM-195,Evaluación de Índice plaquetario,1,1.1163,False
1248,ECN-CAT-HEM-196,Evaluación de Morfología eritrocitaria,1,0.4712,False
1249,ECN-CAT-HEM-197,Evaluación de Morfología leucocitaria,1,1.3571,False
1250,ECN-CAT-HEM-198,Evaluación de Morfología plaquetaria,2,2.6507,False
1251,ECN-CAT-HEM-199,Evaluación de Hemoparásitos,2,1.2467,False
1252,ECN-CAT-HEM-200,Evaluación de Prueba de falciformación,2,1.5711,False
1253,ECN-CAT-HEM-201,Control de Biometría hemática,1,1.207,False
1254,ECN-CAT-HEM-202,Control de Hemoglobina,1,1.0616,False
1255,ECN-CAT-HEM-203,Control de Hematocrito,1,1.0935,False
1256,ECN-CAT-HEM-204,Control de Eritrocitos,1,1.6223,False
1257,ECN-CAT-HEM-205,Control de Leucocitos,2,1.2101,False
1258,ECN-CAT-HEM-206,Control de Plaquetas,2,1.7455,False
1259,ECN-CAT-HEM-207,Control de Reticulocitos,2,1.4474,False
1260,ECN-CAT-HEM-208,Control de Volumen corpuscular medio,2,1.4096,False
1261,ECN-CAT-HEM-209,Control de Hemoglobina corpuscular media,1,0.8453,False
1262,ECN-CAT-HEM-210,Control de Concentración media de hemoglobina,1,2.5689,False
1263,ECN-CAT-HEM-211,Control de Ancho de distribución eritrocitaria,1,1.1402,False
1264,ECN-CAT-HEM-212,Control de Neutrófilos,1,1.3792,False
1265,ECN-CAT-HEM-213,Control de Linfocitos,2,0.9838,False
1266,ECN-CAT-HEM-214,Control de Monocitos,2,2.5912,False
1267,ECN-CAT-HEM-215,Control de Eosinófilos,1,1.6171,False
1268,ECN-CAT-HEM-216,Control de Basófilos,1,1.3711,False
1269,ECN-CAT-HEM-217,Control de Velocidad de sedimentación,1,0.9732,False
1270,ECN-CAT-HEM-218,Control de Frotis de sangre periférica,1,1.6943,False
1271,ECN-CAT-HEM-219,Control de Conteo diferencial,1,1.6054,False
1272,ECN-CAT-HEM-220,Control de Índice plaquetario,2,1.8784,False
1273,ECN-CAT-HEM-221,Control de Morfología eritrocitaria,2,0.9274,False
1274,ECN-CAT-HEM-222,Control de Morfología leucocitaria,2,1.2494,False
1275,ECN-CAT-HEM-223,Control de Morfología plaquetaria,2,1.4271,False
1276,ECN-CAT-HEM-224,Control de Hemoparásitos,1,0.3683,False
1277,ECN-CAT-HEM-225,Control de Prueba de falciformación,1,1.7191,False
1278,ECN-CAT-HEM-226,Confirmación de Biometría hemática,1,2.5784,True
1279,ECN-CAT-HEM-227,Confirmación de Hemoglobina,1,1.608,False
1280,ECN-CAT-HEM-228,Confirmación de Hematocrito,2,1.1637,False
1281,ECN-CAT-HEM-229,Confirmación de Eritrocitos,2,0.9744,False
1282,ECN-CAT-HEM-230,Confirmación de Leucocitos,2,1.3837,False
1283,ECN-CAT-HEM-231,Confirmación de Plaquetas,1,1.3301,False
1284,ECN-CAT-HEM-232,Confirmación de Reticulocitos,1,0.5718,False
1285,ECN-CAT-HEM-233,Confirmación de Volumen corpuscular medio,1,0.5288,False
1286,ECN-CAT-HEM-234,Confirmación de Hemoglobina corpuscular media,1,2.8768,True
1287,ECN-CAT-HEM-235,Confirmación de Concentración media de hemoglobina,2,1.4565,False
1288,ECN-CAT-HEM-236,Confirmación de Ancho de distribución eritrocitaria,2,0.9811,False
1289,ECN-CAT-HEM-237,Confirmación de Neutrófilos,2,1.0611,False
1290,ECN-CAT-HEM-238,Confirmación de Linfocitos,2,1.0236,False
1291,ECN-CAT-HEM-239,Confirmación de Monocitos,1,0.4665,False
1292,ECN-CAT-HEM-240,Confirmación de Eosinófilos,1,0.9097,False
1293,ECN-CAT-HEM-241,Confirmación de Basófilos,1,0.8713,False
1294,ECN-CAT-HEM-242,Confirmación de Velocidad de sedimentación,1,2.843,True
1295,ECN-CAT-HEM-243,Confirmación de Frotis de sangre periférica,2,1.4303,False
1296,ECN-CAT-HEM-244,Confirmación de Conteo diferencial,2,1.2768,False
1297,ECN-CAT-INM-126,Determinación de Proteína C reactiva,2,0.6158,False
1298,ECN-CAT-INM-127,Determinación de Factor reumatoide,2,0.5713,False
1299,ECN-CAT-INM-128,Determinación de Antiestreptolisinas O,1,1.1575,False
1300,ECN-CAT-INM-129,Determinación de Inmunoglobulina A,1,0.7701,False
1301,ECN-CAT-INM-130,Determinación de Inmunoglobulina G,1,1.1094,False
1302,ECN-CAT-INM-131,Determinación de Inmunoglobulina M,1,1.3102,False
1303,ECN-CAT-INM-132,Determinación de Inmunoglobulina E,2,1.8601,False
1304,ECN-CAT-INM-133,Determinación de Complemento C3,2,0.9202,False
1305,ECN-CAT-INM-134,Determinación de Complemento C4,2,1.245,False
1306,ECN-CAT-INM-135,Determinación de Anticuerpos antinucleares,1,1.4036,False
1307,ECN-CAT-INM-136,Determinación de Anticuerpos anti-DNA,1,0.809,False
1308,ECN-CAT-INM-137,Determinación de Anticuerpos anticardiolipina,1,1.7035,False
1309,ECN-CAT-INM-138,Determinación de Procalcitonina,1,1.4343,False
1310,ECN-CAT-INM-139,Determinación de Ferritina,2,1.4709,False
1311,ECN-CAT-INM-140,Determinación de Troponina I,2,1.6945,False
1312,ECN-CAT-INM-141,Determinación de Antígeno carcinoembrionario,2,1.7423,False
1313,ECN-CAT-INM-142,Determinación de Alfafetoproteína,2,1.3574,False
1314,ECN-CAT-INM-143,Determinación de CA 125,1,1.4612,False
1315,ECN-CAT-INM-144,Determinación de CA 19-9,1,0.8393,False
1316,ECN-CAT-INM-145,Determinación de CA 15-3,1,0.807,False
1317,ECN-CAT-INM-146,Determinación de Antígeno prostático total,1,0.6947,False
1318,ECN-CAT-INM-147,Determinación de Antígeno prostático libre,2,1.4344,False
1319,ECN-CAT-INM-148,Determinación de Serología para dengue,2,1.6799,False
1320,ECN-CAT-INM-149,Determinación de Serología para rubéola,2,1.7046,False
1321,ECN-CAT-INM-150,Determinación de Serología para toxoplasma,1,1.5387,False
1322,ECN-CAT-INM-151,Cuantificación de Proteína C reactiva,1,0.7193,False
1323,ECN-CAT-INM-152,Cuantificación de Factor reumatoide,1,0.8313,False
1324,ECN-CAT-INM-153,Cuantificación de Antiestreptolisinas O,1,1.8653,False
1325,ECN-CAT-INM-154,Cuantificación de Inmunoglobulina A,2,1.1902,False
1326,ECN-CAT-INM-155,Cuantificación de Inmunoglobulina G,2,1.3072,False
1327,ECN-CAT-INM-156,Cuantificación de Inmunoglobulina M,2,0.7399,False
1328,ECN-CAT-INM-157,Cuantificación de Inmunoglobulina E,2,1.1316,False
1329,ECN-CAT-INM-158,Cuantificación de Complemento C3,1,1.4107,False
1330,ECN-CAT-INM-159,Cuantificación de Complemento C4,1,0.3532,False
1331,ECN-CAT-INM-160,Cuantificación de Anticuerpos antinucleares,1,0.8121,False
1332,ECN-CAT-INM-161,Cuantificación de Anticuerpos anti-DNA,1,1.0373,False
1333,ECN-CAT-INM-162,Cuantificación de Anticuerpos anticardiolipina,2,1.4783,False
1334,ECN-CAT-INM-163,Cuantificación de Procalcitonina,2,0.6754,False
1335,ECN-CAT-INM-164,Cuantificación de Ferritina,2,1.7052,False
1336,ECN-CAT-INM-165,Cuantificación de Troponina I,1,1.2908,False
1337,ECN-CAT-INM-166,Cuantificación de Antígeno carcinoembrionario,1,1.2254,False
1338,ECN-CAT-INM-167,Cuantificación de Alfafetoproteína,1,0.3983,False
1339,ECN-CAT-INM-168,Cuantificación de CA 125,1,1.8649,False
1340,ECN-CAT-INM-169,Cuantificación de CA 19-9,2,1.2973,False
1341,ECN-CAT-INM-170,Cuantificación de CA 15-3,2,0.6625,False
1342,ECN-CAT-INM-171,Cuantificación de Antígeno prostático total,2,0.9036,False
1343,ECN-CAT-INM-172,Cuantificación de Antígeno prostático libre,2,0.6734,False
1344,ECN-CAT-INM-173,Cuantificación de Serología para dengue,1,2.0281,False
1345,ECN-CAT-INM-174,Cuantificación de Serología para rubéola,1,1.0617,False
1346,ECN-CAT-INM-175,Cuantificación de Serología para toxoplasma,1,1.1011,False
1347,ECN-CAT-INM-176,Evaluación de Proteína C reactiva,1,1.8244,False
1348,ECN-CAT-INM-177,Evaluación de Factor reumatoide,2,1.2075,False
1349,ECN-CAT-INM-178,Evaluación de Antiestreptolisinas O,2,0.6315,False
1350,ECN-CAT-INM-179,Evaluación de Inmunoglobulina A,2,1.2406,False
1351,ECN-CAT-INM-180,Evaluación de Inmunoglobulina G,1,1.2268,False
1352,ECN-CAT-INM-181,Evaluación de Inmunoglobulina M,1,1.1158,False
1353,ECN-CAT-INM-182,Evaluación de Inmunoglobulina E,1,1.1493,False
1354,ECN-CAT-INM-183,Evaluación de Complemento C3,1,1.5029,False
1355,ECN-CAT-INM-184,Evaluación de Complemento C4,2,1.2573,False
1356,ECN-CAT-INM-185,Evaluación de Anticuerpos antinucleares,2,0.9188,False
1357,ECN-CAT-INM-186,Evaluación de Anticuerpos anti-DNA,2,1.2755,False
1358,ECN-CAT-INM-187,Evaluación de Anticuerpos anticardiolipina,2,1.3165,False
1359,ECN-CAT-INM-188,Evaluación de Procalcitonina,1,0.8846,False
1360,ECN-CAT-INM-189,Evaluación de Ferritina,1,1.6862,False
1361,ECN-CAT-INM-190,Evaluación de Troponina I,1,0.3494,False
1362,ECN-CAT-INM-191,Evaluación de Antígeno carcinoembrionario,1,1.239,False
1363,ECN-CAT-INM-192,Evaluación de Alfafetoproteína,2,1.8548,False
1364,ECN-CAT-INM-193,Evaluación de CA 125,2,0.8913,False
1365,ECN-CAT-INM-194,Evaluación de CA 19-9,2,1.2355,False
1366,ECN-CAT-INM-195,Evaluación de CA 15-3,1,1.1681,False
1367,ECN-CAT-INM-196,Evaluación de Antígeno prostático total,1,1.0472,False
1368,ECN-CAT-INM-197,Evaluación de Antígeno prostático libre,1,0.8428,False
1369,ECN-CAT-INM-198,Evaluación de Serología para dengue,1,1.4067,False
1370,ECN-CAT-INM-199,Evaluación de Serología para rubéola,2,1.6227,False
1371,ECN-CAT-INM-200,Evaluación de Serología para toxoplasma,2,1.7712,False
1372,ECN-CAT-INM-201,Control de Proteína C reactiva,2,0.9828,False
1373,ECN-CAT-INM-202,Control de Factor reumatoide,2,1.3996,False
1374,ECN-CAT-INM-203,Control de Antiestreptolisinas O,1,0.768,False
1375,ECN-CAT-INM-204,Control de Inmunoglobulina A,1,0.3795,False
1376,ECN-CAT-INM-205,Control de Inmunoglobulina G,1,1.6726,False
1377,ECN-CAT-INM-206,Control de Inmunoglobulina M,1,0.7161,False
1378,ECN-CAT-INM-207,Control de Inmunoglobulina E,2,1.4873,False
1379,ECN-CAT-INM-208,Control de Complemento C3,2,0.5501,False
1380,ECN-CAT-INM-209,Control de Complemento C4,2,1.6896,False
1381,ECN-CAT-INM-210,Control de Anticuerpos antinucleares,1,1.4999,False
1382,ECN-CAT-INM-211,Control de Anticuerpos anti-DNA,1,0.682,False
1383,ECN-CAT-INM-212,Control de Anticuerpos anticardiolipina,1,1.6869,False
1384,ECN-CAT-INM-213,Control de Procalcitonina,1,1.2358,False
1385,ECN-CAT-INM-214,Control de Ferritina,2,1.5584,False
1386,ECN-CAT-INM-215,Control de Troponina I,2,1.2734,False
1387,ECN-CAT-INM-216,Control de Antígeno carcinoembrionario,2,0.5816,False
1388,ECN-CAT-INM-217,Control de Alfafetoproteína,2,1.7254,False
1389,ECN-CAT-INM-218,Control de CA 125,1,1.4648,False
1390,ECN-CAT-INM-219,Control de CA 19-9,1,0.2608,False
1391,ECN-CAT-INM-220,Control de CA 15-3,1,0.823,False
1392,ECN-CAT-INM-221,Control de Antígeno prostático total,1,1.8113,False
1393,ECN-CAT-INM-222,Control de Antígeno prostático libre,2,1.2154,False
1394,ECN-CAT-INM-223,Control de Serología para dengue,2,1.2328,False
1395,ECN-CAT-INM-224,Control de Serología para rubéola,2,0.6222,False
1396,ECN-CAT-INM-225,Control de Serología para toxoplasma,2,2.0343,False
1397,ECN-CAT-INM-226,Confirmación de Proteína C reactiva,1,1.3323,False
1398,ECN-CAT-INM-227,Confirmación de Factor reumatoide,1,0.9085,False
1399,ECN-CAT-INM-228,Confirmación de Antiestreptolisinas O,1,1.3161,False
1400,ECN-CAT-INM-229,Confirmación de Inmunoglobulina A,2,1.2354,False
1401,ECN-CAT-INM-230,Confirmación de Inmunoglobulina G,2,1.2214,False
1402,ECN-CAT-INM-231,Confirmación de Inmunoglobulina M,2,0.6158,False
1403,ECN-CAT-INM-232,Confirmación de Inmunoglobulina E,2,0.7346,False
1404,ECN-CAT-INM-233,Confirmación de Complemento C3,1,1.8787,False
1405,ECN-CAT-INM-234,Confirmación de Complemento C4,1,1.071,False
1406,ECN-CAT-INM-235,Confirmación de Anticuerpos antinucleares,1,0.3494,False
1407,ECN-CAT-INM-236,Confirmación de Anticuerpos anti-DNA,1,0.9972,False
1408,ECN-CAT-INM-237,Confirmación de Anticuerpos anticardiolipina,2,1.1765,False
1409,ECN-CAT-INM-238,Confirmación de Procalcitonina,2,1.2416,False
1410,ECN-CAT-INM-239,Confirmación de Ferritina,2,0.7421,False
1411,ECN-CAT-INM-240,Confirmación de Troponina I,1,1.197,False
1412,ECN-CAT-INM-241,Confirmación de Antígeno carcinoembrionario,1,2.6514,True
1413,ECN-CAT-INM-242,Confirmación de Alfafetoproteína,1,0.443,False
1414,ECN-CAT-INM-243,Confirmación de CA 125,1,0.9371,False
1415,ECN-CAT-INM-244,Confirmación de CA 19-9,2,1.2752,False
1416,ECN-CAT-MIC-126,Determinación de Urocultivo,2,3.4892,True
1417,ECN-CAT-MIC-127,Determinación de Coprocultivo,2,2.5347,False
1418,ECN-CAT-MIC-128,Determinación de Exudado faríngeo,2,3.5142,True
1419,ECN-CAT-MIC-129,Determinación de Exudado nasal,2,2.8235,True
1420,ECN-CAT-MIC-130,Determinación de Exudado vaginal,2,3.0143,True
1421,ECN-CAT-MIC-131,Determinación de Exudado uretral,2,3.0937,True
1422,ECN-CAT-MIC-132,Determinación de Hemocultivo,1,3.3006,True
1423,ECN-CAT-MIC-133,Determinación de Cultivo de esputo,1,3.1185,True
1424,ECN-CAT-MIC-134,Determinación de Cultivo de heridas,2,2.8675,True
1425,ECN-CAT-MIC-135,Determinación de Cultivo de secreciones,2,2.683,False
1426,ECN-CAT-MIC-136,Determinación de Antibiograma,2,2.7156,False
1427,ECN-CAT-MIC-137,Determinación de Tinción de Gram,1,1.2545,False
1428,ECN-CAT-MIC-138,Determinación de Baciloscopía,1,1.0585,False
1429,ECN-CAT-MIC-139,Determinación de Búsqueda de hongos,1,1.6868,False
1430,ECN-CAT-MIC-140,Determinación de Coprológico,1,1.8531,False
1431,ECN-CAT-MIC-141,Determinación de Amiba en fresco,2,1.5532,False
1432,ECN-CAT-MIC-142,Determinación de Sangre oculta en heces,2,1.0223,False
1433,ECN-CAT-MIC-143,Determinación de Rotavirus en heces,2,1.0626,False
1434,ECN-CAT-MIC-144,Determinación de Adenovirus en heces,1,1.3911,False
1435,ECN-CAT-MIC-145,Determinación de Helicobacter pylori,1,1.2564,False
1436,ECN-CAT-MIC-146,Determinación de Clostridioides difficile,1,0.3584,False
1437,ECN-CAT-MIC-147,Determinación de Estreptococo del grupo A,1,1.1322,False
1438,ECN-CAT-MIC-148,Determinación de Salmonella,1,3.8917,True
1439,ECN-CAT-MIC-149,Determinación de Shigella,2,2.9686,True
1440,ECN-CAT-MIC-150,Determinación de Candida albicans,2,3.1129,True
1441,ECN-CAT-MIC-151,Cuantificación de Urocultivo,2,2.7729,True
1442,ECN-CAT-MIC-152,Cuantificación de Coprocultivo,2,2.6883,False
1443,ECN-CAT-MIC-153,Cuantificación de Exudado faríngeo,2,2.9947,True
1444,ECN-CAT-MIC-154,Cuantificación de Exudado nasal,1,2.9372,True
1445,ECN-CAT-MIC-155,Cuantificación de Exudado vaginal,1,3.4229,True
1446,ECN-CAT-MIC-156,Cuantificación de Exudado uretral,2,3.9176,True
1447,ECN-CAT-MIC-157,Cuantificación de Hemocultivo,2,2.7024,False
1448,ECN-CAT-MIC-158,Cuantificación de Cultivo de esputo,2,2.7598,True
1449,ECN-CAT-MIC-159,Cuantificación de Cultivo de heridas,2,2.7295,True
1450,ECN-CAT-MIC-160,Cuantificación de Cultivo de secreciones,2,3.2415,True
1451,ECN-CAT-MIC-161,Cuantificación de Antibiograma,2,3.1094,True
1452,ECN-CAT-MIC-162,Cuantificación de Tinción de Gram,1,1.17,False
1453,ECN-CAT-MIC-163,Cuantificación de Baciloscopía,1,1.3072,False
1454,ECN-CAT-MIC-164,Cuantificación de Búsqueda de hongos,2,2.5927,False
1455,ECN-CAT-MIC-165,Cuantificación de Coprológico,2,1.2707,False
1456,ECN-CAT-MIC-166,Cuantificación de Amiba en fresco,2,1.4785,False
1457,ECN-CAT-MIC-167,Cuantificación de Sangre oculta en heces,1,1.2423,False
1458,ECN-CAT-MIC-168,Cuantificación de Rotavirus en heces,1,0.8878,False
1459,ECN-CAT-MIC-169,Cuantificación de Adenovirus en heces,1,1.0866,False
1460,ECN-CAT-MIC-170,Cuantificación de Helicobacter pylori,1,1.7897,False
1461,ECN-CAT-MIC-171,Cuantificación de Clostridioides difficile,2,1.2894,False
1462,ECN-CAT-MIC-172,Cuantificación de Estreptococo del grupo A,2,2.6193,False
1463,ECN-CAT-MIC-173,Cuantificación de Salmonella,2,2.7023,False
1464,ECN-CAT-MIC-174,Cuantificación de Shigella,2,2.8056,True
1465,ECN-CAT-MIC-175,Cuantificación de Candida albicans,2,3.235,True
1466,ECN-CAT-MIC-176,Evaluación de Urocultivo,2,3.9664,True
1467,ECN-CAT-MIC-177,Evaluación de Coprocultivo,1,3.0467,True
1468,ECN-CAT-MIC-178,Evaluación de Exudado faríngeo,1,3.3598,True
1469,ECN-CAT-MIC-179,Evaluación de Exudado nasal,2,2.8536,True
1470,ECN-CAT-MIC-180,Evaluación de Exudado vaginal,2,3.1744,True
1471,ECN-CAT-MIC-181,Evaluación de Exudado uretral,2,2.9946,True
1472,ECN-CAT-MIC-182,Evaluación de Hemocultivo,2,2.8663,True
1473,ECN-CAT-MIC-183,Evaluación de Cultivo de esputo,2,3.0049,True
1474,ECN-CAT-MIC-184,Evaluación de Cultivo de heridas,1,3.0975,True
1475,ECN-CAT-MIC-185,Evaluación de Cultivo de secreciones,1,3.2266,True
1476,ECN-CAT-MIC-186,Evaluación de Antibiograma,2,3.1969,True
1477,ECN-CAT-MIC-187,Evaluación de Tinción de Gram,2,0.9178,False
1478,ECN-CAT-MIC-188,Evaluación de Baciloscopía,2,1.0211,False
1479,ECN-CAT-MIC-189,Evaluación de Búsqueda de hongos,1,1.5405,False
1480,ECN-CAT-MIC-190,Evaluación de Coprológico,1,1.2285,False
1481,ECN-CAT-MIC-191,Evaluación de Amiba en fresco,1,0.8355,False
1482,ECN-CAT-MIC-192,Evaluación de Sangre oculta en heces,1,2.6686,True
1483,ECN-CAT-MIC-193,Evaluación de Rotavirus en heces,1,1.5837,False
1484,ECN-CAT-MIC-194,Evaluación de Adenovirus en heces,2,1.0865,False
1485,ECN-CAT-MIC-195,Evaluación de Helicobacter pylori,2,0.6478,False
1486,ECN-CAT-MIC-196,Evaluación de Clostridioides difficile,2,1.7925,False
1487,ECN-CAT-MIC-197,Evaluación de Estreptococo del grupo A,1,1.0925,False
1488,ECN-CAT-MIC-198,Evaluación de Salmonella,2,3.096,True
1489,ECN-CAT-MIC-199,Evaluación de Shigella,1,2.9372,True
1490,ECN-CAT-MIC-200,Evaluación de Candida albicans,1,3.4743,True
1491,ECN-CAT-MIC-201,Control de Urocultivo,2,3.2712,True
1492,ECN-CAT-MIC-202,Control de Coprocultivo,2,2.5347,False
1493,ECN-CAT-MIC-203,Control de Exudado faríngeo,2,2.6327,False
1494,ECN-CAT-MIC-204,Control de Exudado nasal,2,2.7165,False
1495,ECN-CAT-MIC-205,Control de Exudado vaginal,2,3.0214,True
1496,ECN-CAT-MIC-206,Control de Exudado uretral,2,3.2568,True
1497,ECN-CAT-MIC-207,Control de Hemocultivo,1,3.8894,True
1498,ECN-CAT-MIC-208,Control de Cultivo de esputo,1,3.9018,True
1499,ECN-CAT-MIC-209,Control de Cultivo de heridas,2,2.9552,True
1500,ECN-CAT-MIC-210,Control de Cultivo de secreciones,2,2.6762,False
1501,ECN-CAT-MIC-211,Control de Antibiograma,2,2.783,True
1502,ECN-CAT-MIC-212,Control de Tinción de Gram,1,1.0264,False
1503,ECN-CAT-MIC-213,Control de Baciloscopía,1,0.3803,False
1504,ECN-CAT-MIC-214,Control de Búsqueda de hongos,1,0.7891,False
1505,ECN-CAT-MIC-215,Control de Coprológico,1,1.0536,False
1506,ECN-CAT-MIC-216,Control de Amiba en fresco,2,1.9121,False
1507,ECN-CAT-MIC-217,Control de Sangre oculta en heces,2,1.36,False
1508,ECN-CAT-MIC-218,Control de Rotavirus en heces,2,0.9343,False
1509,ECN-CAT-MIC-219,Control de Adenovirus en heces,2,2.0536,False
1510,ECN-CAT-MIC-220,Control de Helicobacter pylori,1,1.09,False
1511,ECN-CAT-MIC-221,Control de Clostridioides difficile,1,0.81,False
1512,ECN-CAT-MIC-222,Control de Estreptococo del grupo A,1,0.8279,False
1513,ECN-CAT-MIC-223,Control de Salmonella,1,3.4185,True
1514,ECN-CAT-MIC-224,Control de Shigella,2,3.2828,True
1515,ECN-CAT-MIC-225,Control de Candida albicans,2,2.9492,True
1516,ECN-CAT-MIC-226,Confirmación de Urocultivo,2,2.9157,True
1517,ECN-CAT-MIC-227,Confirmación de Coprocultivo,2,3.142,True
1518,ECN-CAT-MIC-228,Confirmación de Exudado faríngeo,2,3.3307,True
1519,ECN-CAT-MIC-229,Confirmación de Exudado nasal,1,3.1019,True
1520,ECN-CAT-MIC-230,Confirmación de Exudado vaginal,1,3.0514,True
1521,ECN-CAT-MIC-231,Confirmación de Exudado uretral,2,3.1242,True
1522,ECN-CAT-MIC-232,Confirmación de Hemocultivo,2,3.0054,True
1523,ECN-CAT-MIC-233,Confirmación de Cultivo de esputo,2,2.4789,False
1524,ECN-CAT-MIC-234,Confirmación de Cultivo de heridas,2,2.613,False
1525,ECN-CAT-MIC-235,Confirmación de Cultivo de secreciones,2,3.235,True
1526,ECN-CAT-MIC-236,Confirmación de Antibiograma,2,3.1995,True
1527,ECN-CAT-MIC-237,Confirmación de Tinción de Gram,1,1.3922,False
1528,ECN-CAT-MIC-238,Confirmación de Baciloscopía,1,1.2066,False
1529,ECN-CAT-MIC-239,Confirmación de Búsqueda de hongos,2,1.0012,False
1530,ECN-CAT-MIC-240,Confirmación de Coprológico,2,1.6931,False
1531,ECN-CAT-MIC-241,Confirmación de Amiba en fresco,2,0.8449,False
1532,ECN-CAT-MIC-242,Confirmación de Sangre oculta en heces,1,1.3824,False
1533,ECN-CAT-MIC-243,Confirmación de Rotavirus en heces,1,1.6735,False
1534,ECN-CAT-MIC-244,Confirmación de Adenovirus en heces,1,1.6772,False
1535,ECN-CAT-COA-126,Determinación de Tiempo de protrombina,1,1.7948,False
1536,ECN-CAT-COA-127,Determinación de Tiempo de tromboplastina parcial,1,1.3674,False
1537,ECN-CAT-COA-128,Determinación de Tiempo de trombina,2,1.1585,False
1538,ECN-CAT-COA-129,Determinación de Fibrinógeno,2,1.2401,False
1539,ECN-CAT-COA-130,Determinación de Dímero D,2,0.5945,False
1540,ECN-CAT-COA-131,Determinación de INR,1,2.0251,False
1541,ECN-CAT-COA-132,Determinación de Actividad de factor VIII,1,1.1146,False
1542,ECN-CAT-COA-133,Determinación de Actividad de factor IX,1,0.7931,False
1543,ECN-CAT-COA-134,Determinación de Actividad de factor XI,1,0.7336,False
1544,ECN-CAT-COA-135,Determinación de Actividad de factor XII,2,2.061,False
1545,ECN-CAT-COA-136,Determinación de Antitrombina III,2,0.7849,False
1546,ECN-CAT-COA-137,Determinación de Proteína C funcional,2,1.3349,False
1547,ECN-CAT-COA-138,Determinación de Proteína S funcional,2,1.0746,False
1548,ECN-CAT-COA-139,Determinación de Anticoagulante lúpico,1,1.9163,False
1549,ECN-CAT-COA-140,Determinación de Resistencia a proteína C activada,1,1.2109,False
1550,ECN-CAT-COA-141,Determinación de Agregación plaquetaria,1,1.0705,False
1551,ECN-CAT-COA-142,Determinación de Tiempo de sangrado,1,1.2251,False
1552,ECN-CAT-COA-143,Determinación de Tiempo de coagulación,2,1.1402,False
1553,ECN-CAT-COA-144,Determinación de Productos de degradación de fibrina,2,1.2836,False
1554,ECN-CAT-COA-145,Determinación de Factor de von Willebrand,2,0.7131,False
1555,ECN-CAT-COA-146,Determinación de Mezcla de TTPa,1,1.1013,False
1556,ECN-CAT-COA-147,Determinación de Mezcla de TP,1,1.7601,False
1557,ECN-CAT-COA-148,Determinación de Factor V,1,1.0795,False
1558,ECN-CAT-COA-149,Determinación de Factor VII,1,0.6045,False
1559,ECN-CAT-COA-150,Determinación de Factor X,2,1.4182,False
1560,ECN-CAT-COA-151,Cuantificación de Tiempo de protrombina,2,0.9775,False
1561,ECN-CAT-COA-152,Cuantificación de Tiempo de tromboplastina parcial,2,1.3529,False
1562,ECN-CAT-COA-153,Cuantificación de Tiempo de trombina,2,1.1505,False
1563,ECN-CAT-COA-154,Cuantificación de Fibrinógeno,1,0.9192,False
1564,ECN-CAT-COA-155,Cuantificación de Dímero D,1,2.5924,True
1565,ECN-CAT-COA-156,Cuantificación de INR,1,1.2306,False
1566,ECN-CAT-COA-157,Cuantificación de Actividad de factor VIII,1,1.2802,False
1567,ECN-CAT-COA-158,Cuantificación de Actividad de factor IX,2,1.8597,False
1568,ECN-CAT-COA-159,Cuantificación de Actividad de factor XI,2,1.0147,False
1569,ECN-CAT-COA-160,Cuantificación de Actividad de factor XII,2,1.3287,False
1570,ECN-CAT-COA-161,Cuantificación de Antitrombina III,1,1.0356,False
1571,ECN-CAT-COA-162,Cuantificación de Proteína C funcional,1,0.9174,False
1572,ECN-CAT-COA-163,Cuantificación de Proteína S funcional,1,2.5515,False
1573,ECN-CAT-COA-164,Cuantificación de Anticoagulante lúpico,1,1.2175,False
1574,ECN-CAT-COA-165,Cuantificación de Resistencia a proteína C activada,2,1.7574,False
1575,ECN-CAT-COA-166,Cuantificación de Agregación plaquetaria,2,0.8367,False
1576,ECN-CAT-COA-167,Cuantificación de Tiempo de sangrado,2,1.7933,False
1577,ECN-CAT-COA-168,Cuantificación de Tiempo de coagulación,2,1.6666,False
1578,ECN-CAT-COA-169,Cuantificación de Productos de degradación de fibrina,1,0.8603,False
1579,ECN-CAT-COA-170,Cuantificación de Factor de von Willebrand,1,0.4435,False
1580,ECN-CAT-COA-171,Cuantificación de Mezcla de TTPa,1,1.7741,False
1581,ECN-CAT-COA-172,Cuantificación de Mezcla de TP,1,1.1067,False
1582,ECN-CAT-COA-173,Cuantificación de Factor V,2,0.9123,False
1583,ECN-CAT-COA-174,Cuantificación de Factor VII,2,0.627,False
1584,ECN-CAT-COA-175,Cuantificación de Factor X,2,1.7289,False
1585,ECN-CAT-COA-176,Evaluación de Tiempo de protrombina,1,1.6052,False
1586,ECN-CAT-COA-177,Evaluación de Tiempo de tromboplastina parcial,1,0.8724,False
1587,ECN-CAT-COA-178,Evaluación de Tiempo de trombina,1,0.8024,False
1588,ECN-CAT-COA-179,Evaluación de Fibrinógeno,1,1.7811,False
1589,ECN-CAT-COA-180,Evaluación de Dímero D,2,1.2508,False
1590,ECN-CAT-COA-181,Evaluación de INR,2,1.3327,False
1591,ECN-CAT-COA-182,Evaluación de Actividad de factor VIII,2,1.0384,False
1592,ECN-CAT-COA-183,Evaluación de Actividad de factor IX,2,1.9179,False
1593,ECN-CAT-COA-184,Evaluación de Actividad de factor XI,1,1.4552,False
1594,ECN-CAT-COA-185,Evaluación de Actividad de factor XII,1,0.5279,False
1595,ECN-CAT-COA-186,Evaluación de Antitrombina III,1,0.7635,False
1596,ECN-CAT-COA-187,Evaluación de Proteína C funcional,1,2.0297,False
1597,ECN-CAT-COA-188,Evaluación de Proteína S funcional,2,1.4157,False
1598,ECN-CAT-COA-189,Evaluación de Anticoagulante lúpico,2,0.6987,False
1599,ECN-CAT-COA-190,Evaluación de Resistencia a proteína C activada,2,0.8159,False
1600,ECN-CAT-COA-191,Evaluación de Agregación plaquetaria,1,1.9919,False
1601,ECN-CAT-COA-192,Evaluación de Tiempo de sangrado,1,1.2069,False
1602,ECN-CAT-COA-193,Evaluación de Tiempo de coagulación,1,0.2836,False
1603,ECN-CAT-COA-194,Evaluación de Productos de degradación de fibrina,1,0.9009,False
1604,ECN-CAT-COA-195,Evaluación de Factor de von Willebrand,2,1.3943,False
1605,ECN-CAT-COA-196,Evaluación de Mezcla de TTPa,2,1.3196,False
1606,ECN-CAT-COA-197,Evaluación de Mezcla de TP,2,1.3432,False
1607,ECN-CAT-COA-198,Evaluación de Factor V,2,1.3127,False
1608,ECN-CAT-COA-199,Evaluación de Factor VII,1,2.7047,True
1609,ECN-CAT-COA-200,Evaluación de Factor X,1,1.1306,False
1610,ECN-CAT-COA-201,Control de Tiempo de protrombina,1,0.6687,False
1611,ECN-CAT-COA-202,Control de Tiempo de tromboplastina parcial,1,1.0336,False
1612,ECN-CAT-COA-203,Control de Tiempo de trombina,2,1.2301,False
1613,ECN-CAT-COA-204,Control de Fibrinógeno,2,1.2995,False
1614,ECN-CAT-COA-205,Control de Dímero D,2,0.9073,False
1615,ECN-CAT-COA-206,Control de INR,1,1.0681,False
1616,ECN-CAT-COA-207,Control de Actividad de factor VIII,1,1.7372,False
1617,ECN-CAT-COA-208,Control de Actividad de factor IX,1,1.0738,False
1618,ECN-CAT-COA-209,Control de Actividad de factor XI,1,0.9586,False
1619,ECN-CAT-COA-210,Control de Actividad de factor XII,2,1.3173,False
1620,ECN-CAT-COA-211,Control de Antitrombina III,2,1.1387,False
1621,ECN-CAT-COA-212,Control de Proteína C funcional,2,1.354,False
1622,ECN-CAT-COA-213,Control de Proteína S funcional,2,1.2062,False
1623,ECN-CAT-COA-214,Control de Anticoagulante lúpico,1,0.8746,False
1624,ECN-CAT-COA-215,Control de Resistencia a proteína C activada,1,2.5714,False
1625,ECN-CAT-COA-216,Control de Agregación plaquetaria,1,1.2348,False
1626,ECN-CAT-COA-217,Control de Tiempo de sangrado,1,1.499,False
1627,ECN-CAT-COA-218,Control de Tiempo de coagulación,2,1.15,False
1628,ECN-CAT-COA-219,Control de Productos de degradación de fibrina,2,0.9216,False
1629,ECN-CAT-COA-220,Control de Factor de von Willebrand,2,1.2556,False
1630,ECN-CAT-COA-221,Control de Mezcla de TTPa,1,1.3229,False
1631,ECN-CAT-COA-222,Control de Mezcla de TP,1,0.497,False
1632,ECN-CAT-COA-223,Control de Factor V,1,2.5535,False
1633,ECN-CAT-COA-224,Control de Factor VII,1,1.2492,False
1634,ECN-CAT-COA-225,Control de Factor X,2,1.6563,False
1635,ECN-CAT-COA-226,Confirmación de Tiempo de protrombina,2,1.0258,False
1636,ECN-CAT-COA-227,Confirmación de Tiempo de tromboplastina parcial,2,1.0313,False
1637,ECN-CAT-COA-228,Confirmación de Tiempo de trombina,2,1.5354,False
1638,ECN-CAT-COA-229,Confirmación de Fibrinógeno,1,1.2876,False
1639,ECN-CAT-COA-230,Confirmación de Dímero D,1,0.918,False
1640,ECN-CAT-COA-231,Confirmación de INR,1,2.671,True
1641,ECN-CAT-COA-232,Confirmación de Actividad de factor VIII,1,1.5659,False
1642,ECN-CAT-COA-233,Confirmación de Actividad de factor IX,2,1.4157,False
1643,ECN-CAT-COA-234,Confirmación de Actividad de factor XI,2,0.9274,False
1644,ECN-CAT-COA-235,Confirmación de Actividad de factor XII,2,2.5954,False
1645,ECN-CAT-COA-236,Confirmación de Antitrombina III,1,1.4303,False
1646,ECN-CAT-COA-237,Confirmación de Proteína C funcional,1,0.6597,False
1647,ECN-CAT-COA-238,Confirmación de Proteína S funcional,1,0.3098,False
1648,ECN-CAT-COA-239,Confirmación de Anticoagulante lúpico,1,0.9071,False
1649,ECN-CAT-COA-240,Confirmación de Resistencia a proteína C activada,2,1.6285,False
1650,ECN-CAT-COA-241,Confirmación de Agregación plaquetaria,2,1.322,False
1651,ECN-CAT-COA-242,Confirmación de Tiempo de sangrado,2,1.0579,False
1652,ECN-CAT-COA-243,Confirmación de Tiempo de coagulación,2,2.7202,False
1653,ECN-CAT-COA-244,Confirmación de Productos de degradación de fibrina,1,1.4168,False
1654,ECN-CAT-END-126,Determinación de Hormona estimulante de tiroides,1,1.1198,False
1655,ECN-CAT-END-127,Determinación de Tiroxina libre,1,0.6782,False
1656,ECN-CAT-END-128,Determinación de Tiroxina total,1,1.1475,False
1657,ECN-CAT-END-129,Determinación de Triyodotironina libre,1,1.1573,False
1658,ECN-CAT-END-130,Determinación de Triyodotironina total,2,3.4753,True
1659,ECN-CAT-END-131,Determinación de Insulina,2,1.203,False
1660,ECN-CAT-END-132,Determinación de Cortisol,2,0.9047,False
1661,ECN-CAT-END-133,Determinación de Hormona adrenocorticotropa,2,1.8384,False
1662,ECN-CAT-END-134,Determinación de Hormona de crecimiento,1,1.176,False
1663,ECN-CAT-END-135,Determinación de Prolactina,1,0.9307,False
1664,ECN-CAT-END-136,Determinación de Hormona luteinizante,1,1.2994,False
1665,ECN-CAT-END-137,Determinación de Hormona foliculoestimulante,2,2.003,False
1666,ECN-CAT-END-138,Determinación de Estradiol,2,1.7314,False
1667,ECN-CAT-END-139,Determinación de Progesterona,2,1.1149,False
1668,ECN-CAT-END-140,Determinación de Testosterona total,2,1.6253,False
1669,ECN-CAT-END-141,Determinación de Testosterona libre,1,1.8158,False
1670,ECN-CAT-END-142,Determinación de Dehidroepiandrosterona,1,0.9458,False
1671,ECN-CAT-END-143,Determinación de Aldosterona,1,0.8046,False
1672,ECN-CAT-END-144,Determinación de Renina,1,1.2709,False
1673,ECN-CAT-END-145,Determinación de Paratohormona,2,0.9699,False
1674,ECN-CAT-END-146,Determinación de Calcitonina,2,1.692,False
1675,ECN-CAT-END-147,Determinación de Péptido C,2,1.4316,False
1676,ECN-CAT-END-148,Determinación de 17-hidroxiprogesterona,2,1.3001,False
1677,ECN-CAT-END-149,Determinación de Hormona antimülleriana,1,1.1248,False
1678,ECN-CAT-END-150,Determinación de Somatomedina C,1,0.9159,False
1679,ECN-CAT-END-151,Cuantificación de Hormona estimulante de tiroides,1,1.291,False
1680,ECN-CAT-END-152,Cuantificación de Tiroxina libre,2,1.1408,False
1681,ECN-CAT-END-153,Cuantificación de Tiroxina total,2,0.6824,False
1682,ECN-CAT-END-154,Cuantificación de Triyodotironina libre,2,1.6509,False
1683,ECN-CAT-END-155,Cuantificación de Triyodotironina total,2,1.1528,False
1684,ECN-CAT-END-156,Cuantificación de Insulina,1,1.2581,False
1685,ECN-CAT-END-157,Cuantificación de Cortisol,1,1.6899,False
1686,ECN-CAT-END-158,Cuantificación de Hormona adrenocorticotropa,1,1.6761,False
1687,ECN-CAT-END-159,Cuantificación de Hormona de crecimiento,1,1.0806,False
1688,ECN-CAT-END-160,Cuantificación de Prolactina,2,0.9207,False
1689,ECN-CAT-END-161,Cuantificación de Hormona luteinizante,2,0.5971,False
1690,ECN-CAT-END-162,Cuantificación de Hormona foliculoestimulante,2,2.642,False
1691,ECN-CAT-END-163,Cuantificación de Estradiol,2,0.9381,False
1692,ECN-CAT-END-164,Cuantificación de Progesterona,1,1.0755,False
1693,ECN-CAT-END-165,Cuantificación de Testosterona total,1,2.5912,True
1694,ECN-CAT-END-166,Cuantificación de Testosterona libre,1,1.8163,False
1695,ECN-CAT-END-167,Cuantificación de Dehidroepiandrosterona,2,1.487,False
1696,ECN-CAT-END-168,Cuantificación de Aldosterona,2,0.6416,False
1697,ECN-CAT-END-169,Cuantificación de Renina,2,1.6275,False
1698,ECN-CAT-END-170,Cuantificación de Paratohormona,2,1.9485,False
1699,ECN-CAT-END-171,Cuantificación de Calcitonina,1,0.9218,False
1700,ECN-CAT-END-172,Cuantificación de Péptido C,1,1.2275,False
1701,ECN-CAT-END-173,Cuantificación de 17-hidroxiprogesterona,1,0.812,False
1702,ECN-CAT-END-174,Cuantificación de Hormona antimülleriana,1,1.8406,False
1703,ECN-CAT-END-175,Cuantificación de Somatomedina C,2,1.3257,False
1704,ECN-CAT-END-176,Evaluación de Hormona estimulante de tiroides,2,0.5501,False
1705,ECN-CAT-END-177,Evaluación de Tiroxina libre,2,1.1305,False
1706,ECN-CAT-END-178,Evaluación de Tiroxina total,2,1.2136,False
1707,ECN-CAT-END-179,Evaluación de Triyodotironina libre,1,0.9893,False
1708,ECN-CAT-END-180,Evaluación de Triyodotironina total,1,1.2198,False
1709,ECN-CAT-END-181,Evaluación de Insulina,1,1.0763,False
1710,ECN-CAT-END-182,Evaluación de Cortisol,2,2.003,False
1711,ECN-CAT-END-183,Evaluación de Hormona adrenocorticotropa,2,1.2724,False
1712,ECN-CAT-END-184,Evaluación de Hormona de crecimiento,2,0.7286,False
1713,ECN-CAT-END-185,Evaluación de Prolactina,2,1.9809,False
1714,ECN-CAT-END-186,Evaluación de Hormona luteinizante,1,1.0659,False
1715,ECN-CAT-END-187,Evaluación de Hormona foliculoestimulante,1,0.5977,False
1716,ECN-CAT-END-188,Evaluación de Estradiol,1,1.0851,False
1717,ECN-CAT-END-189,Evaluación de Progesterona,1,0.8303,False
1718,ECN-CAT-END-190,Evaluación de Testosterona total,2,1.8739,False
1719,ECN-CAT-END-191,Evaluación de Testosterona libre,2,1.2453,False
1720,ECN-CAT-END-192,Evaluación de Dehidroepiandrosterona,2,1.4316,False
1721,ECN-CAT-END-193,Evaluación de Aldosterona,2,1.2546,False
1722,ECN-CAT-END-194,Evaluación de Renina,1,1.0368,False
1723,ECN-CAT-END-195,Evaluación de Paratohormona,1,0.5493,False
1724,ECN-CAT-END-196,Evaluación de Calcitonina,1,0.7743,False
1725,ECN-CAT-END-197,Evaluación de Péptido C,2,1.1408,False
1726,ECN-CAT-END-198,Evaluación de 17-hidroxiprogesterona,2,1.7482,False
1727,ECN-CAT-END-199,Evaluación de Hormona antimülleriana,2,1.1236,False
1728,ECN-CAT-END-200,Evaluación de Somatomedina C,2,1.1528,False
1729,ECN-CAT-END-201,Control de Hormona estimulante de tiroides,1,1.7873,False
1730,ECN-CAT-END-202,Control de Tiroxina libre,1,0.8869,False
1731,ECN-CAT-END-203,Control de Tiroxina total,1,1.0862,False
1732,ECN-CAT-END-204,Control de Triyodotironina libre,1,1.3672,False
1733,ECN-CAT-END-205,Control de Triyodotironina total,2,0.8948,False
1734,ECN-CAT-END-206,Control de Insulina,2,2.5459,False
1735,ECN-CAT-END-207,Control de Cortisol,2,1.3227,False
1736,ECN-CAT-END-208,Control de Hormona adrenocorticotropa,2,1.4144,False
1737,ECN-CAT-END-209,Control de Hormona de crecimiento,1,1.8774,False
1738,ECN-CAT-END-210,Control de Prolactina,1,0.9092,False
1739,ECN-CAT-END-211,Control de Hormona luteinizante,1,1.2921,False
1740,ECN-CAT-END-212,Control de Hormona foliculoestimulante,2,1.0846,False
1741,ECN-CAT-END-213,Control de Estradiol,2,0.6566,False
1742,ECN-CAT-END-214,Control de Progesterona,2,2.5018,False
1743,ECN-CAT-END-215,Control de Testosterona total,2,1.555,False
1744,ECN-CAT-END-216,Control de Testosterona libre,1,1.1859,False
1745,ECN-CAT-END-217,Control de Dehidroepiandrosterona,1,2.6424,True
1746,ECN-CAT-END-218,Control de Aldosterona,1,1.6817,False
1747,ECN-CAT-END-219,Control de Renina,1,1.4063,False
1748,ECN-CAT-END-220,Control de Paratohormona,2,1.0874,False
1749,ECN-CAT-END-221,Control de Calcitonina,2,0.5675,False
1750,ECN-CAT-END-222,Control de Péptido C,2,2.6343,False
1751,ECN-CAT-END-223,Control de 17-hidroxiprogesterona,2,1.0344,False
1752,ECN-CAT-END-224,Control de Hormona antimülleriana,1,1.3323,False
1753,ECN-CAT-END-225,Control de Somatomedina C,1,0.9787,False
1754,ECN-CAT-END-226,Confirmación de Hormona estimulante de tiroides,1,1.8215,False
1755,ECN-CAT-END-227,Confirmación de Tiroxina libre,2,1.6557,False
1756,ECN-CAT-END-228,Confirmación de Tiroxina total,2,0.9335,False
1757,ECN-CAT-END-229,Confirmación de Triyodotironina libre,2,0.2785,False
1758,ECN-CAT-END-230,Confirmación de Triyodotironina total,2,2.7425,True
1759,ECN-CAT-END-231,Confirmación de Insulina,1,1.3356,False
1760,ECN-CAT-END-232,Confirmación de Cortisol,1,0.9458,False
1761,ECN-CAT-END-233,Confirmación de Hormona adrenocorticotropa,1,0.8122,False
1762,ECN-CAT-END-234,Confirmación de Hormona de crecimiento,1,1.8192,False
1763,ECN-CAT-END-235,Confirmación de Prolactina,2,1.5125,False
1764,ECN-CAT-END-236,Confirmación de Hormona luteinizante,2,0.9645,False
1765,ECN-CAT-END-237,Confirmación de Hormona foliculoestimulante,2,1.8282,False
1766,ECN-CAT-END-238,Confirmación de Estradiol,2,2.703,False
1767,ECN-CAT-END-239,Confirmación de Progesterona,1,0.7333,False
1768,ECN-CAT-END-240,Confirmación de Testosterona total,1,1.166,False
1769,ECN-CAT-END-241,Confirmación de Testosterona libre,1,1.0706,False
1770,ECN-CAT-END-242,Confirmación de Dehidroepiandrosterona,2,2.7714,True
1771,ECN-CAT-END-243,Confirmación de Aldosterona,2,1.3141,False
1772,ECN-CAT-END-244,Confirmación de Renina,2,0.7598,False
1773,ECN-CAT-URO-126,Determinación de Examen general de orina,2,1.6249,False
1774,ECN-CAT-URO-127,Determinación de Microalbúmina en orina,1,1.6272,False
1775,ECN-CAT-URO-128,Determinación de Proteínas en orina,1,1.0509,False
1776,ECN-CAT-URO-129,Determinación de Glucosa en orina,1,1.7533,False
1777,ECN-CAT-URO-130,Determinación de Creatinina en orina,1,1.3291,False
1778,ECN-CAT-URO-131,Determinación de Calcio en orina,2,1.6012,False
1779,ECN-CAT-URO-132,Determinación de Ácido úrico en orina,2,1.1596,False
1780,ECN-CAT-URO-133,Determinación de Sodio en orina,2,0.8918,False
1781,ECN-CAT-URO-134,Determinación de Potasio en orina,2,1.6871,False
1782,ECN-CAT-URO-135,Determinación de Cloro en orina,1,0.6889,False
1783,ECN-CAT-URO-136,Determinación de Fósforo en orina,1,0.2504,False
1784,ECN-CAT-URO-137,Determinación de Magnesio en orina,1,2.5716,False
1785,ECN-CAT-URO-138,Determinación de Urea en orina,1,1.3618,False
1786,ECN-CAT-URO-139,Determinación de Osmolalidad urinaria,2,1.343,False
1787,ECN-CAT-URO-140,Determinación de Depuración de creatinina,2,1.0671,False
1788,ECN-CAT-URO-141,Determinación de Sedimento urinario,2,1.2205,False
1789,ECN-CAT-URO-142,Determinación de Cetonas en orina,2,1.528,False
1790,ECN-CAT-URO-143,Determinación de Hemoglobina en orina,1,0.8877,False
1791,ECN-CAT-URO-144,Determinación de Nitritos en orina,1,0.6627,False
1792,ECN-CAT-URO-145,Determinación de Leucocitos en orina,1,3.543,True
1793,ECN-CAT-URO-146,Determinación de Cristales en orina,2,1.5809,False
1794,ECN-CAT-URO-147,Determinación de Cilindros urinarios,2,1.3807,False
1795,ECN-CAT-URO-148,Determinación de Urobilinógeno en orina,2,0.8726,False
1796,ECN-CAT-URO-149,Determinación de Bilirrubina en orina,2,2.1232,False
1797,ECN-CAT-URO-150,Determinación de Relación albúmina creatinina,1,0.8611,False
1798,ECN-CAT-URO-151,Cuantificación de Examen general de orina,1,0.4051,False
1799,ECN-CAT-URO-152,Cuantificación de Microalbúmina en orina,1,0.4544,False
1800,ECN-CAT-URO-153,Cuantificación de Proteínas en orina,1,1.2464,False
1801,ECN-CAT-URO-154,Cuantificación de Glucosa en orina,2,1.3567,False
1802,ECN-CAT-URO-155,Cuantificación de Creatinina en orina,2,1.36,False
1803,ECN-CAT-URO-156,Cuantificación de Calcio en orina,2,1.2834,False
1804,ECN-CAT-URO-157,Cuantificación de Ácido úrico en orina,2,2.7966,True
1805,ECN-CAT-URO-158,Cuantificación de Sodio en orina,1,1.3108,False
1806,ECN-CAT-URO-159,Cuantificación de Potasio en orina,1,0.9238,False
1807,ECN-CAT-URO-160,Cuantificación de Cloro en orina,1,0.7669,False
1808,ECN-CAT-URO-161,Cuantificación de Fósforo en orina,2,1.4023,False
1809,ECN-CAT-URO-162,Cuantificación de Magnesio en orina,2,1.3962,False
1810,ECN-CAT-URO-163,Cuantificación de Urea en orina,2,1.2196,False
1811,ECN-CAT-URO-164,Cuantificación de Osmolalidad urinaria,1,1.4886,False
1812,ECN-CAT-URO-165,Cuantificación de Depuración de creatinina,1,2.6441,True
1813,ECN-CAT-URO-166,Cuantificación de Sedimento urinario,1,1.0742,False
1814,ECN-CAT-URO-167,Cuantificación de Cetonas en orina,1,0.8753,False
1815,ECN-CAT-URO-168,Cuantificación de Hemoglobina en orina,1,0.8312,False
1816,ECN-CAT-URO-169,Cuantificación de Nitritos en orina,2,1.1617,False
1817,ECN-CAT-URO-170,Cuantificación de Leucocitos en orina,2,1.3907,False
1818,ECN-CAT-URO-171,Cuantificación de Cristales en orina,2,1.3739,False
1819,ECN-CAT-URO-172,Cuantificación de Cilindros urinarios,1,1.3539,False
1820,ECN-CAT-URO-173,Cuantificación de Urobilinógeno en orina,1,2.65,True
1821,ECN-CAT-URO-174,Cuantificación de Bilirrubina en orina,1,1.2093,False
1822,ECN-CAT-URO-175,Cuantificación de Relación albúmina creatinina,1,1.335,False
1823,ECN-CAT-URO-176,Evaluación de Examen general de orina,2,1.3528,False
1824,ECN-CAT-URO-177,Evaluación de Microalbúmina en orina,2,1.0595,False
1825,ECN-CAT-URO-178,Evaluación de Proteínas en orina,2,1.1874,False
1826,ECN-CAT-URO-179,Evaluación de Glucosa en orina,2,1.6749,False
1827,ECN-CAT-URO-180,Evaluación de Creatinina en orina,1,1.0191,False
1828,ECN-CAT-URO-181,Evaluación de Calcio en orina,1,2.5471,False
1829,ECN-CAT-URO-182,Evaluación de Ácido úrico en orina,1,1.1626,False
1830,ECN-CAT-URO-183,Evaluación de Sodio en orina,1,1.3618,False
1831,ECN-CAT-URO-184,Evaluación de Potasio en orina,2,1.0719,False
1832,ECN-CAT-URO-185,Evaluación de Cloro en orina,2,1.0637,False
1833,ECN-CAT-URO-186,Evaluación de Fósforo en orina,2,1.4988,False
1834,ECN-CAT-URO-187,Evaluación de Magnesio en orina,2,1.1928,False
1835,ECN-CAT-URO-188,Evaluación de Urea en orina,1,0.9278,False
1836,ECN-CAT-URO-189,Evaluación de Osmolalidad urinaria,1,1.7606,False
1837,ECN-CAT-URO-190,Evaluación de Depuración de creatinina,1,1.3582,False
1838,ECN-CAT-URO-191,Evaluación de Sedimento urinario,2,1.1768,False
1839,ECN-CAT-URO-192,Evaluación de Cetonas en orina,2,1.1044,False
1840,ECN-CAT-URO-193,Evaluación de Hemoglobina en orina,2,0.902,False
1841,ECN-CAT-URO-194,Evaluación de Nitritos en orina,1,1.7309,False
1842,ECN-CAT-URO-195,Evaluación de Leucocitos en orina,1,0.8893,False
1843,ECN-CAT-URO-196,Evaluación de Cristales en orina,1,0.8533,False
1844,ECN-CAT-URO-197,Evaluación de Cilindros urinarios,1,0.8128,False
1845,ECN-CAT-URO-198,Evaluación de Urobilinógeno en orina,1,1.4037,False
1846,ECN-CAT-URO-199,Evaluación de Bilirrubina en orina,2,1.3244,False
1847,ECN-CAT-URO-200,Evaluación de Relación albúmina creatinina,2,1.0723,False
1848,ECN-CAT-URO-201,Control de Examen general de orina,2,1.2613,False
1849,ECN-CAT-URO-202,Control de Microalbúmina en orina,1,1.2355,False
1850,ECN-CAT-URO-203,Control de Proteínas en orina,1,1.1091,False
1851,ECN-CAT-URO-204,Control de Glucosa en orina,1,0.6242,False
1852,ECN-CAT-URO-205,Control de Creatinina en orina,1,1.8024,False
1853,ECN-CAT-URO-206,Control de Calcio en orina,2,1.6707,False
1854,ECN-CAT-URO-207,Control de Ácido úrico en orina,2,1.3895,False
1855,ECN-CAT-URO-208,Control de Sodio en orina,2,1.742,False
1856,ECN-CAT-URO-209,Control de Potasio en orina,1,2.1064,False
1857,ECN-CAT-URO-210,Control de Cloro en orina,1,1.2929,False
1858,ECN-CAT-URO-211,Control de Fósforo en orina,1,1.0904,False
1859,ECN-CAT-URO-212,Control de Magnesio en orina,1,0.4547,False
1860,ECN-CAT-URO-213,Control de Urea en orina,1,1.8898,False
1861,ECN-CAT-URO-214,Control de Osmolalidad urinaria,2,1.4423,False
1862,ECN-CAT-URO-215,Control de Depuración de creatinina,2,1.3935,False
1863,ECN-CAT-URO-216,Control de Sedimento urinario,2,1.9718,False
1864,ECN-CAT-URO-217,Control de Cetonas en orina,1,2.006,False
1865,ECN-CAT-URO-218,Control de Hemoglobina en orina,1,0.6918,False
1866,ECN-CAT-URO-219,Control de Nitritos en orina,1,1.1774,False
1867,ECN-CAT-URO-220,Control de Leucocitos en orina,1,1.0649,False
1868,ECN-CAT-URO-221,Control de Cristales en orina,2,1.3681,False
1869,ECN-CAT-URO-222,Control de Cilindros urinarios,2,0.8682,False
1870,ECN-CAT-URO-223,Control de Urobilinógeno en orina,2,1.2027,False
1871,ECN-CAT-URO-224,Control de Bilirrubina en orina,2,2.0696,False
1872,ECN-CAT-URO-225,Control de Relación albúmina creatinina,1,1.7919,False
1873,ECN-CAT-URO-226,Confirmación de Examen general de orina,1,1.0649,False
1874,ECN-CAT-URO-227,Confirmación de Microalbúmina en orina,1,0.5048,False
1875,ECN-CAT-URO-228,Confirmación de Proteínas en orina,1,1.2536,False
1876,ECN-CAT-URO-229,Confirmación de Glucosa en orina,2,1.8259,False
1877,ECN-CAT-URO-230,Confirmación de Creatinina en orina,2,0.8176,False
1878,ECN-CAT-URO-231,Confirmación de Calcio en orina,2,1.485,False
1879,ECN-CAT-URO-232,Confirmación de Ácido úrico en orina,2,1.3485,False
1880,ECN-CAT-URO-233,Confirmación de Sodio en orina,1,1.0989,False
1881,ECN-CAT-URO-234,Confirmación de Potasio en orina,1,1.2138,False
1882,ECN-CAT-URO-235,Confirmación de Cloro en orina,1,0.8583,False
1883,ECN-CAT-URO-236,Confirmación de Fósforo en orina,2,1.3707,False
1884,ECN-CAT-URO-237,Confirmación de Magnesio en orina,2,1.1442,False
1885,ECN-CAT-URO-238,Confirmación de Urea en orina,2,1.2572,False
1886,ECN-CAT-URO-239,Confirmación de Osmolalidad urinaria,2,1.3216,False
1887,ECN-CAT-URO-240,Confirmación de Depuración de creatinina,1,1.1542,False
1888,ECN-CAT-URO-241,Confirmación de Sedimento urinario,1,0.8598,False
1889,ECN-CAT-URO-242,Confirmación de Cetonas en orina,1,1.1059,False
1890,ECN-CAT-URO-243,Confirmación de Hemoglobina en orina,1,1.0865,False
1891,ECN-CAT-URO-244,Confirmación de Nitritos en orina,2,1.7765,False
1892,ECN-CAT-MOL-126,Determinación de Detección molecular de SARS-CoV-2,2,2.0262,False
1893,ECN-CAT-MOL-127,Determinación de Virus de influenza A,2,1.6425,False
1894,ECN-CAT-MOL-128,Determinación de Virus de influenza B,2,2.7793,True
1895,ECN-CAT-MOL-129,Determinación de Virus del papiloma humano,2,1.6666,False
1896,ECN-CAT-MOL-130,Determinación de Virus de hepatitis B,2,1.651,False
1897,ECN-CAT-MOL-131,Determinación de Virus de hepatitis C,2,1.9436,False
1898,ECN-CAT-MOL-132,Determinación de Virus de Epstein-Barr,1,2.2992,False
1899,ECN-CAT-MOL-133,Determinación de Citomegalovirus,2,2.2232,False
1900,ECN-CAT-MOL-134,Determinación de Virus herpes simple 1,2,1.6661,False
1901,ECN-CAT-MOL-135,Determinación de Virus herpes simple 2,2,1.2629,False
1902,ECN-CAT-MOL-136,Determinación de Chlamydia trachomatis,2,2.7849,True
1903,ECN-CAT-MOL-137,Determinación de Neisseria gonorrhoeae,2,1.6474,False
1904,ECN-CAT-MOL-138,Determinación de Mycobacterium tuberculosis,2,2.1491,False
1905,ECN-CAT-MOL-139,Determinación de Bordetella pertussis,1,3.0689,True
1906,ECN-CAT-MOL-140,Determinación de Parvovirus B19,1,1.8269,False
1907,ECN-CAT-MOL-141,Determinación de Dengue por PCR,2,2.2017,False
1908,ECN-CAT-MOL-142,Determinación de Zika por PCR,2,1.6122,False
1909,ECN-CAT-MOL-143,Determinación de Chikungunya por PCR,2,1.1468,False
1910,ECN-CAT-MOL-144,Determinación de Panel respiratorio molecular,2,2.7465,True
1911,ECN-CAT-MOL-145,Determinación de Panel gastrointestinal molecular,2,1.7463,False
1912,ECN-CAT-MOL-146,Determinación de Trombofilia hereditaria,2,1.8032,False
1913,ECN-CAT-MOL-147,Determinación de Mutación JAK2,1,1.8943,False
1914,ECN-CAT-MOL-148,Determinación de BCR-ABL cuantitativo,2,2.6906,False
1915,ECN-CAT-MOL-149,Determinación de HLA-B27,2,2.1007,False
1916,ECN-CAT-MOL-150,Determinación de Carga viral cuantitativa,2,1.3837,False
1917,ECN-CAT-MOL-151,Cuantificación de Detección molecular de SARS-CoV-2,2,1.2628,False
1918,ECN-CAT-MOL-152,Cuantificación de Virus de influenza A,2,3.5676,True
1919,ECN-CAT-MOL-153,Cuantificación de Virus de influenza B,2,2.1096,False
1920,ECN-CAT-MOL-154,Cuantificación de Virus del papiloma humano,1,2.0092,False
1921,ECN-CAT-MOL-155,Cuantificación de Virus de hepatitis B,1,1.757,False
1922,ECN-CAT-MOL-156,Cuantificación de Virus de hepatitis C,2,3.27,True
1923,ECN-CAT-MOL-157,Cuantificación de Virus de Epstein-Barr,2,2.0587,False
1924,ECN-CAT-MOL-158,Cuantificación de Citomegalovirus,2,1.5521,False
1925,ECN-CAT-MOL-159,Cuantificación de Virus herpes simple 1,2,1.4065,False
1926,ECN-CAT-MOL-160,Cuantificación de Virus herpes simple 2,2,1.6608,False
1927,ECN-CAT-MOL-161,Cuantificación de Chlamydia trachomatis,1,2.1292,False
1928,ECN-CAT-MOL-162,Cuantificación de Neisseria gonorrhoeae,1,1.6429,False
1929,ECN-CAT-MOL-163,Cuantificación de Mycobacterium tuberculosis,2,2.1754,False
1930,ECN-CAT-MOL-164,Cuantificación de Bordetella pertussis,2,2.9719,True
1931,ECN-CAT-MOL-165,Cuantificación de Parvovirus B19,2,1.7155,False
1932,ECN-CAT-MOL-166,Cuantificación de Dengue por PCR,2,1.3902,False
1933,ECN-CAT-MOL-167,Cuantificación de Zika por PCR,2,1.371,False
1934,ECN-CAT-MOL-168,Cuantificación de Chikungunya por PCR,1,3.0651,True
1935,ECN-CAT-MOL-169,Cuantificación de Panel respiratorio molecular,1,1.8491,False
1936,ECN-CAT-MOL-170,Cuantificación de Panel gastrointestinal molecular,1,1.7801,False
1937,ECN-CAT-MOL-171,Cuantificación de Trombofilia hereditaria,2,2.1958,False
1938,ECN-CAT-MOL-172,Cuantificación de Mutación JAK2,2,3.0343,True
1939,ECN-CAT-MOL-173,Cuantificación de BCR-ABL cuantitativo,2,1.664,False
1940,ECN-CAT-MOL-174,Cuantificación de HLA-B27,2,1.4738,False
1941,ECN-CAT-MOL-175,Cuantificación de Carga viral cuantitativa,2,2.1886,False
1942,ECN-CAT-MOL-176,Evaluación de Detección molecular de SARS-CoV-2,2,1.8624,False
1943,ECN-CAT-MOL-177,Evaluación de Virus de influenza A,1,1.8051,False
1944,ECN-CAT-MOL-178,Evaluación de Virus de influenza B,2,2.1038,False
1945,ECN-CAT-MOL-179,Evaluación de Virus del papiloma humano,2,1.5911,False
1946,ECN-CAT-MOL-180,Evaluación de Virus de hepatitis B,2,2.7686,True
1947,ECN-CAT-MOL-181,Evaluación de Virus de hepatitis C,2,1.5432,False
1948,ECN-CAT-MOL-182,Evaluación de Virus de Epstein-Barr,2,1.4244,False
1949,ECN-CAT-MOL-183,Evaluación de Citomegalovirus,2,1.9806,False
1950,ECN-CAT-MOL-184,Evaluación de Virus herpes simple 1,1,1.8791,False
1951,ECN-CAT-MOL-185,Evaluación de Virus herpes simple 2,1,1.9666,False
1952,ECN-CAT-MOL-186,Evaluación de Chlamydia trachomatis,2,1.9124,False
1953,ECN-CAT-MOL-187,Evaluación de Neisseria gonorrhoeae,2,1.5643,False
1954,ECN-CAT-MOL-188,Evaluación de Mycobacterium tuberculosis,2,2.7539,True
1955,ECN-CAT-MOL-189,Evaluación de Bordetella pertussis,2,1.6778,False
1956,ECN-CAT-MOL-190,Evaluación de Parvovirus B19,2,1.8732,False
1957,ECN-CAT-MOL-191,Evaluación de Dengue por PCR,1,1.7299,False
1958,ECN-CAT-MOL-192,Evaluación de Zika por PCR,1,1.8063,False
1959,ECN-CAT-MOL-193,Evaluación de Chikungunya por PCR,2,2.2304,False
1960,ECN-CAT-MOL-194,Evaluación de Panel respiratorio molecular,2,1.9663,False
1961,ECN-CAT-MOL-195,Evaluación de Panel gastrointestinal molecular,2,1.1497,False
1962,ECN-CAT-MOL-196,Evaluación de Trombofilia hereditaria,2,2.7333,True
1963,ECN-CAT-MOL-197,Evaluación de Mutación JAK2,2,1.6692,False
1964,ECN-CAT-MOL-198,Evaluación de BCR-ABL cuantitativo,1,2.1179,False
1965,ECN-CAT-MOL-199,Evaluación de HLA-B27,1,1.8269,False
1966,ECN-CAT-MOL-200,Evaluación de Carga viral cuantitativa,1,3.0153,True
1967,ECN-CAT-MOL-201,Control de Detección molecular de SARS-CoV-2,2,2.2667,False
1968,ECN-CAT-MOL-202,Control de Virus de influenza A,2,1.8845,False
1969,ECN-CAT-MOL-203,Control de Virus de influenza B,2,1.4234,False
1970,ECN-CAT-MOL-204,Control de Virus del papiloma humano,2,2.7768,True
1971,ECN-CAT-MOL-205,Control de Virus de hepatitis B,2,1.8486,False
1972,ECN-CAT-MOL-206,Control de Virus de hepatitis C,1,1.9857,False
1973,ECN-CAT-MOL-207,Control de Virus de Epstein-Barr,1,2.319,False
1974,ECN-CAT-MOL-208,Control de Citomegalovirus,2,2.1754,False
1975,ECN-CAT-MOL-209,Control de Virus herpes simple 1,2,2.0076,False
1976,ECN-CAT-MOL-210,Control de Virus herpes simple 2,2,2.1081,False
1977,ECN-CAT-MOL-211,Control de Chlamydia trachomatis,2,1.2503,False
1978,ECN-CAT-MOL-212,Control de Neisseria gonorrhoeae,2,1.515,False
1979,ECN-CAT-MOL-213,Control de Mycobacterium tuberculosis,1,2.1015,False
1980,ECN-CAT-MOL-214,Control de Bordetella pertussis,1,1.9644,False
1981,ECN-CAT-MOL-215,Control de Parvovirus B19,1,2.3011,False
1982,ECN-CAT-MOL-216,Control de Dengue por PCR,2,3.1014,True
1983,ECN-CAT-MOL-217,Control de Zika por PCR,2,1.994,False
1984,ECN-CAT-MOL-218,Control de Chikungunya por PCR,2,1.2808,False
1985,ECN-CAT-MOL-219,Control de Panel respiratorio molecular,2,1.438,False
1986,ECN-CAT-MOL-220,Control de Panel gastrointestinal molecular,2,2.1295,False
1987,ECN-CAT-MOL-221,Control de Trombofilia hereditaria,2,2.1282,False
1988,ECN-CAT-MOL-222,Control de Mutación JAK2,1,1.9513,False
1989,ECN-CAT-MOL-223,Control de BCR-ABL cuantitativo,2,2.1327,False
1990,ECN-CAT-MOL-224,Control de HLA-B27,2,2.9329,True
1991,ECN-CAT-MOL-225,Control de Carga viral cuantitativa,2,1.6652,False
1992,ECN-CAT-MOL-226,Confirmación de Detección molecular de SARS-CoV-2,2,1.8912,False
1993,ECN-CAT-MOL-227,Confirmación de Virus de influenza A,2,1.2808,False
1994,ECN-CAT-MOL-228,Confirmación de Virus de influenza B,2,1.9382,False
1995,ECN-CAT-MOL-229,Confirmación de Virus del papiloma humano,1,1.7894,False
1996,ECN-CAT-MOL-230,Confirmación de Virus de hepatitis B,1,1.6734,False
1997,ECN-CAT-MOL-231,Confirmación de Virus de hepatitis C,2,2.4706,False
1998,ECN-CAT-MOL-232,Confirmación de Virus de Epstein-Barr,2,2.9044,True
1999,ECN-CAT-MOL-233,Confirmación de Citomegalovirus,2,1.6526,False
2000,ECN-CAT-MOL-234,Confirmación de Virus herpes simple 1,2,1.2778,False
2001,ECN-CAT-MOL-235,Confirmación de Virus herpes simple 2,2,1.651,False
2002,ECN-CAT-MOL-236,Confirmación de Chlamydia trachomatis,2,1.9749,False
2003,ECN-CAT-MOL-237,Confirmación de Neisseria gonorrhoeae,1,1.6995,False
2004,ECN-CAT-MOL-238,Confirmación de Mycobacterium tuberculosis,2,2.2476,False
2005,ECN-CAT-MOL-239,Confirmación de Bordetella pertussis,2,1.9308,False
2006,ECN-CAT-MOL-240,Confirmación de Parvovirus B19,2,2.0294,False
2007,ECN-CAT-MOL-241,Confirmación de Dengue por PCR,2,1.4731,False
2008,ECN-CAT-MOL-242,Confirmación de Zika por PCR,2,1.4971,False
2009,ECN-CAT-MOL-243,Confirmación de Chikungunya por PCR,2,1.9321,False
2010,ECN-CAT-MOL-244,Confirmación de Panel respiratorio molecular,1,1.778,False
