study_id,study_code,study_name,is_synthetic,type,method,parameter_count,duration_minutes,sample_type,requires_special_processing,normal_price
1,GLU-001,GLUCOSA,false,study,sin_metodo,0,60,unknown,,110.00
2,BH01,BIOMETRIA HEMATICA,false,study,AUTOMATIZADO,0,30,unknown,,180.00
3,QS06,QUIMICA SANGUINEA 6 ELEMENTOS,false,study,ESPECTROFOTOMETRIA,0,45,unknown,,220.00
4,QS12,QUIMICA SANGUINEA 12 ELEMENTOS,false,study,ESPECTROFOTOMETRIA,0,60,unknown,,350.00
5,GLU01,GLUCOSA,false,study,ENZIMATICO,0,15,unknown,,80.00
6,HBA1C,Hemoglobina glucosilada HbA1c,false,study,Inmunoturbidimetría,0,90,unknown,,280.00
7,COL01,COLESTEROL TOTAL,false,study,ENZIMATICO,0,20,unknown,,90.00
8,TRI01,TRIGLICERIDOS,false,study,ENZIMATICO,0,20,unknown,,90.00
9,PL01,PERFIL LIPIDICO,false,study,ENZIMATICO,0,40,unknown,,260.00
10,EGO01,EXAMEN GENERAL DE ORINA,false,study,MICROSCOPIA,0,25,unknown,,120.00
11,UROC01,UROCULTIVO,false,study,CULTIVO,0,48,unknown,,280.00
12,CREA01,CREATININA,false,study,ENZIMATICO,0,15,unknown,,85.00
13,UREA01,UREA,false,study,ENZIMATICO,0,15,unknown,,85.00
14,AU01,ACIDO URICO,false,study,ENZIMATICO,0,15,unknown,,85.00
15,HCG01,PRUEBA DE EMBARAZO,false,study,INMUNOENSAYO,0,15,unknown,,120.00
16,TSH01,TSH,false,study,INMUNOENSAYO,0,30,unknown,,220.00
17,T301,T3,false,study,INMUNOENSAYO,0,30,unknown,,200.00
18,T401,T4,false,study,INMUNOENSAYO,0,30,unknown,,200.00
19,PT01,PROTEINAS TOTALES,false,study,COLORIMETRIA,0,20,unknown,,90.00
20,ALB01,ALBUMINA,false,study,COLORIMETRIA,0,20,unknown,,90.00
21,BILI01,BILIRRUBINA TOTAL,false,study,COLORIMETRIA,0,20,unknown,,100.00
22,TGO01,TGO,false,study,ENZIMATICO,0,20,unknown,,110.00
23,TGP01,TGP,false,study,ENZIMATICO,0,20,unknown,,110.00
29,PCR01,PCR,false,study,INMUNOENSAYO,0,25,unknown,,150.00
30,VDRL01,VDRL,false,study,AGLUTINACION,0,25,unknown,,160.00
31,VIH01,VIH,false,study,ELISA,0,30,unknown,,320.00
32,GLU-PP01,Glucosa posprandial,false,study,Enzimático colorimétrico,0,60,serum,false,110.00
33,INS-AY01,Insulina sérica en ayuno,false,study,Quimioluminiscencia,0,120,serum,false,390.00
35,QS003,Química sanguínea de 3 elementos,false,study,Espectrofotometría,3,60,serum,false,190.00
36,DDIM01,Dímero D cuantitativo,false,study,Inmunoturbidimetría,0,120,plasma,true,420.00
37,EXFAR01,Cultivo de exudado faríngeo,false,study,Cultivo microbiológico,0,2880,swab,true,360.00
38,COVPCR01,Detección de SARS-CoV-2 por RT-PCR,false,study,RT-PCR,0,1440,swab,true,950.00
39,BH001,Biometría hemática completa,false,study,Citometría / hematología automatizada,0,60,unknown,,180.00
40,QS006,Química sanguínea de 6 elementos,false,study,Espectrofotometría,0,60,unknown,,260.00
41,QS012,Química sanguínea de 12 elementos,false,study,Espectrofotometría,0,90,unknown,,420.00
42,GLU001,Glucosa en sangre,false,study,Enzimático colorimétrico,0,45,unknown,,80.00
44,PL001,Perfil lipídico,false,study,Espectrofotometría,0,60,unknown,,250.00
45,EGO001,Examen general de orina,false,study,Tira reactiva y microscopía,0,45,unknown,,120.00
46,UROCUL,Urocultivo,false,study,Cultivo microbiológico,0,2880,unknown,,380.00
47,HCG001,Prueba de embarazo en sangre,false,study,Inmunoensayo,0,60,unknown,,180.00
48,PH001,Perfil hepático,false,study,Espectrofotometría,0,90,unknown,,390.00
49,PT001,Perfil tiroideo T3 T4 TSH,false,study,Quimioluminiscencia,0,120,unknown,,520.00
50,PSA001,Antígeno prostático específico PSA,false,study,Quimioluminiscencia,0,120,unknown,,360.00
51,GRH001,Grupo sanguíneo y factor RH,false,study,Hemaglutinación,0,45,unknown,,130.00
52,COP001,Coprológico general,false,study,Microscopía,0,60,unknown,,140.00
53,RF001,Reacciones febriles,false,study,Aglutinación,0,90,unknown,,220.00
54,TP001,Tiempo de protrombina TP,false,study,Coagulometría,0,60,unknown,,180.00
55,TPT001,Tiempo parcial de tromboplastina TPT,false,study,Coagulometría,0,60,unknown,,180.00
59,ECN-CAT-QC-001,Determinación de Glucosa,true,study,ENZIMÁTICO,8,60,serum,false,310.00
60,ECN-CAT-HEM-001,Determinación de Biometría hemática,true,study,IMPEDANCIA,15,105,blood,false,500.00
61,ECN-CAT-INM-001,Determinación de Proteína C reactiva,true,study,INMUNOENSAYO,22,165,serum,false,690.00
62,ECN-CAT-MIC-001,Determinación de Urocultivo,true,study,CULTIVO,29,855,urine,true,940.00
63,ECN-CAT-COA-001,Determinación de Tiempo de protrombina,true,study,COAGULOMETRÍA,6,75,plasma,false,360.00
64,ECN-CAT-END-001,Determinación de Hormona estimulante de tiroides,true,study,INMUNOENSAYO,13,135,serum,false,540.00
65,ECN-CAT-URO-001,Determinación de Examen general de orina,true,study,TIRA REACTIVA,20,105,urine,false,610.00
66,ECN-CAT-MOL-001,Determinación de Detección molecular de SARS-CoV-2,true,study,RT-PCR,27,435,swab,true,1160.00
67,ECN-CAT-QC-002,Determinación de Urea,true,study,ESPECTROFOTOMETRÍA,4,60,plasma,false,240.00
68,ECN-CAT-HEM-002,Determinación de Hemoglobina,true,study,CITOMETRÍA,11,135,blood,false,500.00
69,ECN-CAT-INM-002,Determinación de Factor reumatoide,true,study,ELISA,18,180,serum,false,680.00
70,ECN-CAT-MIC-002,Determinación de Coprocultivo,true,study,CULTIVO,25,840,stool,true,840.00
71,ECN-CAT-COA-002,Determinación de Tiempo de tromboplastina parcial,true,study,COAGULOMETRÍA,2,60,plasma,false,260.00
72,ECN-CAT-END-002,Determinación de Tiroxina libre,true,study,QUIMIOLUMINISCENCIA,9,180,plasma,false,500.00
73,ECN-CAT-URO-002,Determinación de Microalbúmina en orina,true,study,MICROSCOPÍA,16,135,urine,false,590.00
74,ECN-CAT-MOL-002,Determinación de Virus de influenza A,true,study,RT-PCR,23,420,swab,true,1060.00
75,ECN-CAT-QC-003,Determinación de Creatinina,true,study,COLORIMETRÍA,30,150,serum,true,780.00
76,ECN-CAT-HEM-003,Determinación de Hematocrito,true,study,MICROSCOPÍA,7,90,blood,false,290.00
77,ECN-CAT-INM-003,Determinación de Antiestreptolisinas O,true,study,QUIMIOLUMINISCENCIA,14,195,serum,false,610.00
78,ECN-CAT-MIC-003,Determinación de Exudado faríngeo,true,study,CULTIVO,21,810,swab,false,740.00
79,ECN-CAT-COA-003,Determinación de Tiempo de trombina,true,study,COAGULOMETRÍA,28,165,plasma,true,820.00
80,ECN-CAT-END-003,Determinación de Tiroxina total,true,study,ELISA,5,135,serum,false,430.00
81,ECN-CAT-URO-003,Determinación de Proteínas en orina,true,study,COLORIMETRÍA,12,75,urine,false,480.00
82,ECN-CAT-MOL-003,Determinación de Virus de influenza B,true,study,RT-PCR,19,405,swab,true,960.00
83,ECN-CAT-QC-004,Determinación de Ácido úrico,true,study,ENZIMÁTICO,26,135,plasma,true,680.00
84,ECN-CAT-HEM-004,Determinación de Eritrocitos,true,study,IMPEDANCIA,3,45,blood,false,260.00
85,ECN-CAT-INM-004,Determinación de Inmunoglobulina A,true,study,INMUNOENSAYO,10,120,serum,false,450.00
86,ECN-CAT-MIC-004,Determinación de Exudado nasal,true,study,CULTIVO,17,795,swab,true,640.00
87,ECN-CAT-COA-004,Determinación de Fibrinógeno,true,study,COAGULOMETRÍA,24,165,plasma,false,730.00
88,ECN-CAT-END-004,Determinación de Triyodotironina libre,true,study,INMUNOENSAYO,1,75,plasma,false,300.00
89,ECN-CAT-URO-004,Determinación de Glucosa en orina,true,study,TIRA REACTIVA,8,60,urine,false,370.00
90,ECN-CAT-MOL-004,Determinación de Virus del papiloma humano,true,study,PCR,15,435,swab,true,830.00
91,ECN-CAT-QC-005,Determinación de Colesterol total,true,study,ESPECTROFOTOMETRÍA,22,135,serum,false,660.00
92,ECN-CAT-HEM-005,Determinación de Leucocitos,true,study,CITOMETRÍA,29,195,blood,true,920.00
93,ECN-CAT-INM-005,Determinación de Inmunoglobulina G,true,study,ELISA,6,135,serum,false,380.00
94,ECN-CAT-MIC-005,Determinación de Exudado vaginal,true,study,CULTIVO,13,780,swab,false,550.00
95,ECN-CAT-COA-005,Determinación de Dímero D,true,study,COAGULOMETRÍA,20,150,plasma,false,680.00
96,ECN-CAT-END-005,Determinación de Triyodotironina total,true,study,QUIMIOLUMINISCENCIA,27,240,serum,true,920.00
97,ECN-CAT-URO-005,Determinación de Creatinina en orina,true,study,MICROSCOPÍA,4,90,urine,false,290.00
98,ECN-CAT-MOL-005,Determinación de Virus de hepatitis B,true,study,PCR,11,420,plasma,true,730.00
99,ECN-CAT-QC-006,Determinación de Triglicéridos,true,study,COLORIMETRÍA,18,105,plasma,false,540.00
100,ECN-CAT-HEM-006,Determinación de Plaquetas,true,study,MICROSCOPÍA,25,165,blood,true,700.00
101,ECN-CAT-INM-006,Determinación de Inmunoglobulina M,true,study,QUIMIOLUMINISCENCIA,2,150,serum,false,320.00
102,ECN-CAT-MIC-006,Determinación de Exudado uretral,true,study,CULTIVO,9,765,swab,false,500.00
103,ECN-CAT-COA-006,Determinación de INR,true,study,COAGULOMETRÍA,16,135,plasma,false,580.00
104,ECN-CAT-END-006,Determinación de Insulina,true,study,ELISA,23,195,plasma,false,790.00
105,ECN-CAT-URO-006,Determinación de Calcio en orina,true,study,COLORIMETRÍA,30,150,urine,true,840.00
106,ECN-CAT-MOL-006,Determinación de Virus de hepatitis C,true,study,PCR,7,405,plasma,true,690.00
107,ECN-CAT-QC-007,Determinación de Bilirrubina total,true,study,ENZIMÁTICO,14,90,serum,false,430.00
108,ECN-CAT-HEM-007,Determinación de Reticulocitos,true,study,IMPEDANCIA,21,135,blood,false,630.00
109,ECN-CAT-INM-007,Determinación de Inmunoglobulina E,true,study,INMUNOENSAYO,28,195,serum,true,820.00
110,ECN-CAT-MIC-007,Determinación de Hemocultivo,true,study,CULTIVO,5,750,blood,false,400.00
111,ECN-CAT-COA-007,Determinación de Actividad de factor VIII,true,study,COAGULOMETRÍA,12,120,plasma,false,480.00
112,ECN-CAT-END-007,Determinación de Cortisol,true,study,INMUNOENSAYO,19,150,serum,false,660.00
113,ECN-CAT-URO-007,Determinación de Ácido úrico en orina,true,study,TIRA REACTIVA,26,120,urine,true,780.00
114,ECN-CAT-MOL-007,Determinación de Virus de Epstein-Barr,true,study,PCR,3,390,blood,true,590.00
115,ECN-CAT-QC-008,Determinación de Bilirrubina directa,true,study,ESPECTROFOTOMETRÍA,10,75,plasma,false,370.00
116,ECN-CAT-HEM-008,Determinación de Volumen corpuscular medio,true,study,CITOMETRÍA,17,165,blood,false,630.00
117,ECN-CAT-INM-008,Determinación de Complemento C3,true,study,ELISA,24,195,serum,false,800.00
118,ECN-CAT-MIC-008,Determinación de Cultivo de esputo,true,study,CULTIVO,1,735,other,true,300.00
119,ECN-CAT-COA-008,Determinación de Actividad de factor IX,true,study,COAGULOMETRÍA,8,105,plasma,false,380.00
120,ECN-CAT-END-008,Determinación de Hormona adrenocorticotropa,true,study,QUIMIOLUMINISCENCIA,15,195,plasma,false,680.00
121,ECN-CAT-URO-008,Determinación de Sodio en orina,true,study,MICROSCOPÍA,22,150,urine,false,710.00
122,ECN-CAT-MOL-008,Determinación de Citomegalovirus,true,study,PCR,29,495,blood,true,1150.00
123,ECN-CAT-QC-009,Determinación de Alanina aminotransferasa,true,study,COLORIMETRÍA,6,60,serum,false,250.00
124,ECN-CAT-HEM-009,Determinación de Hemoglobina corpuscular media,true,study,MICROSCOPÍA,13,135,blood,false,460.00
125,ECN-CAT-INM-009,Determinación de Complemento C4,true,study,QUIMIOLUMINISCENCIA,20,210,serum,false,730.00
126,ECN-CAT-MIC-009,Determinación de Cultivo de heridas,true,study,CULTIVO,27,840,swab,true,860.00
127,ECN-CAT-COA-009,Determinación de Actividad de factor XI,true,study,COAGULOMETRÍA,4,75,plasma,false,290.00
128,ECN-CAT-END-009,Determinación de Hormona de crecimiento,true,study,ELISA,11,150,serum,false,550.00
129,ECN-CAT-URO-009,Determinación de Potasio en orina,true,study,COLORIMETRÍA,18,120,urine,false,600.00
130,ECN-CAT-MOL-009,Determinación de Virus herpes simple 1,true,study,PCR,25,480,swab,true,1050.00
131,ECN-CAT-QC-010,Determinación de Aspartato aminotransferasa,true,study,ENZIMÁTICO,2,30,plasma,false,190.00
132,ECN-CAT-HEM-010,Determinación de Concentración media de hemoglobina,true,study,IMPEDANCIA,9,90,blood,false,380.00
133,ECN-CAT-INM-010,Determinación de Anticuerpos antinucleares,true,study,INMUNOENSAYO,16,135,serum,false,570.00
134,ECN-CAT-MIC-010,Determinación de Cultivo de secreciones,true,study,CULTIVO,23,825,swab,false,770.00
135,ECN-CAT-COA-010,Determinación de Actividad de factor XII,true,study,COAGULOMETRÍA,30,180,plasma,true,900.00
136,ECN-CAT-END-010,Determinación de Prolactina,true,study,INMUNOENSAYO,7,105,plasma,false,420.00
137,ECN-CAT-URO-010,Determinación de Cloro en orina,true,study,TIRA REACTIVA,14,90,urine,false,490.00
138,ECN-CAT-MOL-010,Determinación de Virus herpes simple 2,true,study,PCR,21,465,swab,true,960.00
139,ECN-CAT-QC-011,Determinación de Fosfatasa alcalina,true,study,ESPECTROFOTOMETRÍA,28,150,serum,true,780.00
140,ECN-CAT-HEM-011,Determinación de Ancho de distribución eritrocitaria,true,study,CITOMETRÍA,5,120,blood,false,380.00
141,ECN-CAT-INM-011,Determinación de Anticuerpos anti-DNA,true,study,ELISA,12,150,serum,false,510.00
142,ECN-CAT-MIC-011,Determinación de Antibiograma,true,study,CULTIVO,19,795,other,false,720.00
143,ECN-CAT-COA-011,Determinación de Antitrombina III,true,study,COAGULOMETRÍA,26,165,plasma,true,800.00
144,ECN-CAT-END-011,Determinación de Hormona luteinizante,true,study,QUIMIOLUMINISCENCIA,3,135,serum,false,380.00
145,ECN-CAT-URO-011,Determinación de Fósforo en orina,true,study,MICROSCOPÍA,10,120,urine,false,420.00
146,ECN-CAT-MOL-011,Determinación de Chlamydia trachomatis,true,study,PCR,17,450,swab,true,910.00
147,ECN-CAT-QC-012,Determinación de Gamma glutamil transferasa,true,study,COLORIMETRÍA,24,120,plasma,false,660.00
148,ECN-CAT-HEM-012,Determinación de Neutrófilos,true,study,MICROSCOPÍA,1,90,blood,false,170.00
149,ECN-CAT-INM-012,Determinación de Anticuerpos anticardiolipina,true,study,QUIMIOLUMINISCENCIA,8,165,serum,false,440.00
150,ECN-CAT-MIC-012,Determinación de Tinción de Gram,true,study,MICROSCOPÍA,15,150,other,true,520.00
151,ECN-CAT-COA-012,Determinación de Proteína C funcional,true,study,COAGULOMETRÍA,22,150,plasma,false,700.00
152,ECN-CAT-END-012,Determinación de Hormona foliculoestimulante,true,study,ELISA,29,210,plasma,true,920.00
153,ECN-CAT-URO-012,Determinación de Magnesio en orina,true,study,COLORIMETRÍA,6,60,urine,false,360.00
154,ECN-CAT-MOL-012,Determinación de Neisseria gonorrhoeae,true,study,PCR,13,420,swab,true,810.00
155,ECN-CAT-QC-013,Determinación de Albúmina,true,study,ENZIMÁTICO,20,105,serum,false,560.00
156,ECN-CAT-HEM-013,Determinación de Linfocitos,true,study,IMPEDANCIA,27,150,blood,true,750.00
157,ECN-CAT-INM-013,Determinación de Procalcitonina,true,study,INMUNOENSAYO,4,90,serum,false,330.00
158,ECN-CAT-MIC-013,Determinación de Baciloscopía,true,study,MICROSCOPÍA,11,135,other,false,420.00
159,ECN-CAT-COA-013,Determinación de Proteína S funcional,true,study,COAGULOMETRÍA,18,135,plasma,false,610.00
160,ECN-CAT-END-013,Determinación de Estradiol,true,study,INMUNOENSAYO,25,165,serum,true,790.00
161,ECN-CAT-URO-013,Determinación de Urea en orina,true,study,TIRA REACTIVA,2,45,urine,false,250.00
162,ECN-CAT-MOL-013,Determinación de Mycobacterium tuberculosis,true,study,PCR,9,405,other,true,710.00
163,ECN-CAT-QC-014,Determinación de Proteínas totales,true,study,ESPECTROFOTOMETRÍA,16,105,plasma,false,490.00
164,ECN-CAT-HEM-014,Determinación de Monocitos,true,study,CITOMETRÍA,23,180,blood,false,800.00
165,ECN-CAT-INM-014,Determinación de Ferritina,true,study,ELISA,30,225,serum,true,920.00
166,ECN-CAT-MIC-014,Determinación de Búsqueda de hongos,true,study,MICROSCOPÍA,7,105,other,false,330.00
167,ECN-CAT-COA-014,Determinación de Anticoagulante lúpico,true,study,COAGULOMETRÍA,14,120,plasma,false,510.00
168,ECN-CAT-END-014,Determinación de Progesterona,true,study,QUIMIOLUMINISCENCIA,21,210,plasma,false,800.00
169,ECN-CAT-URO-014,Determinación de Osmolalidad urinaria,true,study,MICROSCOPÍA,28,195,urine,true,830.00
170,ECN-CAT-MOL-014,Determinación de Bordetella pertussis,true,study,PCR,5,390,swab,true,610.00
171,ECN-CAT-QC-015,Determinación de Calcio,true,study,COLORIMETRÍA,12,90,serum,false,420.00
172,ECN-CAT-HEM-015,Determinación de Eosinófilos,true,study,MICROSCOPÍA,19,150,blood,false,580.00
173,ECN-CAT-INM-015,Determinación de Troponina I,true,study,QUIMIOLUMINISCENCIA,26,240,serum,true,860.00
174,ECN-CAT-MIC-015,Determinación de Coprológico,true,study,MICROSCOPÍA,3,90,stool,false,230.00
175,ECN-CAT-COA-015,Determinación de Resistencia a proteína C activada,true,study,COAGULOMETRÍA,10,105,plasma,false,460.00
176,ECN-CAT-END-015,Determinación de Testosterona total,true,study,ELISA,17,165,serum,false,670.00
177,ECN-CAT-URO-015,Determinación de Depuración de creatinina,true,study,COLORIMETRÍA,24,135,urine,false,720.00
178,ECN-CAT-MOL-015,Determinación de Parvovirus B19,true,study,PCR,1,375,blood,true,520.00
179,ECN-CAT-QC-016,Determinación de Fósforo,true,study,ENZIMÁTICO,8,75,plasma,false,310.00
180,ECN-CAT-HEM-016,Determinación de Basófilos,true,study,IMPEDANCIA,15,105,blood,false,510.00
181,ECN-CAT-INM-016,Determinación de Antígeno carcinoembrionario,true,study,INMUNOENSAYO,22,150,serum,false,700.00
182,ECN-CAT-MIC-016,Determinación de Amiba en fresco,true,study,MICROSCOPÍA,29,195,stool,true,840.00
183,ECN-CAT-COA-016,Determinación de Agregación plaquetaria,true,study,COAGULOMETRÍA,6,75,plasma,false,360.00
184,ECN-CAT-END-016,Determinación de Testosterona libre,true,study,INMUNOENSAYO,13,120,plasma,false,540.00
185,ECN-CAT-URO-016,Determinación de Sedimento urinario,true,study,TIRA REACTIVA,20,120,urine,false,610.00
186,ECN-CAT-MOL-016,Determinación de Dengue por PCR,true,study,RT-PCR,27,420,blood,true,1160.00
187,ECN-CAT-QC-017,Determinación de Magnesio,true,study,ESPECTROFOTOMETRÍA,4,75,serum,false,250.00
188,ECN-CAT-HEM-017,Determinación de Velocidad de sedimentación,true,study,CITOMETRÍA,11,135,blood,false,510.00
189,ECN-CAT-INM-017,Determinación de Alfafetoproteína,true,study,ELISA,18,165,serum,false,630.00
190,ECN-CAT-MIC-017,Determinación de Sangre oculta en heces,true,study,INMUNOCROMATOGRAFÍA,25,150,stool,true,780.00
191,ECN-CAT-COA-017,Determinación de Tiempo de sangrado,true,study,COAGULOMETRÍA,2,60,plasma,false,260.00
192,ECN-CAT-END-017,Determinación de Dehidroepiandrosterona,true,study,QUIMIOLUMINISCENCIA,9,180,serum,false,510.00
193,ECN-CAT-URO-017,Determinación de Cetonas en orina,true,study,MICROSCOPÍA,16,135,urine,false,590.00
194,ECN-CAT-MOL-017,Determinación de Zika por PCR,true,study,RT-PCR,23,405,blood,true,1060.00
195,ECN-CAT-QC-018,Determinación de Sodio,true,study,COLORIMETRÍA,30,165,plasma,true,790.00
196,ECN-CAT-HEM-018,Determinación de Frotis de sangre periférica,true,study,MICROSCOPÍA,7,105,blood,false,290.00
197,ECN-CAT-INM-018,Determinación de CA 125,true,study,QUIMIOLUMINISCENCIA,14,180,serum,false,610.00
198,ECN-CAT-MIC-018,Determinación de Rotavirus en heces,true,study,INMUNOCROMATOGRAFÍA,21,135,stool,false,680.00
199,ECN-CAT-COA-018,Determinación de Tiempo de coagulación,true,study,COAGULOMETRÍA,28,165,plasma,true,830.00
200,ECN-CAT-END-018,Determinación de Aldosterona,true,study,ELISA,5,135,plasma,false,380.00
201,ECN-CAT-URO-018,Determinación de Hemoglobina en orina,true,study,COLORIMETRÍA,12,90,urine,false,480.00
202,ECN-CAT-MOL-018,Determinación de Chikungunya por PCR,true,study,RT-PCR,19,390,blood,true,960.00
203,ECN-CAT-QC-019,Determinación de Potasio,true,study,ENZIMÁTICO,26,135,serum,true,680.00
204,ECN-CAT-HEM-019,Determinación de Conteo diferencial,true,study,IMPEDANCIA,3,60,blood,false,260.00
205,ECN-CAT-INM-019,Determinación de CA 19-9,true,study,INMUNOENSAYO,10,105,serum,false,450.00
206,ECN-CAT-MIC-019,Determinación de Adenovirus en heces,true,study,INMUNOCROMATOGRAFÍA,17,120,stool,false,590.00
207,ECN-CAT-COA-019,Determinación de Productos de degradación de fibrina,true,study,COAGULOMETRÍA,24,150,plasma,false,730.00
208,ECN-CAT-END-019,Determinación de Renina,true,study,INMUNOENSAYO,1,90,serum,false,300.00
209,ECN-CAT-URO-019,Determinación de Nitritos en orina,true,study,TIRA REACTIVA,8,60,urine,false,370.00
210,ECN-CAT-MOL-019,Determinación de Panel respiratorio molecular,true,study,RT-PCR,15,360,swab,true,870.00
211,ECN-CAT-QC-020,Determinación de Cloro,true,study,ESPECTROFOTOMETRÍA,22,135,plasma,false,610.00
212,ECN-CAT-HEM-020,Determinación de Índice plaquetario,true,study,CITOMETRÍA,29,210,blood,true,920.00
213,ECN-CAT-INM-020,Determinación de CA 15-3,true,study,ELISA,6,135,serum,false,390.00
214,ECN-CAT-MIC-020,Determinación de Helicobacter pylori,true,study,INMUNOCROMATOGRAFÍA,13,105,stool,true,490.00
215,ECN-CAT-COA-020,Determinación de Factor de von Willebrand,true,study,COAGULOMETRÍA,20,135,plasma,false,680.00
216,ECN-CAT-END-020,Determinación de Paratohormona,true,study,QUIMIOLUMINISCENCIA,27,255,plasma,true,920.00
217,ECN-CAT-URO-020,Determinación de Leucocitos en orina,true,study,MICROSCOPÍA,4,90,urine,false,300.00
218,ECN-CAT-MOL-020,Determinación de Panel gastrointestinal molecular,true,study,RT-PCR,11,345,other,true,770.00
219,ECN-CAT-QC-021,Determinación de Hierro sérico,true,study,COLORIMETRÍA,18,105,serum,false,540.00
220,ECN-CAT-HEM-021,Determinación de Morfología eritrocitaria,true,study,MICROSCOPÍA,25,165,blood,true,710.00
221,ECN-CAT-INM-021,Determinación de Antígeno prostático total,true,study,QUIMIOLUMINISCENCIA,2,150,serum,false,320.00
222,ECN-CAT-MIC-021,Determinación de Clostridioides difficile,true,study,INMUNOCROMATOGRAFÍA,9,75,stool,false,440.00
223,ECN-CAT-COA-021,Determinación de Mezcla de TTPa,true,study,COAGULOMETRÍA,16,120,plasma,false,580.00
224,ECN-CAT-END-021,Determinación de Calcitonina,true,study,ELISA,23,210,serum,false,800.00
225,ECN-CAT-URO-021,Determinación de Cristales en orina,true,study,COLORIMETRÍA,30,150,urine,true,850.00
226,ECN-CAT-MOL-021,Determinación de Trombofilia hereditaria,true,study,PCR,7,390,blood,true,690.00
227,ECN-CAT-QC-022,Determinación de Amilasa,true,study,ENZIMÁTICO,14,90,plasma,false,440.00
228,ECN-CAT-HEM-022,Determinación de Morfología leucocitaria,true,study,IMPEDANCIA,21,120,blood,false,630.00
229,ECN-CAT-INM-022,Determinación de Antígeno prostático libre,true,study,INMUNOENSAYO,28,195,serum,true,820.00
230,ECN-CAT-MIC-022,Determinación de Estreptococo del grupo A,true,study,INMUNOCROMATOGRAFÍA,5,60,swab,false,340.00
231,ECN-CAT-COA-022,Determinación de Mezcla de TP,true,study,COAGULOMETRÍA,12,105,plasma,false,490.00
232,ECN-CAT-END-022,Determinación de Péptido C,true,study,INMUNOENSAYO,19,150,plasma,false,670.00
233,ECN-CAT-URO-022,Determinación de Cilindros urinarios,true,study,TIRA REACTIVA,26,135,urine,true,790.00
234,ECN-CAT-MOL-022,Determinación de Mutación JAK2,true,study,PCR,3,390,blood,true,590.00
235,ECN-CAT-QC-023,Determinación de Lipasa,true,study,ESPECTROFOTOMETRÍA,10,90,serum,false,370.00
236,ECN-CAT-HEM-023,Determinación de Morfología plaquetaria,true,study,CITOMETRÍA,17,150,blood,false,630.00
237,ECN-CAT-INM-023,Determinación de Serología para dengue,true,study,ELISA,24,210,serum,false,800.00
238,ECN-CAT-MIC-023,Determinación de Salmonella,true,study,CULTIVO,1,735,stool,false,310.00
239,ECN-CAT-COA-023,Determinación de Factor V,true,study,COAGULOMETRÍA,8,90,plasma,false,390.00
240,ECN-CAT-END-023,Determinación de 17-hidroxiprogesterona,true,study,QUIMIOLUMINISCENCIA,15,195,serum,false,630.00
241,ECN-CAT-URO-023,Determinación de Urobilinógeno en orina,true,study,MICROSCOPÍA,22,165,urine,false,710.00
242,ECN-CAT-MOL-023,Determinación de BCR-ABL cuantitativo,true,study,PCR,29,495,blood,true,1150.00
243,ECN-CAT-QC-024,Determinación de Lactato deshidrogenasa,true,study,COLORIMETRÍA,6,60,plasma,false,250.00
244,ECN-CAT-HEM-024,Determinación de Hemoparásitos,true,study,MICROSCOPÍA,13,120,blood,false,460.00
245,ECN-CAT-INM-024,Determinación de Serología para rubéola,true,study,QUIMIOLUMINISCENCIA,20,225,serum,false,740.00
246,ECN-CAT-MIC-024,Determinación de Shigella,true,study,CULTIVO,27,840,stool,true,870.00
247,ECN-CAT-COA-024,Determinación de Factor VII,true,study,COAGULOMETRÍA,4,60,plasma,false,290.00
248,ECN-CAT-END-024,Determinación de Hormona antimülleriana,true,study,ELISA,11,150,plasma,false,550.00
249,ECN-CAT-URO-024,Determinación de Bilirrubina en orina,true,study,COLORIMETRÍA,18,105,urine,false,600.00
250,ECN-CAT-MOL-024,Determinación de HLA-B27,true,study,PCR,25,480,blood,true,1060.00
251,ECN-CAT-QC-025,Determinación de Hemoglobina glucosilada,true,study,ENZIMÁTICO,2,45,blood,false,140.00
252,ECN-CAT-HEM-025,Determinación de Prueba de falciformación,true,study,IMPEDANCIA,9,75,blood,false,390.00
253,ECN-CAT-INM-025,Determinación de Serología para toxoplasma,true,study,INMUNOENSAYO,16,150,serum,false,580.00
254,ECN-CAT-MIC-025,Determinación de Candida albicans,true,study,CULTIVO,23,825,swab,false,770.00
255,ECN-CAT-COA-025,Determinación de Factor X,true,study,COAGULOMETRÍA,30,195,plasma,true,900.00
256,ECN-CAT-END-025,Determinación de Somatomedina C,true,study,INMUNOENSAYO,7,105,serum,false,420.00
257,ECN-CAT-URO-025,Determinación de Relación albúmina creatinina,true,study,TIRA REACTIVA,14,75,urine,false,490.00
258,ECN-CAT-MOL-025,Determinación de Carga viral cuantitativa,true,study,PCR,21,465,plasma,true,960.00
259,ECN-CAT-QC-026,Cuantificación de Glucosa,true,study,ESPECTROFOTOMETRÍA,28,150,plasma,true,790.00
260,ECN-CAT-HEM-026,Cuantificación de Biometría hemática,true,study,CITOMETRÍA,5,105,blood,false,390.00
261,ECN-CAT-INM-026,Cuantificación de Proteína C reactiva,true,study,ELISA,12,150,serum,false,510.00
262,ECN-CAT-MIC-026,Cuantificación de Urocultivo,true,study,CULTIVO,19,810,urine,false,670.00
263,ECN-CAT-COA-026,Cuantificación de Tiempo de protrombina,true,study,COAGULOMETRÍA,26,180,plasma,true,800.00
264,ECN-CAT-END-026,Cuantificación de Hormona estimulante de tiroides,true,study,QUIMIOLUMINISCENCIA,3,150,plasma,false,390.00
265,ECN-CAT-URO-026,Cuantificación de Examen general de orina,true,study,MICROSCOPÍA,10,105,urine,false,420.00
266,ECN-CAT-MOL-026,Cuantificación de Detección molecular de SARS-CoV-2,true,study,RT-PCR,17,390,swab,true,940.00
267,ECN-CAT-QC-027,Cuantificación de Urea,true,study,COLORIMETRÍA,24,135,serum,false,670.00
268,ECN-CAT-HEM-027,Cuantificación de Hemoglobina,true,study,MICROSCOPÍA,1,75,blood,false,170.00
269,ECN-CAT-INM-027,Cuantificación de Factor reumatoide,true,study,QUIMIOLUMINISCENCIA,8,165,serum,false,440.00
270,ECN-CAT-MIC-027,Cuantificación de Coprocultivo,true,study,CULTIVO,15,795,stool,false,620.00
271,ECN-CAT-COA-027,Cuantificación de Tiempo de tromboplastina parcial,true,study,COAGULOMETRÍA,22,150,plasma,false,710.00
272,ECN-CAT-END-027,Cuantificación de Tiroxina libre,true,study,ELISA,29,225,serum,true,920.00
273,ECN-CAT-URO-027,Cuantificación de Microalbúmina en orina,true,study,COLORIMETRÍA,6,45,urine,false,360.00
274,ECN-CAT-MOL-027,Cuantificación de Virus de influenza A,true,study,RT-PCR,13,375,swab,true,840.00
275,ECN-CAT-QC-028,Cuantificación de Creatinina,true,study,ENZIMÁTICO,20,105,plasma,false,560.00
276,ECN-CAT-HEM-028,Cuantificación de Hematocrito,true,study,IMPEDANCIA,27,165,blood,true,750.00
277,ECN-CAT-INM-028,Cuantificación de Antiestreptolisinas O,true,study,INMUNOENSAYO,4,90,serum,false,330.00
278,ECN-CAT-MIC-028,Cuantificación de Exudado faríngeo,true,study,CULTIVO,11,780,swab,true,530.00
279,ECN-CAT-COA-028,Cuantificación de Tiempo de trombina,true,study,COAGULOMETRÍA,18,135,plasma,false,610.00
280,ECN-CAT-END-028,Cuantificación de Tiroxina total,true,study,INMUNOENSAYO,25,180,plasma,true,790.00
281,ECN-CAT-URO-028,Cuantificación de Proteínas en orina,true,study,TIRA REACTIVA,2,30,urine,false,250.00
282,ECN-CAT-MOL-028,Cuantificación de Virus de influenza B,true,study,RT-PCR,9,360,swab,true,750.00
283,ECN-CAT-QC-029,Cuantificación de Ácido úrico,true,study,ESPECTROFOTOMETRÍA,16,105,serum,false,490.00
284,ECN-CAT-HEM-029,Cuantificación de Eritrocitos,true,study,CITOMETRÍA,23,195,blood,false,800.00
285,ECN-CAT-INM-029,Cuantificación de Inmunoglobulina A,true,study,ELISA,30,225,serum,true,930.00
286,ECN-CAT-MIC-029,Cuantificación de Exudado nasal,true,study,CULTIVO,7,750,swab,false,430.00
287,ECN-CAT-COA-029,Cuantificación de Fibrinógeno,true,study,COAGULOMETRÍA,14,120,plasma,false,510.00
288,ECN-CAT-END-029,Cuantificación de Triyodotironina libre,true,study,QUIMIOLUMINISCENCIA,21,210,serum,false,800.00
289,ECN-CAT-URO-029,Cuantificación de Glucosa en orina,true,study,MICROSCOPÍA,28,180,urine,true,840.00
290,ECN-CAT-MOL-029,Cuantificación de Virus del papiloma humano,true,study,PCR,5,405,swab,true,620.00
291,ECN-CAT-QC-030,Cuantificación de Colesterol total,true,study,COLORIMETRÍA,12,75,plasma,false,370.00
292,ECN-CAT-HEM-030,Cuantificación de Leucocitos,true,study,MICROSCOPÍA,19,165,blood,false,590.00
293,ECN-CAT-INM-030,Cuantificación de Inmunoglobulina G,true,study,QUIMIOLUMINISCENCIA,26,240,serum,true,860.00
294,ECN-CAT-MIC-030,Cuantificación de Exudado vaginal,true,study,CULTIVO,3,735,swab,false,330.00
295,ECN-CAT-COA-030,Cuantificación de Dímero D,true,study,COAGULOMETRÍA,10,105,plasma,false,460.00
296,ECN-CAT-END-030,Cuantificación de Triyodotironina total,true,study,ELISA,17,165,plasma,false,680.00
297,ECN-CAT-URO-030,Cuantificación de Creatinina en orina,true,study,COLORIMETRÍA,24,135,urine,false,730.00
298,ECN-CAT-MOL-030,Cuantificación de Virus de hepatitis B,true,study,PCR,1,375,plasma,true,520.00
299,ECN-CAT-QC-031,Cuantificación de Triglicéridos,true,study,ENZIMÁTICO,8,60,serum,false,320.00
300,ECN-CAT-HEM-031,Cuantificación de Plaquetas,true,study,IMPEDANCIA,15,105,blood,false,510.00
301,ECN-CAT-INM-031,Cuantificación de Inmunoglobulina M,true,study,INMUNOENSAYO,22,165,serum,false,700.00
302,ECN-CAT-MIC-031,Cuantificación de Exudado uretral,true,study,CULTIVO,29,840,swab,true,890.00
303,ECN-CAT-COA-031,Cuantificación de INR,true,study,COAGULOMETRÍA,6,90,plasma,false,370.00
304,ECN-CAT-END-031,Cuantificación de Insulina,true,study,INMUNOENSAYO,13,120,serum,false,550.00
305,ECN-CAT-URO-031,Cuantificación de Calcio en orina,true,study,TIRA REACTIVA,20,120,urine,false,610.00
306,ECN-CAT-MOL-031,Cuantificación de Virus de hepatitis C,true,study,PCR,27,480,plasma,true,1130.00
307,ECN-CAT-QC-032,Cuantificación de Bilirrubina total,true,study,ESPECTROFOTOMETRÍA,4,60,plasma,false,250.00
308,ECN-CAT-HEM-032,Cuantificación de Reticulocitos,true,study,CITOMETRÍA,11,135,blood,false,510.00
309,ECN-CAT-INM-032,Cuantificación de Inmunoglobulina E,true,study,ELISA,18,180,serum,false,630.00
310,ECN-CAT-MIC-032,Cuantificación de Hemocultivo,true,study,CULTIVO,25,825,blood,true,850.00
311,ECN-CAT-COA-032,Cuantificación de Actividad de factor VIII,true,study,COAGULOMETRÍA,2,75,plasma,false,270.00
312,ECN-CAT-END-032,Cuantificación de Cortisol,true,study,QUIMIOLUMINISCENCIA,9,165,plasma,false,510.00
313,ECN-CAT-URO-032,Cuantificación de Ácido úrico en orina,true,study,MICROSCOPÍA,16,150,urine,false,540.00
314,ECN-CAT-MOL-032,Cuantificación de Virus de Epstein-Barr,true,study,PCR,23,465,blood,true,1030.00
315,ECN-CAT-QC-033,Cuantificación de Bilirrubina directa,true,study,COLORIMETRÍA,30,150,serum,true,790.00
316,ECN-CAT-HEM-033,Cuantificación de Volumen corpuscular medio,true,study,MICROSCOPÍA,7,105,blood,false,290.00
317,ECN-CAT-INM-033,Cuantificación de Complemento C3,true,study,QUIMIOLUMINISCENCIA,14,195,serum,false,620.00
318,ECN-CAT-MIC-033,Cuantificación de Cultivo de esputo,true,study,CULTIVO,21,825,other,false,750.00
319,ECN-CAT-COA-033,Cuantificación de Actividad de factor IX,true,study,COAGULOMETRÍA,28,180,plasma,true,830.00
320,ECN-CAT-END-033,Cuantificación de Hormona adrenocorticotropa,true,study,ELISA,5,120,serum,false,380.00
321,ECN-CAT-URO-033,Cuantificación de Sodio en orina,true,study,COLORIMETRÍA,12,90,urine,false,480.00
322,ECN-CAT-MOL-033,Cuantificación de Citomegalovirus,true,study,PCR,19,450,blood,true,940.00
323,ECN-CAT-QC-034,Cuantificación de Alanina aminotransferasa,true,study,ENZIMÁTICO,26,120,plasma,true,680.00
324,ECN-CAT-HEM-034,Cuantificación de Hemoglobina corpuscular media,true,study,IMPEDANCIA,3,60,blood,false,270.00
325,ECN-CAT-INM-034,Cuantificación de Complemento C4,true,study,INMUNOENSAYO,10,105,serum,false,460.00
326,ECN-CAT-MIC-034,Cuantificación de Cultivo de heridas,true,study,CULTIVO,17,810,swab,false,650.00
327,ECN-CAT-COA-034,Cuantificación de Actividad de factor XI,true,study,COAGULOMETRÍA,24,150,plasma,false,730.00
328,ECN-CAT-END-034,Cuantificación de Hormona de crecimiento,true,study,INMUNOENSAYO,1,75,plasma,false,300.00
329,ECN-CAT-URO-034,Cuantificación de Potasio en orina,true,study,TIRA REACTIVA,8,75,urine,false,370.00
330,ECN-CAT-MOL-034,Cuantificación de Virus herpes simple 1,true,study,PCR,15,435,swab,true,840.00
331,ECN-CAT-QC-035,Cuantificación de Aspartato aminotransferasa,true,study,ESPECTROFOTOMETRÍA,22,120,serum,false,610.00
332,ECN-CAT-HEM-035,Cuantificación de Concentración media de hemoglobina,true,study,CITOMETRÍA,29,210,blood,true,930.00
333,ECN-CAT-INM-035,Cuantificación de Anticuerpos antinucleares,true,study,ELISA,6,120,serum,false,390.00
334,ECN-CAT-MIC-035,Cuantificación de Cultivo de secreciones,true,study,CULTIVO,13,795,swab,false,550.00
335,ECN-CAT-COA-035,Cuantificación de Actividad de factor XII,true,study,COAGULOMETRÍA,20,135,plasma,false,680.00
336,ECN-CAT-END-035,Cuantificación de Prolactina,true,study,QUIMIOLUMINISCENCIA,27,240,serum,true,930.00
337,ECN-CAT-URO-035,Cuantificación de Cloro en orina,true,study,MICROSCOPÍA,4,90,urine,false,300.00
338,ECN-CAT-MOL-035,Cuantificación de Virus herpes simple 2,true,study,PCR,11,420,swab,true,740.00
339,ECN-CAT-QC-036,Cuantificación de Fosfatasa alcalina,true,study,COLORIMETRÍA,18,120,plasma,false,550.00
340,ECN-CAT-HEM-036,Cuantificación de Ancho de distribución eritrocitaria,true,study,MICROSCOPÍA,25,180,blood,true,710.00
341,ECN-CAT-INM-036,Cuantificación de Anticuerpos anti-DNA,true,study,QUIMIOLUMINISCENCIA,2,135,serum,false,320.00
342,ECN-CAT-MIC-036,Cuantificación de Antibiograma,true,study,CULTIVO,9,780,other,true,450.00
343,ECN-CAT-COA-036,Cuantificación de Antitrombina III,true,study,COAGULOMETRÍA,16,120,plasma,false,590.00
344,ECN-CAT-END-036,Cuantificación de Hormona luteinizante,true,study,ELISA,23,195,plasma,false,800.00
345,ECN-CAT-URO-036,Cuantificación de Fósforo en orina,true,study,COLORIMETRÍA,30,165,urine,true,850.00
346,ECN-CAT-MOL-036,Cuantificación de Chlamydia trachomatis,true,study,PCR,7,405,swab,true,690.00
347,ECN-CAT-QC-037,Cuantificación de Gamma glutamil transferasa,true,study,ENZIMÁTICO,14,90,serum,false,440.00
348,ECN-CAT-HEM-037,Cuantificación de Neutrófilos,true,study,IMPEDANCIA,21,135,blood,false,630.00
349,ECN-CAT-INM-037,Cuantificación de Anticuerpos anticardiolipina,true,study,INMUNOENSAYO,28,180,serum,true,820.00
350,ECN-CAT-MIC-037,Cuantificación de Tinción de Gram,true,study,MICROSCOPÍA,5,105,other,false,310.00
351,ECN-CAT-COA-037,Cuantificación de Proteína C funcional,true,study,COAGULOMETRÍA,12,105,plasma,false,490.00
352,ECN-CAT-END-037,Cuantificación de Hormona foliculoestimulante,true,study,INMUNOENSAYO,19,135,serum,false,670.00
353,ECN-CAT-URO-037,Cuantificación de Magnesio en orina,true,study,TIRA REACTIVA,26,135,urine,true,740.00
354,ECN-CAT-MOL-037,Cuantificación de Neisseria gonorrhoeae,true,study,PCR,3,375,swab,true,600.00
355,ECN-CAT-QC-038,Cuantificación de Albúmina,true,study,ESPECTROFOTOMETRÍA,10,90,plasma,false,370.00
356,ECN-CAT-HEM-038,Cuantificación de Linfocitos,true,study,CITOMETRÍA,17,165,blood,false,630.00
357,ECN-CAT-INM-038,Cuantificación de Procalcitonina,true,study,ELISA,24,195,serum,false,810.00
358,ECN-CAT-MIC-038,Cuantificación de Baciloscopía,true,study,MICROSCOPÍA,1,90,other,false,210.00
359,ECN-CAT-COA-038,Cuantificación de Proteína S funcional,true,study,COAGULOMETRÍA,8,90,plasma,false,390.00
360,ECN-CAT-END-038,Cuantificación de Estradiol,true,study,QUIMIOLUMINISCENCIA,15,210,plasma,false,630.00
361,ECN-CAT-URO-038,Cuantificación de Urea en orina,true,study,MICROSCOPÍA,22,165,urine,false,720.00
362,ECN-CAT-MOL-038,Cuantificación de Mycobacterium tuberculosis,true,study,PCR,29,480,other,true,1160.00
363,ECN-CAT-QC-039,Cuantificación de Proteínas totales,true,study,COLORIMETRÍA,6,60,serum,false,250.00
364,ECN-CAT-HEM-039,Cuantificación de Monocitos,true,study,MICROSCOPÍA,13,120,blood,false,420.00
365,ECN-CAT-INM-039,Cuantificación de Ferritina,true,study,QUIMIOLUMINISCENCIA,20,210,serum,false,740.00
366,ECN-CAT-MIC-039,Cuantificación de Búsqueda de hongos,true,study,MICROSCOPÍA,27,180,other,true,770.00
367,ECN-CAT-COA-039,Cuantificación de Anticoagulante lúpico,true,study,COAGULOMETRÍA,4,75,plasma,false,290.00
368,ECN-CAT-END-039,Cuantificación de Progesterona,true,study,ELISA,11,165,serum,false,560.00
369,ECN-CAT-URO-039,Cuantificación de Osmolalidad urinaria,true,study,COLORIMETRÍA,18,105,urine,false,610.00
370,ECN-CAT-MOL-039,Cuantificación de Bordetella pertussis,true,study,PCR,25,465,swab,true,1060.00
371,ECN-CAT-QC-040,Cuantificación de Calcio,true,study,ENZIMÁTICO,2,45,plasma,false,150.00
372,ECN-CAT-HEM-040,Cuantificación de Eosinófilos,true,study,IMPEDANCIA,9,75,blood,false,390.00
373,ECN-CAT-INM-040,Cuantificación de Troponina I,true,study,INMUNOENSAYO,16,135,serum,false,580.00
374,ECN-CAT-MIC-040,Cuantificación de Coprológico,true,study,MICROSCOPÍA,23,165,stool,true,670.00
375,ECN-CAT-COA-040,Cuantificación de Resistencia a proteína C activada,true,study,COAGULOMETRÍA,30,180,plasma,true,910.00
376,ECN-CAT-END-040,Cuantificación de Testosterona total,true,study,INMUNOENSAYO,7,105,plasma,false,430.00
377,ECN-CAT-URO-040,Cuantificación de Depuración de creatinina,true,study,TIRA REACTIVA,14,90,urine,false,490.00
378,ECN-CAT-MOL-040,Cuantificación de Parvovirus B19,true,study,PCR,21,450,blood,true,960.00
379,ECN-CAT-QC-041,Cuantificación de Fósforo,true,study,ESPECTROFOTOMETRÍA,28,165,serum,true,790.00
380,ECN-CAT-HEM-041,Cuantificación de Basófilos,true,study,CITOMETRÍA,5,105,blood,false,390.00
381,ECN-CAT-INM-041,Cuantificación de Antígeno carcinoembrionario,true,study,ELISA,12,165,serum,false,510.00
382,ECN-CAT-MIC-041,Cuantificación de Amiba en fresco,true,study,MICROSCOPÍA,19,150,stool,false,570.00
383,ECN-CAT-COA-041,Cuantificación de Agregación plaquetaria,true,study,COAGULOMETRÍA,26,165,plasma,true,810.00
384,ECN-CAT-END-041,Cuantificación de Testosterona libre,true,study,QUIMIOLUMINISCENCIA,3,150,serum,false,390.00
385,ECN-CAT-URO-041,Cuantificación de Sedimento urinario,true,study,MICROSCOPÍA,10,120,urine,false,420.00
386,ECN-CAT-MOL-041,Cuantificación de Dengue por PCR,true,study,RT-PCR,17,375,blood,true,940.00
387,ECN-CAT-QC-042,Cuantificación de Magnesio,true,study,COLORIMETRÍA,24,135,plasma,false,670.00
388,ECN-CAT-HEM-042,Cuantificación de Velocidad de sedimentación,true,study,MICROSCOPÍA,1,75,blood,false,170.00
389,ECN-CAT-INM-042,Cuantificación de Alfafetoproteína,true,study,QUIMIOLUMINISCENCIA,8,180,serum,false,440.00
390,ECN-CAT-MIC-042,Cuantificación de Sangre oculta en heces,true,study,INMUNOCROMATOGRAFÍA,15,105,stool,false,570.00
391,ECN-CAT-COA-042,Cuantificación de Tiempo de sangrado,true,study,COAGULOMETRÍA,22,135,plasma,false,710.00
392,ECN-CAT-END-042,Cuantificación de Dehidroepiandrosterona,true,study,ELISA,29,225,plasma,true,920.00
393,ECN-CAT-URO-042,Cuantificación de Cetonas en orina,true,study,COLORIMETRÍA,6,60,urine,false,310.00
394,ECN-CAT-MOL-042,Cuantificación de Zika por PCR,true,study,RT-PCR,13,360,blood,true,850.00
395,ECN-CAT-QC-043,Cuantificación de Sodio,true,study,ENZIMÁTICO,20,120,serum,false,560.00
396,ECN-CAT-HEM-043,Cuantificación de Frotis de sangre periférica,true,study,IMPEDANCIA,27,150,blood,true,750.00
397,ECN-CAT-INM-043,Cuantificación de CA 125,true,study,INMUNOENSAYO,4,105,serum,false,340.00
398,ECN-CAT-MIC-043,Cuantificación de Rotavirus en heces,true,study,INMUNOCROMATOGRAFÍA,11,90,stool,false,470.00
399,ECN-CAT-COA-043,Cuantificación de Tiempo de coagulación,true,study,COAGULOMETRÍA,18,120,plasma,false,610.00
400,ECN-CAT-END-043,Cuantificación de Aldosterona,true,study,INMUNOENSAYO,25,180,serum,true,790.00
401,ECN-CAT-URO-043,Cuantificación de Hemoglobina en orina,true,study,TIRA REACTIVA,2,30,urine,false,250.00
402,ECN-CAT-MOL-043,Cuantificación de Chikungunya por PCR,true,study,RT-PCR,9,360,blood,true,750.00
403,ECN-CAT-QC-044,Cuantificación de Potasio,true,study,ESPECTROFOTOMETRÍA,16,105,plasma,false,490.00
404,ECN-CAT-HEM-044,Cuantificación de Conteo diferencial,true,study,CITOMETRÍA,23,180,blood,false,760.00
405,ECN-CAT-INM-044,Cuantificación de CA 19-9,true,study,ELISA,30,225,serum,true,930.00
406,ECN-CAT-MIC-044,Cuantificación de Adenovirus en heces,true,study,INMUNOCROMATOGRAFÍA,7,75,stool,true,370.00
407,ECN-CAT-COA-044,Cuantificación de Productos de degradación de fibrina,true,study,COAGULOMETRÍA,14,105,plasma,false,510.00
408,ECN-CAT-END-044,Cuantificación de Renina,true,study,QUIMIOLUMINISCENCIA,21,225,plasma,false,810.00
409,ECN-CAT-URO-044,Cuantificación de Nitritos en orina,true,study,MICROSCOPÍA,28,180,urine,true,840.00
410,ECN-CAT-MOL-044,Cuantificación de Panel respiratorio molecular,true,study,RT-PCR,5,345,swab,true,650.00
411,ECN-CAT-QC-045,Cuantificación de Cloro,true,study,COLORIMETRÍA,12,90,serum,false,380.00
412,ECN-CAT-HEM-045,Cuantificación de Índice plaquetario,true,study,MICROSCOPÍA,19,150,blood,false,590.00
413,ECN-CAT-INM-045,Cuantificación de CA 15-3,true,study,QUIMIOLUMINISCENCIA,26,240,serum,true,860.00
414,ECN-CAT-MIC-045,Cuantificación de Helicobacter pylori,true,study,INMUNOCROMATOGRAFÍA,3,60,stool,false,270.00
415,ECN-CAT-COA-045,Cuantificación de Factor de von Willebrand,true,study,COAGULOMETRÍA,10,90,plasma,false,420.00
416,ECN-CAT-END-045,Cuantificación de Paratohormona,true,study,ELISA,17,180,serum,false,680.00
417,ECN-CAT-URO-045,Cuantificación de Leucocitos en orina,true,study,COLORIMETRÍA,24,120,urine,false,730.00
418,ECN-CAT-MOL-045,Cuantificación de Panel gastrointestinal molecular,true,study,RT-PCR,1,330,other,true,550.00
419,ECN-CAT-QC-046,Cuantificación de Hierro sérico,true,study,ENZIMÁTICO,8,60,plasma,false,320.00
420,ECN-CAT-HEM-046,Cuantificación de Morfología eritrocitaria,true,study,IMPEDANCIA,15,90,blood,false,510.00
421,ECN-CAT-INM-046,Cuantificación de Antígeno prostático total,true,study,INMUNOENSAYO,22,165,serum,false,700.00
422,ECN-CAT-MIC-046,Cuantificación de Clostridioides difficile,true,study,INMUNOCROMATOGRAFÍA,29,165,stool,true,840.00
423,ECN-CAT-COA-046,Cuantificación de Mezcla de TTPa,true,study,COAGULOMETRÍA,6,90,plasma,false,370.00
424,ECN-CAT-END-046,Cuantificación de Calcitonina,true,study,INMUNOENSAYO,13,135,plasma,false,550.00
425,ECN-CAT-URO-046,Cuantificación de Cristales en orina,true,study,TIRA REACTIVA,20,105,urine,false,620.00
426,ECN-CAT-MOL-046,Cuantificación de Trombofilia hereditaria,true,study,PCR,27,495,blood,true,1140.00
427,ECN-CAT-QC-047,Cuantificación de Amilasa,true,study,ESPECTROFOTOMETRÍA,4,60,serum,false,250.00
428,ECN-CAT-HEM-047,Cuantificación de Morfología leucocitaria,true,study,CITOMETRÍA,11,120,blood,false,510.00
429,ECN-CAT-INM-047,Cuantificación de Antígeno prostático libre,true,study,ELISA,18,180,serum,false,640.00
430,ECN-CAT-MIC-047,Cuantificación de Estreptococo del grupo A,true,study,INMUNOCROMATOGRAFÍA,25,135,swab,true,790.00
431,ECN-CAT-COA-047,Cuantificación de Mezcla de TP,true,study,COAGULOMETRÍA,2,75,plasma,false,270.00
432,ECN-CAT-END-047,Cuantificación de Péptido C,true,study,QUIMIOLUMINISCENCIA,9,165,serum,false,510.00
433,ECN-CAT-URO-047,Cuantificación de Cilindros urinarios,true,study,MICROSCOPÍA,16,135,urine,false,540.00
434,ECN-CAT-MOL-047,Cuantificación de Mutación JAK2,true,study,PCR,23,480,blood,true,1040.00
435,ECN-CAT-QC-048,Cuantificación de Lipasa,true,study,COLORIMETRÍA,30,150,plasma,true,790.00
436,ECN-CAT-HEM-048,Cuantificación de Morfología plaquetaria,true,study,MICROSCOPÍA,7,90,blood,false,300.00
437,ECN-CAT-INM-048,Cuantificación de Serología para dengue,true,study,QUIMIOLUMINISCENCIA,14,195,serum,false,620.00
438,ECN-CAT-MIC-048,Cuantificación de Salmonella,true,study,CULTIVO,21,810,stool,true,750.00
439,ECN-CAT-COA-048,Cuantificación de Factor V,true,study,COAGULOMETRÍA,28,180,plasma,true,830.00
440,ECN-CAT-END-048,Cuantificación de 17-hidroxiprogesterona,true,study,ELISA,5,120,plasma,false,380.00
441,ECN-CAT-URO-048,Cuantificación de Urobilinógeno en orina,true,study,COLORIMETRÍA,12,75,urine,false,490.00
442,ECN-CAT-MOL-048,Cuantificación de BCR-ABL cuantitativo,true,study,PCR,19,450,blood,true,940.00
443,ECN-CAT-QC-049,Cuantificación de Lactato deshidrogenasa,true,study,ENZIMÁTICO,26,135,serum,true,690.00
444,ECN-CAT-HEM-049,Cuantificación de Hemoparásitos,true,study,IMPEDANCIA,3,60,blood,false,220.00
445,ECN-CAT-INM-049,Cuantificación de Serología para rubéola,true,study,INMUNOENSAYO,10,120,serum,false,460.00
446,ECN-CAT-MIC-049,Cuantificación de Shigella,true,study,CULTIVO,17,795,stool,false,650.00
447,ECN-CAT-COA-049,Cuantificación de Factor VII,true,study,COAGULOMETRÍA,24,165,plasma,false,730.00
448,ECN-CAT-END-049,Cuantificación de Hormona antimülleriana,true,study,INMUNOENSAYO,1,75,serum,false,310.00
449,ECN-CAT-URO-049,Cuantificación de Bilirrubina en orina,true,study,TIRA REACTIVA,8,60,urine,false,370.00
450,ECN-CAT-MOL-049,Cuantificación de HLA-B27,true,study,PCR,15,435,blood,true,840.00
451,ECN-CAT-QC-050,Cuantificación de Hemoglobina glucosilada,true,study,ESPECTROFOTOMETRÍA,22,135,blood,false,620.00
452,ECN-CAT-HEM-050,Cuantificación de Prueba de falciformación,true,study,CITOMETRÍA,29,210,blood,true,930.00
453,ECN-CAT-INM-050,Cuantificación de Serología para toxoplasma,true,study,ELISA,6,135,serum,false,390.00
454,ECN-CAT-MIC-050,Cuantificación de Candida albicans,true,study,CULTIVO,13,780,swab,false,550.00
455,ECN-CAT-COA-050,Cuantificación de Factor X,true,study,COAGULOMETRÍA,20,150,plasma,false,640.00
456,ECN-CAT-END-050,Cuantificación de Somatomedina C,true,study,QUIMIOLUMINISCENCIA,27,240,plasma,true,930.00
457,ECN-CAT-URO-050,Cuantificación de Relación albúmina creatinina,true,study,MICROSCOPÍA,4,75,urine,false,300.00
458,ECN-CAT-MOL-050,Cuantificación de Carga viral cuantitativa,true,study,PCR,11,420,plasma,true,740.00
459,ECN-CAT-QC-051,Evaluación de Glucosa,true,study,COLORIMETRÍA,18,105,serum,false,550.00
460,ECN-CAT-HEM-051,Evaluación de Biometría hemática,true,study,MICROSCOPÍA,25,180,blood,true,710.00
461,ECN-CAT-INM-051,Evaluación de Proteína C reactiva,true,study,QUIMIOLUMINISCENCIA,2,150,serum,false,320.00
462,ECN-CAT-MIC-051,Evaluación de Urocultivo,true,study,CULTIVO,9,765,urine,false,460.00
463,ECN-CAT-COA-051,Evaluación de Tiempo de protrombina,true,study,COAGULOMETRÍA,16,135,plasma,false,590.00
464,ECN-CAT-END-051,Evaluación de Hormona estimulante de tiroides,true,study,ELISA,23,195,serum,false,800.00
465,ECN-CAT-URO-051,Evaluación de Examen general de orina,true,study,COLORIMETRÍA,30,165,urine,true,850.00
466,ECN-CAT-MOL-051,Evaluación de Detección molecular de SARS-CoV-2,true,study,RT-PCR,7,345,swab,true,680.00
467,ECN-CAT-QC-052,Evaluación de Urea,true,study,ENZIMÁTICO,14,75,plasma,false,440.00
468,ECN-CAT-HEM-052,Evaluación de Hemoglobina,true,study,IMPEDANCIA,21,135,blood,false,630.00
469,ECN-CAT-INM-052,Evaluación de Factor reumatoide,true,study,INMUNOENSAYO,28,180,serum,true,830.00
470,ECN-CAT-MIC-052,Evaluación de Coprocultivo,true,study,CULTIVO,5,750,stool,true,410.00
471,ECN-CAT-COA-052,Evaluación de Tiempo de tromboplastina parcial,true,study,COAGULOMETRÍA,12,105,plasma,false,490.00
472,ECN-CAT-END-052,Evaluación de Tiroxina libre,true,study,INMUNOENSAYO,19,150,plasma,false,670.00
473,ECN-CAT-URO-052,Evaluación de Microalbúmina en orina,true,study,TIRA REACTIVA,26,150,urine,true,740.00
474,ECN-CAT-MOL-052,Evaluación de Virus de influenza A,true,study,RT-PCR,3,330,swab,true,630.00
475,ECN-CAT-QC-053,Evaluación de Creatinina,true,study,ESPECTROFOTOMETRÍA,10,75,serum,false,370.00
476,ECN-CAT-HEM-053,Evaluación de Hematocrito,true,study,CITOMETRÍA,17,165,blood,false,640.00
477,ECN-CAT-INM-053,Evaluación de Antiestreptolisinas O,true,study,ELISA,24,195,serum,false,810.00
478,ECN-CAT-MIC-053,Evaluación de Exudado faríngeo,true,study,CULTIVO,1,735,swab,false,310.00
479,ECN-CAT-COA-053,Evaluación de Tiempo de trombina,true,study,COAGULOMETRÍA,8,90,plasma,false,390.00
480,ECN-CAT-END-053,Evaluación de Tiroxina total,true,study,QUIMIOLUMINISCENCIA,15,195,serum,false,640.00
481,ECN-CAT-URO-053,Evaluación de Proteínas en orina,true,study,MICROSCOPÍA,22,165,urine,false,720.00
482,ECN-CAT-MOL-053,Evaluación de Virus de influenza B,true,study,RT-PCR,29,435,swab,true,1190.00
483,ECN-CAT-QC-054,Evaluación de Ácido úrico,true,study,COLORIMETRÍA,6,45,plasma,false,260.00
484,ECN-CAT-HEM-054,Evaluación de Eritrocitos,true,study,MICROSCOPÍA,13,135,blood,false,420.00
485,ECN-CAT-INM-054,Evaluación de Inmunoglobulina A,true,study,QUIMIOLUMINISCENCIA,20,210,serum,false,740.00
486,ECN-CAT-MIC-054,Evaluación de Exudado nasal,true,study,CULTIVO,27,855,swab,true,870.00
487,ECN-CAT-COA-054,Evaluación de Fibrinógeno,true,study,COAGULOMETRÍA,4,75,plasma,false,300.00
488,ECN-CAT-END-054,Evaluación de Triyodotironina libre,true,study,ELISA,11,150,plasma,false,560.00
489,ECN-CAT-URO-054,Evaluación de Glucosa en orina,true,study,COLORIMETRÍA,18,120,urine,false,610.00
490,ECN-CAT-MOL-054,Evaluación de Virus del papiloma humano,true,study,PCR,25,480,swab,true,1060.00
491,ECN-CAT-QC-055,Evaluación de Colesterol total,true,study,ENZIMÁTICO,2,30,serum,false,150.00
492,ECN-CAT-HEM-055,Evaluación de Leucocitos,true,study,IMPEDANCIA,9,90,blood,false,390.00
493,ECN-CAT-INM-055,Evaluación de Inmunoglobulina G,true,study,INMUNOENSAYO,16,135,serum,false,580.00
494,ECN-CAT-MIC-055,Evaluación de Exudado vaginal,true,study,CULTIVO,23,840,swab,false,780.00
495,ECN-CAT-COA-055,Evaluación de Dímero D,true,study,COAGULOMETRÍA,30,180,plasma,true,860.00
496,ECN-CAT-END-055,Evaluación de Triyodotironina total,true,study,INMUNOENSAYO,7,90,serum,false,430.00
497,ECN-CAT-URO-055,Evaluación de Creatinina en orina,true,study,TIRA REACTIVA,14,90,urine,false,500.00
498,ECN-CAT-MOL-055,Evaluación de Virus de hepatitis B,true,study,PCR,21,450,plasma,true,960.00
499,ECN-CAT-QC-056,Evaluación de Triglicéridos,true,study,ESPECTROFOTOMETRÍA,28,150,plasma,true,790.00
500,ECN-CAT-HEM-056,Evaluación de Plaquetas,true,study,CITOMETRÍA,5,120,blood,false,390.00
501,ECN-CAT-INM-056,Evaluación de Inmunoglobulina M,true,study,ELISA,12,150,serum,false,520.00
502,ECN-CAT-MIC-056,Evaluación de Exudado uretral,true,study,CULTIVO,19,825,swab,true,680.00
503,ECN-CAT-COA-056,Evaluación de INR,true,study,COAGULOMETRÍA,26,165,plasma,true,810.00
504,ECN-CAT-END-056,Evaluación de Insulina,true,study,QUIMIOLUMINISCENCIA,3,135,plasma,false,390.00
505,ECN-CAT-URO-056,Evaluación de Calcio en orina,true,study,MICROSCOPÍA,10,120,urine,false,420.00
506,ECN-CAT-MOL-056,Evaluación de Virus de hepatitis C,true,study,PCR,17,435,plasma,true,870.00
507,ECN-CAT-QC-057,Evaluación de Bilirrubina total,true,study,COLORIMETRÍA,24,135,serum,false,670.00
508,ECN-CAT-HEM-057,Evaluación de Reticulocitos,true,study,MICROSCOPÍA,1,75,blood,false,180.00
509,ECN-CAT-INM-057,Evaluación de Inmunoglobulina E,true,study,QUIMIOLUMINISCENCIA,8,165,serum,false,450.00
510,ECN-CAT-MIC-057,Evaluación de Hemocultivo,true,study,CULTIVO,15,795,blood,false,630.00
511,ECN-CAT-COA-057,Evaluación de Actividad de factor VIII,true,study,COAGULOMETRÍA,22,150,plasma,false,710.00
512,ECN-CAT-END-057,Evaluación de Cortisol,true,study,ELISA,29,210,serum,true,920.00
513,ECN-CAT-URO-057,Evaluación de Ácido úrico en orina,true,study,COLORIMETRÍA,6,60,urine,false,320.00
514,ECN-CAT-MOL-057,Evaluación de Virus de Epstein-Barr,true,study,PCR,13,420,blood,true,820.00
515,ECN-CAT-QC-058,Evaluación de Bilirrubina directa,true,study,ENZIMÁTICO,20,120,plasma,false,570.00
516,ECN-CAT-HEM-058,Evaluación de Volumen corpuscular medio,true,study,IMPEDANCIA,27,150,blood,true,760.00
517,ECN-CAT-INM-058,Evaluación de Complemento C3,true,study,INMUNOENSAYO,4,90,serum,false,290.00
518,ECN-CAT-MIC-058,Evaluación de Cultivo de esputo,true,study,CULTIVO,11,780,other,false,530.00
519,ECN-CAT-COA-058,Evaluación de Actividad de factor IX,true,study,COAGULOMETRÍA,18,135,plasma,false,610.00
520,ECN-CAT-END-058,Evaluación de Hormona adrenocorticotropa,true,study,INMUNOENSAYO,25,165,plasma,true,800.00
521,ECN-CAT-URO-058,Evaluación de Sodio en orina,true,study,TIRA REACTIVA,2,45,urine,false,250.00
522,ECN-CAT-MOL-058,Evaluación de Citomegalovirus,true,study,PCR,9,405,blood,true,720.00
523,ECN-CAT-QC-059,Evaluación de Alanina aminotransferasa,true,study,ESPECTROFOTOMETRÍA,16,120,serum,false,500.00
524,ECN-CAT-HEM-059,Evaluación de Hemoglobina corpuscular media,true,study,CITOMETRÍA,23,180,blood,false,760.00
525,ECN-CAT-INM-059,Evaluación de Complemento C4,true,study,ELISA,30,210,serum,true,930.00
526,ECN-CAT-MIC-059,Evaluación de Cultivo de heridas,true,study,CULTIVO,7,765,swab,false,430.00
527,ECN-CAT-COA-059,Evaluación de Actividad de factor XI,true,study,COAGULOMETRÍA,14,120,plasma,false,520.00
528,ECN-CAT-END-059,Evaluación de Hormona de crecimiento,true,study,QUIMIOLUMINISCENCIA,21,225,serum,false,810.00
529,ECN-CAT-URO-059,Evaluación de Potasio en orina,true,study,MICROSCOPÍA,28,195,urine,true,840.00
530,ECN-CAT-MOL-059,Evaluación de Virus herpes simple 1,true,study,PCR,5,390,swab,true,620.00
531,ECN-CAT-QC-060,Evaluación de Aspartato aminotransferasa,true,study,COLORIMETRÍA,12,90,plasma,false,380.00
532,ECN-CAT-HEM-060,Evaluación de Concentración media de hemoglobina,true,study,MICROSCOPÍA,19,150,blood,false,590.00
533,ECN-CAT-INM-060,Evaluación de Anticuerpos antinucleares,true,study,QUIMIOLUMINISCENCIA,26,225,serum,true,860.00
534,ECN-CAT-MIC-060,Evaluación de Cultivo de secreciones,true,study,CULTIVO,3,750,swab,true,340.00
535,ECN-CAT-COA-060,Evaluación de Actividad de factor XII,true,study,COAGULOMETRÍA,10,90,plasma,false,420.00
536,ECN-CAT-END-060,Evaluación de Prolactina,true,study,ELISA,17,180,plasma,false,680.00
537,ECN-CAT-URO-060,Evaluación de Cloro en orina,true,study,COLORIMETRÍA,24,135,urine,false,730.00
538,ECN-CAT-MOL-060,Evaluación de Virus herpes simple 2,true,study,PCR,1,375,swab,true,530.00
539,ECN-CAT-QC-061,Evaluación de Fosfatasa alcalina,true,study,ENZIMÁTICO,8,75,serum,false,320.00
540,ECN-CAT-HEM-061,Evaluación de Ancho de distribución eritrocitaria,true,study,IMPEDANCIA,15,105,blood,false,510.00
541,ECN-CAT-INM-061,Evaluación de Anticuerpos anti-DNA,true,study,INMUNOENSAYO,22,150,serum,false,710.00
542,ECN-CAT-MIC-061,Evaluación de Antibiograma,true,study,CULTIVO,29,855,other,true,900.00
543,ECN-CAT-COA-061,Evaluación de Antitrombina III,true,study,COAGULOMETRÍA,6,75,plasma,false,370.00
544,ECN-CAT-END-061,Evaluación de Hormona luteinizante,true,study,INMUNOENSAYO,13,135,serum,false,550.00
545,ECN-CAT-URO-061,Evaluación de Fósforo en orina,true,study,TIRA REACTIVA,20,105,urine,false,620.00
546,ECN-CAT-MOL-061,Evaluación de Chlamydia trachomatis,true,study,PCR,27,480,swab,true,1090.00
547,ECN-CAT-QC-062,Evaluación de Gamma glutamil transferasa,true,study,ESPECTROFOTOMETRÍA,4,60,plasma,false,250.00
548,ECN-CAT-HEM-062,Evaluación de Neutrófilos,true,study,CITOMETRÍA,11,135,blood,false,520.00
549,ECN-CAT-INM-062,Evaluación de Anticuerpos anticardiolipina,true,study,ELISA,18,180,serum,false,640.00
550,ECN-CAT-MIC-062,Evaluación de Tinción de Gram,true,study,MICROSCOPÍA,25,180,other,true,750.00
551,ECN-CAT-COA-062,Evaluación de Proteína C funcional,true,study,COAGULOMETRÍA,2,60,plasma,false,270.00
552,ECN-CAT-END-062,Evaluación de Hormona foliculoestimulante,true,study,QUIMIOLUMINISCENCIA,9,180,plasma,false,520.00
553,ECN-CAT-URO-062,Evaluación de Magnesio en orina,true,study,MICROSCOPÍA,16,135,urine,false,550.00
554,ECN-CAT-MOL-062,Evaluación de Neisseria gonorrhoeae,true,study,PCR,23,465,swab,true,1040.00
555,ECN-CAT-QC-063,Evaluación de Albúmina,true,study,COLORIMETRÍA,30,165,serum,true,800.00
556,ECN-CAT-HEM-063,Evaluación de Linfocitos,true,study,MICROSCOPÍA,7,105,blood,false,300.00
557,ECN-CAT-INM-063,Evaluación de Procalcitonina,true,study,QUIMIOLUMINISCENCIA,14,195,serum,false,570.00
558,ECN-CAT-MIC-063,Evaluación de Baciloscopía,true,study,MICROSCOPÍA,21,165,other,false,650.00
559,ECN-CAT-COA-063,Evaluación de Proteína S funcional,true,study,COAGULOMETRÍA,28,165,plasma,true,840.00
560,ECN-CAT-END-063,Evaluación de Estradiol,true,study,ELISA,5,135,serum,false,390.00
561,ECN-CAT-URO-063,Evaluación de Urea en orina,true,study,COLORIMETRÍA,12,75,urine,false,490.00
562,ECN-CAT-MOL-063,Evaluación de Mycobacterium tuberculosis,true,study,PCR,19,435,other,true,940.00
563,ECN-CAT-QC-064,Evaluación de Proteínas totales,true,study,ENZIMÁTICO,26,135,plasma,true,690.00
564,ECN-CAT-HEM-064,Evaluación de Monocitos,true,study,IMPEDANCIA,3,45,blood,false,220.00
565,ECN-CAT-INM-064,Evaluación de Ferritina,true,study,INMUNOENSAYO,10,120,serum,false,460.00
566,ECN-CAT-MIC-064,Evaluación de Búsqueda de hongos,true,study,MICROSCOPÍA,17,150,other,true,560.00
567,ECN-CAT-COA-064,Evaluación de Anticoagulante lúpico,true,study,COAGULOMETRÍA,24,150,plasma,false,740.00
568,ECN-CAT-END-064,Evaluación de Progesterona,true,study,INMUNOENSAYO,1,90,plasma,false,260.00
569,ECN-CAT-URO-064,Evaluación de Osmolalidad urinaria,true,study,TIRA REACTIVA,8,60,urine,false,380.00
570,ECN-CAT-MOL-064,Evaluación de Bordetella pertussis,true,study,PCR,15,450,swab,true,840.00
571,ECN-CAT-QC-065,Evaluación de Calcio,true,study,ESPECTROFOTOMETRÍA,22,135,serum,false,620.00
572,ECN-CAT-HEM-065,Evaluación de Eosinófilos,true,study,CITOMETRÍA,29,195,blood,true,930.00
573,ECN-CAT-INM-065,Evaluación de Troponina I,true,study,ELISA,6,135,serum,false,400.00
574,ECN-CAT-MIC-065,Evaluación de Coprológico,true,study,MICROSCOPÍA,13,120,stool,false,460.00
575,ECN-CAT-COA-065,Evaluación de Resistencia a proteína C activada,true,study,COAGULOMETRÍA,20,135,plasma,false,640.00
576,ECN-CAT-END-065,Evaluación de Testosterona total,true,study,QUIMIOLUMINISCENCIA,27,240,serum,true,930.00
577,ECN-CAT-URO-065,Evaluación de Depuración de creatinina,true,study,MICROSCOPÍA,4,90,urine,false,300.00
578,ECN-CAT-MOL-065,Evaluación de Parvovirus B19,true,study,PCR,11,435,blood,true,750.00
579,ECN-CAT-QC-066,Evaluación de Fósforo,true,study,COLORIMETRÍA,18,105,plasma,false,550.00
580,ECN-CAT-HEM-066,Evaluación de Basófilos,true,study,MICROSCOPÍA,25,165,blood,true,720.00
581,ECN-CAT-INM-066,Evaluación de Antígeno carcinoembrionario,true,study,QUIMIOLUMINISCENCIA,2,150,serum,false,330.00
582,ECN-CAT-MIC-066,Evaluación de Amiba en fresco,true,study,MICROSCOPÍA,9,105,stool,false,360.00
583,ECN-CAT-COA-066,Evaluación de Agregación plaquetaria,true,study,COAGULOMETRÍA,16,120,plasma,false,590.00
584,ECN-CAT-END-066,Evaluación de Testosterona libre,true,study,ELISA,23,195,plasma,false,800.00
585,ECN-CAT-URO-066,Evaluación de Sedimento urinario,true,study,COLORIMETRÍA,30,150,urine,true,860.00
586,ECN-CAT-MOL-066,Evaluación de Dengue por PCR,true,study,RT-PCR,7,345,blood,true,680.00
587,ECN-CAT-QC-067,Evaluación de Magnesio,true,study,ENZIMÁTICO,14,90,serum,false,450.00
588,ECN-CAT-HEM-067,Evaluación de Velocidad de sedimentación,true,study,IMPEDANCIA,21,120,blood,false,640.00
589,ECN-CAT-INM-067,Evaluación de Alfafetoproteína,true,study,INMUNOENSAYO,28,195,serum,true,830.00
590,ECN-CAT-MIC-067,Evaluación de Sangre oculta en heces,true,study,INMUNOCROMATOGRAFÍA,5,60,stool,false,350.00
591,ECN-CAT-COA-067,Evaluación de Tiempo de sangrado,true,study,COAGULOMETRÍA,12,120,plasma,false,490.00
592,ECN-CAT-END-067,Evaluación de Dehidroepiandrosterona,true,study,INMUNOENSAYO,19,150,serum,false,680.00
593,ECN-CAT-URO-067,Evaluación de Cetonas en orina,true,study,TIRA REACTIVA,26,135,urine,true,740.00
594,ECN-CAT-MOL-067,Evaluación de Zika por PCR,true,study,RT-PCR,3,330,blood,true,630.00
595,ECN-CAT-QC-068,Evaluación de Sodio,true,study,ESPECTROFOTOMETRÍA,10,90,plasma,false,380.00
596,ECN-CAT-HEM-068,Evaluación de Frotis de sangre periférica,true,study,CITOMETRÍA,17,150,blood,false,640.00
597,ECN-CAT-INM-068,Evaluación de CA 125,true,study,ELISA,24,210,serum,false,760.00
598,ECN-CAT-MIC-068,Evaluación de Rotavirus en heces,true,study,INMUNOCROMATOGRAFÍA,1,45,stool,true,250.00
599,ECN-CAT-COA-068,Evaluación de Tiempo de coagulación,true,study,COAGULOMETRÍA,8,105,plasma,false,400.00
600,ECN-CAT-END-068,Evaluación de Aldosterona,true,study,QUIMIOLUMINISCENCIA,15,195,plasma,false,640.00
601,ECN-CAT-URO-068,Evaluación de Hemoglobina en orina,true,study,MICROSCOPÍA,22,150,urine,false,720.00
602,ECN-CAT-MOL-068,Evaluación de Chikungunya por PCR,true,study,RT-PCR,29,435,blood,true,1190.00
603,ECN-CAT-QC-069,Evaluación de Potasio,true,study,COLORIMETRÍA,6,60,serum,false,260.00
604,ECN-CAT-HEM-069,Evaluación de Conteo diferencial,true,study,MICROSCOPÍA,13,120,blood,false,420.00
605,ECN-CAT-INM-069,Evaluación de CA 19-9,true,study,QUIMIOLUMINISCENCIA,20,225,serum,false,740.00
606,ECN-CAT-MIC-069,Evaluación de Adenovirus en heces,true,study,INMUNOCROMATOGRAFÍA,27,150,stool,true,820.00
607,ECN-CAT-COA-069,Evaluación de Productos de degradación de fibrina,true,study,COAGULOMETRÍA,4,90,plasma,false,300.00
608,ECN-CAT-END-069,Evaluación de Renina,true,study,ELISA,11,150,serum,false,510.00
609,ECN-CAT-URO-069,Evaluación de Nitritos en orina,true,study,COLORIMETRÍA,18,105,urine,false,610.00
610,ECN-CAT-MOL-069,Evaluación de Panel respiratorio molecular,true,study,RT-PCR,25,420,swab,true,1100.00
611,ECN-CAT-QC-070,Evaluación de Cloro,true,study,ENZIMÁTICO,2,30,plasma,false,150.00
612,ECN-CAT-HEM-070,Evaluación de Índice plaquetario,true,study,IMPEDANCIA,9,90,blood,false,390.00
613,ECN-CAT-INM-070,Evaluación de CA 15-3,true,study,INMUNOENSAYO,16,135,serum,false,590.00
614,ECN-CAT-MIC-070,Evaluación de Helicobacter pylori,true,study,INMUNOCROMATOGRAFÍA,23,135,stool,false,720.00
615,ECN-CAT-COA-070,Evaluación de Factor de von Willebrand,true,study,COAGULOMETRÍA,30,180,plasma,true,860.00
616,ECN-CAT-END-070,Evaluación de Paratohormona,true,study,INMUNOENSAYO,7,105,plasma,false,430.00
617,ECN-CAT-URO-070,Evaluación de Leucocitos en orina,true,study,TIRA REACTIVA,14,75,urine,false,500.00
618,ECN-CAT-MOL-070,Evaluación de Panel gastrointestinal molecular,true,study,RT-PCR,21,405,other,true,1000.00
619,ECN-CAT-QC-071,Evaluación de Hierro sérico,true,study,ESPECTROFOTOMETRÍA,28,150,serum,true,740.00
620,ECN-CAT-HEM-071,Evaluación de Morfología eritrocitaria,true,study,CITOMETRÍA,5,120,blood,false,400.00
621,ECN-CAT-INM-071,Evaluación de Antígeno prostático total,true,study,ELISA,12,150,serum,false,520.00
622,ECN-CAT-MIC-071,Evaluación de Clostridioides difficile,true,study,INMUNOCROMATOGRAFÍA,19,120,stool,false,620.00
623,ECN-CAT-COA-071,Evaluación de Mezcla de TTPa,true,study,COAGULOMETRÍA,26,165,plasma,true,810.00
624,ECN-CAT-END-071,Evaluación de Calcitonina,true,study,QUIMIOLUMINISCENCIA,3,150,serum,false,400.00
625,ECN-CAT-URO-071,Evaluación de Cristales en orina,true,study,MICROSCOPÍA,10,105,urine,false,430.00
626,ECN-CAT-MOL-071,Evaluación de Trombofilia hereditaria,true,study,PCR,17,450,blood,true,870.00
627,ECN-CAT-QC-072,Evaluación de Amilasa,true,study,COLORIMETRÍA,24,120,plasma,false,680.00
628,ECN-CAT-HEM-072,Evaluación de Morfología leucocitaria,true,study,MICROSCOPÍA,1,90,blood,false,180.00
629,ECN-CAT-INM-072,Evaluación de Antígeno prostático libre,true,study,QUIMIOLUMINISCENCIA,8,165,serum,false,450.00
630,ECN-CAT-MIC-072,Evaluación de Estreptococo del grupo A,true,study,INMUNOCROMATOGRAFÍA,15,90,swab,true,570.00
631,ECN-CAT-COA-072,Evaluación de Mezcla de TP,true,study,COAGULOMETRÍA,22,150,plasma,false,720.00
632,ECN-CAT-END-072,Evaluación de Péptido C,true,study,ELISA,29,225,plasma,true,930.00
633,ECN-CAT-URO-072,Evaluación de Cilindros urinarios,true,study,COLORIMETRÍA,6,75,urine,false,320.00
634,ECN-CAT-MOL-072,Evaluación de Mutación JAK2,true,study,PCR,13,435,blood,true,820.00
635,ECN-CAT-QC-073,Evaluación de Lipasa,true,study,ENZIMÁTICO,20,105,serum,false,570.00
636,ECN-CAT-HEM-073,Evaluación de Morfología plaquetaria,true,study,IMPEDANCIA,27,165,blood,true,760.00
637,ECN-CAT-INM-073,Evaluación de Serología para dengue,true,study,INMUNOENSAYO,4,90,serum,false,290.00
638,ECN-CAT-MIC-073,Evaluación de Salmonella,true,study,CULTIVO,11,765,stool,false,540.00
639,ECN-CAT-COA-073,Evaluación de Factor V,true,study,COAGULOMETRÍA,18,135,plasma,false,620.00
640,ECN-CAT-END-073,Evaluación de 17-hidroxiprogesterona,true,study,INMUNOENSAYO,25,165,serum,true,800.00
641,ECN-CAT-URO-073,Evaluación de Urobilinógeno en orina,true,study,TIRA REACTIVA,2,45,urine,false,260.00
642,ECN-CAT-MOL-073,Evaluación de BCR-ABL cuantitativo,true,study,PCR,9,405,blood,true,720.00
643,ECN-CAT-QC-074,Evaluación de Lactato deshidrogenasa,true,study,ESPECTROFOTOMETRÍA,16,105,plasma,false,500.00
644,ECN-CAT-HEM-074,Evaluación de Hemoparásitos,true,study,CITOMETRÍA,23,195,blood,false,760.00
645,ECN-CAT-INM-074,Evaluación de Serología para rubéola,true,study,ELISA,30,225,serum,true,940.00
646,ECN-CAT-MIC-074,Evaluación de Shigella,true,study,CULTIVO,7,750,stool,false,440.00
647,ECN-CAT-COA-074,Evaluación de Factor VII,true,study,COAGULOMETRÍA,14,120,plasma,false,520.00
648,ECN-CAT-END-074,Evaluación de Hormona antimülleriana,true,study,QUIMIOLUMINISCENCIA,21,210,plasma,false,760.00
649,ECN-CAT-URO-074,Evaluación de Bilirrubina en orina,true,study,MICROSCOPÍA,28,195,urine,true,840.00
650,ECN-CAT-MOL-074,Evaluación de HLA-B27,true,study,PCR,5,390,blood,true,630.00
651,ECN-CAT-QC-075,Evaluación de Hemoglobina glucosilada,true,study,COLORIMETRÍA,12,75,blood,false,380.00
652,ECN-CAT-HEM-075,Evaluación de Prueba de falciformación,true,study,MICROSCOPÍA,19,150,blood,false,600.00
653,ECN-CAT-INM-075,Evaluación de Serología para toxoplasma,true,study,QUIMIOLUMINISCENCIA,26,240,serum,true,870.00
654,ECN-CAT-MIC-075,Evaluación de Candida albicans,true,study,CULTIVO,3,750,swab,false,340.00
655,ECN-CAT-COA-075,Evaluación de Factor X,true,study,COAGULOMETRÍA,10,105,plasma,false,420.00
656,ECN-CAT-END-075,Evaluación de Somatomedina C,true,study,ELISA,17,165,serum,false,680.00
657,ECN-CAT-URO-075,Evaluación de Relación albúmina creatinina,true,study,COLORIMETRÍA,24,135,urine,false,740.00
658,ECN-CAT-MOL-075,Evaluación de Carga viral cuantitativa,true,study,PCR,1,375,plasma,true,530.00
659,ECN-CAT-QC-076,Control de Glucosa,true,study,ENZIMÁTICO,8,60,plasma,false,270.00
660,ECN-CAT-HEM-076,Control de Biometría hemática,true,study,IMPEDANCIA,15,105,blood,false,520.00
661,ECN-CAT-INM-076,Control de Proteína C reactiva,true,study,INMUNOENSAYO,22,165,serum,false,710.00
662,ECN-CAT-MIC-076,Control de Urocultivo,true,study,CULTIVO,29,855,urine,true,900.00
663,ECN-CAT-COA-076,Control de Tiempo de protrombina,true,study,COAGULOMETRÍA,6,90,plasma,false,370.00
664,ECN-CAT-END-076,Control de Hormona estimulante de tiroides,true,study,INMUNOENSAYO,13,120,plasma,false,560.00
665,ECN-CAT-URO-076,Control de Examen general de orina,true,study,TIRA REACTIVA,20,120,urine,false,620.00
666,ECN-CAT-MOL-076,Control de Detección molecular de SARS-CoV-2,true,study,RT-PCR,27,420,swab,true,1120.00
667,ECN-CAT-QC-077,Control de Urea,true,study,ESPECTROFOTOMETRÍA,4,45,serum,false,260.00
668,ECN-CAT-HEM-077,Control de Hemoglobina,true,study,CITOMETRÍA,11,135,blood,false,520.00
669,ECN-CAT-INM-077,Control de Factor reumatoide,true,study,ELISA,18,165,serum,false,640.00
670,ECN-CAT-MIC-077,Control de Coprocultivo,true,study,CULTIVO,25,840,stool,true,800.00
671,ECN-CAT-COA-077,Control de Tiempo de tromboplastina parcial,true,study,COAGULOMETRÍA,2,75,plasma,false,280.00
672,ECN-CAT-END-077,Control de Tiroxina libre,true,study,QUIMIOLUMINISCENCIA,9,165,serum,false,520.00
673,ECN-CAT-URO-077,Control de Microalbúmina en orina,true,study,MICROSCOPÍA,16,150,urine,false,550.00
674,ECN-CAT-MOL-077,Control de Virus de influenza A,true,study,RT-PCR,23,405,swab,true,1070.00
675,ECN-CAT-QC-078,Control de Creatinina,true,study,COLORIMETRÍA,30,165,plasma,true,800.00
676,ECN-CAT-HEM-078,Control de Hematocrito,true,study,MICROSCOPÍA,7,105,blood,false,300.00
677,ECN-CAT-INM-078,Control de Antiestreptolisinas O,true,study,QUIMIOLUMINISCENCIA,14,180,serum,false,570.00
678,ECN-CAT-MIC-078,Control de Exudado faríngeo,true,study,CULTIVO,21,825,swab,false,760.00
679,ECN-CAT-COA-078,Control de Tiempo de trombina,true,study,COAGULOMETRÍA,28,165,plasma,true,840.00
680,ECN-CAT-END-078,Control de Tiroxina total,true,study,ELISA,5,120,plasma,false,390.00
681,ECN-CAT-URO-078,Control de Proteínas en orina,true,study,COLORIMETRÍA,12,90,urine,false,490.00
682,ECN-CAT-MOL-078,Control de Virus de influenza B,true,study,RT-PCR,19,390,swab,true,980.00
683,ECN-CAT-QC-079,Control de Ácido úrico,true,study,ENZIMÁTICO,26,150,serum,true,690.00
684,ECN-CAT-HEM-079,Control de Eritrocitos,true,study,IMPEDANCIA,3,60,blood,false,220.00
685,ECN-CAT-INM-079,Control de Inmunoglobulina A,true,study,INMUNOENSAYO,10,105,serum,false,470.00
686,ECN-CAT-MIC-079,Control de Exudado nasal,true,study,CULTIVO,17,810,swab,false,660.00
687,ECN-CAT-COA-079,Control de Fibrinógeno,true,study,COAGULOMETRÍA,24,150,plasma,false,740.00
688,ECN-CAT-END-079,Control de Triyodotironina libre,true,study,INMUNOENSAYO,1,75,serum,false,260.00
689,ECN-CAT-URO-079,Control de Glucosa en orina,true,study,TIRA REACTIVA,8,60,urine,false,380.00
690,ECN-CAT-MOL-079,Control de Virus del papiloma humano,true,study,PCR,15,435,swab,true,850.00
691,ECN-CAT-QC-080,Control de Colesterol total,true,study,ESPECTROFOTOMETRÍA,22,135,plasma,false,620.00
692,ECN-CAT-HEM-080,Control de Leucocitos,true,study,CITOMETRÍA,29,210,blood,true,940.00
693,ECN-CAT-INM-080,Control de Inmunoglobulina G,true,study,ELISA,6,120,serum,false,400.00
694,ECN-CAT-MIC-080,Control de Exudado vaginal,true,study,CULTIVO,13,795,swab,true,560.00
695,ECN-CAT-COA-080,Control de Dímero D,true,study,COAGULOMETRÍA,20,135,plasma,false,640.00
696,ECN-CAT-END-080,Control de Triyodotironina total,true,study,QUIMIOLUMINISCENCIA,27,255,plasma,true,940.00
697,ECN-CAT-URO-080,Control de Creatinina en orina,true,study,MICROSCOPÍA,4,90,urine,false,310.00
698,ECN-CAT-MOL-080,Control de Virus de hepatitis B,true,study,PCR,11,420,plasma,true,750.00
699,ECN-CAT-QC-081,Control de Triglicéridos,true,study,COLORIMETRÍA,18,120,serum,false,510.00
700,ECN-CAT-HEM-081,Control de Plaquetas,true,study,MICROSCOPÍA,25,180,blood,true,720.00
701,ECN-CAT-INM-081,Control de Inmunoglobulina M,true,study,QUIMIOLUMINISCENCIA,2,135,serum,false,330.00
702,ECN-CAT-MIC-081,Control de Exudado uretral,true,study,CULTIVO,9,780,swab,false,460.00
703,ECN-CAT-COA-081,Control de INR,true,study,COAGULOMETRÍA,16,120,plasma,false,600.00
704,ECN-CAT-END-081,Control de Insulina,true,study,ELISA,23,210,serum,false,810.00
705,ECN-CAT-URO-081,Control de Calcio en orina,true,study,COLORIMETRÍA,30,150,urine,true,860.00
706,ECN-CAT-MOL-081,Control de Virus de hepatitis C,true,study,PCR,7,390,plasma,true,650.00
707,ECN-CAT-QC-082,Control de Bilirrubina total,true,study,ENZIMÁTICO,14,90,plasma,false,450.00
708,ECN-CAT-HEM-082,Control de Reticulocitos,true,study,IMPEDANCIA,21,120,blood,false,640.00
709,ECN-CAT-INM-082,Control de Inmunoglobulina E,true,study,INMUNOENSAYO,28,180,serum,true,830.00
710,ECN-CAT-MIC-082,Control de Hemocultivo,true,study,CULTIVO,5,765,blood,false,360.00
711,ECN-CAT-COA-082,Control de Actividad de factor VIII,true,study,COAGULOMETRÍA,12,105,plasma,false,500.00
712,ECN-CAT-END-082,Control de Cortisol,true,study,INMUNOENSAYO,19,165,plasma,false,680.00
713,ECN-CAT-URO-082,Control de Ácido úrico en orina,true,study,TIRA REACTIVA,26,135,urine,true,750.00
714,ECN-CAT-MOL-082,Control de Virus de Epstein-Barr,true,study,PCR,3,375,blood,true,600.00
715,ECN-CAT-QC-083,Control de Bilirrubina directa,true,study,ESPECTROFOTOMETRÍA,10,90,serum,false,380.00
716,ECN-CAT-HEM-083,Control de Volumen corpuscular medio,true,study,CITOMETRÍA,17,150,blood,false,640.00
717,ECN-CAT-INM-083,Control de Complemento C3,true,study,ELISA,24,210,serum,false,760.00
718,ECN-CAT-MIC-083,Control de Cultivo de esputo,true,study,CULTIVO,1,735,other,false,320.00
719,ECN-CAT-COA-083,Control de Actividad de factor IX,true,study,COAGULOMETRÍA,8,90,plasma,false,400.00
720,ECN-CAT-END-083,Control de Hormona adrenocorticotropa,true,study,QUIMIOLUMINISCENCIA,15,195,serum,false,640.00
721,ECN-CAT-URO-083,Control de Sodio en orina,true,study,MICROSCOPÍA,22,165,urine,false,670.00
722,ECN-CAT-MOL-083,Control de Citomegalovirus,true,study,PCR,29,480,blood,true,1170.00
723,ECN-CAT-QC-084,Control de Alanina aminotransferasa,true,study,COLORIMETRÍA,6,60,plasma,false,260.00
724,ECN-CAT-HEM-084,Control de Hemoglobina corpuscular media,true,study,MICROSCOPÍA,13,120,blood,false,420.00
725,ECN-CAT-INM-084,Control de Complemento C4,true,study,QUIMIOLUMINISCENCIA,20,225,serum,false,750.00
726,ECN-CAT-MIC-084,Control de Cultivo de heridas,true,study,CULTIVO,27,840,swab,true,880.00
727,ECN-CAT-COA-084,Control de Actividad de factor XI,true,study,COAGULOMETRÍA,4,75,plasma,false,300.00
728,ECN-CAT-END-084,Control de Hormona de crecimiento,true,study,ELISA,11,150,plasma,false,510.00
729,ECN-CAT-URO-084,Control de Potasio en orina,true,study,COLORIMETRÍA,18,105,urine,false,620.00
730,ECN-CAT-MOL-084,Control de Virus herpes simple 1,true,study,PCR,25,465,swab,true,1070.00
731,ECN-CAT-QC-085,Control de Aspartato aminotransferasa,true,study,ENZIMÁTICO,2,45,serum,false,150.00
732,ECN-CAT-HEM-085,Control de Concentración media de hemoglobina,true,study,IMPEDANCIA,9,75,blood,false,400.00
733,ECN-CAT-INM-085,Control de Anticuerpos antinucleares,true,study,INMUNOENSAYO,16,150,serum,false,590.00
734,ECN-CAT-MIC-085,Control de Cultivo de secreciones,true,study,CULTIVO,23,825,swab,false,780.00
735,ECN-CAT-COA-085,Control de Actividad de factor XII,true,study,COAGULOMETRÍA,30,165,plasma,true,860.00
736,ECN-CAT-END-085,Control de Prolactina,true,study,INMUNOENSAYO,7,105,serum,false,440.00
737,ECN-CAT-URO-085,Control de Cloro en orina,true,study,TIRA REACTIVA,14,90,urine,false,500.00
738,ECN-CAT-MOL-085,Control de Virus herpes simple 2,true,study,PCR,21,465,swab,true,970.00
739,ECN-CAT-QC-086,Control de Fosfatasa alcalina,true,study,ESPECTROFOTOMETRÍA,28,165,plasma,true,750.00
740,ECN-CAT-HEM-086,Control de Ancho de distribución eritrocitaria,true,study,CITOMETRÍA,5,105,blood,false,400.00
741,ECN-CAT-INM-086,Control de Anticuerpos anti-DNA,true,study,ELISA,12,165,serum,false,520.00
742,ECN-CAT-MIC-086,Control de Antibiograma,true,study,CULTIVO,19,810,other,false,680.00
743,ECN-CAT-COA-086,Control de Antitrombina III,true,study,COAGULOMETRÍA,26,150,plasma,true,820.00
744,ECN-CAT-END-086,Control de Hormona luteinizante,true,study,QUIMIOLUMINISCENCIA,3,150,plasma,false,400.00
745,ECN-CAT-URO-086,Control de Fósforo en orina,true,study,MICROSCOPÍA,10,105,urine,false,430.00
746,ECN-CAT-MOL-086,Control de Chlamydia trachomatis,true,study,PCR,17,450,swab,true,870.00
747,ECN-CAT-QC-087,Control de Gamma glutamil transferasa,true,study,COLORIMETRÍA,24,135,serum,false,680.00
748,ECN-CAT-HEM-087,Control de Neutrófilos,true,study,MICROSCOPÍA,1,75,blood,false,180.00
749,ECN-CAT-INM-087,Control de Anticuerpos anticardiolipina,true,study,QUIMIOLUMINISCENCIA,8,180,serum,false,450.00
750,ECN-CAT-MIC-087,Control de Tinción de Gram,true,study,MICROSCOPÍA,15,135,other,false,490.00
751,ECN-CAT-COA-087,Control de Proteína C funcional,true,study,COAGULOMETRÍA,22,135,plasma,false,720.00
752,ECN-CAT-END-087,Control de Hormona foliculoestimulante,true,study,ELISA,29,225,serum,true,930.00
753,ECN-CAT-URO-087,Control de Magnesio en orina,true,study,COLORIMETRÍA,6,60,urine,false,320.00
754,ECN-CAT-MOL-087,Control de Neisseria gonorrhoeae,true,study,PCR,13,435,swab,true,830.00
755,ECN-CAT-QC-088,Control de Albúmina,true,study,ENZIMÁTICO,20,105,plasma,false,570.00
756,ECN-CAT-HEM-088,Control de Linfocitos,true,study,IMPEDANCIA,27,150,blood,true,760.00
757,ECN-CAT-INM-088,Control de Procalcitonina,true,study,INMUNOENSAYO,4,90,serum,false,300.00
758,ECN-CAT-MIC-088,Control de Baciloscopía,true,study,MICROSCOPÍA,11,120,other,true,440.00
759,ECN-CAT-COA-088,Control de Proteína S funcional,true,study,COAGULOMETRÍA,18,135,plasma,false,620.00
760,ECN-CAT-END-088,Control de Estradiol,true,study,INMUNOENSAYO,25,180,plasma,true,800.00
761,ECN-CAT-URO-088,Control de Urea en orina,true,study,TIRA REACTIVA,2,30,urine,false,210.00
762,ECN-CAT-MOL-088,Control de Mycobacterium tuberculosis,true,study,PCR,9,420,other,true,730.00
763,ECN-CAT-QC-089,Control de Proteínas totales,true,study,ESPECTROFOTOMETRÍA,16,105,serum,false,500.00
764,ECN-CAT-HEM-089,Control de Monocitos,true,study,CITOMETRÍA,23,180,blood,false,770.00
765,ECN-CAT-INM-089,Control de Ferritina,true,study,ELISA,30,225,serum,true,940.00
766,ECN-CAT-MIC-089,Control de Búsqueda de hongos,true,study,MICROSCOPÍA,7,105,other,false,340.00
767,ECN-CAT-COA-089,Control de Anticoagulante lúpico,true,study,COAGULOMETRÍA,14,120,plasma,false,520.00
768,ECN-CAT-END-089,Control de Progesterona,true,study,QUIMIOLUMINISCENCIA,21,225,serum,false,760.00
769,ECN-CAT-URO-089,Control de Osmolalidad urinaria,true,study,MICROSCOPÍA,28,180,urine,true,850.00
770,ECN-CAT-MOL-089,Control de Bordetella pertussis,true,study,PCR,5,405,swab,true,630.00
771,ECN-CAT-QC-090,Control de Calcio,true,study,COLORIMETRÍA,12,75,plasma,false,390.00
772,ECN-CAT-HEM-090,Control de Eosinófilos,true,study,MICROSCOPÍA,19,135,blood,false,550.00
773,ECN-CAT-INM-090,Control de Troponina I,true,study,QUIMIOLUMINISCENCIA,26,240,serum,true,870.00
774,ECN-CAT-MIC-090,Control de Coprológico,true,study,MICROSCOPÍA,3,75,stool,false,240.00
775,ECN-CAT-COA-090,Control de Resistencia a proteína C activada,true,study,COAGULOMETRÍA,10,105,plasma,false,420.00
776,ECN-CAT-END-090,Control de Testosterona total,true,study,ELISA,17,180,plasma,false,690.00
777,ECN-CAT-URO-090,Control de Depuración de creatinina,true,study,COLORIMETRÍA,24,120,urine,false,740.00
778,ECN-CAT-MOL-090,Control de Parvovirus B19,true,study,PCR,1,390,blood,true,530.00
779,ECN-CAT-QC-091,Control de Fósforo,true,study,ENZIMÁTICO,8,60,serum,false,280.00
780,ECN-CAT-HEM-091,Control de Basófilos,true,study,IMPEDANCIA,15,120,blood,false,520.00
781,ECN-CAT-INM-091,Control de Antígeno carcinoembrionario,true,study,INMUNOENSAYO,22,165,serum,false,710.00
782,ECN-CAT-MIC-091,Control de Amiba en fresco,true,study,MICROSCOPÍA,29,180,stool,true,800.00
783,ECN-CAT-COA-091,Control de Agregación plaquetaria,true,study,COAGULOMETRÍA,6,90,plasma,false,380.00
784,ECN-CAT-END-091,Control de Testosterona libre,true,study,INMUNOENSAYO,13,120,serum,false,560.00
785,ECN-CAT-URO-091,Control de Sedimento urinario,true,study,TIRA REACTIVA,20,105,urine,false,630.00
786,ECN-CAT-MOL-091,Control de Dengue por PCR,true,study,RT-PCR,27,420,blood,true,1120.00
787,ECN-CAT-QC-092,Control de Magnesio,true,study,ESPECTROFOTOMETRÍA,4,60,plasma,false,260.00
788,ECN-CAT-HEM-092,Control de Velocidad de sedimentación,true,study,CITOMETRÍA,11,150,blood,false,520.00
789,ECN-CAT-INM-092,Control de Alfafetoproteína,true,study,ELISA,18,180,serum,false,640.00
790,ECN-CAT-MIC-092,Control de Sangre oculta en heces,true,study,INMUNOCROMATOGRAFÍA,25,135,stool,true,750.00
791,ECN-CAT-COA-092,Control de Tiempo de sangrado,true,study,COAGULOMETRÍA,2,75,plasma,false,280.00
792,ECN-CAT-END-092,Control de Dehidroepiandrosterona,true,study,QUIMIOLUMINISCENCIA,9,165,plasma,false,520.00
793,ECN-CAT-URO-092,Control de Cetonas en orina,true,study,MICROSCOPÍA,16,135,urine,false,550.00
794,ECN-CAT-MOL-092,Control de Zika por PCR,true,study,RT-PCR,23,405,blood,true,1080.00
795,ECN-CAT-QC-093,Control de Sodio,true,study,COLORIMETRÍA,30,150,serum,true,800.00
796,ECN-CAT-HEM-093,Control de Frotis de sangre periférica,true,study,MICROSCOPÍA,7,105,blood,false,300.00
797,ECN-CAT-INM-093,Control de CA 125,true,study,QUIMIOLUMINISCENCIA,14,195,serum,false,580.00
798,ECN-CAT-MIC-093,Control de Rotavirus en heces,true,study,INMUNOCROMATOGRAFÍA,21,120,stool,false,700.00
799,ECN-CAT-COA-093,Control de Tiempo de coagulación,true,study,COAGULOMETRÍA,28,180,plasma,true,840.00
800,ECN-CAT-END-093,Control de Aldosterona,true,study,ELISA,5,120,serum,false,390.00
801,ECN-CAT-URO-093,Control de Hemoglobina en orina,true,study,COLORIMETRÍA,12,90,urine,false,450.00
802,ECN-CAT-MOL-093,Control de Chikungunya por PCR,true,study,RT-PCR,19,390,blood,true,980.00
803,ECN-CAT-QC-094,Control de Potasio,true,study,ENZIMÁTICO,26,135,plasma,true,690.00
804,ECN-CAT-HEM-094,Control de Conteo diferencial,true,study,IMPEDANCIA,3,60,blood,false,230.00
805,ECN-CAT-INM-094,Control de CA 19-9,true,study,INMUNOENSAYO,10,120,serum,false,470.00
806,ECN-CAT-MIC-094,Control de Adenovirus en heces,true,study,INMUNOCROMATOGRAFÍA,17,105,stool,false,600.00
807,ECN-CAT-COA-094,Control de Productos de degradación de fibrina,true,study,COAGULOMETRÍA,24,165,plasma,false,740.00
808,ECN-CAT-END-094,Control de Renina,true,study,INMUNOENSAYO,1,75,plasma,false,270.00
809,ECN-CAT-URO-094,Control de Nitritos en orina,true,study,TIRA REACTIVA,8,75,urine,false,380.00
810,ECN-CAT-MOL-094,Control de Panel respiratorio molecular,true,study,RT-PCR,15,375,swab,true,880.00
811,ECN-CAT-QC-095,Control de Cloro,true,study,ESPECTROFOTOMETRÍA,22,120,serum,false,630.00
812,ECN-CAT-HEM-095,Control de Índice plaquetario,true,study,CITOMETRÍA,29,210,blood,true,890.00
813,ECN-CAT-INM-095,Control de CA 15-3,true,study,ELISA,6,120,serum,false,400.00
814,ECN-CAT-MIC-095,Control de Helicobacter pylori,true,study,INMUNOCROMATOGRAFÍA,13,90,stool,false,500.00
815,ECN-CAT-COA-095,Control de Factor de von Willebrand,true,study,COAGULOMETRÍA,20,150,plasma,false,650.00
816,ECN-CAT-END-095,Control de Paratohormona,true,study,QUIMIOLUMINISCENCIA,27,240,serum,true,940.00
817,ECN-CAT-URO-095,Control de Leucocitos en orina,true,study,MICROSCOPÍA,4,105,urine,false,310.00
818,ECN-CAT-MOL-095,Control de Panel gastrointestinal molecular,true,study,RT-PCR,11,360,other,true,780.00
819,ECN-CAT-QC-096,Control de Hierro sérico,true,study,COLORIMETRÍA,18,105,plasma,false,510.00
820,ECN-CAT-HEM-096,Control de Morfología eritrocitaria,true,study,MICROSCOPÍA,25,180,blood,true,720.00
821,ECN-CAT-INM-096,Control de Antígeno prostático total,true,study,QUIMIOLUMINISCENCIA,2,135,serum,false,330.00
822,ECN-CAT-MIC-096,Control de Clostridioides difficile,true,study,INMUNOCROMATOGRAFÍA,9,90,stool,true,410.00
823,ECN-CAT-COA-096,Control de Mezcla de TTPa,true,study,COAGULOMETRÍA,16,120,plasma,false,550.00
824,ECN-CAT-END-096,Control de Calcitonina,true,study,ELISA,23,195,plasma,false,810.00
825,ECN-CAT-URO-096,Control de Cristales en orina,true,study,COLORIMETRÍA,30,165,urine,true,860.00
826,ECN-CAT-MOL-096,Control de Trombofilia hereditaria,true,study,PCR,7,405,blood,true,650.00
827,ECN-CAT-QC-097,Control de Amilasa,true,study,ENZIMÁTICO,14,75,serum,false,450.00
828,ECN-CAT-HEM-097,Control de Morfología leucocitaria,true,study,IMPEDANCIA,21,135,blood,false,640.00
829,ECN-CAT-INM-097,Control de Antígeno prostático libre,true,study,INMUNOENSAYO,28,180,serum,true,840.00
830,ECN-CAT-MIC-097,Control de Estreptococo del grupo A,true,study,INMUNOCROMATOGRAFÍA,5,75,swab,false,310.00
831,ECN-CAT-COA-097,Control de Mezcla de TP,true,study,COAGULOMETRÍA,12,105,plasma,false,500.00
832,ECN-CAT-END-097,Control de Péptido C,true,study,INMUNOENSAYO,19,150,serum,false,680.00
833,ECN-CAT-URO-097,Control de Cilindros urinarios,true,study,TIRA REACTIVA,26,135,urine,true,750.00
834,ECN-CAT-MOL-097,Control de Mutación JAK2,true,study,PCR,3,390,blood,true,610.00
835,ECN-CAT-QC-098,Control de Lipasa,true,study,ESPECTROFOTOMETRÍA,10,75,plasma,false,380.00
836,ECN-CAT-HEM-098,Control de Morfología plaquetaria,true,study,CITOMETRÍA,17,165,blood,false,650.00
837,ECN-CAT-INM-098,Control de Serología para dengue,true,study,ELISA,24,195,serum,false,770.00
838,ECN-CAT-MIC-098,Control de Salmonella,true,study,CULTIVO,1,750,stool,false,320.00
839,ECN-CAT-COA-098,Control de Factor V,true,study,COAGULOMETRÍA,8,90,plasma,false,400.00
840,ECN-CAT-END-098,Control de 17-hidroxiprogesterona,true,study,QUIMIOLUMINISCENCIA,15,180,plasma,false,640.00
841,ECN-CAT-URO-098,Control de Urobilinógeno en orina,true,study,MICROSCOPÍA,22,165,urine,false,680.00
842,ECN-CAT-MOL-098,Control de BCR-ABL cuantitativo,true,study,PCR,29,495,blood,true,1170.00
843,ECN-CAT-QC-099,Control de Lactato deshidrogenasa,true,study,COLORIMETRÍA,6,75,serum,false,270.00
844,ECN-CAT-HEM-099,Control de Hemoparásitos,true,study,MICROSCOPÍA,13,135,blood,false,430.00
845,ECN-CAT-INM-099,Control de Serología para rubéola,true,study,QUIMIOLUMINISCENCIA,20,210,serum,false,750.00
846,ECN-CAT-MIC-099,Control de Shigella,true,study,CULTIVO,27,855,stool,true,880.00
847,ECN-CAT-COA-099,Control de Factor VII,true,study,COAGULOMETRÍA,4,75,plasma,false,300.00
848,ECN-CAT-END-099,Control de Hormona antimülleriana,true,study,ELISA,11,135,serum,false,520.00
849,ECN-CAT-URO-099,Control de Bilirrubina en orina,true,study,COLORIMETRÍA,18,105,urine,false,620.00
850,ECN-CAT-MOL-099,Control de HLA-B27,true,study,PCR,25,465,blood,true,1070.00
851,ECN-CAT-QC-100,Control de Hemoglobina glucosilada,true,study,ENZIMÁTICO,2,45,blood,false,160.00
852,ECN-CAT-HEM-100,Control de Prueba de falciformación,true,study,IMPEDANCIA,9,75,blood,false,350.00
853,ECN-CAT-INM-100,Control de Serología para toxoplasma,true,study,INMUNOENSAYO,16,135,serum,false,590.00
854,ECN-CAT-MIC-100,Control de Candida albicans,true,study,CULTIVO,23,840,swab,true,780.00
855,ECN-CAT-COA-100,Control de Factor X,true,study,COAGULOMETRÍA,30,180,plasma,true,870.00
856,ECN-CAT-END-100,Control de Somatomedina C,true,study,INMUNOENSAYO,7,90,plasma,false,440.00
857,ECN-CAT-URO-100,Control de Relación albúmina creatinina,true,study,TIRA REACTIVA,14,90,urine,false,510.00
858,ECN-CAT-MOL-100,Control de Carga viral cuantitativa,true,study,PCR,21,450,plasma,true,970.00
859,ECN-CAT-QC-101,Confirmación de Glucosa,true,study,ESPECTROFOTOMETRÍA,28,165,serum,true,750.00
860,ECN-CAT-HEM-101,Confirmación de Biometría hemática,true,study,CITOMETRÍA,5,105,blood,false,400.00
861,ECN-CAT-INM-101,Confirmación de Proteína C reactiva,true,study,ELISA,12,150,serum,false,520.00
862,ECN-CAT-MIC-101,Confirmación de Urocultivo,true,study,CULTIVO,19,810,urine,false,690.00
863,ECN-CAT-COA-101,Confirmación de Tiempo de protrombina,true,study,COAGULOMETRÍA,26,165,plasma,true,770.00
864,ECN-CAT-END-101,Confirmación de Hormona estimulante de tiroides,true,study,QUIMIOLUMINISCENCIA,3,150,serum,false,400.00
865,ECN-CAT-URO-101,Confirmación de Examen general de orina,true,study,MICROSCOPÍA,10,120,urine,false,430.00
866,ECN-CAT-MOL-101,Confirmación de Detección molecular de SARS-CoV-2,true,study,RT-PCR,17,375,swab,true,910.00
867,ECN-CAT-QC-102,Confirmación de Urea,true,study,COLORIMETRÍA,24,135,plasma,false,680.00
868,ECN-CAT-HEM-102,Confirmación de Hemoglobina,true,study,MICROSCOPÍA,1,75,blood,false,180.00
869,ECN-CAT-INM-102,Confirmación de Factor reumatoide,true,study,QUIMIOLUMINISCENCIA,8,165,serum,false,460.00
870,ECN-CAT-MIC-102,Confirmación de Coprocultivo,true,study,CULTIVO,15,795,stool,false,590.00
871,ECN-CAT-COA-102,Confirmación de Tiempo de tromboplastina parcial,true,study,COAGULOMETRÍA,22,150,plasma,false,720.00
872,ECN-CAT-END-102,Confirmación de Tiroxina libre,true,study,ELISA,29,225,plasma,true,930.00
873,ECN-CAT-URO-102,Confirmación de Microalbúmina en orina,true,study,COLORIMETRÍA,6,60,urine,false,330.00
874,ECN-CAT-MOL-102,Confirmación de Virus de influenza A,true,study,RT-PCR,13,360,swab,true,810.00
875,ECN-CAT-QC-103,Confirmación de Creatinina,true,study,ENZIMÁTICO,20,120,serum,false,570.00
876,ECN-CAT-HEM-103,Confirmación de Hematocrito,true,study,IMPEDANCIA,27,150,blood,true,770.00
877,ECN-CAT-INM-103,Confirmación de Antiestreptolisinas O,true,study,INMUNOENSAYO,4,75,serum,false,300.00
878,ECN-CAT-MIC-103,Confirmación de Exudado faríngeo,true,study,CULTIVO,11,780,swab,false,540.00
879,ECN-CAT-COA-103,Confirmación de Tiempo de trombina,true,study,COAGULOMETRÍA,18,120,plasma,false,620.00
880,ECN-CAT-END-103,Confirmación de Tiroxina total,true,study,INMUNOENSAYO,25,180,serum,true,810.00
881,ECN-CAT-URO-103,Confirmación de Proteínas en orina,true,study,TIRA REACTIVA,2,45,urine,false,210.00
882,ECN-CAT-MOL-103,Confirmación de Virus de influenza B,true,study,RT-PCR,9,345,swab,true,760.00
883,ECN-CAT-QC-104,Confirmación de Ácido úrico,true,study,ESPECTROFOTOMETRÍA,16,120,plasma,false,510.00
884,ECN-CAT-HEM-104,Confirmación de Eritrocitos,true,study,CITOMETRÍA,23,180,blood,false,770.00
885,ECN-CAT-INM-104,Confirmación de Inmunoglobulina A,true,study,ELISA,30,240,serum,true,940.00
886,ECN-CAT-MIC-104,Confirmación de Exudado nasal,true,study,CULTIVO,7,765,swab,true,440.00
887,ECN-CAT-COA-104,Confirmación de Fibrinógeno,true,study,COAGULOMETRÍA,14,105,plasma,false,530.00
888,ECN-CAT-END-104,Confirmación de Triyodotironina libre,true,study,QUIMIOLUMINISCENCIA,21,225,plasma,false,770.00
889,ECN-CAT-URO-104,Confirmación de Glucosa en orina,true,study,MICROSCOPÍA,28,180,urine,true,850.00
890,ECN-CAT-MOL-104,Confirmación de Virus del papiloma humano,true,study,PCR,5,390,swab,true,630.00
891,ECN-CAT-QC-105,Confirmación de Colesterol total,true,study,COLORIMETRÍA,12,90,serum,false,390.00
892,ECN-CAT-HEM-105,Confirmación de Leucocitos,true,study,MICROSCOPÍA,19,150,blood,false,550.00
893,ECN-CAT-INM-105,Confirmación de Inmunoglobulina G,true,study,QUIMIOLUMINISCENCIA,26,255,serum,true,870.00
894,ECN-CAT-MIC-105,Confirmación de Exudado vaginal,true,study,CULTIVO,3,750,swab,false,350.00
895,ECN-CAT-COA-105,Confirmación de Dímero D,true,study,COAGULOMETRÍA,10,90,plasma,false,430.00
896,ECN-CAT-END-105,Confirmación de Triyodotironina total,true,study,ELISA,17,180,serum,false,690.00
897,ECN-CAT-URO-105,Confirmación de Creatinina en orina,true,study,COLORIMETRÍA,24,135,urine,false,740.00
898,ECN-CAT-MOL-105,Confirmación de Virus de hepatitis B,true,study,PCR,1,375,plasma,true,530.00
899,ECN-CAT-QC-106,Confirmación de Triglicéridos,true,study,ENZIMÁTICO,8,60,plasma,false,280.00
900,ECN-CAT-HEM-106,Confirmación de Plaquetas,true,study,IMPEDANCIA,15,105,blood,false,520.00
901,ECN-CAT-INM-106,Confirmación de Inmunoglobulina M,true,study,INMUNOENSAYO,22,165,serum,false,720.00
902,ECN-CAT-MIC-106,Confirmación de Exudado uretral,true,study,CULTIVO,29,855,swab,true,910.00
903,ECN-CAT-COA-106,Confirmación de INR,true,study,COAGULOMETRÍA,6,75,plasma,false,330.00
904,ECN-CAT-END-106,Confirmación de Insulina,true,study,INMUNOENSAYO,13,135,plasma,false,560.00
905,ECN-CAT-URO-106,Confirmación de Calcio en orina,true,study,TIRA REACTIVA,20,105,urine,false,630.00
906,ECN-CAT-MOL-106,Confirmación de Virus de hepatitis C,true,study,PCR,27,495,plasma,true,1100.00
907,ECN-CAT-QC-107,Confirmación de Bilirrubina total,true,study,ESPECTROFOTOMETRÍA,4,60,serum,false,260.00
908,ECN-CAT-HEM-107,Confirmación de Reticulocitos,true,study,CITOMETRÍA,11,135,blood,false,530.00
909,ECN-CAT-INM-107,Confirmación de Inmunoglobulina E,true,study,ELISA,18,180,serum,false,650.00
910,ECN-CAT-MIC-107,Confirmación de Hemocultivo,true,study,CULTIVO,25,840,blood,true,810.00
911,ECN-CAT-COA-107,Confirmación de Actividad de factor VIII,true,study,COAGULOMETRÍA,2,60,plasma,false,280.00
912,ECN-CAT-END-107,Confirmación de Cortisol,true,study,QUIMIOLUMINISCENCIA,9,180,serum,false,520.00
913,ECN-CAT-URO-107,Confirmación de Ácido úrico en orina,true,study,MICROSCOPÍA,16,135,urine,false,560.00
914,ECN-CAT-MOL-107,Confirmación de Virus de Epstein-Barr,true,study,PCR,23,480,blood,true,1000.00
915,ECN-CAT-QC-108,Confirmación de Bilirrubina directa,true,study,COLORIMETRÍA,30,150,plasma,true,810.00
916,ECN-CAT-HEM-108,Confirmación de Volumen corpuscular medio,true,study,MICROSCOPÍA,7,90,blood,false,310.00
917,ECN-CAT-INM-108,Confirmación de Complemento C3,true,study,QUIMIOLUMINISCENCIA,14,195,serum,false,580.00
918,ECN-CAT-MIC-108,Confirmación de Cultivo de esputo,true,study,CULTIVO,21,810,other,true,760.00
919,ECN-CAT-COA-108,Confirmación de Actividad de factor IX,true,study,COAGULOMETRÍA,28,165,plasma,true,840.00
920,ECN-CAT-END-108,Confirmación de Hormona adrenocorticotropa,true,study,ELISA,5,135,plasma,false,400.00
921,ECN-CAT-URO-108,Confirmación de Sodio en orina,true,study,COLORIMETRÍA,12,75,urine,false,450.00
922,ECN-CAT-MOL-108,Confirmación de Citomegalovirus,true,study,PCR,19,465,blood,true,950.00
923,ECN-CAT-QC-109,Confirmación de Alanina aminotransferasa,true,study,ENZIMÁTICO,26,135,serum,true,700.00
924,ECN-CAT-HEM-109,Confirmación de Hemoglobina corpuscular media,true,study,IMPEDANCIA,3,45,blood,false,230.00
925,ECN-CAT-INM-109,Confirmación de Complemento C4,true,study,INMUNOENSAYO,10,120,serum,false,420.00
926,ECN-CAT-MIC-109,Confirmación de Cultivo de heridas,true,study,CULTIVO,17,795,swab,false,660.00
927,ECN-CAT-COA-109,Confirmación de Actividad de factor XI,true,study,COAGULOMETRÍA,24,165,plasma,false,750.00
928,ECN-CAT-END-109,Confirmación de Hormona de crecimiento,true,study,INMUNOENSAYO,1,75,serum,false,270.00
929,ECN-CAT-URO-109,Confirmación de Potasio en orina,true,study,TIRA REACTIVA,8,60,urine,false,390.00
930,ECN-CAT-MOL-109,Confirmación de Virus herpes simple 1,true,study,PCR,15,435,swab,true,850.00
931,ECN-CAT-QC-110,Confirmación de Aspartato aminotransferasa,true,study,ESPECTROFOTOMETRÍA,22,135,plasma,false,630.00
932,ECN-CAT-HEM-110,Confirmación de Concentración media de hemoglobina,true,study,CITOMETRÍA,29,195,blood,true,890.00
933,ECN-CAT-INM-110,Confirmación de Anticuerpos antinucleares,true,study,ELISA,6,135,serum,false,400.00
934,ECN-CAT-MIC-110,Confirmación de Cultivo de secreciones,true,study,CULTIVO,13,780,swab,false,570.00
935,ECN-CAT-COA-110,Confirmación de Actividad de factor XII,true,study,COAGULOMETRÍA,20,150,plasma,false,650.00
936,ECN-CAT-END-110,Confirmación de Prolactina,true,study,QUIMIOLUMINISCENCIA,27,240,plasma,true,940.00
937,ECN-CAT-URO-110,Confirmación de Cloro en orina,true,study,MICROSCOPÍA,4,90,urine,false,310.00
938,ECN-CAT-MOL-110,Confirmación de Virus herpes simple 2,true,study,PCR,11,420,swab,true,760.00
939,ECN-CAT-QC-111,Confirmación de Fosfatasa alcalina,true,study,COLORIMETRÍA,18,105,serum,false,510.00
940,ECN-CAT-HEM-111,Confirmación de Ancho de distribución eritrocitaria,true,study,MICROSCOPÍA,25,165,blood,true,720.00
941,ECN-CAT-INM-111,Confirmación de Anticuerpos anti-DNA,true,study,QUIMIOLUMINISCENCIA,2,150,serum,false,340.00
942,ECN-CAT-MIC-111,Confirmación de Antibiograma,true,study,CULTIVO,9,765,other,false,470.00
943,ECN-CAT-COA-111,Confirmación de Antitrombina III,true,study,COAGULOMETRÍA,16,135,plasma,false,550.00
944,ECN-CAT-END-111,Confirmación de Hormona luteinizante,true,study,ELISA,23,195,serum,false,810.00
945,ECN-CAT-URO-111,Confirmación de Fósforo en orina,true,study,COLORIMETRÍA,30,150,urine,true,870.00
946,ECN-CAT-MOL-111,Confirmación de Chlamydia trachomatis,true,study,PCR,7,405,swab,true,660.00
947,ECN-CAT-QC-112,Confirmación de Gamma glutamil transferasa,true,study,ENZIMÁTICO,14,90,plasma,false,450.00
948,ECN-CAT-HEM-112,Confirmación de Neutrófilos,true,study,IMPEDANCIA,21,135,blood,false,650.00
949,ECN-CAT-INM-112,Confirmación de Anticuerpos anticardiolipina,true,study,INMUNOENSAYO,28,195,serum,true,840.00
950,ECN-CAT-MIC-112,Confirmación de Tinción de Gram,true,study,MICROSCOPÍA,5,90,other,true,270.00
951,ECN-CAT-COA-112,Confirmación de Proteína C funcional,true,study,COAGULOMETRÍA,12,120,plasma,false,500.00
952,ECN-CAT-END-112,Confirmación de Hormona foliculoestimulante,true,study,INMUNOENSAYO,19,150,plasma,false,690.00
953,ECN-CAT-URO-112,Confirmación de Magnesio en orina,true,study,TIRA REACTIVA,26,120,urine,true,750.00
954,ECN-CAT-MOL-112,Confirmación de Neisseria gonorrhoeae,true,study,PCR,3,390,swab,true,560.00
955,ECN-CAT-QC-113,Confirmación de Albúmina,true,study,ESPECTROFOTOMETRÍA,10,75,serum,false,390.00
956,ECN-CAT-HEM-113,Confirmación de Linfocitos,true,study,CITOMETRÍA,17,165,blood,false,650.00
957,ECN-CAT-INM-113,Confirmación de Procalcitonina,true,study,ELISA,24,195,serum,false,770.00
958,ECN-CAT-MIC-113,Confirmación de Baciloscopía,true,study,MICROSCOPÍA,1,75,other,false,220.00
959,ECN-CAT-COA-113,Confirmación de Proteína S funcional,true,study,COAGULOMETRÍA,8,105,plasma,false,410.00
960,ECN-CAT-END-113,Confirmación de Estradiol,true,study,QUIMIOLUMINISCENCIA,15,195,serum,false,650.00
961,ECN-CAT-URO-113,Confirmación de Urea en orina,true,study,MICROSCOPÍA,22,150,urine,false,680.00
962,ECN-CAT-MOL-113,Confirmación de Mycobacterium tuberculosis,true,study,PCR,29,495,other,true,1170.00
963,ECN-CAT-QC-114,Confirmación de Proteínas totales,true,study,COLORIMETRÍA,6,60,plasma,false,270.00
964,ECN-CAT-HEM-114,Confirmación de Monocitos,true,study,MICROSCOPÍA,13,135,blood,false,430.00
965,ECN-CAT-INM-114,Confirmación de Ferritina,true,study,QUIMIOLUMINISCENCIA,20,210,serum,false,700.00
966,ECN-CAT-MIC-114,Confirmación de Búsqueda de hongos,true,study,MICROSCOPÍA,27,180,other,true,790.00
967,ECN-CAT-COA-114,Confirmación de Anticoagulante lúpico,true,study,COAGULOMETRÍA,4,75,plasma,false,310.00
968,ECN-CAT-END-114,Confirmación de Progesterona,true,study,ELISA,11,150,plasma,false,520.00
969,ECN-CAT-URO-114,Confirmación de Osmolalidad urinaria,true,study,COLORIMETRÍA,18,120,urine,false,620.00
970,ECN-CAT-MOL-114,Confirmación de Bordetella pertussis,true,study,PCR,25,480,swab,true,1070.00
971,ECN-CAT-QC-115,Confirmación de Calcio,true,study,ENZIMÁTICO,2,30,serum,false,160.00
972,ECN-CAT-HEM-115,Confirmación de Eosinófilos,true,study,IMPEDANCIA,9,90,blood,false,350.00
973,ECN-CAT-INM-115,Confirmación de Troponina I,true,study,INMUNOENSAYO,16,135,serum,false,600.00
974,ECN-CAT-MIC-115,Confirmación de Coprológico,true,study,MICROSCOPÍA,23,165,stool,false,690.00
975,ECN-CAT-COA-115,Confirmación de Resistencia a proteína C activada,true,study,COAGULOMETRÍA,30,180,plasma,true,870.00
976,ECN-CAT-END-115,Confirmación de Testosterona total,true,study,INMUNOENSAYO,7,105,serum,false,390.00
977,ECN-CAT-URO-115,Confirmación de Depuración de creatinina,true,study,TIRA REACTIVA,14,90,urine,false,510.00
978,ECN-CAT-MOL-115,Confirmación de Parvovirus B19,true,study,PCR,21,465,blood,true,980.00
979,ECN-CAT-QC-116,Confirmación de Fósforo,true,study,ESPECTROFOTOMETRÍA,28,150,plasma,true,750.00
980,ECN-CAT-HEM-116,Confirmación de Basófilos,true,study,CITOMETRÍA,5,120,blood,false,410.00
981,ECN-CAT-INM-116,Confirmación de Antígeno carcinoembrionario,true,study,ELISA,12,150,serum,false,530.00
982,ECN-CAT-MIC-116,Confirmación de Amiba en fresco,true,study,MICROSCOPÍA,19,135,stool,true,590.00
983,ECN-CAT-COA-116,Confirmación de Agregación plaquetaria,true,study,COAGULOMETRÍA,26,165,plasma,true,770.00
984,ECN-CAT-END-116,Confirmación de Testosterona libre,true,study,QUIMIOLUMINISCENCIA,3,135,plasma,false,400.00
985,ECN-CAT-URO-116,Confirmación de Sedimento urinario,true,study,MICROSCOPÍA,10,120,urine,false,440.00
986,ECN-CAT-MOL-116,Confirmación de Dengue por PCR,true,study,RT-PCR,17,390,blood,true,910.00
987,ECN-CAT-QC-117,Confirmación de Magnesio,true,study,COLORIMETRÍA,24,120,serum,false,690.00
988,ECN-CAT-HEM-117,Confirmación de Velocidad de sedimentación,true,study,MICROSCOPÍA,1,90,blood,false,190.00
989,ECN-CAT-INM-117,Confirmación de Alfafetoproteína,true,study,QUIMIOLUMINISCENCIA,8,165,serum,false,460.00
990,ECN-CAT-MIC-117,Confirmación de Sangre oculta en heces,true,study,INMUNOCROMATOGRAFÍA,15,120,stool,false,530.00
991,ECN-CAT-COA-117,Confirmación de Tiempo de sangrado,true,study,COAGULOMETRÍA,22,150,plasma,false,720.00
992,ECN-CAT-END-117,Confirmación de Dehidroepiandrosterona,true,study,ELISA,29,210,serum,true,940.00
993,ECN-CAT-URO-117,Confirmación de Cetonas en orina,true,study,COLORIMETRÍA,6,60,urine,false,330.00
994,ECN-CAT-MOL-117,Confirmación de Zika por PCR,true,study,RT-PCR,13,360,blood,true,810.00
995,ECN-CAT-QC-118,Confirmación de Sodio,true,study,ENZIMÁTICO,20,105,plasma,false,580.00
996,ECN-CAT-HEM-118,Confirmación de Frotis de sangre periférica,true,study,IMPEDANCIA,27,150,blood,true,770.00
997,ECN-CAT-INM-118,Confirmación de CA 125,true,study,INMUNOENSAYO,4,90,serum,false,300.00
998,ECN-CAT-MIC-118,Confirmación de Rotavirus en heces,true,study,INMUNOCROMATOGRAFÍA,11,105,stool,false,480.00
999,ECN-CAT-COA-118,Confirmación de Tiempo de coagulación,true,study,COAGULOMETRÍA,18,135,plasma,false,630.00
1000,ECN-CAT-END-118,Confirmación de Aldosterona,true,study,INMUNOENSAYO,25,165,plasma,true,810.00
1001,ECN-CAT-URO-118,Confirmación de Hemoglobina en orina,true,study,TIRA REACTIVA,2,45,urine,false,220.00
1002,ECN-CAT-MOL-118,Confirmación de Chikungunya por PCR,true,study,RT-PCR,9,345,blood,true,760.00
1003,ECN-CAT-QC-119,Confirmación de Potasio,true,study,ESPECTROFOTOMETRÍA,16,105,serum,false,510.00
1004,ECN-CAT-HEM-119,Confirmación de Conteo diferencial,true,study,CITOMETRÍA,23,180,blood,false,770.00
1005,ECN-CAT-INM-119,Confirmación de CA 19-9,true,study,ELISA,30,225,serum,true,890.00
1006,ECN-CAT-MIC-119,Confirmación de Adenovirus en heces,true,study,INMUNOCROMATOGRAFÍA,7,75,stool,false,390.00
1007,ECN-CAT-COA-119,Confirmación de Productos de degradación de fibrina,true,study,COAGULOMETRÍA,14,120,plasma,false,530.00
1008,ECN-CAT-END-119,Confirmación de Renina,true,study,QUIMIOLUMINISCENCIA,21,210,serum,false,770.00
1009,ECN-CAT-URO-119,Confirmación de Nitritos en orina,true,study,MICROSCOPÍA,28,195,urine,true,850.00
1010,ECN-CAT-MOL-119,Confirmación de Panel respiratorio molecular,true,study,RT-PCR,5,330,swab,true,670.00
1011,ECN-CAT-QC-120,Confirmación de Cloro,true,study,COLORIMETRÍA,12,90,plasma,false,390.00
1012,ECN-CAT-HEM-120,Confirmación de Índice plaquetario,true,study,MICROSCOPÍA,19,150,blood,false,550.00
1013,ECN-CAT-INM-120,Confirmación de CA 15-3,true,study,QUIMIOLUMINISCENCIA,26,240,serum,true,880.00
1014,ECN-CAT-MIC-120,Confirmación de Helicobacter pylori,true,study,INMUNOCROMATOGRAFÍA,3,60,stool,true,290.00
1015,ECN-CAT-COA-120,Confirmación de Factor de von Willebrand,true,study,COAGULOMETRÍA,10,105,plasma,false,430.00
1016,ECN-CAT-END-120,Confirmación de Paratohormona,true,study,ELISA,17,165,plasma,false,640.00
1017,ECN-CAT-URO-120,Confirmación de Leucocitos en orina,true,study,COLORIMETRÍA,24,135,urine,false,750.00
1018,ECN-CAT-MOL-120,Confirmación de Panel gastrointestinal molecular,true,study,RT-PCR,1,315,other,true,570.00
1019,ECN-CAT-QC-121,Confirmación de Hierro sérico,true,study,ENZIMÁTICO,8,75,serum,false,280.00
1020,ECN-CAT-HEM-121,Confirmación de Morfología eritrocitaria,true,study,IMPEDANCIA,15,105,blood,false,530.00
1021,ECN-CAT-INM-121,Confirmación de Antígeno prostático total,true,study,INMUNOENSAYO,22,150,serum,false,720.00
1022,ECN-CAT-MIC-121,Confirmación de Clostridioides difficile,true,study,INMUNOCROMATOGRAFÍA,29,165,stool,true,850.00
1023,ECN-CAT-COA-121,Confirmación de Mezcla de TTPa,true,study,COAGULOMETRÍA,6,75,plasma,false,330.00
1024,ECN-CAT-END-121,Confirmación de Calcitonina,true,study,INMUNOENSAYO,13,120,serum,false,570.00
1025,ECN-CAT-URO-121,Confirmación de Cristales en orina,true,study,TIRA REACTIVA,20,120,urine,false,630.00
1026,ECN-CAT-MOL-121,Confirmación de Trombofilia hereditaria,true,study,PCR,27,480,blood,true,1100.00
1027,ECN-CAT-QC-122,Confirmación de Amilasa,true,study,ESPECTROFOTOMETRÍA,4,75,plasma,false,220.00
1028,ECN-CAT-HEM-122,Confirmación de Morfología leucocitaria,true,study,CITOMETRÍA,11,135,blood,false,530.00
1029,ECN-CAT-INM-122,Confirmación de Antígeno prostático libre,true,study,ELISA,18,165,serum,false,650.00
1030,ECN-CAT-MIC-122,Confirmación de Estreptococo del grupo A,true,study,INMUNOCROMATOGRAFÍA,25,150,swab,true,750.00
1031,ECN-CAT-COA-122,Confirmación de Mezcla de TP,true,study,COAGULOMETRÍA,2,60,plasma,false,290.00
1032,ECN-CAT-END-122,Confirmación de Péptido C,true,study,QUIMIOLUMINISCENCIA,9,180,plasma,false,530.00
1033,ECN-CAT-URO-122,Confirmación de Cilindros urinarios,true,study,MICROSCOPÍA,16,135,urine,false,560.00
1034,ECN-CAT-MOL-122,Confirmación de Mutación JAK2,true,study,PCR,23,465,blood,true,1000.00
1035,ECN-CAT-QC-123,Confirmación de Lipasa,true,study,COLORIMETRÍA,30,165,serum,true,810.00
1036,ECN-CAT-HEM-123,Confirmación de Morfología plaquetaria,true,study,MICROSCOPÍA,7,105,blood,false,310.00
1037,ECN-CAT-INM-123,Confirmación de Serología para dengue,true,study,QUIMIOLUMINISCENCIA,14,180,serum,false,580.00
1038,ECN-CAT-MIC-123,Confirmación de Salmonella,true,study,CULTIVO,21,825,stool,false,770.00
1039,ECN-CAT-COA-123,Confirmación de Factor V,true,study,COAGULOMETRÍA,28,165,plasma,true,850.00
1040,ECN-CAT-END-123,Confirmación de 17-hidroxiprogesterona,true,study,ELISA,5,135,serum,false,400.00
1041,ECN-CAT-URO-123,Confirmación de Urobilinógeno en orina,true,study,COLORIMETRÍA,12,90,urine,false,450.00
1042,ECN-CAT-MOL-123,Confirmación de BCR-ABL cuantitativo,true,study,PCR,19,450,blood,true,950.00
1043,ECN-CAT-QC-124,Confirmación de Lactato deshidrogenasa,true,study,ENZIMÁTICO,26,135,plasma,true,700.00
1044,ECN-CAT-HEM-124,Confirmación de Hemoparásitos,true,study,IMPEDANCIA,3,60,blood,false,230.00
1045,ECN-CAT-INM-124,Confirmación de Serología para rubéola,true,study,INMUNOENSAYO,10,105,serum,false,420.00
1046,ECN-CAT-MIC-124,Confirmación de Shigella,true,study,CULTIVO,17,810,stool,true,670.00
1047,ECN-CAT-COA-124,Confirmación de Factor VII,true,study,COAGULOMETRÍA,24,150,plasma,false,750.00
1048,ECN-CAT-END-124,Confirmación de Hormona antimülleriana,true,study,INMUNOENSAYO,1,90,plasma,false,270.00
1049,ECN-CAT-URO-124,Confirmación de Bilirrubina en orina,true,study,TIRA REACTIVA,8,60,urine,false,390.00
1050,ECN-CAT-MOL-124,Confirmación de HLA-B27,true,study,PCR,15,420,blood,true,860.00
1051,ECN-CAT-QC-125,Confirmación de Hemoglobina glucosilada,true,study,ESPECTROFOTOMETRÍA,22,135,blood,false,630.00
1052,ECN-CAT-HEM-125,Confirmación de Prueba de falciformación,true,study,CITOMETRÍA,29,210,blood,true,890.00
1053,ECN-CAT-INM-125,Confirmación de Serología para toxoplasma,true,study,ELISA,6,135,serum,false,410.00
1054,ECN-CAT-MIC-125,Confirmación de Candida albicans,true,study,CULTIVO,13,795,swab,false,570.00
1055,ECN-CAT-COA-125,Confirmación de Factor X,true,study,COAGULOMETRÍA,20,135,plasma,false,650.00
1056,ECN-CAT-END-125,Confirmación de Somatomedina C,true,study,QUIMIOLUMINISCENCIA,27,255,serum,true,890.00
1057,ECN-CAT-URO-125,Confirmación de Relación albúmina creatinina,true,study,MICROSCOPÍA,4,90,urine,false,320.00
1058,ECN-CAT-MOL-125,Confirmación de Carga viral cuantitativa,true,study,PCR,11,405,plasma,true,760.00
3059,ECN-CAT-QC-126,Perfil de Glucosa,true,study,COLORIMETRÍA,18,105,plasma,false,510.00
3060,ECN-CAT-HEM-126,Perfil de Biometría hemática,true,study,MICROSCOPÍA,25,165,blood,true,730.00
3061,ECN-CAT-INM-126,Perfil de Proteína C reactiva,true,study,QUIMIOLUMINISCENCIA,2,150,serum,false,340.00
3062,ECN-CAT-MIC-126,Perfil de Urocultivo,true,study,CULTIVO,9,765,urine,false,470.00
3063,ECN-CAT-COA-126,Perfil de Tiempo de protrombina,true,study,COAGULOMETRÍA,16,120,plasma,false,550.00
3064,ECN-CAT-END-126,Perfil de Hormona estimulante de tiroides,true,study,ELISA,23,210,plasma,false,820.00
3065,ECN-CAT-URO-126,Perfil de Examen general de orina,true,study,COLORIMETRÍA,30,150,urine,true,870.00
3066,ECN-CAT-MOL-126,Perfil de Detección molecular de SARS-CoV-2,true,study,RT-PCR,7,330,swab,true,690.00
3067,ECN-CAT-QC-127,Perfil de Urea,true,study,ENZIMÁTICO,14,90,serum,false,410.00
3068,ECN-CAT-HEM-127,Perfil de Hemoglobina,true,study,IMPEDANCIA,21,120,blood,false,650.00
3069,ECN-CAT-INM-127,Perfil de Factor reumatoide,true,study,INMUNOENSAYO,28,195,serum,true,840.00
3070,ECN-CAT-MIC-127,Perfil de Coprocultivo,true,study,CULTIVO,5,750,stool,false,370.00
3071,ECN-CAT-COA-127,Perfil de Tiempo de tromboplastina parcial,true,study,COAGULOMETRÍA,12,105,plasma,false,510.00
3072,ECN-CAT-END-127,Perfil de Tiroxina libre,true,study,INMUNOENSAYO,19,150,serum,false,690.00
3073,ECN-CAT-URO-127,Perfil de Microalbúmina en orina,true,study,TIRA REACTIVA,26,135,urine,true,760.00
3074,ECN-CAT-MOL-127,Perfil de Virus de influenza A,true,study,RT-PCR,3,330,swab,true,590.00
3075,ECN-CAT-QC-128,Perfil de Creatinina,true,study,ESPECTROFOTOMETRÍA,10,90,plasma,false,390.00
3076,ECN-CAT-HEM-128,Perfil de Hematocrito,true,study,CITOMETRÍA,17,150,blood,false,650.00
3077,ECN-CAT-INM-128,Perfil de Antiestreptolisinas O,true,study,ELISA,24,210,serum,false,770.00
3078,ECN-CAT-MIC-128,Perfil de Exudado faríngeo,true,study,CULTIVO,1,735,swab,true,280.00
3079,ECN-CAT-COA-128,Perfil de Tiempo de trombina,true,study,COAGULOMETRÍA,8,90,plasma,false,410.00
3080,ECN-CAT-END-128,Perfil de Tiroxina total,true,study,QUIMIOLUMINISCENCIA,15,195,plasma,false,650.00
3081,ECN-CAT-URO-128,Perfil de Proteínas en orina,true,study,MICROSCOPÍA,22,165,urine,false,680.00
3082,ECN-CAT-MOL-128,Perfil de Virus de influenza B,true,study,RT-PCR,29,435,swab,true,1210.00
3083,ECN-CAT-QC-129,Perfil de Ácido úrico,true,study,COLORIMETRÍA,6,60,serum,false,270.00
3084,ECN-CAT-HEM-129,Perfil de Eritrocitos,true,study,MICROSCOPÍA,13,120,blood,false,430.00
3085,ECN-CAT-INM-129,Perfil de Inmunoglobulina A,true,study,QUIMIOLUMINISCENCIA,20,225,serum,false,710.00
3086,ECN-CAT-MIC-129,Perfil de Exudado nasal,true,study,CULTIVO,27,840,swab,true,890.00
3087,ECN-CAT-COA-129,Perfil de Fibrinógeno,true,study,COAGULOMETRÍA,4,60,plasma,false,310.00
3088,ECN-CAT-END-129,Perfil de Triyodotironina libre,true,study,ELISA,11,150,serum,false,520.00
3089,ECN-CAT-URO-129,Perfil de Glucosa en orina,true,study,COLORIMETRÍA,18,105,urine,false,630.00
3090,ECN-CAT-MOL-129,Perfil de Virus del papiloma humano,true,study,PCR,25,480,swab,true,1080.00
3091,ECN-CAT-QC-130,Perfil de Colesterol total,true,study,ENZIMÁTICO,2,45,plasma,false,160.00
3092,ECN-CAT-HEM-130,Perfil de Leucocitos,true,study,IMPEDANCIA,9,75,blood,false,360.00
3093,ECN-CAT-INM-130,Perfil de Inmunoglobulina G,true,study,INMUNOENSAYO,16,150,serum,false,600.00
3094,ECN-CAT-MIC-130,Perfil de Exudado vaginal,true,study,CULTIVO,23,825,swab,false,790.00
3095,ECN-CAT-COA-130,Perfil de Dímero D,true,study,COAGULOMETRÍA,30,195,plasma,true,870.00
3096,ECN-CAT-END-130,Perfil de Triyodotironina total,true,study,INMUNOENSAYO,7,105,plasma,false,390.00
3097,ECN-CAT-URO-130,Perfil de Creatinina en orina,true,study,TIRA REACTIVA,14,75,urine,false,510.00
3098,ECN-CAT-MOL-130,Perfil de Virus de hepatitis B,true,study,PCR,21,465,plasma,true,980.00
3099,ECN-CAT-QC-131,Perfil de Triglicéridos,true,study,ESPECTROFOTOMETRÍA,28,150,serum,true,760.00
3100,ECN-CAT-HEM-131,Perfil de Plaquetas,true,study,CITOMETRÍA,5,105,blood,false,410.00
3101,ECN-CAT-INM-131,Perfil de Inmunoglobulina M,true,study,ELISA,12,150,serum,false,530.00
3102,ECN-CAT-MIC-131,Perfil de Exudado uretral,true,study,CULTIVO,19,810,swab,false,690.00
3103,ECN-CAT-COA-131,Perfil de INR,true,study,COAGULOMETRÍA,26,180,plasma,true,770.00
3104,ECN-CAT-END-131,Perfil de Insulina,true,study,QUIMIOLUMINISCENCIA,3,150,serum,false,410.00
3105,ECN-CAT-URO-131,Perfil de Calcio en orina,true,study,MICROSCOPÍA,10,105,urine,false,440.00
3106,ECN-CAT-MOL-131,Perfil de Virus de hepatitis C,true,study,PCR,17,450,plasma,true,880.00
3107,ECN-CAT-QC-132,Perfil de Bilirrubina total,true,study,COLORIMETRÍA,24,135,plasma,false,640.00
3108,ECN-CAT-HEM-132,Perfil de Reticulocitos,true,study,MICROSCOPÍA,1,75,blood,false,190.00
3109,ECN-CAT-INM-132,Perfil de Inmunoglobulina E,true,study,QUIMIOLUMINISCENCIA,8,165,serum,false,460.00
3110,ECN-CAT-MIC-132,Perfil de Hemocultivo,true,study,CULTIVO,15,795,blood,true,590.00
3111,ECN-CAT-COA-132,Perfil de Actividad de factor VIII,true,study,COAGULOMETRÍA,22,150,plasma,false,730.00
3112,ECN-CAT-END-132,Perfil de Cortisol,true,study,ELISA,29,225,plasma,true,940.00
3113,ECN-CAT-URO-132,Perfil de Ácido úrico en orina,true,study,COLORIMETRÍA,6,45,urine,false,330.00
3114,ECN-CAT-MOL-132,Perfil de Virus de Epstein-Barr,true,study,PCR,13,435,blood,true,780.00
3115,ECN-CAT-QC-133,Perfil de Bilirrubina directa,true,study,ENZIMÁTICO,20,105,serum,false,580.00
3116,ECN-CAT-HEM-133,Perfil de Volumen corpuscular medio,true,study,IMPEDANCIA,27,165,blood,true,770.00
3117,ECN-CAT-INM-133,Perfil de Complemento C3,true,study,INMUNOENSAYO,4,90,serum,false,300.00
3118,ECN-CAT-MIC-133,Perfil de Cultivo de esputo,true,study,CULTIVO,11,780,other,false,500.00
3119,ECN-CAT-COA-133,Perfil de Actividad de factor IX,true,study,COAGULOMETRÍA,18,135,plasma,false,630.00
3120,ECN-CAT-END-133,Perfil de Hormona adrenocorticotropa,true,study,INMUNOENSAYO,25,180,serum,true,810.00
3121,ECN-CAT-URO-133,Perfil de Sodio en orina,true,study,TIRA REACTIVA,2,30,urine,false,220.00
3122,ECN-CAT-MOL-133,Perfil de Citomegalovirus,true,study,PCR,9,420,blood,true,740.00
3123,ECN-CAT-QC-134,Perfil de Alanina aminotransferasa,true,study,ESPECTROFOTOMETRÍA,16,105,plasma,false,510.00
3124,ECN-CAT-HEM-134,Perfil de Hemoglobina corpuscular media,true,study,CITOMETRÍA,23,195,blood,false,770.00
3125,ECN-CAT-INM-134,Perfil de Complemento C4,true,study,ELISA,30,225,serum,true,900.00
3126,ECN-CAT-MIC-134,Perfil de Cultivo de heridas,true,study,CULTIVO,7,750,swab,false,450.00
3127,ECN-CAT-COA-134,Perfil de Actividad de factor XI,true,study,COAGULOMETRÍA,14,120,plasma,false,530.00
3128,ECN-CAT-END-134,Perfil de Hormona de crecimiento,true,study,QUIMIOLUMINISCENCIA,21,210,plasma,false,770.00
3129,ECN-CAT-URO-134,Perfil de Potasio en orina,true,study,MICROSCOPÍA,28,180,urine,true,810.00
3130,ECN-CAT-MOL-134,Perfil de Virus herpes simple 1,true,study,PCR,5,405,swab,true,640.00
3131,ECN-CAT-QC-135,Perfil de Aspartato aminotransferasa,true,study,COLORIMETRÍA,12,75,serum,false,390.00
3132,ECN-CAT-HEM-135,Perfil de Concentración media de hemoglobina,true,study,MICROSCOPÍA,19,165,blood,false,560.00
3133,ECN-CAT-INM-135,Perfil de Anticuerpos antinucleares,true,study,QUIMIOLUMINISCENCIA,26,240,serum,true,880.00
3134,ECN-CAT-MIC-135,Perfil de Cultivo de secreciones,true,study,CULTIVO,3,735,swab,false,350.00
3135,ECN-CAT-COA-135,Perfil de Actividad de factor XII,true,study,COAGULOMETRÍA,10,105,plasma,false,430.00
3136,ECN-CAT-END-135,Perfil de Prolactina,true,study,ELISA,17,165,serum,false,650.00
3137,ECN-CAT-URO-135,Perfil de Cloro en orina,true,study,COLORIMETRÍA,24,135,urine,false,750.00
3138,ECN-CAT-MOL-135,Perfil de Virus herpes simple 2,true,study,PCR,1,375,swab,true,540.00
3139,ECN-CAT-QC-136,Perfil de Fosfatasa alcalina,true,study,ENZIMÁTICO,8,60,plasma,false,290.00
3140,ECN-CAT-HEM-136,Perfil de Ancho de distribución eritrocitaria,true,study,IMPEDANCIA,15,105,blood,false,530.00
3141,ECN-CAT-INM-136,Perfil de Anticuerpos anti-DNA,true,study,INMUNOENSAYO,22,165,serum,false,720.00
3142,ECN-CAT-MIC-136,Perfil de Antibiograma,true,study,CULTIVO,29,840,other,true,910.00
3143,ECN-CAT-COA-136,Perfil de Antitrombina III,true,study,COAGULOMETRÍA,6,90,plasma,false,340.00
3144,ECN-CAT-END-136,Perfil de Hormona luteinizante,true,study,INMUNOENSAYO,13,120,plasma,false,570.00
3145,ECN-CAT-URO-136,Perfil de Fósforo en orina,true,study,TIRA REACTIVA,20,120,urine,false,640.00
3146,ECN-CAT-MOL-136,Perfil de Chlamydia trachomatis,true,study,PCR,27,480,swab,true,1100.00
3147,ECN-CAT-QC-137,Perfil de Gamma glutamil transferasa,true,study,ESPECTROFOTOMETRÍA,4,60,serum,false,220.00
3148,ECN-CAT-HEM-137,Perfil de Neutrófilos,true,study,CITOMETRÍA,11,135,blood,false,530.00
3149,ECN-CAT-INM-137,Perfil de Anticuerpos anticardiolipina,true,study,ELISA,18,180,serum,false,650.00
3150,ECN-CAT-MIC-137,Perfil de Tinción de Gram,true,study,MICROSCOPÍA,25,165,other,true,720.00
3151,ECN-CAT-COA-137,Perfil de Proteína C funcional,true,study,COAGULOMETRÍA,2,75,plasma,false,290.00
3152,ECN-CAT-END-137,Perfil de Hormona foliculoestimulante,true,study,QUIMIOLUMINISCENCIA,9,165,serum,false,530.00
3153,ECN-CAT-URO-137,Perfil de Magnesio en orina,true,study,MICROSCOPÍA,16,150,urine,false,560.00
3154,ECN-CAT-MOL-137,Perfil de Neisseria gonorrhoeae,true,study,PCR,23,465,swab,true,1000.00
3155,ECN-CAT-QC-138,Perfil de Albúmina,true,study,COLORIMETRÍA,30,150,plasma,true,810.00
3156,ECN-CAT-HEM-138,Perfil de Linfocitos,true,study,MICROSCOPÍA,7,105,blood,false,310.00
3157,ECN-CAT-INM-138,Perfil de Procalcitonina,true,study,QUIMIOLUMINISCENCIA,14,195,serum,false,590.00
3158,ECN-CAT-MIC-138,Perfil de Baciloscopía,true,study,MICROSCOPÍA,21,165,other,false,620.00
3159,ECN-CAT-COA-138,Perfil de Proteína S funcional,true,study,COAGULOMETRÍA,28,180,plasma,true,850.00
3160,ECN-CAT-END-138,Perfil de Estradiol,true,study,ELISA,5,120,plasma,false,400.00
3161,ECN-CAT-URO-138,Perfil de Urea en orina,true,study,COLORIMETRÍA,12,90,urine,false,450.00
3162,ECN-CAT-MOL-138,Perfil de Mycobacterium tuberculosis,true,study,PCR,19,450,other,true,960.00
3163,ECN-CAT-QC-139,Perfil de Proteínas totales,true,study,ENZIMÁTICO,26,120,serum,true,700.00
3164,ECN-CAT-HEM-139,Perfil de Monocitos,true,study,IMPEDANCIA,3,60,blood,false,240.00
3165,ECN-CAT-INM-139,Perfil de Ferritina,true,study,INMUNOENSAYO,10,105,serum,false,430.00
3166,ECN-CAT-MIC-139,Perfil de Búsqueda de hongos,true,study,MICROSCOPÍA,17,150,other,false,570.00
3167,ECN-CAT-COA-139,Perfil de Anticoagulante lúpico,true,study,COAGULOMETRÍA,24,150,plasma,false,750.00
3168,ECN-CAT-END-139,Perfil de Progesterona,true,study,INMUNOENSAYO,1,75,serum,false,270.00
3169,ECN-CAT-URO-139,Perfil de Osmolalidad urinaria,true,study,TIRA REACTIVA,8,75,urine,false,340.00
3170,ECN-CAT-MOL-139,Perfil de Bordetella pertussis,true,study,PCR,15,435,swab,true,860.00
3171,ECN-CAT-QC-140,Perfil de Calcio,true,study,ESPECTROFOTOMETRÍA,22,120,plasma,false,640.00
3172,ECN-CAT-HEM-140,Perfil de Eosinófilos,true,study,CITOMETRÍA,29,210,blood,true,900.00
3173,ECN-CAT-INM-140,Perfil de Troponina I,true,study,ELISA,6,120,serum,false,410.00
3174,ECN-CAT-MIC-140,Perfil de Coprológico,true,study,MICROSCOPÍA,13,135,stool,true,470.00
3175,ECN-CAT-COA-140,Perfil de Resistencia a proteína C activada,true,study,COAGULOMETRÍA,20,135,plasma,false,650.00
3176,ECN-CAT-END-140,Perfil de Testosterona total,true,study,QUIMIOLUMINISCENCIA,27,240,plasma,true,900.00
3177,ECN-CAT-URO-140,Perfil de Depuración de creatinina,true,study,MICROSCOPÍA,4,90,urine,false,320.00
3178,ECN-CAT-MOL-140,Perfil de Parvovirus B19,true,study,PCR,11,420,blood,true,760.00
3179,ECN-CAT-QC-141,Perfil de Fósforo,true,study,COLORIMETRÍA,18,120,serum,false,520.00
3180,ECN-CAT-HEM-141,Perfil de Basófilos,true,study,MICROSCOPÍA,25,180,blood,true,680.00
3181,ECN-CAT-INM-141,Perfil de Antígeno carcinoembrionario,true,study,QUIMIOLUMINISCENCIA,2,135,serum,false,340.00
3182,ECN-CAT-MIC-141,Perfil de Amiba en fresco,true,study,MICROSCOPÍA,9,120,stool,false,370.00
3183,ECN-CAT-COA-141,Perfil de Agregación plaquetaria,true,study,COAGULOMETRÍA,16,120,plasma,false,560.00
3184,ECN-CAT-END-141,Perfil de Testosterona libre,true,study,ELISA,23,195,serum,false,820.00
3185,ECN-CAT-URO-141,Perfil de Sedimento urinario,true,study,COLORIMETRÍA,30,165,urine,true,870.00
3186,ECN-CAT-MOL-141,Perfil de Dengue por PCR,true,study,RT-PCR,7,345,blood,true,690.00
3187,ECN-CAT-QC-142,Perfil de Magnesio,true,study,ENZIMÁTICO,14,90,plasma,false,410.00
3188,ECN-CAT-HEM-142,Perfil de Velocidad de sedimentación,true,study,IMPEDANCIA,21,135,blood,false,650.00
3189,ECN-CAT-INM-142,Perfil de Alfafetoproteína,true,study,INMUNOENSAYO,28,180,serum,true,840.00
3190,ECN-CAT-MIC-142,Perfil de Sangre oculta en heces,true,study,INMUNOCROMATOGRAFÍA,5,75,stool,false,320.00
3191,ECN-CAT-COA-142,Perfil de Tiempo de sangrado,true,study,COAGULOMETRÍA,12,105,plasma,false,510.00
3192,ECN-CAT-END-142,Perfil de Dehidroepiandrosterona,true,study,INMUNOENSAYO,19,135,plasma,false,690.00
3193,ECN-CAT-URO-142,Perfil de Cetonas en orina,true,study,TIRA REACTIVA,26,135,urine,true,760.00
3194,ECN-CAT-MOL-142,Perfil de Zika por PCR,true,study,RT-PCR,3,315,blood,true,600.00
3195,ECN-CAT-QC-143,Perfil de Sodio,true,study,ESPECTROFOTOMETRÍA,10,90,serum,false,390.00
3196,ECN-CAT-HEM-143,Perfil de Frotis de sangre periférica,true,study,CITOMETRÍA,17,165,blood,false,650.00
3197,ECN-CAT-INM-143,Perfil de CA 125,true,study,ELISA,24,195,serum,false,780.00
3198,ECN-CAT-MIC-143,Perfil de Rotavirus en heces,true,study,INMUNOCROMATOGRAFÍA,1,60,stool,false,220.00
3199,ECN-CAT-COA-143,Perfil de Tiempo de coagulación,true,study,COAGULOMETRÍA,8,90,plasma,false,410.00
3200,ECN-CAT-END-143,Perfil de Aldosterona,true,study,QUIMIOLUMINISCENCIA,15,210,serum,false,650.00
3201,ECN-CAT-URO-143,Perfil de Hemoglobina en orina,true,study,MICROSCOPÍA,22,165,urine,false,690.00
3202,ECN-CAT-MOL-143,Perfil de Chikungunya por PCR,true,study,RT-PCR,29,420,blood,true,1210.00
3203,ECN-CAT-QC-144,Perfil de Potasio,true,study,COLORIMETRÍA,6,60,plasma,false,270.00
3204,ECN-CAT-HEM-144,Perfil de Conteo diferencial,true,study,MICROSCOPÍA,13,120,blood,false,440.00
3205,ECN-CAT-INM-144,Perfil de CA 19-9,true,study,QUIMIOLUMINISCENCIA,20,210,serum,false,710.00
3206,ECN-CAT-MIC-144,Perfil de Adenovirus en heces,true,study,INMUNOCROMATOGRAFÍA,27,150,stool,true,830.00
3207,ECN-CAT-COA-144,Perfil de Productos de degradación de fibrina,true,study,COAGULOMETRÍA,4,75,plasma,false,310.00
3208,ECN-CAT-END-144,Perfil de Renina,true,study,ELISA,11,165,plasma,false,530.00
3209,ECN-CAT-URO-144,Perfil de Nitritos en orina,true,study,COLORIMETRÍA,18,105,urine,false,580.00
3210,ECN-CAT-MOL-144,Perfil de Panel respiratorio molecular,true,study,RT-PCR,25,405,swab,true,1110.00
3211,ECN-CAT-QC-145,Perfil de Cloro,true,study,ENZIMÁTICO,2,45,serum,false,170.00
3212,ECN-CAT-HEM-145,Perfil de Índice plaquetario,true,study,IMPEDANCIA,9,75,blood,false,360.00
3213,ECN-CAT-INM-145,Perfil de CA 15-3,true,study,INMUNOENSAYO,16,135,serum,false,600.00
3214,ECN-CAT-MIC-145,Perfil de Helicobacter pylori,true,study,INMUNOCROMATOGRAFÍA,23,135,stool,false,730.00
3215,ECN-CAT-COA-145,Perfil de Factor de von Willebrand,true,study,COAGULOMETRÍA,30,180,plasma,true,880.00
3216,ECN-CAT-END-145,Perfil de Paratohormona,true,study,INMUNOENSAYO,7,105,serum,false,400.00
3217,ECN-CAT-URO-145,Perfil de Leucocitos en orina,true,study,TIRA REACTIVA,14,90,urine,false,520.00
3218,ECN-CAT-MOL-145,Perfil de Panel gastrointestinal molecular,true,study,RT-PCR,21,390,other,true,1010.00
3219,ECN-CAT-QC-146,Perfil de Hierro sérico,true,study,ESPECTROFOTOMETRÍA,28,165,plasma,true,760.00
3220,ECN-CAT-HEM-146,Perfil de Morfología eritrocitaria,true,study,CITOMETRÍA,5,105,blood,false,360.00
3221,ECN-CAT-INM-146,Perfil de Antígeno prostático total,true,study,ELISA,12,165,serum,false,530.00
3222,ECN-CAT-MIC-146,Perfil de Clostridioides difficile,true,study,INMUNOCROMATOGRAFÍA,19,120,stool,false,640.00
3223,ECN-CAT-COA-146,Perfil de Mezcla de TTPa,true,study,COAGULOMETRÍA,26,165,plasma,true,780.00
3224,ECN-CAT-END-146,Perfil de Calcitonina,true,study,QUIMIOLUMINISCENCIA,3,150,plasma,false,410.00
3225,ECN-CAT-URO-146,Perfil de Cristales en orina,true,study,MICROSCOPÍA,10,120,urine,false,440.00
3226,ECN-CAT-MOL-146,Perfil de Trombofilia hereditaria,true,study,PCR,17,435,blood,true,880.00
3227,ECN-CAT-QC-147,Perfil de Amilasa,true,study,COLORIMETRÍA,24,135,serum,false,640.00
3228,ECN-CAT-HEM-147,Perfil de Morfología leucocitaria,true,study,MICROSCOPÍA,1,75,blood,false,190.00
3229,ECN-CAT-INM-147,Perfil de Antígeno prostático libre,true,study,QUIMIOLUMINISCENCIA,8,180,serum,false,470.00
3230,ECN-CAT-MIC-147,Perfil de Estreptococo del grupo A,true,study,INMUNOCROMATOGRAFÍA,15,105,swab,false,540.00
3231,ECN-CAT-COA-147,Perfil de Mezcla de TP,true,study,COAGULOMETRÍA,22,135,plasma,false,680.00
3232,ECN-CAT-END-147,Perfil de Péptido C,true,study,ELISA,29,225,serum,true,940.00
3233,ECN-CAT-URO-147,Perfil de Cilindros urinarios,true,study,COLORIMETRÍA,6,60,urine,false,330.00
3234,ECN-CAT-MOL-147,Perfil de Mutación JAK2,true,study,PCR,13,420,blood,true,790.00
3235,ECN-CAT-QC-148,Perfil de Lipasa,true,study,ENZIMÁTICO,20,120,plasma,false,580.00
3236,ECN-CAT-HEM-148,Perfil de Morfología plaquetaria,true,study,IMPEDANCIA,27,150,blood,true,780.00
3237,ECN-CAT-INM-148,Perfil de Serología para dengue,true,study,INMUNOENSAYO,4,105,serum,false,310.00
3238,ECN-CAT-MIC-148,Perfil de Salmonella,true,study,CULTIVO,11,780,stool,true,500.00
3239,ECN-CAT-COA-148,Perfil de Factor V,true,study,COAGULOMETRÍA,18,120,plasma,false,630.00
3240,ECN-CAT-END-148,Perfil de 17-hidroxiprogesterona,true,study,INMUNOENSAYO,25,180,plasma,true,810.00
3241,ECN-CAT-URO-148,Perfil de Urobilinógeno en orina,true,study,TIRA REACTIVA,2,30,urine,false,220.00
3242,ECN-CAT-MOL-148,Perfil de BCR-ABL cuantitativo,true,study,PCR,9,420,blood,true,740.00
3243,ECN-CAT-QC-149,Perfil de Lactato deshidrogenasa,true,study,ESPECTROFOTOMETRÍA,16,105,serum,false,520.00
3244,ECN-CAT-HEM-149,Perfil de Hemoparásitos,true,study,CITOMETRÍA,23,180,blood,false,780.00
3245,ECN-CAT-INM-149,Perfil de Serología para rubéola,true,study,ELISA,30,225,serum,true,900.00
3246,ECN-CAT-MIC-149,Perfil de Shigella,true,study,CULTIVO,7,765,stool,false,450.00
3247,ECN-CAT-COA-149,Perfil de Factor VII,true,study,COAGULOMETRÍA,14,105,plasma,false,530.00
3248,ECN-CAT-END-149,Perfil de Hormona antimülleriana,true,study,QUIMIOLUMINISCENCIA,21,225,serum,false,780.00
3249,ECN-CAT-URO-149,Perfil de Bilirrubina en orina,true,study,MICROSCOPÍA,28,180,urine,true,810.00
3250,ECN-CAT-MOL-149,Perfil de HLA-B27,true,study,PCR,5,405,blood,true,640.00
3251,ECN-CAT-QC-150,Perfil de Hemoglobina glucosilada,true,study,COLORIMETRÍA,12,90,blood,false,400.00
3252,ECN-CAT-HEM-150,Perfil de Prueba de falciformación,true,study,MICROSCOPÍA,19,150,blood,false,560.00
3253,ECN-CAT-INM-150,Perfil de Serología para toxoplasma,true,study,QUIMIOLUMINISCENCIA,26,240,serum,true,880.00
3254,ECN-CAT-MIC-150,Perfil de Candida albicans,true,study,CULTIVO,3,750,swab,false,350.00
3255,ECN-CAT-COA-150,Perfil de Factor X,true,study,COAGULOMETRÍA,10,90,plasma,false,440.00
3256,ECN-CAT-END-150,Perfil de Somatomedina C,true,study,ELISA,17,180,plasma,false,650.00
3257,ECN-CAT-URO-150,Perfil de Relación albúmina creatinina,true,study,COLORIMETRÍA,24,120,urine,false,750.00
3258,ECN-CAT-MOL-150,Perfil de Carga viral cuantitativa,true,study,PCR,1,390,plasma,true,540.00
3259,ECN-CAT-QC-151,Tamiz de Glucosa,true,study,ENZIMÁTICO,8,60,serum,false,290.00
3260,ECN-CAT-HEM-151,Tamiz de Biometría hemática,true,study,IMPEDANCIA,15,90,blood,false,480.00
3261,ECN-CAT-INM-151,Tamiz de Proteína C reactiva,true,study,INMUNOENSAYO,22,165,serum,false,720.00
3262,ECN-CAT-MIC-151,Tamiz de Urocultivo,true,study,CULTIVO,29,855,urine,true,920.00
3263,ECN-CAT-COA-151,Tamiz de Tiempo de protrombina,true,study,COAGULOMETRÍA,6,90,plasma,false,340.00
3264,ECN-CAT-END-151,Tamiz de Hormona estimulante de tiroides,true,study,INMUNOENSAYO,13,135,serum,false,570.00
3265,ECN-CAT-URO-151,Tamiz de Examen general de orina,true,study,TIRA REACTIVA,20,105,urine,false,640.00
3266,ECN-CAT-MOL-151,Tamiz de Detección molecular de SARS-CoV-2,true,study,RT-PCR,27,435,swab,true,1140.00
3267,ECN-CAT-QC-152,Tamiz de Urea,true,study,ESPECTROFOTOMETRÍA,4,60,plasma,false,220.00
3268,ECN-CAT-HEM-152,Tamiz de Hemoglobina,true,study,CITOMETRÍA,11,120,blood,false,530.00
3269,ECN-CAT-INM-152,Tamiz de Factor reumatoide,true,study,ELISA,18,180,serum,false,660.00
3270,ECN-CAT-MIC-152,Tamiz de Coprocultivo,true,study,CULTIVO,25,825,stool,true,820.00
3271,ECN-CAT-COA-152,Tamiz de Tiempo de tromboplastina parcial,true,study,COAGULOMETRÍA,2,75,plasma,false,240.00
3272,ECN-CAT-END-152,Tamiz de Tiroxina libre,true,study,QUIMIOLUMINISCENCIA,9,165,plasma,false,530.00
3273,ECN-CAT-URO-152,Tamiz de Microalbúmina en orina,true,study,MICROSCOPÍA,16,135,urine,false,570.00
3274,ECN-CAT-MOL-152,Tamiz de Virus de influenza A,true,study,RT-PCR,23,420,swab,true,1040.00
3275,ECN-CAT-QC-153,Tamiz de Creatinina,true,study,COLORIMETRÍA,30,150,serum,true,810.00
3276,ECN-CAT-HEM-153,Tamiz de Hematocrito,true,study,MICROSCOPÍA,7,90,blood,false,320.00
3277,ECN-CAT-INM-153,Tamiz de Antiestreptolisinas O,true,study,QUIMIOLUMINISCENCIA,14,195,serum,false,590.00
3278,ECN-CAT-MIC-153,Tamiz de Exudado faríngeo,true,study,CULTIVO,21,810,swab,false,720.00
3279,ECN-CAT-COA-153,Tamiz de Tiempo de trombina,true,study,COAGULOMETRÍA,28,180,plasma,true,850.00
3280,ECN-CAT-END-153,Tamiz de Tiroxina total,true,study,ELISA,5,120,serum,false,410.00
3281,ECN-CAT-URO-153,Tamiz de Proteínas en orina,true,study,COLORIMETRÍA,12,75,urine,false,460.00
3282,ECN-CAT-MOL-153,Tamiz de Virus de influenza B,true,study,RT-PCR,19,390,swab,true,940.00
3283,ECN-CAT-QC-154,Tamiz de Ácido úrico,true,study,ENZIMÁTICO,26,135,plasma,true,710.00
3284,ECN-CAT-HEM-154,Tamiz de Eritrocitos,true,study,IMPEDANCIA,3,60,blood,false,240.00
3285,ECN-CAT-INM-154,Tamiz de Inmunoglobulina A,true,study,INMUNOENSAYO,10,120,serum,false,430.00
3286,ECN-CAT-MIC-154,Tamiz de Exudado nasal,true,study,CULTIVO,17,795,swab,false,670.00
3287,ECN-CAT-COA-154,Tamiz de Fibrinógeno,true,study,COAGULOMETRÍA,24,165,plasma,false,760.00
3288,ECN-CAT-END-154,Tamiz de Triyodotironina libre,true,study,INMUNOENSAYO,1,75,plasma,false,280.00
3289,ECN-CAT-URO-154,Tamiz de Glucosa en orina,true,study,TIRA REACTIVA,8,60,urine,false,340.00
3290,ECN-CAT-MOL-154,Tamiz de Virus del papiloma humano,true,study,PCR,15,435,swab,true,860.00
3291,ECN-CAT-QC-155,Tamiz de Colesterol total,true,study,ESPECTROFOTOMETRÍA,22,135,serum,false,640.00
3292,ECN-CAT-HEM-155,Tamiz de Leucocitos,true,study,CITOMETRÍA,29,210,blood,true,900.00
3293,ECN-CAT-INM-155,Tamiz de Inmunoglobulina G,true,study,ELISA,6,135,serum,false,410.00
3294,ECN-CAT-MIC-155,Tamiz de Exudado vaginal,true,study,CULTIVO,13,780,swab,false,580.00
3295,ECN-CAT-COA-155,Tamiz de Dímero D,true,study,COAGULOMETRÍA,20,150,plasma,false,660.00
3296,ECN-CAT-END-155,Tamiz de Triyodotironina total,true,study,QUIMIOLUMINISCENCIA,27,240,serum,true,900.00
3297,ECN-CAT-URO-155,Tamiz de Creatinina en orina,true,study,MICROSCOPÍA,4,75,urine,false,320.00
3298,ECN-CAT-MOL-155,Tamiz de Virus de hepatitis B,true,study,PCR,11,420,plasma,true,760.00
3299,ECN-CAT-QC-156,Tamiz de Triglicéridos,true,study,COLORIMETRÍA,18,105,plasma,false,520.00
3300,ECN-CAT-HEM-156,Tamiz de Plaquetas,true,study,MICROSCOPÍA,25,180,blood,true,680.00
3301,ECN-CAT-INM-156,Tamiz de Inmunoglobulina M,true,study,QUIMIOLUMINISCENCIA,2,150,serum,false,350.00
3302,ECN-CAT-MIC-156,Tamiz de Exudado uretral,true,study,CULTIVO,9,765,swab,true,480.00
3303,ECN-CAT-COA-156,Tamiz de INR,true,study,COAGULOMETRÍA,16,135,plasma,false,560.00
3304,ECN-CAT-END-156,Tamiz de Insulina,true,study,ELISA,23,195,plasma,false,820.00
3305,ECN-CAT-URO-156,Tamiz de Calcio en orina,true,study,COLORIMETRÍA,30,165,urine,true,870.00
3306,ECN-CAT-MOL-156,Tamiz de Virus de hepatitis C,true,study,PCR,7,405,plasma,true,670.00
3307,ECN-CAT-QC-157,Tamiz de Bilirrubina total,true,study,ENZIMÁTICO,14,75,serum,false,410.00
3308,ECN-CAT-HEM-157,Tamiz de Reticulocitos,true,study,IMPEDANCIA,21,135,blood,false,660.00
3309,ECN-CAT-INM-157,Tamiz de Inmunoglobulina E,true,study,INMUNOENSAYO,28,180,serum,true,850.00
3310,ECN-CAT-MIC-157,Tamiz de Hemocultivo,true,study,CULTIVO,5,750,blood,false,380.00
3311,ECN-CAT-COA-157,Tamiz de Actividad de factor VIII,true,study,COAGULOMETRÍA,12,105,plasma,false,460.00
3312,ECN-CAT-END-157,Tamiz de Cortisol,true,study,INMUNOENSAYO,19,150,serum,false,690.00
3313,ECN-CAT-URO-157,Tamiz de Ácido úrico en orina,true,study,TIRA REACTIVA,26,150,urine,true,760.00
3314,ECN-CAT-MOL-157,Tamiz de Virus de Epstein-Barr,true,study,PCR,3,390,blood,true,570.00
3315,ECN-CAT-QC-158,Tamiz de Bilirrubina directa,true,study,ESPECTROFOTOMETRÍA,10,75,plasma,false,400.00
3316,ECN-CAT-HEM-158,Tamiz de Volumen corpuscular medio,true,study,CITOMETRÍA,17,165,blood,false,660.00
3317,ECN-CAT-INM-158,Tamiz de Complemento C3,true,study,ELISA,24,195,serum,false,780.00
3318,ECN-CAT-MIC-158,Tamiz de Cultivo de esputo,true,study,CULTIVO,1,735,other,false,280.00
3319,ECN-CAT-COA-158,Tamiz de Actividad de factor IX,true,study,COAGULOMETRÍA,8,90,plasma,false,410.00
3320,ECN-CAT-END-158,Tamiz de Hormona adrenocorticotropa,true,study,QUIMIOLUMINISCENCIA,15,195,plasma,false,660.00
3321,ECN-CAT-URO-158,Tamiz de Sodio en orina,true,study,MICROSCOPÍA,22,165,urine,false,690.00
3322,ECN-CAT-MOL-158,Tamiz de Citomegalovirus,true,study,PCR,29,495,blood,true,1130.00
3323,ECN-CAT-QC-159,Tamiz de Alanina aminotransferasa,true,study,COLORIMETRÍA,6,45,serum,false,280.00
3324,ECN-CAT-HEM-159,Tamiz de Hemoglobina corpuscular media,true,study,MICROSCOPÍA,13,135,blood,false,440.00
3325,ECN-CAT-INM-159,Tamiz de Complemento C4,true,study,QUIMIOLUMINISCENCIA,20,210,serum,false,710.00
3326,ECN-CAT-MIC-159,Tamiz de Cultivo de heridas,true,study,CULTIVO,27,855,swab,true,890.00
3327,ECN-CAT-COA-159,Tamiz de Actividad de factor XI,true,study,COAGULOMETRÍA,4,75,plasma,false,320.00
3328,ECN-CAT-END-159,Tamiz de Hormona de crecimiento,true,study,ELISA,11,150,serum,false,530.00
3329,ECN-CAT-URO-159,Tamiz de Potasio en orina,true,study,COLORIMETRÍA,18,120,urine,false,580.00
3330,ECN-CAT-MOL-159,Tamiz de Virus herpes simple 1,true,study,PCR,25,480,swab,true,1080.00
3331,ECN-CAT-QC-160,Tamiz de Aspartato aminotransferasa,true,study,ENZIMÁTICO,2,30,plasma,false,170.00
3332,ECN-CAT-HEM-160,Tamiz de Concentración media de hemoglobina,true,study,IMPEDANCIA,9,90,blood,false,360.00
3333,ECN-CAT-INM-160,Tamiz de Anticuerpos antinucleares,true,study,INMUNOENSAYO,16,135,serum,false,550.00
3334,ECN-CAT-MIC-160,Tamiz de Cultivo de secreciones,true,study,CULTIVO,23,840,swab,true,800.00
3335,ECN-CAT-COA-160,Tamiz de Actividad de factor XII,true,study,COAGULOMETRÍA,30,180,plasma,true,880.00
3336,ECN-CAT-END-160,Tamiz de Prolactina,true,study,INMUNOENSAYO,7,90,plasma,false,400.00
3337,ECN-CAT-URO-160,Tamiz de Cloro en orina,true,study,TIRA REACTIVA,14,90,urine,false,520.00
3338,ECN-CAT-MOL-160,Tamiz de Virus herpes simple 2,true,study,PCR,21,450,swab,true,990.00
3339,ECN-CAT-QC-161,Tamiz de Fosfatasa alcalina,true,study,ESPECTROFOTOMETRÍA,28,150,serum,true,760.00
3340,ECN-CAT-HEM-161,Tamiz de Ancho de distribución eritrocitaria,true,study,CITOMETRÍA,5,120,blood,false,360.00
3341,ECN-CAT-INM-161,Tamiz de Anticuerpos anti-DNA,true,study,ELISA,12,150,serum,false,540.00
3342,ECN-CAT-MIC-161,Tamiz de Antibiograma,true,study,CULTIVO,19,825,other,false,700.00
3343,ECN-CAT-COA-161,Tamiz de Antitrombina III,true,study,COAGULOMETRÍA,26,165,plasma,true,780.00
3344,ECN-CAT-END-161,Tamiz de Hormona luteinizante,true,study,QUIMIOLUMINISCENCIA,3,135,serum,false,410.00
3345,ECN-CAT-URO-161,Tamiz de Fósforo en orina,true,study,MICROSCOPÍA,10,120,urine,false,450.00
3346,ECN-CAT-MOL-161,Tamiz de Chlamydia trachomatis,true,study,PCR,17,435,swab,true,890.00
3347,ECN-CAT-QC-162,Tamiz de Gamma glutamil transferasa,true,study,COLORIMETRÍA,24,135,plasma,false,640.00
3348,ECN-CAT-HEM-162,Tamiz de Neutrófilos,true,study,MICROSCOPÍA,1,75,blood,false,200.00
3349,ECN-CAT-INM-162,Tamiz de Anticuerpos anticardiolipina,true,study,QUIMIOLUMINISCENCIA,8,165,serum,false,470.00
3350,ECN-CAT-MIC-162,Tamiz de Tinción de Gram,true,study,MICROSCOPÍA,15,135,other,false,500.00
3351,ECN-CAT-COA-162,Tamiz de Proteína C funcional,true,study,COAGULOMETRÍA,22,150,plasma,false,680.00
3352,ECN-CAT-END-162,Tamiz de Hormona foliculoestimulante,true,study,ELISA,29,210,plasma,true,950.00
3353,ECN-CAT-URO-162,Tamiz de Magnesio en orina,true,study,COLORIMETRÍA,6,60,urine,false,340.00
3354,ECN-CAT-MOL-162,Tamiz de Neisseria gonorrhoeae,true,study,PCR,13,420,swab,true,790.00
3355,ECN-CAT-QC-163,Tamiz de Albúmina,true,study,ENZIMÁTICO,20,120,serum,false,590.00
3356,ECN-CAT-HEM-163,Tamiz de Linfocitos,true,study,IMPEDANCIA,27,150,blood,true,780.00
3357,ECN-CAT-INM-163,Tamiz de Procalcitonina,true,study,INMUNOENSAYO,4,90,serum,false,310.00
3358,ECN-CAT-MIC-163,Tamiz de Baciloscopía,true,study,MICROSCOPÍA,11,120,other,false,400.00
3359,ECN-CAT-COA-163,Tamiz de Proteína S funcional,true,study,COAGULOMETRÍA,18,135,plasma,false,640.00
3360,ECN-CAT-END-163,Tamiz de Estradiol,true,study,INMUNOENSAYO,25,165,serum,true,820.00
3361,ECN-CAT-URO-163,Tamiz de Urea en orina,true,study,TIRA REACTIVA,2,45,urine,false,220.00
3362,ECN-CAT-MOL-163,Tamiz de Mycobacterium tuberculosis,true,study,PCR,9,405,other,true,690.00
3363,ECN-CAT-QC-164,Tamiz de Proteínas totales,true,study,ESPECTROFOTOMETRÍA,16,120,plasma,false,520.00
3364,ECN-CAT-HEM-164,Tamiz de Monocitos,true,study,CITOMETRÍA,23,180,blood,false,780.00
3365,ECN-CAT-INM-164,Tamiz de Ferritina,true,study,ELISA,30,210,serum,true,900.00
3366,ECN-CAT-MIC-164,Tamiz de Búsqueda de hongos,true,study,MICROSCOPÍA,7,105,other,true,360.00
3367,ECN-CAT-COA-164,Tamiz de Anticoagulante lúpico,true,study,COAGULOMETRÍA,14,120,plasma,false,540.00
3368,ECN-CAT-END-164,Tamiz de Progesterona,true,study,QUIMIOLUMINISCENCIA,21,225,plasma,false,780.00
3369,ECN-CAT-URO-164,Tamiz de Osmolalidad urinaria,true,study,MICROSCOPÍA,28,195,urine,true,810.00
3370,ECN-CAT-MOL-164,Tamiz de Bordetella pertussis,true,study,PCR,5,390,swab,true,640.00
3371,ECN-CAT-QC-165,Tamiz de Calcio,true,study,COLORIMETRÍA,12,90,serum,false,400.00
3372,ECN-CAT-HEM-165,Tamiz de Eosinófilos,true,study,MICROSCOPÍA,19,150,blood,false,560.00
3373,ECN-CAT-INM-165,Tamiz de Troponina I,true,study,QUIMIOLUMINISCENCIA,26,225,serum,true,830.00
3374,ECN-CAT-MIC-165,Tamiz de Coprológico,true,study,MICROSCOPÍA,3,90,stool,false,260.00
3375,ECN-CAT-COA-165,Tamiz de Resistencia a proteína C activada,true,study,COAGULOMETRÍA,10,90,plasma,false,440.00
3376,ECN-CAT-END-165,Tamiz de Testosterona total,true,study,ELISA,17,180,serum,false,650.00
3377,ECN-CAT-URO-165,Tamiz de Depuración de creatinina,true,study,COLORIMETRÍA,24,135,urine,false,750.00
3378,ECN-CAT-MOL-165,Tamiz de Parvovirus B19,true,study,PCR,1,375,blood,true,550.00
3379,ECN-CAT-QC-166,Tamiz de Fósforo,true,study,ENZIMÁTICO,8,75,plasma,false,290.00
3380,ECN-CAT-HEM-166,Tamiz de Basófilos,true,study,IMPEDANCIA,15,105,blood,false,480.00
3381,ECN-CAT-INM-166,Tamiz de Antígeno carcinoembrionario,true,study,INMUNOENSAYO,22,150,serum,false,730.00
3382,ECN-CAT-MIC-166,Tamiz de Amiba en fresco,true,study,MICROSCOPÍA,29,195,stool,true,820.00
3383,ECN-CAT-COA-166,Tamiz de Agregación plaquetaria,true,study,COAGULOMETRÍA,6,75,plasma,false,340.00
3384,ECN-CAT-END-166,Tamiz de Testosterona libre,true,study,INMUNOENSAYO,13,135,plasma,false,520.00
3385,ECN-CAT-URO-166,Tamiz de Sedimento urinario,true,study,TIRA REACTIVA,20,105,urine,false,640.00
3386,ECN-CAT-MOL-166,Tamiz de Dengue por PCR,true,study,RT-PCR,27,420,blood,true,1140.00
3387,ECN-CAT-QC-167,Tamiz de Magnesio,true,study,ESPECTROFOTOMETRÍA,4,60,serum,false,220.00
3388,ECN-CAT-HEM-167,Tamiz de Velocidad de sedimentación,true,study,CITOMETRÍA,11,135,blood,false,540.00
3389,ECN-CAT-INM-167,Tamiz de Alfafetoproteína,true,study,ELISA,18,180,serum,false,660.00
3390,ECN-CAT-MIC-167,Tamiz de Sangre oculta en heces,true,study,INMUNOCROMATOGRAFÍA,25,150,stool,true,760.00
3391,ECN-CAT-COA-167,Tamiz de Tiempo de sangrado,true,study,COAGULOMETRÍA,2,60,plasma,false,240.00
3392,ECN-CAT-END-167,Tamiz de Dehidroepiandrosterona,true,study,QUIMIOLUMINISCENCIA,9,180,serum,false,540.00
3393,ECN-CAT-URO-167,Tamiz de Cetonas en orina,true,study,MICROSCOPÍA,16,135,urine,false,570.00
3394,ECN-CAT-MOL-167,Tamiz de Zika por PCR,true,study,RT-PCR,23,405,blood,true,1040.00
3395,ECN-CAT-QC-168,Tamiz de Sodio,true,study,COLORIMETRÍA,30,165,plasma,true,820.00
3396,ECN-CAT-HEM-168,Tamiz de Frotis de sangre periférica,true,study,MICROSCOPÍA,7,105,blood,false,320.00
3397,ECN-CAT-INM-168,Tamiz de CA 125,true,study,QUIMIOLUMINISCENCIA,14,195,serum,false,590.00
3398,ECN-CAT-MIC-168,Tamiz de Rotavirus en heces,true,study,INMUNOCROMATOGRAFÍA,21,135,stool,true,660.00
3399,ECN-CAT-COA-168,Tamiz de Tiempo de coagulación,true,study,COAGULOMETRÍA,28,165,plasma,true,860.00
3400,ECN-CAT-END-168,Tamiz de Aldosterona,true,study,ELISA,5,135,plasma,false,410.00
3401,ECN-CAT-URO-168,Tamiz de Hemoglobina en orina,true,study,COLORIMETRÍA,12,75,urine,false,460.00
3402,ECN-CAT-MOL-168,Tamiz de Chikungunya por PCR,true,study,RT-PCR,19,375,blood,true,940.00
3403,ECN-CAT-QC-169,Tamiz de Potasio,true,study,ENZIMÁTICO,26,135,serum,true,710.00
3404,ECN-CAT-HEM-169,Tamiz de Conteo diferencial,true,study,IMPEDANCIA,3,45,blood,false,240.00
3405,ECN-CAT-INM-169,Tamiz de CA 19-9,true,study,INMUNOENSAYO,10,120,serum,false,430.00
3406,ECN-CAT-MIC-169,Tamiz de Adenovirus en heces,true,study,INMUNOCROMATOGRAFÍA,17,120,stool,false,620.00
3407,ECN-CAT-COA-169,Tamiz de Productos de degradación de fibrina,true,study,COAGULOMETRÍA,24,150,plasma,false,760.00
3408,ECN-CAT-END-169,Tamiz de Renina,true,study,INMUNOENSAYO,1,90,serum,false,280.00
3409,ECN-CAT-URO-169,Tamiz de Nitritos en orina,true,study,TIRA REACTIVA,8,60,urine,false,350.00
3410,ECN-CAT-MOL-169,Tamiz de Panel respiratorio molecular,true,study,RT-PCR,15,390,swab,true,900.00
3411,ECN-CAT-QC-170,Tamiz de Cloro,true,study,ESPECTROFOTOMETRÍA,22,135,plasma,false,640.00
3412,ECN-CAT-HEM-170,Tamiz de Índice plaquetario,true,study,CITOMETRÍA,29,195,blood,true,900.00
3413,ECN-CAT-INM-170,Tamiz de CA 15-3,true,study,ELISA,6,135,serum,false,370.00
3414,ECN-CAT-MIC-170,Tamiz de Helicobacter pylori,true,study,INMUNOCROMATOGRAFÍA,13,90,stool,false,520.00
3415,ECN-CAT-COA-170,Tamiz de Factor de von Willebrand,true,study,COAGULOMETRÍA,20,135,plasma,false,660.00
3416,ECN-CAT-END-170,Tamiz de Paratohormona,true,study,QUIMIOLUMINISCENCIA,27,240,plasma,true,900.00
3417,ECN-CAT-URO-170,Tamiz de Leucocitos en orina,true,study,MICROSCOPÍA,4,90,urine,false,330.00
3418,ECN-CAT-MOL-170,Tamiz de Panel gastrointestinal molecular,true,study,RT-PCR,11,375,other,true,800.00
3419,ECN-CAT-QC-171,Tamiz de Hierro sérico,true,study,COLORIMETRÍA,18,105,serum,false,520.00
3420,ECN-CAT-HEM-171,Tamiz de Morfología eritrocitaria,true,study,MICROSCOPÍA,25,165,blood,true,690.00
3421,ECN-CAT-INM-171,Tamiz de Antígeno prostático total,true,study,QUIMIOLUMINISCENCIA,2,150,serum,false,350.00
3422,ECN-CAT-MIC-171,Tamiz de Clostridioides difficile,true,study,INMUNOCROMATOGRAFÍA,9,75,stool,false,420.00
3423,ECN-CAT-COA-171,Tamiz de Mezcla de TTPa,true,study,COAGULOMETRÍA,16,120,plasma,false,560.00
3424,ECN-CAT-END-171,Tamiz de Calcitonina,true,study,ELISA,23,195,serum,false,770.00
3425,ECN-CAT-URO-171,Tamiz de Cristales en orina,true,study,COLORIMETRÍA,30,150,urine,true,880.00
3426,ECN-CAT-MOL-171,Tamiz de Trombofilia hereditaria,true,study,PCR,7,405,blood,true,670.00
3427,ECN-CAT-QC-172,Tamiz de Amilasa,true,study,ENZIMÁTICO,14,90,plasma,false,420.00
3428,ECN-CAT-HEM-172,Tamiz de Morfología leucocitaria,true,study,IMPEDANCIA,21,120,blood,false,660.00
3429,ECN-CAT-INM-172,Tamiz de Antígeno prostático libre,true,study,INMUNOENSAYO,28,195,serum,true,850.00
3430,ECN-CAT-MIC-172,Tamiz de Estreptococo del grupo A,true,study,INMUNOCROMATOGRAFÍA,5,60,swab,true,320.00
3431,ECN-CAT-COA-172,Tamiz de Mezcla de TP,true,study,COAGULOMETRÍA,12,120,plasma,false,460.00
3432,ECN-CAT-END-172,Tamiz de Péptido C,true,study,INMUNOENSAYO,19,150,plasma,false,700.00
3433,ECN-CAT-URO-172,Tamiz de Cilindros urinarios,true,study,TIRA REACTIVA,26,135,urine,true,760.00
3434,ECN-CAT-MOL-172,Tamiz de Mutación JAK2,true,study,PCR,3,390,blood,true,570.00
3435,ECN-CAT-QC-173,Tamiz de Lipasa,true,study,ESPECTROFOTOMETRÍA,10,90,serum,false,350.00
3436,ECN-CAT-HEM-173,Tamiz de Morfología plaquetaria,true,study,CITOMETRÍA,17,150,blood,false,660.00
3437,ECN-CAT-INM-173,Tamiz de Serología para dengue,true,study,ELISA,24,210,serum,false,780.00
3438,ECN-CAT-MIC-173,Tamiz de Salmonella,true,study,CULTIVO,1,735,stool,false,280.00
3439,ECN-CAT-COA-173,Tamiz de Factor V,true,study,COAGULOMETRÍA,8,105,plasma,false,420.00
3440,ECN-CAT-END-173,Tamiz de 17-hidroxiprogesterona,true,study,QUIMIOLUMINISCENCIA,15,195,serum,false,660.00
3441,ECN-CAT-URO-173,Tamiz de Urobilinógeno en orina,true,study,MICROSCOPÍA,22,150,urine,false,690.00
3442,ECN-CAT-MOL-173,Tamiz de BCR-ABL cuantitativo,true,study,PCR,29,495,blood,true,1130.00
3443,ECN-CAT-QC-174,Tamiz de Lactato deshidrogenasa,true,study,COLORIMETRÍA,6,60,plasma,false,280.00
3444,ECN-CAT-HEM-174,Tamiz de Hemoparásitos,true,study,MICROSCOPÍA,13,120,blood,false,440.00
3445,ECN-CAT-INM-174,Tamiz de Serología para rubéola,true,study,QUIMIOLUMINISCENCIA,20,225,serum,false,710.00
3446,ECN-CAT-MIC-174,Tamiz de Shigella,true,study,CULTIVO,27,840,stool,true,900.00
3447,ECN-CAT-COA-174,Tamiz de Factor VII,true,study,COAGULOMETRÍA,4,90,plasma,false,320.00
3448,ECN-CAT-END-174,Tamiz de Hormona antimülleriana,true,study,ELISA,11,150,plasma,false,530.00
3449,ECN-CAT-URO-174,Tamiz de Bilirrubina en orina,true,study,COLORIMETRÍA,18,105,urine,false,580.00
3450,ECN-CAT-MOL-174,Tamiz de HLA-B27,true,study,PCR,25,480,blood,true,1090.00
3451,ECN-CAT-QC-175,Tamiz de Hemoglobina glucosilada,true,study,ENZIMÁTICO,2,30,blood,false,170.00
3452,ECN-CAT-HEM-175,Tamiz de Prueba de falciformación,true,study,IMPEDANCIA,9,90,blood,false,360.00
3453,ECN-CAT-INM-175,Tamiz de Serología para toxoplasma,true,study,INMUNOENSAYO,16,135,serum,false,560.00
3454,ECN-CAT-MIC-175,Tamiz de Candida albicans,true,study,CULTIVO,23,825,swab,false,800.00
3455,ECN-CAT-COA-175,Tamiz de Factor X,true,study,COAGULOMETRÍA,30,180,plasma,true,880.00
3456,ECN-CAT-END-175,Tamiz de Somatomedina C,true,study,INMUNOENSAYO,7,105,serum,false,400.00
3457,ECN-CAT-URO-175,Tamiz de Relación albúmina creatinina,true,study,TIRA REACTIVA,14,75,urine,false,520.00
3458,ECN-CAT-MOL-175,Tamiz de Carga viral cuantitativa,true,study,PCR,21,465,plasma,true,990.00
3459,ECN-CAT-QC-176,Seguimiento de Glucosa,true,study,ESPECTROFOTOMETRÍA,28,150,plasma,true,760.00
3460,ECN-CAT-HEM-176,Seguimiento de Biometría hemática,true,study,CITOMETRÍA,5,120,blood,false,370.00
3461,ECN-CAT-INM-176,Seguimiento de Proteína C reactiva,true,study,ELISA,12,150,serum,false,540.00
3462,ECN-CAT-MIC-176,Seguimiento de Urocultivo,true,study,CULTIVO,19,810,urine,true,700.00
3463,ECN-CAT-COA-176,Seguimiento de Tiempo de protrombina,true,study,COAGULOMETRÍA,26,165,plasma,true,780.00
3464,ECN-CAT-END-176,Seguimiento de Hormona estimulante de tiroides,true,study,QUIMIOLUMINISCENCIA,3,150,plasma,false,370.00
3465,ECN-CAT-URO-176,Seguimiento de Examen general de orina,true,study,MICROSCOPÍA,10,105,urine,false,450.00
3466,ECN-CAT-MOL-176,Seguimiento de Detección molecular de SARS-CoV-2,true,study,RT-PCR,17,390,swab,true,920.00
3467,ECN-CAT-QC-177,Seguimiento de Urea,true,study,COLORIMETRÍA,24,120,serum,false,650.00
3468,ECN-CAT-HEM-177,Seguimiento de Hemoglobina,true,study,MICROSCOPÍA,1,90,blood,false,200.00
3469,ECN-CAT-INM-177,Seguimiento de Factor reumatoide,true,study,QUIMIOLUMINISCENCIA,8,165,serum,false,470.00
3470,ECN-CAT-MIC-177,Seguimiento de Coprocultivo,true,study,CULTIVO,15,780,stool,false,600.00
3471,ECN-CAT-COA-177,Seguimiento de Tiempo de tromboplastina parcial,true,study,COAGULOMETRÍA,22,150,plasma,false,690.00
3472,ECN-CAT-END-177,Seguimiento de Tiroxina libre,true,study,ELISA,29,225,serum,true,950.00
3473,ECN-CAT-URO-177,Seguimiento de Microalbúmina en orina,true,study,COLORIMETRÍA,6,75,urine,false,340.00
3474,ECN-CAT-MOL-177,Seguimiento de Virus de influenza A,true,study,RT-PCR,13,375,swab,true,820.00
3475,ECN-CAT-QC-178,Seguimiento de Creatinina,true,study,ENZIMÁTICO,20,105,plasma,false,540.00
3476,ECN-CAT-HEM-178,Seguimiento de Hematocrito,true,study,IMPEDANCIA,27,165,blood,true,780.00
3477,ECN-CAT-INM-178,Seguimiento de Antiestreptolisinas O,true,study,INMUNOENSAYO,4,90,serum,false,310.00
3478,ECN-CAT-MIC-178,Seguimiento de Exudado faríngeo,true,study,CULTIVO,11,765,swab,false,510.00
3479,ECN-CAT-COA-178,Seguimiento de Tiempo de trombina,true,study,COAGULOMETRÍA,18,135,plasma,false,640.00
3480,ECN-CAT-END-178,Seguimiento de Tiroxina total,true,study,INMUNOENSAYO,25,165,plasma,true,820.00
3481,ECN-CAT-URO-178,Seguimiento de Proteínas en orina,true,study,TIRA REACTIVA,2,45,urine,false,230.00
3482,ECN-CAT-MOL-178,Seguimiento de Virus de influenza B,true,study,RT-PCR,9,345,swab,true,720.00
3483,ECN-CAT-QC-179,Seguimiento de Ácido úrico,true,study,ESPECTROFOTOMETRÍA,16,105,serum,false,520.00
3484,ECN-CAT-HEM-179,Seguimiento de Eritrocitos,true,study,CITOMETRÍA,23,195,blood,false,780.00
3485,ECN-CAT-INM-179,Seguimiento de Inmunoglobulina A,true,study,ELISA,30,225,serum,true,910.00
3486,ECN-CAT-MIC-179,Seguimiento de Exudado nasal,true,study,CULTIVO,7,750,swab,false,410.00
3487,ECN-CAT-COA-179,Seguimiento de Fibrinógeno,true,study,COAGULOMETRÍA,14,120,plasma,false,540.00
3488,ECN-CAT-END-179,Seguimiento de Triyodotironina libre,true,study,QUIMIOLUMINISCENCIA,21,210,serum,false,780.00
3489,ECN-CAT-URO-179,Seguimiento de Glucosa en orina,true,study,MICROSCOPÍA,28,195,urine,true,810.00
3490,ECN-CAT-MOL-179,Seguimiento de Virus del papiloma humano,true,study,PCR,5,390,swab,true,650.00
3491,ECN-CAT-QC-180,Seguimiento de Colesterol total,true,study,COLORIMETRÍA,12,75,plasma,false,400.00
3492,ECN-CAT-HEM-180,Seguimiento de Leucocitos,true,study,MICROSCOPÍA,19,150,blood,false,570.00
3493,ECN-CAT-INM-180,Seguimiento de Inmunoglobulina G,true,study,QUIMIOLUMINISCENCIA,26,240,serum,true,840.00
3494,ECN-CAT-MIC-180,Seguimiento de Exudado vaginal,true,study,CULTIVO,3,750,swab,true,360.00
3495,ECN-CAT-COA-180,Seguimiento de Dímero D,true,study,COAGULOMETRÍA,10,105,plasma,false,440.00
3496,ECN-CAT-END-180,Seguimiento de Triyodotironina total,true,study,ELISA,17,165,plasma,false,650.00
3497,ECN-CAT-URO-180,Seguimiento de Creatinina en orina,true,study,COLORIMETRÍA,24,135,urine,false,760.00
3498,ECN-CAT-MOL-180,Seguimiento de Virus de hepatitis B,true,study,PCR,1,375,plasma,true,550.00
3499,ECN-CAT-QC-181,Seguimiento de Triglicéridos,true,study,ENZIMÁTICO,8,60,serum,false,300.00
3500,ECN-CAT-HEM-181,Seguimiento de Plaquetas,true,study,IMPEDANCIA,15,105,blood,false,490.00
3501,ECN-CAT-INM-181,Seguimiento de Inmunoglobulina M,true,study,INMUNOENSAYO,22,165,serum,false,730.00
3502,ECN-CAT-MIC-181,Seguimiento de Exudado uretral,true,study,CULTIVO,29,855,swab,true,920.00
3503,ECN-CAT-COA-181,Seguimiento de INR,true,study,COAGULOMETRÍA,6,90,plasma,false,340.00
3504,ECN-CAT-END-181,Seguimiento de Insulina,true,study,INMUNOENSAYO,13,120,serum,false,530.00
3505,ECN-CAT-URO-181,Seguimiento de Calcio en orina,true,study,TIRA REACTIVA,20,120,urine,false,640.00
3506,ECN-CAT-MOL-181,Seguimiento de Virus de hepatitis C,true,study,PCR,27,480,plasma,true,1110.00
3507,ECN-CAT-QC-182,Seguimiento de Bilirrubina total,true,study,ESPECTROFOTOMETRÍA,4,45,plasma,false,230.00
3508,ECN-CAT-HEM-182,Seguimiento de Reticulocitos,true,study,CITOMETRÍA,11,135,blood,false,540.00
3509,ECN-CAT-INM-182,Seguimiento de Inmunoglobulina E,true,study,ELISA,18,165,serum,false,660.00
3510,ECN-CAT-MIC-182,Seguimiento de Hemocultivo,true,study,CULTIVO,25,840,blood,true,820.00
3511,ECN-CAT-COA-182,Seguimiento de Actividad de factor VIII,true,study,COAGULOMETRÍA,2,75,plasma,false,250.00
3512,ECN-CAT-END-182,Seguimiento de Cortisol,true,study,QUIMIOLUMINISCENCIA,9,165,plasma,false,540.00
3513,ECN-CAT-URO-182,Seguimiento de Ácido úrico en orina,true,study,MICROSCOPÍA,16,150,urine,false,570.00
3514,ECN-CAT-MOL-182,Seguimiento de Virus de Epstein-Barr,true,study,PCR,23,465,blood,true,1010.00
3515,ECN-CAT-QC-183,Seguimiento de Bilirrubina directa,true,study,COLORIMETRÍA,30,165,serum,true,770.00
3516,ECN-CAT-HEM-183,Seguimiento de Volumen corpuscular medio,true,study,MICROSCOPÍA,7,105,blood,false,320.00
3517,ECN-CAT-INM-183,Seguimiento de Complemento C3,true,study,QUIMIOLUMINISCENCIA,14,180,serum,false,590.00
3518,ECN-CAT-MIC-183,Seguimiento de Cultivo de esputo,true,study,CULTIVO,21,825,other,false,730.00
3519,ECN-CAT-COA-183,Seguimiento de Actividad de factor IX,true,study,COAGULOMETRÍA,28,165,plasma,true,860.00
3520,ECN-CAT-END-183,Seguimiento de Hormona adrenocorticotropa,true,study,ELISA,5,120,serum,false,410.00
3521,ECN-CAT-URO-183,Seguimiento de Sodio en orina,true,study,COLORIMETRÍA,12,90,urine,false,460.00
3522,ECN-CAT-MOL-183,Seguimiento de Citomegalovirus,true,study,PCR,19,450,blood,true,920.00
3523,ECN-CAT-QC-184,Seguimiento de Alanina aminotransferasa,true,study,ENZIMÁTICO,26,150,plasma,true,710.00
3524,ECN-CAT-HEM-184,Seguimiento de Hemoglobina corpuscular media,true,study,IMPEDANCIA,3,60,blood,false,240.00
3525,ECN-CAT-INM-184,Seguimiento de Complemento C4,true,study,INMUNOENSAYO,10,105,serum,false,440.00
3526,ECN-CAT-MIC-184,Seguimiento de Cultivo de heridas,true,study,CULTIVO,17,810,swab,true,630.00
3527,ECN-CAT-COA-184,Seguimiento de Actividad de factor XI,true,study,COAGULOMETRÍA,24,150,plasma,false,760.00
3528,ECN-CAT-END-184,Seguimiento de Hormona de crecimiento,true,study,INMUNOENSAYO,1,75,plasma,false,280.00
3529,ECN-CAT-URO-184,Seguimiento de Potasio en orina,true,study,TIRA REACTIVA,8,60,urine,false,350.00
3530,ECN-CAT-MOL-184,Seguimiento de Virus herpes simple 1,true,study,PCR,15,435,swab,true,870.00
3531,ECN-CAT-QC-185,Seguimiento de Aspartato aminotransferasa,true,study,ESPECTROFOTOMETRÍA,22,135,serum,false,640.00
3532,ECN-CAT-HEM-185,Seguimiento de Concentración media de hemoglobina,true,study,CITOMETRÍA,29,210,blood,true,910.00
3533,ECN-CAT-INM-185,Seguimiento de Anticuerpos antinucleares,true,study,ELISA,6,120,serum,false,370.00
3534,ECN-CAT-MIC-185,Seguimiento de Cultivo de secreciones,true,study,CULTIVO,13,795,swab,false,580.00
3535,ECN-CAT-COA-185,Seguimiento de Actividad de factor XII,true,study,COAGULOMETRÍA,20,135,plasma,false,660.00
3536,ECN-CAT-END-185,Seguimiento de Prolactina,true,study,QUIMIOLUMINISCENCIA,27,255,serum,true,910.00
3537,ECN-CAT-URO-185,Seguimiento de Cloro en orina,true,study,MICROSCOPÍA,4,90,urine,false,280.00
3538,ECN-CAT-MOL-185,Seguimiento de Virus herpes simple 2,true,study,PCR,11,420,swab,true,770.00
3539,ECN-CAT-QC-186,Seguimiento de Fosfatasa alcalina,true,study,COLORIMETRÍA,18,120,plasma,false,530.00
3540,ECN-CAT-HEM-186,Seguimiento de Ancho de distribución eritrocitaria,true,study,MICROSCOPÍA,25,180,blood,true,690.00
3541,ECN-CAT-INM-186,Seguimiento de Anticuerpos anti-DNA,true,study,QUIMIOLUMINISCENCIA,2,135,serum,false,350.00
3542,ECN-CAT-MIC-186,Seguimiento de Antibiograma,true,study,CULTIVO,9,780,other,false,480.00
3543,ECN-CAT-COA-186,Seguimiento de Antitrombina III,true,study,COAGULOMETRÍA,16,120,plasma,false,570.00
3544,ECN-CAT-END-186,Seguimiento de Hormona luteinizante,true,study,ELISA,23,210,plasma,false,780.00
3545,ECN-CAT-URO-186,Seguimiento de Fósforo en orina,true,study,COLORIMETRÍA,30,150,urine,true,880.00
3546,ECN-CAT-MOL-186,Seguimiento de Chlamydia trachomatis,true,study,PCR,7,390,swab,true,670.00
3547,ECN-CAT-QC-187,Seguimiento de Gamma glutamil transferasa,true,study,ENZIMÁTICO,14,90,serum,false,420.00
3548,ECN-CAT-HEM-187,Seguimiento de Neutrófilos,true,study,IMPEDANCIA,21,120,blood,false,660.00
3549,ECN-CAT-INM-187,Seguimiento de Anticuerpos anticardiolipina,true,study,INMUNOENSAYO,28,180,serum,true,850.00
3550,ECN-CAT-MIC-187,Seguimiento de Tinción de Gram,true,study,MICROSCOPÍA,5,105,other,false,290.00
3551,ECN-CAT-COA-187,Seguimiento de Proteína C funcional,true,study,COAGULOMETRÍA,12,105,plasma,false,470.00
3552,ECN-CAT-END-187,Seguimiento de Hormona foliculoestimulante,true,study,INMUNOENSAYO,19,165,serum,false,700.00
3553,ECN-CAT-URO-187,Seguimiento de Magnesio en orina,true,study,TIRA REACTIVA,26,135,urine,true,770.00
3554,ECN-CAT-MOL-187,Seguimiento de Neisseria gonorrhoeae,true,study,PCR,3,375,swab,true,570.00
3555,ECN-CAT-QC-188,Seguimiento de Albúmina,true,study,ESPECTROFOTOMETRÍA,10,90,plasma,false,350.00
3556,ECN-CAT-HEM-188,Seguimiento de Linfocitos,true,study,CITOMETRÍA,17,150,blood,false,660.00
3557,ECN-CAT-INM-188,Seguimiento de Procalcitonina,true,study,ELISA,24,210,serum,false,790.00
3558,ECN-CAT-MIC-188,Seguimiento de Baciloscopía,true,study,MICROSCOPÍA,1,75,other,true,190.00
3559,ECN-CAT-COA-188,Seguimiento de Proteína S funcional,true,study,COAGULOMETRÍA,8,90,plasma,false,420.00
3560,ECN-CAT-END-188,Seguimiento de Estradiol,true,study,QUIMIOLUMINISCENCIA,15,195,plasma,false,660.00
3561,ECN-CAT-URO-188,Seguimiento de Urea en orina,true,study,MICROSCOPÍA,22,165,urine,false,690.00
3562,ECN-CAT-MOL-188,Seguimiento de Mycobacterium tuberculosis,true,study,PCR,29,480,other,true,1140.00
3563,ECN-CAT-QC-189,Seguimiento de Proteínas totales,true,study,COLORIMETRÍA,6,60,serum,false,280.00
3564,ECN-CAT-HEM-189,Seguimiento de Monocitos,true,study,MICROSCOPÍA,13,120,blood,false,450.00
3565,ECN-CAT-INM-189,Seguimiento de Ferritina,true,study,QUIMIOLUMINISCENCIA,20,225,serum,false,720.00
3566,ECN-CAT-MIC-189,Seguimiento de Búsqueda de hongos,true,study,MICROSCOPÍA,27,180,other,true,750.00
3567,ECN-CAT-COA-189,Seguimiento de Anticoagulante lúpico,true,study,COAGULOMETRÍA,4,75,plasma,false,320.00
3568,ECN-CAT-END-189,Seguimiento de Progesterona,true,study,ELISA,11,150,serum,false,530.00
3569,ECN-CAT-URO-189,Seguimiento de Osmolalidad urinaria,true,study,COLORIMETRÍA,18,105,urine,false,590.00
3570,ECN-CAT-MOL-189,Seguimiento de Bordetella pertussis,true,study,PCR,25,465,swab,true,1090.00
3571,ECN-CAT-QC-190,Seguimiento de Calcio,true,study,ENZIMÁTICO,2,45,plasma,false,180.00
3572,ECN-CAT-HEM-190,Seguimiento de Eosinófilos,true,study,IMPEDANCIA,9,75,blood,false,370.00
3573,ECN-CAT-INM-190,Seguimiento de Troponina I,true,study,INMUNOENSAYO,16,150,serum,false,560.00
3574,ECN-CAT-MIC-190,Seguimiento de Coprológico,true,study,MICROSCOPÍA,23,165,stool,false,700.00
3575,ECN-CAT-COA-190,Seguimiento de Resistencia a proteína C activada,true,study,COAGULOMETRÍA,30,165,plasma,true,880.00
3576,ECN-CAT-END-190,Seguimiento de Testosterona total,true,study,INMUNOENSAYO,7,105,plasma,false,410.00
3577,ECN-CAT-URO-190,Seguimiento de Depuración de creatinina,true,study,TIRA REACTIVA,14,90,urine,false,470.00
3578,ECN-CAT-MOL-190,Seguimiento de Parvovirus B19,true,study,PCR,21,465,blood,true,990.00
3579,ECN-CAT-QC-191,Seguimiento de Fósforo,true,study,ESPECTROFOTOMETRÍA,28,165,serum,true,770.00
3580,ECN-CAT-HEM-191,Seguimiento de Basófilos,true,study,CITOMETRÍA,5,105,blood,false,370.00
3581,ECN-CAT-INM-191,Seguimiento de Antígeno carcinoembrionario,true,study,ELISA,12,165,serum,false,540.00
3582,ECN-CAT-MIC-191,Seguimiento de Amiba en fresco,true,study,MICROSCOPÍA,19,150,stool,false,600.00
3583,ECN-CAT-COA-191,Seguimiento de Agregación plaquetaria,true,study,COAGULOMETRÍA,26,150,plasma,true,790.00
3584,ECN-CAT-END-191,Seguimiento de Testosterona libre,true,study,QUIMIOLUMINISCENCIA,3,150,serum,false,370.00
3585,ECN-CAT-URO-191,Seguimiento de Sedimento urinario,true,study,MICROSCOPÍA,10,105,urine,false,450.00
3586,ECN-CAT-MOL-191,Seguimiento de Dengue por PCR,true,study,RT-PCR,17,390,blood,true,920.00
3587,ECN-CAT-QC-192,Seguimiento de Magnesio,true,study,COLORIMETRÍA,24,135,plasma,false,650.00
3588,ECN-CAT-HEM-192,Seguimiento de Velocidad de sedimentación,true,study,MICROSCOPÍA,1,75,blood,false,150.00
3589,ECN-CAT-INM-192,Seguimiento de Alfafetoproteína,true,study,QUIMIOLUMINISCENCIA,8,180,serum,false,470.00
3590,ECN-CAT-MIC-192,Seguimiento de Sangre oculta en heces,true,study,INMUNOCROMATOGRAFÍA,15,105,stool,true,550.00
3591,ECN-CAT-COA-192,Seguimiento de Tiempo de sangrado,true,study,COAGULOMETRÍA,22,135,plasma,false,690.00
3592,ECN-CAT-END-192,Seguimiento de Dehidroepiandrosterona,true,study,ELISA,29,225,plasma,true,950.00
3593,ECN-CAT-URO-192,Seguimiento de Cetonas en orina,true,study,COLORIMETRÍA,6,60,urine,false,340.00
3594,ECN-CAT-MOL-192,Seguimiento de Zika por PCR,true,study,RT-PCR,13,375,blood,true,830.00
3595,ECN-CAT-QC-193,Seguimiento de Sodio,true,study,ENZIMÁTICO,20,105,serum,false,540.00
3596,ECN-CAT-HEM-193,Seguimiento de Frotis de sangre periférica,true,study,IMPEDANCIA,27,150,blood,true,780.00
3597,ECN-CAT-INM-193,Seguimiento de CA 125,true,study,INMUNOENSAYO,4,90,serum,false,320.00
3598,ECN-CAT-MIC-193,Seguimiento de Rotavirus en heces,true,study,INMUNOCROMATOGRAFÍA,11,90,stool,false,450.00
3599,ECN-CAT-COA-193,Seguimiento de Tiempo de coagulación,true,study,COAGULOMETRÍA,18,135,plasma,false,640.00
3600,ECN-CAT-END-193,Seguimiento de Aldosterona,true,study,INMUNOENSAYO,25,180,serum,true,820.00
3601,ECN-CAT-URO-193,Seguimiento de Hemoglobina en orina,true,study,TIRA REACTIVA,2,30,urine,false,230.00
3602,ECN-CAT-MOL-193,Seguimiento de Chikungunya por PCR,true,study,RT-PCR,9,360,blood,true,730.00
3603,ECN-CAT-QC-194,Seguimiento de Potasio,true,study,ESPECTROFOTOMETRÍA,16,105,plasma,false,520.00
3604,ECN-CAT-HEM-194,Seguimiento de Conteo diferencial,true,study,CITOMETRÍA,23,180,blood,false,790.00
3605,ECN-CAT-INM-194,Seguimiento de CA 19-9,true,study,ELISA,30,225,serum,true,910.00
3606,ECN-CAT-MIC-194,Seguimiento de Adenovirus en heces,true,study,INMUNOCROMATOGRAFÍA,7,75,stool,false,350.00
3607,ECN-CAT-COA-194,Seguimiento de Productos de degradación de fibrina,true,study,COAGULOMETRÍA,14,120,plasma,false,540.00
3608,ECN-CAT-END-194,Seguimiento de Renina,true,study,QUIMIOLUMINISCENCIA,21,225,plasma,false,790.00
3609,ECN-CAT-URO-194,Seguimiento de Nitritos en orina,true,study,MICROSCOPÍA,28,180,urine,true,820.00
3610,ECN-CAT-MOL-194,Seguimiento de Panel respiratorio molecular,true,study,RT-PCR,5,345,swab,true,680.00
3611,ECN-CAT-QC-195,Seguimiento de Cloro,true,study,COLORIMETRÍA,12,75,serum,false,410.00
3612,ECN-CAT-HEM-195,Seguimiento de Índice plaquetario,true,study,MICROSCOPÍA,19,135,blood,false,570.00
3613,ECN-CAT-INM-195,Seguimiento de CA 15-3,true,study,QUIMIOLUMINISCENCIA,26,240,serum,true,840.00
3614,ECN-CAT-MIC-195,Seguimiento de Helicobacter pylori,true,study,INMUNOCROMATOGRAFÍA,3,45,stool,false,300.00
3615,ECN-CAT-COA-195,Seguimiento de Factor de von Willebrand,true,study,COAGULOMETRÍA,10,105,plasma,false,450.00
3616,ECN-CAT-END-195,Seguimiento de Paratohormona,true,study,ELISA,17,180,serum,false,660.00
3617,ECN-CAT-URO-195,Seguimiento de Leucocitos en orina,true,study,COLORIMETRÍA,24,120,urine,false,710.00
3618,ECN-CAT-MOL-195,Seguimiento de Panel gastrointestinal molecular,true,study,RT-PCR,1,330,other,true,580.00
3619,ECN-CAT-QC-196,Seguimiento de Hierro sérico,true,study,ENZIMÁTICO,8,60,plasma,false,300.00
3620,ECN-CAT-HEM-196,Seguimiento de Morfología eritrocitaria,true,study,IMPEDANCIA,15,120,blood,false,490.00
3621,ECN-CAT-INM-196,Seguimiento de Antígeno prostático total,true,study,INMUNOENSAYO,22,165,serum,false,730.00
3622,ECN-CAT-MIC-196,Seguimiento de Clostridioides difficile,true,study,INMUNOCROMATOGRAFÍA,29,150,stool,true,870.00
3623,ECN-CAT-COA-196,Seguimiento de Mezcla de TTPa,true,study,COAGULOMETRÍA,6,90,plasma,false,350.00
3624,ECN-CAT-END-196,Seguimiento de Calcitonina,true,study,INMUNOENSAYO,13,120,plasma,false,530.00
3625,ECN-CAT-URO-196,Seguimiento de Cristales en orina,true,study,TIRA REACTIVA,20,105,urine,false,650.00
3626,ECN-CAT-MOL-196,Seguimiento de Trombofilia hereditaria,true,study,PCR,27,480,blood,true,1110.00
3627,ECN-CAT-QC-197,Seguimiento de Amilasa,true,study,ESPECTROFOTOMETRÍA,4,60,serum,false,230.00
3628,ECN-CAT-HEM-197,Seguimiento de Morfología leucocitaria,true,study,CITOMETRÍA,11,150,blood,false,490.00
3629,ECN-CAT-INM-197,Seguimiento de Antígeno prostático libre,true,study,ELISA,18,180,serum,false,670.00
3630,ECN-CAT-MIC-197,Seguimiento de Estreptococo del grupo A,true,study,INMUNOCROMATOGRAFÍA,25,135,swab,true,770.00
3631,ECN-CAT-COA-197,Seguimiento de Mezcla de TP,true,study,COAGULOMETRÍA,2,75,plasma,false,250.00
3632,ECN-CAT-END-197,Seguimiento de Péptido C,true,study,QUIMIOLUMINISCENCIA,9,165,serum,false,540.00
3633,ECN-CAT-URO-197,Seguimiento de Cilindros urinarios,true,study,MICROSCOPÍA,16,135,urine,false,570.00
3634,ECN-CAT-MOL-197,Seguimiento de Mutación JAK2,true,study,PCR,23,465,blood,true,1020.00
3635,ECN-CAT-QC-198,Seguimiento de Lipasa,true,study,COLORIMETRÍA,30,150,plasma,true,770.00
3636,ECN-CAT-HEM-198,Seguimiento de Morfología plaquetaria,true,study,MICROSCOPÍA,7,105,blood,false,330.00
3637,ECN-CAT-INM-198,Seguimiento de Serología para dengue,true,study,QUIMIOLUMINISCENCIA,14,195,serum,false,600.00
3638,ECN-CAT-MIC-198,Seguimiento de Salmonella,true,study,CULTIVO,21,810,stool,false,730.00
3639,ECN-CAT-COA-198,Seguimiento de Factor V,true,study,COAGULOMETRÍA,28,180,plasma,true,810.00
3640,ECN-CAT-END-198,Seguimiento de 17-hidroxiprogesterona,true,study,ELISA,5,120,plasma,false,410.00
3641,ECN-CAT-URO-198,Seguimiento de Urobilinógeno en orina,true,study,COLORIMETRÍA,12,90,urine,false,470.00
3642,ECN-CAT-MOL-198,Seguimiento de BCR-ABL cuantitativo,true,study,PCR,19,450,blood,true,920.00
3643,ECN-CAT-QC-199,Seguimiento de Lactato deshidrogenasa,true,study,ENZIMÁTICO,26,135,serum,true,720.00
3644,ECN-CAT-HEM-199,Seguimiento de Hemoparásitos,true,study,IMPEDANCIA,3,60,blood,false,250.00
3645,ECN-CAT-INM-199,Seguimiento de Serología para rubéola,true,study,INMUNOENSAYO,10,120,serum,false,440.00
3646,ECN-CAT-MIC-199,Seguimiento de Shigella,true,study,CULTIVO,17,795,stool,false,630.00
3647,ECN-CAT-COA-199,Seguimiento de Factor VII,true,study,COAGULOMETRÍA,24,165,plasma,false,760.00
3648,ECN-CAT-END-199,Seguimiento de Hormona antimülleriana,true,study,INMUNOENSAYO,1,75,serum,false,290.00
3649,ECN-CAT-URO-199,Seguimiento de Bilirrubina en orina,true,study,TIRA REACTIVA,8,75,urine,false,350.00
3650,ECN-CAT-MOL-199,Seguimiento de HLA-B27,true,study,PCR,15,435,blood,true,870.00
3651,ECN-CAT-QC-200,Seguimiento de Hemoglobina glucosilada,true,study,ESPECTROFOTOMETRÍA,22,120,blood,false,650.00
3652,ECN-CAT-HEM-200,Seguimiento de Prueba de falciformación,true,study,CITOMETRÍA,29,210,blood,true,910.00
3653,ECN-CAT-INM-200,Seguimiento de Serología para toxoplasma,true,study,ELISA,6,120,serum,false,370.00
3654,ECN-CAT-MIC-200,Seguimiento de Candida albicans,true,study,CULTIVO,13,780,swab,true,580.00
3655,ECN-CAT-COA-200,Seguimiento de Factor X,true,study,COAGULOMETRÍA,20,150,plasma,false,670.00
3656,ECN-CAT-END-200,Seguimiento de Somatomedina C,true,study,QUIMIOLUMINISCENCIA,27,240,plasma,true,910.00
3657,ECN-CAT-URO-200,Seguimiento de Relación albúmina creatinina,true,study,MICROSCOPÍA,4,105,urine,false,280.00
3658,ECN-CAT-MOL-200,Seguimiento de Carga viral cuantitativa,true,study,PCR,11,420,plasma,true,770.00
3659,ECN-CAT-QC-201,Panel de Glucosa,true,study,COLORIMETRÍA,18,105,serum,false,530.00
3660,ECN-CAT-HEM-201,Panel de Biometría hemática,true,study,MICROSCOPÍA,25,180,blood,true,690.00
3661,ECN-CAT-INM-201,Panel de Proteína C reactiva,true,study,QUIMIOLUMINISCENCIA,2,135,serum,false,350.00
3662,ECN-CAT-MIC-201,Panel de Urocultivo,true,study,CULTIVO,9,780,urine,false,490.00
3663,ECN-CAT-COA-201,Panel de Tiempo de protrombina,true,study,COAGULOMETRÍA,16,120,plasma,false,570.00
3664,ECN-CAT-END-201,Panel de Hormona estimulante de tiroides,true,study,ELISA,23,195,serum,false,780.00
3665,ECN-CAT-URO-201,Panel de Examen general de orina,true,study,COLORIMETRÍA,30,165,urine,true,880.00
3666,ECN-CAT-MOL-201,Panel de Detección molecular de SARS-CoV-2,true,study,RT-PCR,7,345,swab,true,710.00
3667,ECN-CAT-QC-202,Panel de Urea,true,study,ENZIMÁTICO,14,75,plasma,false,420.00
3668,ECN-CAT-HEM-202,Panel de Hemoglobina,true,study,IMPEDANCIA,21,135,blood,false,610.00
3669,ECN-CAT-INM-202,Panel de Factor reumatoide,true,study,INMUNOENSAYO,28,180,serum,true,860.00
3670,ECN-CAT-MIC-202,Panel de Coprocultivo,true,study,CULTIVO,5,765,stool,false,390.00
3671,ECN-CAT-COA-202,Panel de Tiempo de tromboplastina parcial,true,study,COAGULOMETRÍA,12,105,plasma,false,470.00
3672,ECN-CAT-END-202,Panel de Tiroxina libre,true,study,INMUNOENSAYO,19,150,plasma,false,700.00
3673,ECN-CAT-URO-202,Panel de Microalbúmina en orina,true,study,TIRA REACTIVA,26,135,urine,true,770.00
3674,ECN-CAT-MOL-202,Panel de Virus de influenza A,true,study,RT-PCR,3,330,swab,true,610.00
3675,ECN-CAT-QC-203,Panel de Creatinina,true,study,ESPECTROFOTOMETRÍA,10,75,serum,false,350.00
3676,ECN-CAT-HEM-203,Panel de Hematocrito,true,study,CITOMETRÍA,17,165,blood,false,670.00
3677,ECN-CAT-INM-203,Panel de Antiestreptolisinas O,true,study,ELISA,24,195,serum,false,790.00
3678,ECN-CAT-MIC-203,Panel de Exudado faríngeo,true,study,CULTIVO,1,750,swab,false,290.00
3679,ECN-CAT-COA-203,Panel de Tiempo de trombina,true,study,COAGULOMETRÍA,8,90,plasma,false,370.00
3680,ECN-CAT-END-203,Panel de Tiroxina total,true,study,QUIMIOLUMINISCENCIA,15,180,serum,false,670.00
3681,ECN-CAT-URO-203,Panel de Proteínas en orina,true,study,MICROSCOPÍA,22,165,urine,false,700.00
3682,ECN-CAT-MOL-203,Panel de Virus de influenza B,true,study,RT-PCR,29,435,swab,true,1170.00
3683,ECN-CAT-QC-204,Panel de Ácido úrico,true,study,COLORIMETRÍA,6,75,plasma,false,290.00
3684,ECN-CAT-HEM-204,Panel de Eritrocitos,true,study,MICROSCOPÍA,13,135,blood,false,450.00
3685,ECN-CAT-INM-204,Panel de Inmunoglobulina A,true,study,QUIMIOLUMINISCENCIA,20,210,serum,false,720.00
3686,ECN-CAT-MIC-204,Panel de Exudado nasal,true,study,CULTIVO,27,855,swab,true,850.00
3687,ECN-CAT-COA-204,Panel de Fibrinógeno,true,study,COAGULOMETRÍA,4,75,plasma,false,330.00
3688,ECN-CAT-END-204,Panel de Triyodotironina libre,true,study,ELISA,11,135,plasma,false,540.00
3689,ECN-CAT-URO-204,Panel de Glucosa en orina,true,study,COLORIMETRÍA,18,105,urine,false,590.00
3690,ECN-CAT-MOL-204,Panel de Virus del papiloma humano,true,study,PCR,25,465,swab,true,1040.00
3691,ECN-CAT-QC-205,Panel de Colesterol total,true,study,ENZIMÁTICO,2,45,serum,false,180.00
3692,ECN-CAT-HEM-205,Panel de Leucocitos,true,study,IMPEDANCIA,9,75,blood,false,370.00
3693,ECN-CAT-INM-205,Panel de Inmunoglobulina G,true,study,INMUNOENSAYO,16,135,serum,false,560.00
3694,ECN-CAT-MIC-205,Panel de Exudado vaginal,true,study,CULTIVO,23,840,swab,false,810.00
3695,ECN-CAT-COA-205,Panel de Dímero D,true,study,COAGULOMETRÍA,30,180,plasma,true,890.00
3696,ECN-CAT-END-205,Panel de Triyodotironina total,true,study,INMUNOENSAYO,7,90,serum,false,410.00
3697,ECN-CAT-URO-205,Panel de Creatinina en orina,true,study,TIRA REACTIVA,14,90,urine,false,480.00
3698,ECN-CAT-MOL-205,Panel de Virus de hepatitis B,true,study,PCR,21,450,plasma,true,990.00
3699,ECN-CAT-QC-206,Panel de Triglicéridos,true,study,ESPECTROFOTOMETRÍA,28,165,plasma,true,770.00
3700,ECN-CAT-HEM-206,Panel de Plaquetas,true,study,CITOMETRÍA,5,105,blood,false,370.00
3701,ECN-CAT-INM-206,Panel de Inmunoglobulina M,true,study,ELISA,12,150,serum,false,550.00
3702,ECN-CAT-MIC-206,Panel de Exudado uretral,true,study,CULTIVO,19,810,swab,false,710.00
3703,ECN-CAT-COA-206,Panel de INR,true,study,COAGULOMETRÍA,26,165,plasma,true,790.00
3704,ECN-CAT-END-206,Panel de Insulina,true,study,QUIMIOLUMINISCENCIA,3,150,plasma,false,370.00
3705,ECN-CAT-URO-206,Panel de Calcio en orina,true,study,MICROSCOPÍA,10,120,urine,false,450.00
3706,ECN-CAT-MOL-206,Panel de Virus de hepatitis C,true,study,PCR,17,435,plasma,true,900.00
3707,ECN-CAT-QC-207,Panel de Bilirrubina total,true,study,COLORIMETRÍA,24,135,serum,false,650.00
3708,ECN-CAT-HEM-207,Panel de Reticulocitos,true,study,MICROSCOPÍA,1,75,blood,false,150.00
3709,ECN-CAT-INM-207,Panel de Inmunoglobulina E,true,study,QUIMIOLUMINISCENCIA,8,165,serum,false,480.00
3710,ECN-CAT-MIC-207,Panel de Hemocultivo,true,study,CULTIVO,15,795,blood,false,610.00
3711,ECN-CAT-COA-207,Panel de Actividad de factor VIII,true,study,COAGULOMETRÍA,22,150,plasma,false,690.00
3712,ECN-CAT-END-207,Panel de Cortisol,true,study,ELISA,29,225,serum,true,950.00
3713,ECN-CAT-URO-207,Panel de Ácido úrico en orina,true,study,COLORIMETRÍA,6,60,urine,false,350.00
3714,ECN-CAT-MOL-207,Panel de Virus de Epstein-Barr,true,study,PCR,13,420,blood,true,800.00
3715,ECN-CAT-QC-208,Panel de Bilirrubina directa,true,study,ENZIMÁTICO,20,120,plasma,false,540.00
3716,ECN-CAT-HEM-208,Panel de Volumen corpuscular medio,true,study,IMPEDANCIA,27,150,blood,true,790.00
3717,ECN-CAT-INM-208,Panel de Complemento C3,true,study,INMUNOENSAYO,4,75,serum,false,320.00
3718,ECN-CAT-MIC-208,Panel de Cultivo de esputo,true,study,CULTIVO,11,780,other,true,510.00
3719,ECN-CAT-COA-208,Panel de Actividad de factor IX,true,study,COAGULOMETRÍA,18,120,plasma,false,590.00
3720,ECN-CAT-END-208,Panel de Hormona adrenocorticotropa,true,study,INMUNOENSAYO,25,180,plasma,true,830.00
3721,ECN-CAT-URO-208,Panel de Sodio en orina,true,study,TIRA REACTIVA,2,45,urine,false,230.00
3722,ECN-CAT-MOL-208,Panel de Citomegalovirus,true,study,PCR,9,405,blood,true,700.00
3723,ECN-CAT-QC-209,Panel de Alanina aminotransferasa,true,study,ESPECTROFOTOMETRÍA,16,120,serum,false,530.00
3724,ECN-CAT-HEM-209,Panel de Hemoglobina corpuscular media,true,study,CITOMETRÍA,23,180,blood,false,790.00
3725,ECN-CAT-INM-209,Panel de Complemento C4,true,study,ELISA,30,240,serum,true,910.00
3726,ECN-CAT-MIC-209,Panel de Cultivo de heridas,true,study,CULTIVO,7,765,swab,false,410.00
3727,ECN-CAT-COA-209,Panel de Actividad de factor XI,true,study,COAGULOMETRÍA,14,105,plasma,false,550.00
3728,ECN-CAT-END-209,Panel de Hormona de crecimiento,true,study,QUIMIOLUMINISCENCIA,21,225,serum,false,790.00
3729,ECN-CAT-URO-209,Panel de Potasio en orina,true,study,MICROSCOPÍA,28,180,urine,true,820.00
3730,ECN-CAT-MOL-209,Panel de Virus herpes simple 1,true,study,PCR,5,390,swab,true,600.00
3731,ECN-CAT-QC-210,Panel de Aspartato aminotransferasa,true,study,COLORIMETRÍA,12,90,plasma,false,410.00
3732,ECN-CAT-HEM-210,Panel de Concentración media de hemoglobina,true,study,MICROSCOPÍA,19,150,blood,false,570.00
3733,ECN-CAT-INM-210,Panel de Anticuerpos antinucleares,true,study,QUIMIOLUMINISCENCIA,26,255,serum,true,840.00
3734,ECN-CAT-MIC-210,Panel de Cultivo de secreciones,true,study,CULTIVO,3,750,swab,false,370.00
3735,ECN-CAT-COA-210,Panel de Actividad de factor XII,true,study,COAGULOMETRÍA,10,90,plasma,false,450.00
3736,ECN-CAT-END-210,Panel de Prolactina,true,study,ELISA,17,180,plasma,false,660.00
3737,ECN-CAT-URO-210,Panel de Cloro en orina,true,study,COLORIMETRÍA,24,135,urine,false,710.00
3738,ECN-CAT-MOL-210,Panel de Virus herpes simple 2,true,study,PCR,1,375,swab,true,560.00
3739,ECN-CAT-QC-211,Panel de Fosfatasa alcalina,true,study,ENZIMÁTICO,8,60,serum,false,300.00
3740,ECN-CAT-HEM-211,Panel de Ancho de distribución eritrocitaria,true,study,IMPEDANCIA,15,105,blood,false,490.00
3741,ECN-CAT-INM-211,Panel de Anticuerpos anti-DNA,true,study,INMUNOENSAYO,22,165,serum,false,690.00
3742,ECN-CAT-MIC-211,Panel de Antibiograma,true,study,CULTIVO,29,855,other,true,930.00
3743,ECN-CAT-COA-211,Panel de Antitrombina III,true,study,COAGULOMETRÍA,6,75,plasma,false,350.00
3744,ECN-CAT-END-211,Panel de Hormona luteinizante,true,study,INMUNOENSAYO,13,135,serum,false,530.00
3745,ECN-CAT-URO-211,Panel de Fósforo en orina,true,study,TIRA REACTIVA,20,105,urine,false,650.00
3746,ECN-CAT-MOL-211,Panel de Chlamydia trachomatis,true,study,PCR,27,495,swab,true,1120.00
3747,ECN-CAT-QC-212,Panel de Gamma glutamil transferasa,true,study,ESPECTROFOTOMETRÍA,4,60,plasma,false,230.00
3748,ECN-CAT-HEM-212,Panel de Neutrófilos,true,study,CITOMETRÍA,11,135,blood,false,500.00
3749,ECN-CAT-INM-212,Panel de Anticuerpos anticardiolipina,true,study,ELISA,18,180,serum,false,670.00
3750,ECN-CAT-MIC-212,Panel de Tinción de Gram,true,study,MICROSCOPÍA,25,180,other,true,730.00
3751,ECN-CAT-COA-212,Panel de Proteína C funcional,true,study,COAGULOMETRÍA,2,60,plasma,false,250.00
3752,ECN-CAT-END-212,Panel de Hormona foliculoestimulante,true,study,QUIMIOLUMINISCENCIA,9,180,plasma,false,550.00
3753,ECN-CAT-URO-212,Panel de Magnesio en orina,true,study,MICROSCOPÍA,16,135,urine,false,580.00
3754,ECN-CAT-MOL-212,Panel de Neisseria gonorrhoeae,true,study,PCR,23,480,swab,true,1020.00
3755,ECN-CAT-QC-213,Panel de Albúmina,true,study,COLORIMETRÍA,30,150,serum,true,780.00
3756,ECN-CAT-HEM-213,Panel de Linfocitos,true,study,MICROSCOPÍA,7,90,blood,false,330.00
3757,ECN-CAT-INM-213,Panel de Procalcitonina,true,study,QUIMIOLUMINISCENCIA,14,195,serum,false,600.00
3758,ECN-CAT-MIC-213,Panel de Baciloscopía,true,study,MICROSCOPÍA,21,150,other,false,630.00
3759,ECN-CAT-COA-213,Panel de Proteína S funcional,true,study,COAGULOMETRÍA,28,165,plasma,true,810.00
3760,ECN-CAT-END-213,Panel de Estradiol,true,study,ELISA,5,135,serum,false,420.00
3761,ECN-CAT-URO-213,Panel de Urea en orina,true,study,COLORIMETRÍA,12,75,urine,false,470.00
3762,ECN-CAT-MOL-213,Panel de Mycobacterium tuberculosis,true,study,PCR,19,465,other,true,920.00
3763,ECN-CAT-QC-214,Panel de Proteínas totales,true,study,ENZIMÁTICO,26,135,plasma,true,720.00
3764,ECN-CAT-HEM-214,Panel de Monocitos,true,study,IMPEDANCIA,3,45,blood,false,250.00
3765,ECN-CAT-INM-214,Panel de Ferritina,true,study,INMUNOENSAYO,10,120,serum,false,440.00
3766,ECN-CAT-MIC-214,Panel de Búsqueda de hongos,true,study,MICROSCOPÍA,17,135,other,false,530.00
3767,ECN-CAT-COA-214,Panel de Anticoagulante lúpico,true,study,COAGULOMETRÍA,24,165,plasma,false,770.00
3768,ECN-CAT-END-214,Panel de Progesterona,true,study,INMUNOENSAYO,1,75,plasma,false,290.00
3769,ECN-CAT-URO-214,Panel de Osmolalidad urinaria,true,study,TIRA REACTIVA,8,60,urine,false,360.00
3770,ECN-CAT-MOL-214,Panel de Bordetella pertussis,true,study,PCR,15,435,swab,true,820.00
3771,ECN-CAT-QC-215,Panel de Calcio,true,study,ESPECTROFOTOMETRÍA,22,135,serum,false,650.00
3772,ECN-CAT-HEM-215,Panel de Eosinófilos,true,study,CITOMETRÍA,29,195,blood,true,910.00
3773,ECN-CAT-INM-215,Panel de Troponina I,true,study,ELISA,6,135,serum,false,370.00
3774,ECN-CAT-MIC-215,Panel de Coprológico,true,study,MICROSCOPÍA,13,120,stool,false,490.00
3775,ECN-CAT-COA-215,Panel de Resistencia a proteína C activada,true,study,COAGULOMETRÍA,20,150,plasma,false,670.00
3776,ECN-CAT-END-215,Panel de Testosterona total,true,study,QUIMIOLUMINISCENCIA,27,240,serum,true,910.00
3777,ECN-CAT-URO-215,Panel de Depuración de creatinina,true,study,MICROSCOPÍA,4,90,urine,false,280.00
3778,ECN-CAT-MOL-215,Panel de Parvovirus B19,true,study,PCR,11,420,blood,true,780.00
3779,ECN-CAT-QC-216,Panel de Fósforo,true,study,COLORIMETRÍA,18,105,plasma,false,530.00
3780,ECN-CAT-HEM-216,Panel de Basófilos,true,study,MICROSCOPÍA,25,165,blood,true,690.00
3781,ECN-CAT-INM-216,Panel de Antígeno carcinoembrionario,true,study,QUIMIOLUMINISCENCIA,2,150,serum,false,310.00
3782,ECN-CAT-MIC-216,Panel de Amiba en fresco,true,study,MICROSCOPÍA,9,105,stool,true,390.00
3783,ECN-CAT-COA-216,Panel de Agregación plaquetaria,true,study,COAGULOMETRÍA,16,135,plasma,false,570.00
3784,ECN-CAT-END-216,Panel de Testosterona libre,true,study,ELISA,23,195,plasma,false,780.00
3785,ECN-CAT-URO-216,Panel de Sedimento urinario,true,study,COLORIMETRÍA,30,150,urine,true,890.00
3786,ECN-CAT-MOL-216,Panel de Dengue por PCR,true,study,RT-PCR,7,345,blood,true,710.00
3787,ECN-CAT-QC-217,Panel de Magnesio,true,study,ENZIMÁTICO,14,90,serum,false,420.00
3788,ECN-CAT-HEM-217,Panel de Velocidad de sedimentación,true,study,IMPEDANCIA,21,135,blood,false,620.00
3789,ECN-CAT-INM-217,Panel de Alfafetoproteína,true,study,INMUNOENSAYO,28,195,serum,true,860.00
3790,ECN-CAT-MIC-217,Panel de Sangre oculta en heces,true,study,INMUNOCROMATOGRAFÍA,5,60,stool,false,330.00
3791,ECN-CAT-COA-217,Panel de Tiempo de sangrado,true,study,COAGULOMETRÍA,12,120,plasma,false,470.00
3792,ECN-CAT-END-217,Panel de Dehidroepiandrosterona,true,study,INMUNOENSAYO,19,150,serum,false,660.00
3793,ECN-CAT-URO-217,Panel de Cetonas en orina,true,study,TIRA REACTIVA,26,120,urine,true,770.00
3794,ECN-CAT-MOL-217,Panel de Zika por PCR,true,study,RT-PCR,3,330,blood,true,610.00
3795,ECN-CAT-QC-218,Panel de Sodio,true,study,ESPECTROFOTOMETRÍA,10,75,plasma,false,360.00
3796,ECN-CAT-HEM-218,Panel de Frotis de sangre periférica,true,study,CITOMETRÍA,17,165,blood,false,670.00
3797,ECN-CAT-INM-218,Panel de CA 125,true,study,ELISA,24,195,serum,false,790.00
3798,ECN-CAT-MIC-218,Panel de Rotavirus en heces,true,study,INMUNOCROMATOGRAFÍA,1,45,stool,false,230.00
3799,ECN-CAT-COA-218,Panel de Tiempo de coagulación,true,study,COAGULOMETRÍA,8,105,plasma,false,380.00
3800,ECN-CAT-END-218,Panel de Aldosterona,true,study,QUIMIOLUMINISCENCIA,15,195,plasma,false,670.00
3801,ECN-CAT-URO-218,Panel de Hemoglobina en orina,true,study,MICROSCOPÍA,22,150,urine,false,700.00
3802,ECN-CAT-MOL-218,Panel de Chikungunya por PCR,true,study,RT-PCR,29,435,blood,true,1170.00
3803,ECN-CAT-QC-219,Panel de Potasio,true,study,COLORIMETRÍA,6,60,serum,false,290.00
3804,ECN-CAT-HEM-219,Panel de Conteo diferencial,true,study,MICROSCOPÍA,13,135,blood,false,450.00
3805,ECN-CAT-INM-219,Panel de CA 19-9,true,study,QUIMIOLUMINISCENCIA,20,210,serum,false,720.00
3806,ECN-CAT-MIC-219,Panel de Adenovirus en heces,true,study,INMUNOCROMATOGRAFÍA,27,150,stool,true,800.00
3807,ECN-CAT-COA-219,Panel de Productos de degradación de fibrina,true,study,COAGULOMETRÍA,4,75,plasma,false,330.00
3808,ECN-CAT-END-219,Panel de Renina,true,study,ELISA,11,150,serum,false,540.00
3809,ECN-CAT-URO-219,Panel de Nitritos en orina,true,study,COLORIMETRÍA,18,120,urine,false,590.00
3810,ECN-CAT-MOL-219,Panel de Panel respiratorio molecular,true,study,RT-PCR,25,420,swab,true,1070.00
3811,ECN-CAT-QC-220,Panel de Cloro,true,study,ENZIMÁTICO,2,30,plasma,false,180.00
3812,ECN-CAT-HEM-220,Panel de Índice plaquetario,true,study,IMPEDANCIA,9,90,blood,false,370.00
3813,ECN-CAT-INM-220,Panel de CA 15-3,true,study,INMUNOENSAYO,16,135,serum,false,570.00
3814,ECN-CAT-MIC-220,Panel de Helicobacter pylori,true,study,INMUNOCROMATOGRAFÍA,23,135,stool,true,750.00
3815,ECN-CAT-COA-220,Panel de Factor de von Willebrand,true,study,COAGULOMETRÍA,30,180,plasma,true,890.00
3816,ECN-CAT-END-220,Panel de Paratohormona,true,study,INMUNOENSAYO,7,105,plasma,false,410.00
3817,ECN-CAT-URO-220,Panel de Leucocitos en orina,true,study,TIRA REACTIVA,14,90,urine,false,480.00
3818,ECN-CAT-MOL-220,Panel de Panel gastrointestinal molecular,true,study,RT-PCR,21,405,other,true,1030.00
3819,ECN-CAT-QC-221,Panel de Hierro sérico,true,study,ESPECTROFOTOMETRÍA,28,150,serum,true,770.00
3820,ECN-CAT-HEM-221,Panel de Morfología eritrocitaria,true,study,CITOMETRÍA,5,120,blood,false,380.00
3821,ECN-CAT-INM-221,Panel de Antígeno prostático total,true,study,ELISA,12,150,serum,false,500.00
3822,ECN-CAT-MIC-221,Panel de Clostridioides difficile,true,study,INMUNOCROMATOGRAFÍA,19,105,stool,false,650.00
3823,ECN-CAT-COA-221,Panel de Mezcla de TTPa,true,study,COAGULOMETRÍA,26,165,plasma,true,790.00
3824,ECN-CAT-END-221,Panel de Calcitonina,true,study,QUIMIOLUMINISCENCIA,3,135,serum,false,370.00
3825,ECN-CAT-URO-221,Panel de Cristales en orina,true,study,MICROSCOPÍA,10,120,urine,false,460.00
3826,ECN-CAT-MOL-221,Panel de Trombofilia hereditaria,true,study,PCR,17,450,blood,true,900.00
3827,ECN-CAT-QC-222,Panel de Amilasa,true,study,COLORIMETRÍA,24,120,plasma,false,660.00
3828,ECN-CAT-HEM-222,Panel de Morfología leucocitaria,true,study,MICROSCOPÍA,1,90,blood,false,160.00
3829,ECN-CAT-INM-222,Panel de Antígeno prostático libre,true,study,QUIMIOLUMINISCENCIA,8,165,serum,false,480.00
3830,ECN-CAT-MIC-222,Panel de Estreptococo del grupo A,true,study,INMUNOCROMATOGRAFÍA,15,120,swab,false,550.00
3831,ECN-CAT-COA-222,Panel de Mezcla de TP,true,study,COAGULOMETRÍA,22,150,plasma,false,690.00
3832,ECN-CAT-END-222,Panel de Péptido C,true,study,ELISA,29,210,plasma,true,910.00
3833,ECN-CAT-URO-222,Panel de Cilindros urinarios,true,study,COLORIMETRÍA,6,60,urine,false,350.00
3834,ECN-CAT-MOL-222,Panel de Mutación JAK2,true,study,PCR,13,420,blood,true,800.00
3835,ECN-CAT-QC-223,Panel de Lipasa,true,study,ENZIMÁTICO,20,105,serum,false,550.00
3836,ECN-CAT-HEM-223,Panel de Morfología plaquetaria,true,study,IMPEDANCIA,27,150,blood,true,790.00
3837,ECN-CAT-INM-223,Panel de Serología para dengue,true,study,INMUNOENSAYO,4,90,serum,false,320.00
3838,ECN-CAT-MIC-223,Panel de Salmonella,true,study,CULTIVO,11,795,stool,false,510.00
3839,ECN-CAT-COA-223,Panel de Factor V,true,study,COAGULOMETRÍA,18,135,plasma,false,600.00
3840,ECN-CAT-END-223,Panel de 17-hidroxiprogesterona,true,study,INMUNOENSAYO,25,165,serum,true,830.00
3841,ECN-CAT-URO-223,Panel de Urobilinógeno en orina,true,study,TIRA REACTIVA,2,45,urine,false,240.00
3842,ECN-CAT-MOL-223,Panel de BCR-ABL cuantitativo,true,study,PCR,9,405,blood,true,700.00
3843,ECN-CAT-QC-224,Panel de Lactato deshidrogenasa,true,study,ESPECTROFOTOMETRÍA,16,105,plasma,false,480.00
3844,ECN-CAT-HEM-224,Panel de Hemoparásitos,true,study,CITOMETRÍA,23,180,blood,false,790.00
3845,ECN-CAT-INM-224,Panel de Serología para rubéola,true,study,ELISA,30,225,serum,true,910.00
3846,ECN-CAT-MIC-224,Panel de Shigella,true,study,CULTIVO,7,765,stool,true,420.00
3847,ECN-CAT-COA-224,Panel de Factor VII,true,study,COAGULOMETRÍA,14,120,plasma,false,550.00
3848,ECN-CAT-END-224,Panel de Hormona antimülleriana,true,study,QUIMIOLUMINISCENCIA,21,210,plasma,false,790.00
3849,ECN-CAT-URO-224,Panel de Bilirrubina en orina,true,study,MICROSCOPÍA,28,195,urine,true,820.00
3850,ECN-CAT-MOL-224,Panel de HLA-B27,true,study,PCR,5,390,blood,true,610.00
3851,ECN-CAT-QC-225,Panel de Hemoglobina glucosilada,true,study,COLORIMETRÍA,12,90,blood,false,410.00
3852,ECN-CAT-HEM-225,Panel de Prueba de falciformación,true,study,MICROSCOPÍA,19,150,blood,false,570.00
3853,ECN-CAT-INM-225,Panel de Serología para toxoplasma,true,study,QUIMIOLUMINISCENCIA,26,240,serum,true,850.00
3854,ECN-CAT-MIC-225,Panel de Candida albicans,true,study,CULTIVO,3,750,swab,false,370.00
3855,ECN-CAT-COA-225,Panel de Factor X,true,study,COAGULOMETRÍA,10,105,plasma,false,450.00
3856,ECN-CAT-END-225,Panel de Somatomedina C,true,study,ELISA,17,165,serum,false,660.00
3857,ECN-CAT-URO-225,Panel de Relación albúmina creatinina,true,study,COLORIMETRÍA,24,135,urine,false,720.00
3858,ECN-CAT-MOL-225,Panel de Carga viral cuantitativa,true,study,PCR,1,375,plasma,true,560.00
3859,ECN-CAT-QC-226,Validación de Glucosa,true,study,ENZIMÁTICO,8,75,plasma,false,300.00
3860,ECN-CAT-HEM-226,Validación de Biometría hemática,true,study,IMPEDANCIA,15,105,blood,false,500.00
3861,ECN-CAT-INM-226,Validación de Proteína C reactiva,true,study,INMUNOENSAYO,22,150,serum,false,690.00
3862,ECN-CAT-MIC-226,Validación de Urocultivo,true,study,CULTIVO,29,855,urine,true,930.00
3863,ECN-CAT-COA-226,Validación de Tiempo de protrombina,true,study,COAGULOMETRÍA,6,75,plasma,false,350.00
3864,ECN-CAT-END-226,Validación de Hormona estimulante de tiroides,true,study,INMUNOENSAYO,13,120,plasma,false,540.00
3865,ECN-CAT-URO-226,Validación de Examen general de orina,true,study,TIRA REACTIVA,20,120,urine,false,650.00
3866,ECN-CAT-MOL-226,Validación de Detección molecular de SARS-CoV-2,true,study,RT-PCR,27,420,swab,true,1150.00
3867,ECN-CAT-QC-227,Validación de Urea,true,study,ESPECTROFOTOMETRÍA,4,75,serum,false,240.00
3868,ECN-CAT-HEM-227,Validación de Hemoglobina,true,study,CITOMETRÍA,11,135,blood,false,500.00
3869,ECN-CAT-INM-227,Validación de Factor reumatoide,true,study,ELISA,18,165,serum,false,670.00
3870,ECN-CAT-MIC-227,Validación de Coprocultivo,true,study,CULTIVO,25,840,stool,true,830.00
3871,ECN-CAT-COA-227,Validación de Tiempo de tromboplastina parcial,true,study,COAGULOMETRÍA,2,60,plasma,false,260.00
3872,ECN-CAT-END-227,Validación de Tiroxina libre,true,study,QUIMIOLUMINISCENCIA,9,180,serum,false,500.00
3873,ECN-CAT-URO-227,Validación de Microalbúmina en orina,true,study,MICROSCOPÍA,16,135,urine,false,580.00
3874,ECN-CAT-MOL-227,Validación de Virus de influenza A,true,study,RT-PCR,23,405,swab,true,1050.00
3875,ECN-CAT-QC-228,Validación de Creatinina,true,study,COLORIMETRÍA,30,165,plasma,true,780.00
3876,ECN-CAT-HEM-228,Validación de Hematocrito,true,study,MICROSCOPÍA,7,105,blood,false,330.00
3877,ECN-CAT-INM-228,Validación de Antiestreptolisinas O,true,study,QUIMIOLUMINISCENCIA,14,180,serum,false,600.00
3878,ECN-CAT-MIC-228,Validación de Exudado faríngeo,true,study,CULTIVO,21,825,swab,true,740.00
3879,ECN-CAT-COA-228,Validación de Tiempo de trombina,true,study,COAGULOMETRÍA,28,165,plasma,true,820.00
3880,ECN-CAT-END-228,Validación de Tiroxina total,true,study,ELISA,5,135,plasma,false,420.00
3881,ECN-CAT-URO-228,Validación de Proteínas en orina,true,study,COLORIMETRÍA,12,90,urine,false,470.00
3882,ECN-CAT-MOL-228,Validación de Virus de influenza B,true,study,RT-PCR,19,390,swab,true,950.00
3883,ECN-CAT-QC-229,Validación de Ácido úrico,true,study,ENZIMÁTICO,26,135,serum,true,670.00
3884,ECN-CAT-HEM-229,Validación de Eritrocitos,true,study,IMPEDANCIA,3,60,blood,false,250.00
3885,ECN-CAT-INM-229,Validación de Inmunoglobulina A,true,study,INMUNOENSAYO,10,105,serum,false,450.00
3886,ECN-CAT-MIC-229,Validación de Exudado nasal,true,study,CULTIVO,17,810,swab,false,640.00
3887,ECN-CAT-COA-229,Validación de Fibrinógeno,true,study,COAGULOMETRÍA,24,150,plasma,false,770.00
3888,ECN-CAT-END-229,Validación de Triyodotironina libre,true,study,INMUNOENSAYO,1,90,serum,false,290.00
3889,ECN-CAT-URO-229,Validación de Glucosa en orina,true,study,TIRA REACTIVA,8,60,urine,false,360.00
3890,ECN-CAT-MOL-229,Validación de Virus del papiloma humano,true,study,PCR,15,420,swab,true,830.00
3891,ECN-CAT-QC-230,Validación de Colesterol total,true,study,ESPECTROFOTOMETRÍA,22,135,plasma,false,650.00
3892,ECN-CAT-HEM-230,Validación de Leucocitos,true,study,CITOMETRÍA,29,210,blood,true,920.00
3893,ECN-CAT-INM-230,Validación de Inmunoglobulina G,true,study,ELISA,6,135,serum,false,380.00
3894,ECN-CAT-MIC-230,Validación de Exudado vaginal,true,study,CULTIVO,13,795,swab,false,540.00
3895,ECN-CAT-COA-230,Validación de Dímero D,true,study,COAGULOMETRÍA,20,135,plasma,false,670.00
3896,ECN-CAT-END-230,Validación de Triyodotironina total,true,study,QUIMIOLUMINISCENCIA,27,255,plasma,true,910.00
3897,ECN-CAT-URO-230,Validación de Creatinina en orina,true,study,MICROSCOPÍA,4,90,urine,false,290.00
3898,ECN-CAT-MOL-230,Validación de Virus de hepatitis B,true,study,PCR,11,405,plasma,true,780.00
3899,ECN-CAT-QC-231,Validación de Triglicéridos,true,study,COLORIMETRÍA,18,105,serum,false,540.00
3900,ECN-CAT-HEM-231,Validación de Plaquetas,true,study,MICROSCOPÍA,25,165,blood,true,700.00
3901,ECN-CAT-INM-231,Validación de Inmunoglobulina M,true,study,QUIMIOLUMINISCENCIA,2,150,serum,false,310.00
3902,ECN-CAT-MIC-231,Validación de Exudado uretral,true,study,CULTIVO,9,765,swab,false,490.00
3903,ECN-CAT-COA-231,Validación de INR,true,study,COAGULOMETRÍA,16,120,plasma,false,570.00
3904,ECN-CAT-END-231,Validación de Insulina,true,study,ELISA,23,210,serum,false,790.00
3905,ECN-CAT-URO-231,Validación de Calcio en orina,true,study,COLORIMETRÍA,30,150,urine,true,890.00
3906,ECN-CAT-MOL-231,Validación de Virus de hepatitis C,true,study,PCR,7,390,plasma,true,680.00
3907,ECN-CAT-QC-232,Validación de Bilirrubina total,true,study,ENZIMÁTICO,14,90,plasma,false,430.00
3908,ECN-CAT-HEM-232,Validación de Reticulocitos,true,study,IMPEDANCIA,21,120,blood,false,620.00
3909,ECN-CAT-INM-232,Validación de Inmunoglobulina E,true,study,INMUNOENSAYO,28,195,serum,true,860.00
3910,ECN-CAT-MIC-232,Validación de Hemocultivo,true,study,CULTIVO,5,750,blood,true,390.00
3911,ECN-CAT-COA-232,Validación de Actividad de factor VIII,true,study,COAGULOMETRÍA,12,105,plasma,false,480.00
3912,ECN-CAT-END-232,Validación de Cortisol,true,study,INMUNOENSAYO,19,150,plasma,false,660.00
3913,ECN-CAT-URO-232,Validación de Ácido úrico en orina,true,study,TIRA REACTIVA,26,135,urine,true,780.00
3914,ECN-CAT-MOL-232,Validación de Virus de Epstein-Barr,true,study,PCR,3,390,blood,true,580.00
3915,ECN-CAT-QC-233,Validación de Bilirrubina directa,true,study,ESPECTROFOTOMETRÍA,10,90,serum,false,360.00
3916,ECN-CAT-HEM-233,Validación de Volumen corpuscular medio,true,study,CITOMETRÍA,17,150,blood,false,670.00
3917,ECN-CAT-INM-233,Validación de Complemento C3,true,study,ELISA,24,210,serum,false,790.00
3918,ECN-CAT-MIC-233,Validación de Cultivo de esputo,true,study,CULTIVO,1,735,other,false,300.00
3919,ECN-CAT-COA-233,Validación de Actividad de factor IX,true,study,COAGULOMETRÍA,8,90,plasma,false,380.00
3920,ECN-CAT-END-233,Validación de Hormona adrenocorticotropa,true,study,QUIMIOLUMINISCENCIA,15,195,serum,false,670.00
3921,ECN-CAT-URO-233,Validación de Sodio en orina,true,study,MICROSCOPÍA,22,165,urine,false,700.00
3922,ECN-CAT-MOL-233,Validación de Citomegalovirus,true,study,PCR,29,495,blood,true,1150.00
3923,ECN-CAT-QC-234,Validación de Alanina aminotransferasa,true,study,COLORIMETRÍA,6,60,plasma,false,240.00
3924,ECN-CAT-HEM-234,Validación de Hemoglobina corpuscular media,true,study,MICROSCOPÍA,13,120,blood,false,450.00
3925,ECN-CAT-INM-234,Validación de Complemento C4,true,study,QUIMIOLUMINISCENCIA,20,225,serum,false,730.00
3926,ECN-CAT-MIC-234,Validación de Cultivo de heridas,true,study,CULTIVO,27,840,swab,true,860.00
3927,ECN-CAT-COA-234,Validación de Actividad de factor XI,true,study,COAGULOMETRÍA,4,60,plasma,false,330.00
3928,ECN-CAT-END-234,Validación de Hormona de crecimiento,true,study,ELISA,11,150,plasma,false,540.00
3929,ECN-CAT-URO-234,Validación de Potasio en orina,true,study,COLORIMETRÍA,18,105,urine,false,600.00
3930,ECN-CAT-MOL-234,Validación de Virus herpes simple 1,true,study,PCR,25,480,swab,true,1050.00
3931,ECN-CAT-QC-235,Validación de Aspartato aminotransferasa,true,study,ENZIMÁTICO,2,45,serum,false,180.00
3932,ECN-CAT-HEM-235,Validación de Concentración media de hemoglobina,true,study,IMPEDANCIA,9,75,blood,false,380.00
3933,ECN-CAT-INM-235,Validación de Anticuerpos antinucleares,true,study,INMUNOENSAYO,16,150,serum,false,570.00
3934,ECN-CAT-MIC-235,Validación de Cultivo de secreciones,true,study,CULTIVO,23,825,swab,false,760.00
3935,ECN-CAT-COA-235,Validación de Actividad de factor XII,true,study,COAGULOMETRÍA,30,195,plasma,true,890.00
3936,ECN-CAT-END-235,Validación de Prolactina,true,study,INMUNOENSAYO,7,105,serum,false,420.00
3937,ECN-CAT-URO-235,Validación de Cloro en orina,true,study,TIRA REACTIVA,14,75,urine,false,480.00
3938,ECN-CAT-MOL-235,Validación de Virus herpes simple 2,true,study,PCR,21,465,swab,true,1000.00
3939,ECN-CAT-QC-236,Validación de Fosfatasa alcalina,true,study,ESPECTROFOTOMETRÍA,28,150,plasma,true,780.00
3940,ECN-CAT-HEM-236,Validación de Ancho de distribución eritrocitaria,true,study,CITOMETRÍA,5,105,blood,false,380.00
3941,ECN-CAT-INM-236,Validación de Anticuerpos anti-DNA,true,study,ELISA,12,150,serum,false,500.00
3942,ECN-CAT-MIC-236,Validación de Antibiograma,true,study,CULTIVO,19,810,other,true,710.00
3943,ECN-CAT-COA-236,Validación de Antitrombina III,true,study,COAGULOMETRÍA,26,180,plasma,true,800.00
3944,ECN-CAT-END-236,Validación de Hormona luteinizante,true,study,QUIMIOLUMINISCENCIA,3,150,plasma,false,380.00
3945,ECN-CAT-URO-236,Validación de Fósforo en orina,true,study,MICROSCOPÍA,10,105,urine,false,410.00
3946,ECN-CAT-MOL-236,Validación de Chlamydia trachomatis,true,study,PCR,17,450,swab,true,900.00
3947,ECN-CAT-QC-237,Validación de Gamma glutamil transferasa,true,study,COLORIMETRÍA,24,135,serum,false,660.00
3948,ECN-CAT-HEM-237,Validación de Neutrófilos,true,study,MICROSCOPÍA,1,75,blood,false,160.00
3949,ECN-CAT-INM-237,Validación de Anticuerpos anticardiolipina,true,study,QUIMIOLUMINISCENCIA,8,165,serum,false,480.00
3950,ECN-CAT-MIC-237,Validación de Tinción de Gram,true,study,MICROSCOPÍA,15,135,other,false,520.00
3951,ECN-CAT-COA-237,Validación de Proteína C funcional,true,study,COAGULOMETRÍA,22,150,plasma,false,700.00
3952,ECN-CAT-END-237,Validación de Hormona foliculoestimulante,true,study,ELISA,29,225,serum,true,910.00
3953,ECN-CAT-URO-237,Validación de Magnesio en orina,true,study,COLORIMETRÍA,6,45,urine,false,350.00
3954,ECN-CAT-MOL-237,Validación de Neisseria gonorrhoeae,true,study,PCR,13,435,swab,true,800.00
3955,ECN-CAT-QC-238,Validación de Albúmina,true,study,ENZIMÁTICO,20,105,plasma,false,550.00
3956,ECN-CAT-HEM-238,Validación de Linfocitos,true,study,IMPEDANCIA,27,165,blood,true,790.00
3957,ECN-CAT-INM-238,Validación de Procalcitonina,true,study,INMUNOENSAYO,4,90,serum,false,330.00
3958,ECN-CAT-MIC-238,Validación de Baciloscopía,true,study,MICROSCOPÍA,11,120,other,false,420.00
3959,ECN-CAT-COA-238,Validación de Proteína S funcional,true,study,COAGULOMETRÍA,18,135,plasma,false,600.00
3960,ECN-CAT-END-238,Validación de Estradiol,true,study,INMUNOENSAYO,25,180,plasma,true,830.00
3961,ECN-CAT-URO-238,Validación de Urea en orina,true,study,TIRA REACTIVA,2,30,urine,false,240.00
3962,ECN-CAT-MOL-238,Validación de Mycobacterium tuberculosis,true,study,PCR,9,420,other,true,710.00
3963,ECN-CAT-QC-239,Validación de Proteínas totales,true,study,ESPECTROFOTOMETRÍA,16,105,serum,false,480.00
3964,ECN-CAT-HEM-239,Validación de Monocitos,true,study,CITOMETRÍA,23,195,blood,false,800.00
3965,ECN-CAT-INM-239,Validación de Ferritina,true,study,ELISA,30,225,serum,true,920.00
3966,ECN-CAT-MIC-239,Validación de Búsqueda de hongos,true,study,MICROSCOPÍA,7,90,other,false,320.00
3967,ECN-CAT-COA-239,Validación de Anticoagulante lúpico,true,study,COAGULOMETRÍA,14,120,plasma,false,550.00
3968,ECN-CAT-END-239,Validación de Progesterona,true,study,QUIMIOLUMINISCENCIA,21,210,serum,false,790.00
3969,ECN-CAT-URO-239,Validación de Osmolalidad urinaria,true,study,MICROSCOPÍA,28,180,urine,true,830.00
3970,ECN-CAT-MOL-239,Validación de Bordetella pertussis,true,study,PCR,5,405,swab,true,610.00
3971,ECN-CAT-QC-240,Validación de Calcio,true,study,COLORIMETRÍA,12,75,plasma,false,420.00
3972,ECN-CAT-HEM-240,Validación de Eosinófilos,true,study,MICROSCOPÍA,19,165,blood,false,580.00
3973,ECN-CAT-INM-240,Validación de Troponina I,true,study,QUIMIOLUMINISCENCIA,26,240,serum,true,850.00
3974,ECN-CAT-MIC-240,Validación de Coprológico,true,study,MICROSCOPÍA,3,75,stool,true,220.00
3975,ECN-CAT-COA-240,Validación de Resistencia a proteína C activada,true,study,COAGULOMETRÍA,10,105,plasma,false,450.00
3976,ECN-CAT-END-240,Validación de Testosterona total,true,study,ELISA,17,165,plasma,false,670.00
3977,ECN-CAT-URO-240,Validación de Depuración de creatinina,true,study,COLORIMETRÍA,24,135,urine,false,720.00
3978,ECN-CAT-MOL-240,Validación de Parvovirus B19,true,study,PCR,1,375,blood,true,560.00
3979,ECN-CAT-QC-241,Validación de Fósforo,true,study,ENZIMÁTICO,8,60,serum,false,310.00
3980,ECN-CAT-HEM-241,Validación de Basófilos,true,study,IMPEDANCIA,15,105,blood,false,500.00
3981,ECN-CAT-INM-241,Validación de Antígeno carcinoembrionario,true,study,INMUNOENSAYO,22,165,serum,false,690.00
3982,ECN-CAT-MIC-241,Validación de Amiba en fresco,true,study,MICROSCOPÍA,29,180,stool,true,830.00
3983,ECN-CAT-COA-241,Validación de Agregación plaquetaria,true,study,COAGULOMETRÍA,6,90,plasma,false,360.00
3984,ECN-CAT-END-241,Validación de Testosterona libre,true,study,INMUNOENSAYO,13,120,serum,false,540.00
3985,ECN-CAT-URO-241,Validación de Sedimento urinario,true,study,TIRA REACTIVA,20,120,urine,false,610.00
3986,ECN-CAT-MOL-241,Validación de Dengue por PCR,true,study,RT-PCR,27,420,blood,true,1150.00
3987,ECN-CAT-QC-242,Validación de Magnesio,true,study,ESPECTROFOTOMETRÍA,4,60,plasma,false,240.00
3988,ECN-CAT-HEM-242,Validación de Velocidad de sedimentación,true,study,CITOMETRÍA,11,135,blood,false,500.00
3989,ECN-CAT-INM-242,Validación de Alfafetoproteína,true,study,ELISA,18,180,serum,false,670.00
3990,ECN-CAT-MIC-242,Validación de Sangre oculta en heces,true,study,INMUNOCROMATOGRAFÍA,25,135,stool,true,780.00
3991,ECN-CAT-COA-242,Validación de Tiempo de sangrado,true,study,COAGULOMETRÍA,2,75,plasma,false,260.00
3992,ECN-CAT-END-242,Validación de Dehidroepiandrosterona,true,study,QUIMIOLUMINISCENCIA,9,165,plasma,false,500.00
3993,ECN-CAT-URO-242,Validación de Cetonas en orina,true,study,MICROSCOPÍA,16,150,urine,false,580.00
3994,ECN-CAT-MOL-242,Validación de Zika por PCR,true,study,RT-PCR,23,405,blood,true,1060.00
3995,ECN-CAT-QC-243,Validación de Sodio,true,study,COLORIMETRÍA,30,150,serum,true,780.00
3996,ECN-CAT-HEM-243,Validación de Frotis de sangre periférica,true,study,MICROSCOPÍA,7,105,blood,false,280.00
3997,ECN-CAT-INM-243,Validación de CA 125,true,study,QUIMIOLUMINISCENCIA,14,195,serum,false,610.00
3998,ECN-CAT-MIC-243,Validación de Rotavirus en heces,true,study,INMUNOCROMATOGRAFÍA,21,135,stool,false,680.00
3999,ECN-CAT-COA-243,Validación de Tiempo de coagulación,true,study,COAGULOMETRÍA,28,180,plasma,true,820.00
4000,ECN-CAT-END-243,Validación de Aldosterona,true,study,ELISA,5,120,serum,false,420.00
4001,ECN-CAT-URO-243,Validación de Hemoglobina en orina,true,study,COLORIMETRÍA,12,90,urine,false,480.00
4002,ECN-CAT-MOL-243,Validación de Chikungunya por PCR,true,study,RT-PCR,19,390,blood,true,960.00
4003,ECN-CAT-QC-244,Validación de Potasio,true,study,ENZIMÁTICO,26,120,plasma,true,670.00
4004,ECN-CAT-HEM-244,Validación de Conteo diferencial,true,study,IMPEDANCIA,3,60,blood,false,260.00
4005,ECN-CAT-INM-244,Validación de CA 19-9,true,study,INMUNOENSAYO,10,105,serum,false,450.00
4006,ECN-CAT-MIC-244,Validación de Adenovirus en heces,true,study,INMUNOCROMATOGRAFÍA,17,120,stool,true,580.00
4007,ECN-CAT-COA-244,Validación de Productos de degradación de fibrina,true,study,COAGULOMETRÍA,24,150,plasma,false,770.00
4008,ECN-CAT-END-244,Validación de Renina,true,study,INMUNOENSAYO,1,75,plasma,false,300.00
4009,ECN-CAT-URO-244,Validación de Nitritos en orina,true,study,TIRA REACTIVA,8,75,urine,false,360.00
4010,ECN-CAT-MOL-244,Validación de Panel respiratorio molecular,true,study,RT-PCR,15,375,swab,true,860.00
