study_id,code,name,price,delivery_hours,parameter_count,request_count,synthetic_request_count,sample_type,analysis_method,requires_special_processing,is_synthetic
1,GLU-001,GLUCOSA,110,1,,5,1,,,,false
2,BH01,BIOMETRIA HEMATICA,180,0.5,,3,1,,AUTOMATIZADO,,false
3,QS06,QUIMICA SANGUINEA 6 ELEMENTOS,220,0.75,,0,0,,ESPECTROFOTOMETRIA,,false
4,QS12,QUIMICA SANGUINEA 12 ELEMENTOS,350,1,,4,2,,ESPECTROFOTOMETRIA,,false
5,GLU01,GLUCOSA,80,0.25,,5,1,,ENZIMATICO,,false
6,HBA1C,Hemoglobina glucosilada HbA1c,280,1.5,,0,0,,Inmunoturbidimetría,,false
7,COL01,COLESTEROL TOTAL,90,0.3333333333333333,,1,0,,ENZIMATICO,,false
8,TRI01,TRIGLICERIDOS,90,0.3333333333333333,,4,2,,ENZIMATICO,,false
9,PL01,PERFIL LIPIDICO,260,0.6666666666666666,,2,0,,ENZIMATICO,,false
10,EGO01,EXAMEN GENERAL DE ORINA,120,0.4166666666666667,,0,0,,MICROSCOPIA,,false
11,UROC01,UROCULTIVO,280,0.8,,2,0,,CULTIVO,,false
12,CREA01,CREATININA,85,0.25,,2,1,,ENZIMATICO,,false
13,UREA01,UREA,85,0.25,,0,0,,ENZIMATICO,,false
14,AU01,ACIDO URICO,85,0.25,,5,2,,ENZIMATICO,,false
15,HCG01,PRUEBA DE EMBARAZO,120,0.25,,2,2,,INMUNOENSAYO,,false
16,TSH01,TSH,220,0.5,,2,1,,INMUNOENSAYO,,false
17,T301,T3,200,0.5,,0,0,,INMUNOENSAYO,,false
18,T401,T4,200,0.5,,2,2,,INMUNOENSAYO,,false
19,PT01,PROTEINAS TOTALES,90,0.3333333333333333,,2,1,,COLORIMETRIA,,false
20,ALB01,ALBUMINA,90,0.3333333333333333,,3,0,,COLORIMETRIA,,false
21,BILI01,BILIRRUBINA TOTAL,100,0.3333333333333333,,2,1,,COLORIMETRIA,,false
22,TGO01,TGO,110,0.3333333333333333,,2,1,,ENZIMATICO,,false
23,TGP01,TGP,110,0.3333333333333333,,1,0,,ENZIMATICO,,false
29,PCR01,PCR,150,0.4166666666666667,,1,1,,INMUNOENSAYO,,false
30,VDRL01,VDRL,160,0.4166666666666667,,3,2,,AGLUTINACION,,false
31,VIH01,VIH,320,0.5,,0,0,,ELISA,,false
32,GLU-PP01,Glucosa posprandial,110,1,,0,0,serum,Enzimático colorimétrico,false,false
33,INS-AY01,Insulina sérica en ayuno,390,2,,1,1,serum,Quimioluminiscencia,false,false
35,QS003,Química sanguínea de 3 elementos,190,1,3,0,0,serum,Espectrofotometría,false,false
36,DDIM01,Dímero D cuantitativo,420,2,,0,0,plasma,Inmunoturbidimetría,true,false
37,EXFAR01,Cultivo de exudado faríngeo,360,48,,2,2,swab,Cultivo microbiológico,true,false
38,COVPCR01,Detección de SARS-CoV-2 por RT-PCR,950,24,,2,2,swab,RT-PCR,true,false
39,BH001,Biometría hemática completa,180,1,,0,0,,Citometría / hematología automatizada,,false
40,QS006,Química sanguínea de 6 elementos,260,1,,2,2,,Espectrofotometría,,false
41,QS012,Química sanguínea de 12 elementos,420,1.5,,2,2,,Espectrofotometría,,false
42,GLU001,Glucosa en sangre,80,0.75,,2,2,,Enzimático colorimétrico,,false
44,PL001,Perfil lipídico,250,1,,0,0,,Espectrofotometría,,false
45,EGO001,Examen general de orina,120,0.75,,1,1,,Tira reactiva y microscopía,,false
46,UROCUL,Urocultivo,380,48,,0,0,,Cultivo microbiológico,,false
47,HCG001,Prueba de embarazo en sangre,180,1,,0,0,,Inmunoensayo,,false
48,PH001,Perfil hepático,390,1.5,,1,1,,Espectrofotometría,,false
49,PT001,Perfil tiroideo T3 T4 TSH,520,2,,2,2,,Quimioluminiscencia,,false
50,PSA001,Antígeno prostático específico PSA,360,2,,0,0,,Quimioluminiscencia,,false
51,GRH001,Grupo sanguíneo y factor RH,130,0.75,,0,0,,Hemaglutinación,,false
52,COP001,Coprológico general,140,1,,1,1,,Microscopía,,false
53,RF001,Reacciones febriles,220,1.5,,0,0,,Aglutinación,,false
54,TP001,Tiempo de protrombina TP,180,1,,0,0,,Coagulometría,,false
55,TPT001,Tiempo parcial de tromboplastina TPT,180,1,,1,1,,Coagulometría,,false
59,ECN-CAT-QC-001,Determinación de Glucosa,310,1,8,2,2,serum,ENZIMÁTICO,false,true
60,ECN-CAT-HEM-001,Determinación de Biometría hemática,500,1.75,15,0,0,blood,IMPEDANCIA,false,true
61,ECN-CAT-INM-001,Determinación de Proteína C reactiva,690,2.75,22,2,2,serum,INMUNOENSAYO,false,true
62,ECN-CAT-MIC-001,Determinación de Urocultivo,940,14.25,29,3,3,urine,CULTIVO,true,true
63,ECN-CAT-COA-001,Determinación de Tiempo de protrombina,360,1.25,6,2,2,plasma,COAGULOMETRÍA,false,true
64,ECN-CAT-END-001,Determinación de Hormona estimulante de tiroides,540,2.25,13,0,0,serum,INMUNOENSAYO,false,true
65,ECN-CAT-URO-001,Determinación de Examen general de orina,610,1.75,20,1,1,urine,TIRA REACTIVA,false,true
66,ECN-CAT-MOL-001,Determinación de Detección molecular de SARS-CoV-2,1160,7.25,27,1,1,swab,RT-PCR,true,true
67,ECN-CAT-QC-002,Determinación de Urea,240,1,4,0,0,plasma,ESPECTROFOTOMETRÍA,false,true
68,ECN-CAT-HEM-002,Determinación de Hemoglobina,500,2.25,11,1,1,blood,CITOMETRÍA,false,true
69,ECN-CAT-INM-002,Determinación de Factor reumatoide,680,3,18,1,1,serum,ELISA,false,true
70,ECN-CAT-MIC-002,Determinación de Coprocultivo,840,14,25,0,0,stool,CULTIVO,true,true
71,ECN-CAT-COA-002,Determinación de Tiempo de tromboplastina parcial,260,1,2,0,0,plasma,COAGULOMETRÍA,false,true
72,ECN-CAT-END-002,Determinación de Tiroxina libre,500,3,9,2,2,plasma,QUIMIOLUMINISCENCIA,false,true
73,ECN-CAT-URO-002,Determinación de Microalbúmina en orina,590,2.25,16,0,0,urine,MICROSCOPÍA,false,true
74,ECN-CAT-MOL-002,Determinación de Virus de influenza A,1060,7,23,0,0,swab,RT-PCR,true,true
75,ECN-CAT-QC-003,Determinación de Creatinina,780,2.5,30,1,1,serum,COLORIMETRÍA,true,true
76,ECN-CAT-HEM-003,Determinación de Hematocrito,290,1.5,7,1,1,blood,MICROSCOPÍA,false,true
77,ECN-CAT-INM-003,Determinación de Antiestreptolisinas O,610,3.25,14,0,0,serum,QUIMIOLUMINISCENCIA,false,true
78,ECN-CAT-MIC-003,Determinación de Exudado faríngeo,740,13.5,21,2,2,swab,CULTIVO,false,true
79,ECN-CAT-COA-003,Determinación de Tiempo de trombina,820,2.75,28,3,3,plasma,COAGULOMETRÍA,true,true
80,ECN-CAT-END-003,Determinación de Tiroxina total,430,2.25,5,0,0,serum,ELISA,false,true
81,ECN-CAT-URO-003,Determinación de Proteínas en orina,480,1.25,12,1,1,urine,COLORIMETRÍA,false,true
82,ECN-CAT-MOL-003,Determinación de Virus de influenza B,960,6.75,19,2,2,swab,RT-PCR,true,true
83,ECN-CAT-QC-004,Determinación de Ácido úrico,680,2.25,26,1,1,plasma,ENZIMÁTICO,true,true
84,ECN-CAT-HEM-004,Determinación de Eritrocitos,260,0.75,3,0,0,blood,IMPEDANCIA,false,true
85,ECN-CAT-INM-004,Determinación de Inmunoglobulina A,450,2,10,0,0,serum,INMUNOENSAYO,false,true
86,ECN-CAT-MIC-004,Determinación de Exudado nasal,640,13.25,17,1,1,swab,CULTIVO,true,true
87,ECN-CAT-COA-004,Determinación de Fibrinógeno,730,2.75,24,0,0,plasma,COAGULOMETRÍA,false,true
88,ECN-CAT-END-004,Determinación de Triyodotironina libre,300,1.25,1,1,1,plasma,INMUNOENSAYO,false,true
89,ECN-CAT-URO-004,Determinación de Glucosa en orina,370,1,8,1,1,urine,TIRA REACTIVA,false,true
90,ECN-CAT-MOL-004,Determinación de Virus del papiloma humano,830,7.25,15,0,0,swab,PCR,true,true
91,ECN-CAT-QC-005,Determinación de Colesterol total,660,2.25,22,0,0,serum,ESPECTROFOTOMETRÍA,false,true
92,ECN-CAT-HEM-005,Determinación de Leucocitos,920,3.25,29,2,2,blood,CITOMETRÍA,true,true
93,ECN-CAT-INM-005,Determinación de Inmunoglobulina G,380,2.25,6,1,1,serum,ELISA,false,true
94,ECN-CAT-MIC-005,Determinación de Exudado vaginal,550,13,13,0,0,swab,CULTIVO,false,true
95,ECN-CAT-COA-005,Determinación de Dímero D,680,2.5,20,0,0,plasma,COAGULOMETRÍA,false,true
96,ECN-CAT-END-005,Determinación de Triyodotironina total,920,4,27,3,3,serum,QUIMIOLUMINISCENCIA,true,true
97,ECN-CAT-URO-005,Determinación de Creatinina en orina,290,1.5,4,0,0,urine,MICROSCOPÍA,false,true
98,ECN-CAT-MOL-005,Determinación de Virus de hepatitis B,730,7,11,2,2,plasma,PCR,true,true
99,ECN-CAT-QC-006,Determinación de Triglicéridos,540,1.75,18,2,2,plasma,COLORIMETRÍA,false,true
100,ECN-CAT-HEM-006,Determinación de Plaquetas,700,2.75,25,2,2,blood,MICROSCOPÍA,true,true
101,ECN-CAT-INM-006,Determinación de Inmunoglobulina M,320,2.5,2,0,0,serum,QUIMIOLUMINISCENCIA,false,true
102,ECN-CAT-MIC-006,Determinación de Exudado uretral,500,12.75,9,1,1,swab,CULTIVO,false,true
103,ECN-CAT-COA-006,Determinación de INR,580,2.25,16,1,1,plasma,COAGULOMETRÍA,false,true
104,ECN-CAT-END-006,Determinación de Insulina,790,3.25,23,0,0,plasma,ELISA,false,true
105,ECN-CAT-URO-006,Determinación de Calcio en orina,840,2.5,30,0,0,urine,COLORIMETRÍA,true,true
106,ECN-CAT-MOL-006,Determinación de Virus de hepatitis C,690,6.75,7,1,1,plasma,PCR,true,true
107,ECN-CAT-QC-007,Determinación de Bilirrubina total,430,1.5,14,0,0,serum,ENZIMÁTICO,false,true
108,ECN-CAT-HEM-007,Determinación de Reticulocitos,630,2.25,21,0,0,blood,IMPEDANCIA,false,true
109,ECN-CAT-INM-007,Determinación de Inmunoglobulina E,820,3.25,28,2,2,serum,INMUNOENSAYO,true,true
110,ECN-CAT-MIC-007,Determinación de Hemocultivo,400,12.5,5,1,1,blood,CULTIVO,false,true
111,ECN-CAT-COA-007,Determinación de Actividad de factor VIII,480,2,12,0,0,plasma,COAGULOMETRÍA,false,true
112,ECN-CAT-END-007,Determinación de Cortisol,660,2.5,19,1,1,serum,INMUNOENSAYO,false,true
113,ECN-CAT-URO-007,Determinación de Ácido úrico en orina,780,2,26,1,1,urine,TIRA REACTIVA,true,true
114,ECN-CAT-MOL-007,Determinación de Virus de Epstein-Barr,590,6.5,3,1,1,blood,PCR,true,true
115,ECN-CAT-QC-008,Determinación de Bilirrubina directa,370,1.25,10,2,2,plasma,ESPECTROFOTOMETRÍA,false,true
116,ECN-CAT-HEM-008,Determinación de Volumen corpuscular medio,630,2.75,17,3,3,blood,CITOMETRÍA,false,true
117,ECN-CAT-INM-008,Determinación de Complemento C3,800,3.25,24,0,0,serum,ELISA,false,true
118,ECN-CAT-MIC-008,Determinación de Cultivo de esputo,300,12.25,1,1,1,other,CULTIVO,true,true
119,ECN-CAT-COA-008,Determinación de Actividad de factor IX,380,1.75,8,2,2,plasma,COAGULOMETRÍA,false,true
120,ECN-CAT-END-008,Determinación de Hormona adrenocorticotropa,680,3.25,15,2,2,plasma,QUIMIOLUMINISCENCIA,false,true
121,ECN-CAT-URO-008,Determinación de Sodio en orina,710,2.5,22,0,0,urine,MICROSCOPÍA,false,true
122,ECN-CAT-MOL-008,Determinación de Citomegalovirus,1150,8.25,29,0,0,blood,PCR,true,true
123,ECN-CAT-QC-009,Determinación de Alanina aminotransferasa,250,1,6,0,0,serum,COLORIMETRÍA,false,true
124,ECN-CAT-HEM-009,Determinación de Hemoglobina corpuscular media,460,2.25,13,0,0,blood,MICROSCOPÍA,false,true
125,ECN-CAT-INM-009,Determinación de Complemento C4,730,3.5,20,0,0,serum,QUIMIOLUMINISCENCIA,false,true
126,ECN-CAT-MIC-009,Determinación de Cultivo de heridas,860,14,27,2,2,swab,CULTIVO,true,true
127,ECN-CAT-COA-009,Determinación de Actividad de factor XI,290,1.25,4,0,0,plasma,COAGULOMETRÍA,false,true
128,ECN-CAT-END-009,Determinación de Hormona de crecimiento,550,2.5,11,0,0,serum,ELISA,false,true
129,ECN-CAT-URO-009,Determinación de Potasio en orina,600,2,18,1,1,urine,COLORIMETRÍA,false,true
130,ECN-CAT-MOL-009,Determinación de Virus herpes simple 1,1050,8,25,2,2,swab,PCR,true,true
131,ECN-CAT-QC-010,Determinación de Aspartato aminotransferasa,190,0.5,2,0,0,plasma,ENZIMÁTICO,false,true
132,ECN-CAT-HEM-010,Determinación de Concentración media de hemoglobina,380,1.5,9,1,1,blood,IMPEDANCIA,false,true
133,ECN-CAT-INM-010,Determinación de Anticuerpos antinucleares,570,2.25,16,2,2,serum,INMUNOENSAYO,false,true
134,ECN-CAT-MIC-010,Determinación de Cultivo de secreciones,770,13.75,23,0,0,swab,CULTIVO,false,true
135,ECN-CAT-COA-010,Determinación de Actividad de factor XII,900,3,30,1,1,plasma,COAGULOMETRÍA,true,true
136,ECN-CAT-END-010,Determinación de Prolactina,420,1.75,7,3,3,plasma,INMUNOENSAYO,false,true
137,ECN-CAT-URO-010,Determinación de Cloro en orina,490,1.5,14,1,1,urine,TIRA REACTIVA,false,true
138,ECN-CAT-MOL-010,Determinación de Virus herpes simple 2,960,7.75,21,0,0,swab,PCR,true,true
139,ECN-CAT-QC-011,Determinación de Fosfatasa alcalina,780,2.5,28,0,0,serum,ESPECTROFOTOMETRÍA,true,true
140,ECN-CAT-HEM-011,Determinación de Ancho de distribución eritrocitaria,380,2,5,1,1,blood,CITOMETRÍA,false,true
141,ECN-CAT-INM-011,Determinación de Anticuerpos anti-DNA,510,2.5,12,0,0,serum,ELISA,false,true
142,ECN-CAT-MIC-011,Determinación de Antibiograma,720,13.25,19,0,0,other,CULTIVO,false,true
143,ECN-CAT-COA-011,Determinación de Antitrombina III,800,2.75,26,2,2,plasma,COAGULOMETRÍA,true,true
144,ECN-CAT-END-011,Determinación de Hormona luteinizante,380,2.25,3,0,0,serum,QUIMIOLUMINISCENCIA,false,true
145,ECN-CAT-URO-011,Determinación de Fósforo en orina,420,2,10,0,0,urine,MICROSCOPÍA,false,true
146,ECN-CAT-MOL-011,Determinación de Chlamydia trachomatis,910,7.5,17,2,2,swab,PCR,true,true
147,ECN-CAT-QC-012,Determinación de Gamma glutamil transferasa,660,2,24,2,2,plasma,COLORIMETRÍA,false,true
148,ECN-CAT-HEM-012,Determinación de Neutrófilos,170,1.5,1,0,0,blood,MICROSCOPÍA,false,true
149,ECN-CAT-INM-012,Determinación de Anticuerpos anticardiolipina,440,2.75,8,1,1,serum,QUIMIOLUMINISCENCIA,false,true
150,ECN-CAT-MIC-012,Determinación de Tinción de Gram,520,2.5,15,1,1,other,MICROSCOPÍA,true,true
151,ECN-CAT-COA-012,Determinación de Proteína C funcional,700,2.5,22,0,0,plasma,COAGULOMETRÍA,false,true
152,ECN-CAT-END-012,Determinación de Hormona foliculoestimulante,920,3.5,29,2,2,plasma,ELISA,true,true
153,ECN-CAT-URO-012,Determinación de Magnesio en orina,360,1,6,2,2,urine,COLORIMETRÍA,false,true
154,ECN-CAT-MOL-012,Determinación de Neisseria gonorrhoeae,810,7,13,0,0,swab,PCR,true,true
155,ECN-CAT-QC-013,Determinación de Albúmina,560,1.75,20,0,0,serum,ENZIMÁTICO,false,true
156,ECN-CAT-HEM-013,Determinación de Linfocitos,750,2.5,27,2,2,blood,IMPEDANCIA,true,true
157,ECN-CAT-INM-013,Determinación de Procalcitonina,330,1.5,4,1,1,serum,INMUNOENSAYO,false,true
158,ECN-CAT-MIC-013,Determinación de Baciloscopía,420,2.25,11,0,0,other,MICROSCOPÍA,false,true
159,ECN-CAT-COA-013,Determinación de Proteína S funcional,610,2.25,18,0,0,plasma,COAGULOMETRÍA,false,true
160,ECN-CAT-END-013,Determinación de Estradiol,790,2.75,25,1,1,serum,INMUNOENSAYO,true,true
161,ECN-CAT-URO-013,Determinación de Urea en orina,250,0.75,2,0,0,urine,TIRA REACTIVA,false,true
162,ECN-CAT-MOL-013,Determinación de Mycobacterium tuberculosis,710,6.75,9,0,0,other,PCR,true,true
163,ECN-CAT-QC-014,Determinación de Proteínas totales,490,1.75,16,2,2,plasma,ESPECTROFOTOMETRÍA,false,true
164,ECN-CAT-HEM-014,Determinación de Monocitos,800,3,23,1,1,blood,CITOMETRÍA,false,true
165,ECN-CAT-INM-014,Determinación de Ferritina,920,3.75,30,0,0,serum,ELISA,true,true
166,ECN-CAT-MIC-014,Determinación de Búsqueda de hongos,330,1.75,7,2,2,other,MICROSCOPÍA,false,true
167,ECN-CAT-COA-014,Determinación de Anticoagulante lúpico,510,2,14,1,1,plasma,COAGULOMETRÍA,false,true
168,ECN-CAT-END-014,Determinación de Progesterona,800,3.5,21,0,0,plasma,QUIMIOLUMINISCENCIA,false,true
169,ECN-CAT-URO-014,Determinación de Osmolalidad urinaria,830,3.25,28,0,0,urine,MICROSCOPÍA,true,true
170,ECN-CAT-MOL-014,Determinación de Bordetella pertussis,610,6.5,5,3,3,swab,PCR,true,true
171,ECN-CAT-QC-015,Determinación de Calcio,420,1.5,12,0,0,serum,COLORIMETRÍA,false,true
172,ECN-CAT-HEM-015,Determinación de Eosinófilos,580,2.5,19,1,1,blood,MICROSCOPÍA,false,true
173,ECN-CAT-INM-015,Determinación de Troponina I,860,4,26,2,2,serum,QUIMIOLUMINISCENCIA,true,true
174,ECN-CAT-MIC-015,Determinación de Coprológico,230,1.5,3,1,1,stool,MICROSCOPÍA,false,true
175,ECN-CAT-COA-015,Determinación de Resistencia a proteína C activada,460,1.75,10,0,0,plasma,COAGULOMETRÍA,false,true
176,ECN-CAT-END-015,Determinación de Testosterona total,670,2.75,17,0,0,serum,ELISA,false,true
177,ECN-CAT-URO-015,Determinación de Depuración de creatinina,720,2.25,24,1,1,urine,COLORIMETRÍA,false,true
178,ECN-CAT-MOL-015,Determinación de Parvovirus B19,520,6.25,1,0,0,blood,PCR,true,true
179,ECN-CAT-QC-016,Determinación de Fósforo,310,1.25,8,0,0,plasma,ENZIMÁTICO,false,true
180,ECN-CAT-HEM-016,Determinación de Basófilos,510,1.75,15,2,2,blood,IMPEDANCIA,false,true
181,ECN-CAT-INM-016,Determinación de Antígeno carcinoembrionario,700,2.5,22,1,1,serum,INMUNOENSAYO,false,true
182,ECN-CAT-MIC-016,Determinación de Amiba en fresco,840,3.25,29,0,0,stool,MICROSCOPÍA,true,true
183,ECN-CAT-COA-016,Determinación de Agregación plaquetaria,360,1.25,6,2,2,plasma,COAGULOMETRÍA,false,true
184,ECN-CAT-END-016,Determinación de Testosterona libre,540,2,13,2,2,plasma,INMUNOENSAYO,false,true
185,ECN-CAT-URO-016,Determinación de Sedimento urinario,610,2,20,0,0,urine,TIRA REACTIVA,false,true
186,ECN-CAT-MOL-016,Determinación de Dengue por PCR,1160,7,27,1,1,blood,RT-PCR,true,true
187,ECN-CAT-QC-017,Determinación de Magnesio,250,1.25,4,1,1,serum,ESPECTROFOTOMETRÍA,false,true
188,ECN-CAT-HEM-017,Determinación de Velocidad de sedimentación,510,2.25,11,1,1,blood,CITOMETRÍA,false,true
189,ECN-CAT-INM-017,Determinación de Alfafetoproteína,630,2.75,18,1,1,serum,ELISA,false,true
190,ECN-CAT-MIC-017,Determinación de Sangre oculta en heces,780,2.5,25,2,2,stool,INMUNOCROMATOGRAFÍA,true,true
191,ECN-CAT-COA-017,Determinación de Tiempo de sangrado,260,1,2,0,0,plasma,COAGULOMETRÍA,false,true
192,ECN-CAT-END-017,Determinación de Dehidroepiandrosterona,510,3,9,0,0,serum,QUIMIOLUMINISCENCIA,false,true
193,ECN-CAT-URO-017,Determinación de Cetonas en orina,590,2.25,16,1,1,urine,MICROSCOPÍA,false,true
194,ECN-CAT-MOL-017,Determinación de Zika por PCR,1060,6.75,23,2,2,blood,RT-PCR,true,true
195,ECN-CAT-QC-018,Determinación de Sodio,790,2.75,30,0,0,plasma,COLORIMETRÍA,true,true
196,ECN-CAT-HEM-018,Determinación de Frotis de sangre periférica,290,1.75,7,0,0,blood,MICROSCOPÍA,false,true
197,ECN-CAT-INM-018,Determinación de CA 125,610,3,14,0,0,serum,QUIMIOLUMINISCENCIA,false,true
198,ECN-CAT-MIC-018,Determinación de Rotavirus en heces,680,2.25,21,1,1,stool,INMUNOCROMATOGRAFÍA,false,true
199,ECN-CAT-COA-018,Determinación de Tiempo de coagulación,830,2.75,28,0,0,plasma,COAGULOMETRÍA,true,true
200,ECN-CAT-END-018,Determinación de Aldosterona,380,2.25,5,3,3,plasma,ELISA,false,true
201,ECN-CAT-URO-018,Determinación de Hemoglobina en orina,480,1.5,12,1,1,urine,COLORIMETRÍA,false,true
202,ECN-CAT-MOL-018,Determinación de Chikungunya por PCR,960,6.5,19,0,0,blood,RT-PCR,true,true
203,ECN-CAT-QC-019,Determinación de Potasio,680,2.25,26,1,1,serum,ENZIMÁTICO,true,true
204,ECN-CAT-HEM-019,Determinación de Conteo diferencial,260,1,3,2,2,blood,IMPEDANCIA,false,true
205,ECN-CAT-INM-019,Determinación de CA 19-9,450,1.75,10,1,1,serum,INMUNOENSAYO,false,true
206,ECN-CAT-MIC-019,Determinación de Adenovirus en heces,590,2,17,0,0,stool,INMUNOCROMATOGRAFÍA,false,true
207,ECN-CAT-COA-019,Determinación de Productos de degradación de fibrina,730,2.5,24,1,1,plasma,COAGULOMETRÍA,false,true
208,ECN-CAT-END-019,Determinación de Renina,300,1.5,1,0,0,serum,INMUNOENSAYO,false,true
209,ECN-CAT-URO-019,Determinación de Nitritos en orina,370,1,8,0,0,urine,TIRA REACTIVA,false,true
210,ECN-CAT-MOL-019,Determinación de Panel respiratorio molecular,870,6,15,2,2,swab,RT-PCR,true,true
211,ECN-CAT-QC-020,Determinación de Cloro,610,2.25,22,1,1,plasma,ESPECTROFOTOMETRÍA,false,true
212,ECN-CAT-HEM-020,Determinación de Índice plaquetario,920,3.5,29,0,0,blood,CITOMETRÍA,true,true
213,ECN-CAT-INM-020,Determinación de CA 15-3,390,2.25,6,0,0,serum,ELISA,false,true
214,ECN-CAT-MIC-020,Determinación de Helicobacter pylori,490,1.75,13,1,1,stool,INMUNOCROMATOGRAFÍA,true,true
215,ECN-CAT-COA-020,Determinación de Factor de von Willebrand,680,2.25,20,1,1,plasma,COAGULOMETRÍA,false,true
216,ECN-CAT-END-020,Determinación de Paratohormona,920,4.25,27,0,0,plasma,QUIMIOLUMINISCENCIA,true,true
217,ECN-CAT-URO-020,Determinación de Leucocitos en orina,300,1.5,4,3,3,urine,MICROSCOPÍA,false,true
218,ECN-CAT-MOL-020,Determinación de Panel gastrointestinal molecular,770,5.75,11,1,1,other,RT-PCR,true,true
219,ECN-CAT-QC-021,Determinación de Hierro sérico,540,1.75,18,0,0,serum,COLORIMETRÍA,false,true
220,ECN-CAT-HEM-021,Determinación de Morfología eritrocitaria,710,2.75,25,2,2,blood,MICROSCOPÍA,true,true
221,ECN-CAT-INM-021,Determinación de Antígeno prostático total,320,2.5,2,2,2,serum,QUIMIOLUMINISCENCIA,false,true
222,ECN-CAT-MIC-021,Determinación de Clostridioides difficile,440,1.25,9,1,1,stool,INMUNOCROMATOGRAFÍA,false,true
223,ECN-CAT-COA-021,Determinación de Mezcla de TTPa,580,2,16,0,0,plasma,COAGULOMETRÍA,false,true
224,ECN-CAT-END-021,Determinación de Calcitonina,800,3.5,23,1,1,serum,ELISA,false,true
225,ECN-CAT-URO-021,Determinación de Cristales en orina,850,2.5,30,0,0,urine,COLORIMETRÍA,true,true
226,ECN-CAT-MOL-021,Determinación de Trombofilia hereditaria,690,6.5,7,1,1,blood,PCR,true,true
227,ECN-CAT-QC-022,Determinación de Amilasa,440,1.5,14,1,1,plasma,ENZIMÁTICO,false,true
228,ECN-CAT-HEM-022,Determinación de Morfología leucocitaria,630,2,21,1,1,blood,IMPEDANCIA,false,true
229,ECN-CAT-INM-022,Determinación de Antígeno prostático libre,820,3.25,28,0,0,serum,INMUNOENSAYO,true,true
230,ECN-CAT-MIC-022,Determinación de Estreptococo del grupo A,340,1,5,1,1,swab,INMUNOCROMATOGRAFÍA,false,true
231,ECN-CAT-COA-022,Determinación de Mezcla de TP,490,1.75,12,1,1,plasma,COAGULOMETRÍA,false,true
232,ECN-CAT-END-022,Determinación de Péptido C,670,2.5,19,1,1,plasma,INMUNOENSAYO,false,true
233,ECN-CAT-URO-022,Determinación de Cilindros urinarios,790,2.25,26,0,0,urine,TIRA REACTIVA,true,true
234,ECN-CAT-MOL-022,Determinación de Mutación JAK2,590,6.5,3,1,1,blood,PCR,true,true
235,ECN-CAT-QC-023,Determinación de Lipasa,370,1.5,10,0,0,serum,ESPECTROFOTOMETRÍA,false,true
236,ECN-CAT-HEM-023,Determinación de Morfología plaquetaria,630,2.5,17,0,0,blood,CITOMETRÍA,false,true
237,ECN-CAT-INM-023,Determinación de Serología para dengue,800,3.5,24,2,2,serum,ELISA,false,true
238,ECN-CAT-MIC-023,Determinación de Salmonella,310,12.25,1,2,2,stool,CULTIVO,false,true
239,ECN-CAT-COA-023,Determinación de Factor V,390,1.5,8,1,1,plasma,COAGULOMETRÍA,false,true
240,ECN-CAT-END-023,Determinación de 17-hidroxiprogesterona,630,3.25,15,2,2,serum,QUIMIOLUMINISCENCIA,false,true
241,ECN-CAT-URO-023,Determinación de Urobilinógeno en orina,710,2.75,22,1,1,urine,MICROSCOPÍA,false,true
242,ECN-CAT-MOL-023,Determinación de BCR-ABL cuantitativo,1150,8.25,29,1,1,blood,PCR,true,true
243,ECN-CAT-QC-024,Determinación de Lactato deshidrogenasa,250,1,6,0,0,plasma,COLORIMETRÍA,false,true
244,ECN-CAT-HEM-024,Determinación de Hemoparásitos,460,2,13,2,2,blood,MICROSCOPÍA,false,true
245,ECN-CAT-INM-024,Determinación de Serología para rubéola,740,3.75,20,1,1,serum,QUIMIOLUMINISCENCIA,false,true
246,ECN-CAT-MIC-024,Determinación de Shigella,870,14,27,0,0,stool,CULTIVO,true,true
247,ECN-CAT-COA-024,Determinación de Factor VII,290,1,4,1,1,plasma,COAGULOMETRÍA,false,true
248,ECN-CAT-END-024,Determinación de Hormona antimülleriana,550,2.5,11,1,1,plasma,ELISA,false,true
249,ECN-CAT-URO-024,Determinación de Bilirrubina en orina,600,1.75,18,1,1,urine,COLORIMETRÍA,false,true
250,ECN-CAT-MOL-024,Determinación de HLA-B27,1060,8,25,0,0,blood,PCR,true,true
251,ECN-CAT-QC-025,Determinación de Hemoglobina glucosilada,140,0.75,2,1,1,blood,ENZIMÁTICO,false,true
252,ECN-CAT-HEM-025,Determinación de Prueba de falciformación,390,1.25,9,1,1,blood,IMPEDANCIA,false,true
253,ECN-CAT-INM-025,Determinación de Serología para toxoplasma,580,2.5,16,0,0,serum,INMUNOENSAYO,false,true
254,ECN-CAT-MIC-025,Determinación de Candida albicans,770,13.75,23,3,3,swab,CULTIVO,false,true
255,ECN-CAT-COA-025,Determinación de Factor X,900,3.25,30,1,1,plasma,COAGULOMETRÍA,true,true
256,ECN-CAT-END-025,Determinación de Somatomedina C,420,1.75,7,0,0,serum,INMUNOENSAYO,false,true
257,ECN-CAT-URO-025,Determinación de Relación albúmina creatinina,490,1.25,14,2,2,urine,TIRA REACTIVA,false,true
258,ECN-CAT-MOL-025,Determinación de Carga viral cuantitativa,960,7.75,21,2,2,plasma,PCR,true,true
259,ECN-CAT-QC-026,Cuantificación de Glucosa,790,2.5,28,1,1,plasma,ESPECTROFOTOMETRÍA,true,true
260,ECN-CAT-HEM-026,Cuantificación de Biometría hemática,390,1.75,5,0,0,blood,CITOMETRÍA,false,true
261,ECN-CAT-INM-026,Cuantificación de Proteína C reactiva,510,2.5,12,1,1,serum,ELISA,false,true
262,ECN-CAT-MIC-026,Cuantificación de Urocultivo,670,13.5,19,1,1,urine,CULTIVO,false,true
263,ECN-CAT-COA-026,Cuantificación de Tiempo de protrombina,800,3,26,0,0,plasma,COAGULOMETRÍA,true,true
264,ECN-CAT-END-026,Cuantificación de Hormona estimulante de tiroides,390,2.5,3,1,1,plasma,QUIMIOLUMINISCENCIA,false,true
265,ECN-CAT-URO-026,Cuantificación de Examen general de orina,420,1.75,10,1,1,urine,MICROSCOPÍA,false,true
266,ECN-CAT-MOL-026,Cuantificación de Detección molecular de SARS-CoV-2,940,6.5,17,1,1,swab,RT-PCR,true,true
267,ECN-CAT-QC-027,Cuantificación de Urea,670,2.25,24,0,0,serum,COLORIMETRÍA,false,true
268,ECN-CAT-HEM-027,Cuantificación de Hemoglobina,170,1.25,1,2,2,blood,MICROSCOPÍA,false,true
269,ECN-CAT-INM-027,Cuantificación de Factor reumatoide,440,2.75,8,1,1,serum,QUIMIOLUMINISCENCIA,false,true
270,ECN-CAT-MIC-027,Cuantificación de Coprocultivo,620,13.25,15,0,0,stool,CULTIVO,false,true
271,ECN-CAT-COA-027,Cuantificación de Tiempo de tromboplastina parcial,710,2.5,22,0,0,plasma,COAGULOMETRÍA,false,true
272,ECN-CAT-END-027,Cuantificación de Tiroxina libre,920,3.75,29,1,1,serum,ELISA,true,true
273,ECN-CAT-URO-027,Cuantificación de Microalbúmina en orina,360,0.75,6,0,0,urine,COLORIMETRÍA,false,true
274,ECN-CAT-MOL-027,Cuantificación de Virus de influenza A,840,6.25,13,3,3,swab,RT-PCR,true,true
275,ECN-CAT-QC-028,Cuantificación de Creatinina,560,1.75,20,2,2,plasma,ENZIMÁTICO,false,true
276,ECN-CAT-HEM-028,Cuantificación de Hematocrito,750,2.75,27,1,1,blood,IMPEDANCIA,true,true
277,ECN-CAT-INM-028,Cuantificación de Antiestreptolisinas O,330,1.5,4,1,1,serum,INMUNOENSAYO,false,true
278,ECN-CAT-MIC-028,Cuantificación de Exudado faríngeo,530,13,11,2,2,swab,CULTIVO,true,true
279,ECN-CAT-COA-028,Cuantificación de Tiempo de trombina,610,2.25,18,1,1,plasma,COAGULOMETRÍA,false,true
280,ECN-CAT-END-028,Cuantificación de Tiroxina total,790,3,25,0,0,plasma,INMUNOENSAYO,true,true
281,ECN-CAT-URO-028,Cuantificación de Proteínas en orina,250,0.5,2,0,0,urine,TIRA REACTIVA,false,true
282,ECN-CAT-MOL-028,Cuantificación de Virus de influenza B,750,6,9,1,1,swab,RT-PCR,true,true
283,ECN-CAT-QC-029,Cuantificación de Ácido úrico,490,1.75,16,1,1,serum,ESPECTROFOTOMETRÍA,false,true
284,ECN-CAT-HEM-029,Cuantificación de Eritrocitos,800,3.25,23,1,1,blood,CITOMETRÍA,false,true
285,ECN-CAT-INM-029,Cuantificación de Inmunoglobulina A,930,3.75,30,2,2,serum,ELISA,true,true
286,ECN-CAT-MIC-029,Cuantificación de Exudado nasal,430,12.5,7,1,1,swab,CULTIVO,false,true
287,ECN-CAT-COA-029,Cuantificación de Fibrinógeno,510,2,14,0,0,plasma,COAGULOMETRÍA,false,true
288,ECN-CAT-END-029,Cuantificación de Triyodotironina libre,800,3.5,21,1,1,serum,QUIMIOLUMINISCENCIA,false,true
289,ECN-CAT-URO-029,Cuantificación de Glucosa en orina,840,3,28,1,1,urine,MICROSCOPÍA,true,true
290,ECN-CAT-MOL-029,Cuantificación de Virus del papiloma humano,620,6.75,5,0,0,swab,PCR,true,true
291,ECN-CAT-QC-030,Cuantificación de Colesterol total,370,1.25,12,3,3,plasma,COLORIMETRÍA,false,true
292,ECN-CAT-HEM-030,Cuantificación de Leucocitos,590,2.75,19,1,1,blood,MICROSCOPÍA,false,true
293,ECN-CAT-INM-030,Cuantificación de Inmunoglobulina G,860,4,26,0,0,serum,QUIMIOLUMINISCENCIA,true,true
294,ECN-CAT-MIC-030,Cuantificación de Exudado vaginal,330,12.25,3,2,2,swab,CULTIVO,false,true
295,ECN-CAT-COA-030,Cuantificación de Dímero D,460,1.75,10,2,2,plasma,COAGULOMETRÍA,false,true
296,ECN-CAT-END-030,Cuantificación de Triyodotironina total,680,2.75,17,2,2,plasma,ELISA,false,true
297,ECN-CAT-URO-030,Cuantificación de Creatinina en orina,730,2.25,24,0,0,urine,COLORIMETRÍA,false,true
298,ECN-CAT-MOL-030,Cuantificación de Virus de hepatitis B,520,6.25,1,1,1,plasma,PCR,true,true
299,ECN-CAT-QC-031,Cuantificación de Triglicéridos,320,1,8,0,0,serum,ENZIMÁTICO,false,true
300,ECN-CAT-HEM-031,Cuantificación de Plaquetas,510,1.75,15,1,1,blood,IMPEDANCIA,false,true
301,ECN-CAT-INM-031,Cuantificación de Inmunoglobulina M,700,2.75,22,0,0,serum,INMUNOENSAYO,false,true
302,ECN-CAT-MIC-031,Cuantificación de Exudado uretral,890,14,29,2,2,swab,CULTIVO,true,true
303,ECN-CAT-COA-031,Cuantificación de INR,370,1.5,6,1,1,plasma,COAGULOMETRÍA,false,true
304,ECN-CAT-END-031,Cuantificación de Insulina,550,2,13,0,0,serum,INMUNOENSAYO,false,true
305,ECN-CAT-URO-031,Cuantificación de Calcio en orina,610,2,20,1,1,urine,TIRA REACTIVA,false,true
306,ECN-CAT-MOL-031,Cuantificación de Virus de hepatitis C,1130,8,27,2,2,plasma,PCR,true,true
307,ECN-CAT-QC-032,Cuantificación de Bilirrubina total,250,1,4,0,0,plasma,ESPECTROFOTOMETRÍA,false,true
308,ECN-CAT-HEM-032,Cuantificación de Reticulocitos,510,2.25,11,1,1,blood,CITOMETRÍA,false,true
309,ECN-CAT-INM-032,Cuantificación de Inmunoglobulina E,630,3,18,0,0,serum,ELISA,false,true
310,ECN-CAT-MIC-032,Cuantificación de Hemocultivo,850,13.75,25,0,0,blood,CULTIVO,true,true
311,ECN-CAT-COA-032,Cuantificación de Actividad de factor VIII,270,1.25,2,2,2,plasma,COAGULOMETRÍA,false,true
312,ECN-CAT-END-032,Cuantificación de Cortisol,510,2.75,9,2,2,plasma,QUIMIOLUMINISCENCIA,false,true
313,ECN-CAT-URO-032,Cuantificación de Ácido úrico en orina,540,2.5,16,2,2,urine,MICROSCOPÍA,false,true
314,ECN-CAT-MOL-032,Cuantificación de Virus de Epstein-Barr,1030,7.75,23,1,1,blood,PCR,true,true
315,ECN-CAT-QC-033,Cuantificación de Bilirrubina directa,790,2.5,30,1,1,serum,COLORIMETRÍA,true,true
316,ECN-CAT-HEM-033,Cuantificación de Volumen corpuscular medio,290,1.75,7,1,1,blood,MICROSCOPÍA,false,true
317,ECN-CAT-INM-033,Cuantificación de Complemento C3,620,3.25,14,1,1,serum,QUIMIOLUMINISCENCIA,false,true
318,ECN-CAT-MIC-033,Cuantificación de Cultivo de esputo,750,13.75,21,0,0,other,CULTIVO,false,true
319,ECN-CAT-COA-033,Cuantificación de Actividad de factor IX,830,3,28,2,2,plasma,COAGULOMETRÍA,true,true
320,ECN-CAT-END-033,Cuantificación de Hormona adrenocorticotropa,380,2,5,1,1,serum,ELISA,false,true
321,ECN-CAT-URO-033,Cuantificación de Sodio en orina,480,1.5,12,0,0,urine,COLORIMETRÍA,false,true
322,ECN-CAT-MOL-033,Cuantificación de Citomegalovirus,940,7.5,19,2,2,blood,PCR,true,true
323,ECN-CAT-QC-034,Cuantificación de Alanina aminotransferasa,680,2,26,2,2,plasma,ENZIMÁTICO,true,true
324,ECN-CAT-HEM-034,Cuantificación de Hemoglobina corpuscular media,270,1,3,0,0,blood,IMPEDANCIA,false,true
325,ECN-CAT-INM-034,Cuantificación de Complemento C4,460,1.75,10,1,1,serum,INMUNOENSAYO,false,true
326,ECN-CAT-MIC-034,Cuantificación de Cultivo de heridas,650,13.5,17,1,1,swab,CULTIVO,false,true
327,ECN-CAT-COA-034,Cuantificación de Actividad de factor XI,730,2.5,24,0,0,plasma,COAGULOMETRÍA,false,true
328,ECN-CAT-END-034,Cuantificación de Hormona de crecimiento,300,1.25,1,3,3,plasma,INMUNOENSAYO,false,true
329,ECN-CAT-URO-034,Cuantificación de Potasio en orina,370,1.25,8,2,2,urine,TIRA REACTIVA,false,true
330,ECN-CAT-MOL-034,Cuantificación de Virus herpes simple 1,840,7.25,15,1,1,swab,PCR,true,true
331,ECN-CAT-QC-035,Cuantificación de Aspartato aminotransferasa,610,2,22,1,1,serum,ESPECTROFOTOMETRÍA,false,true
332,ECN-CAT-HEM-035,Cuantificación de Concentración media de hemoglobina,930,3.5,29,2,2,blood,CITOMETRÍA,true,true
333,ECN-CAT-INM-035,Cuantificación de Anticuerpos antinucleares,390,2,6,1,1,serum,ELISA,false,true
334,ECN-CAT-MIC-035,Cuantificación de Cultivo de secreciones,550,13.25,13,1,1,swab,CULTIVO,false,true
335,ECN-CAT-COA-035,Cuantificación de Actividad de factor XII,680,2.25,20,0,0,plasma,COAGULOMETRÍA,false,true
336,ECN-CAT-END-035,Cuantificación de Prolactina,930,4,27,1,1,serum,QUIMIOLUMINISCENCIA,true,true
337,ECN-CAT-URO-035,Cuantificación de Cloro en orina,300,1.5,4,0,0,urine,MICROSCOPÍA,false,true
338,ECN-CAT-MOL-035,Cuantificación de Virus herpes simple 2,740,7,11,0,0,swab,PCR,true,true
339,ECN-CAT-QC-036,Cuantificación de Fosfatasa alcalina,550,2,18,2,2,plasma,COLORIMETRÍA,false,true
340,ECN-CAT-HEM-036,Cuantificación de Ancho de distribución eritrocitaria,710,3,25,2,2,blood,MICROSCOPÍA,true,true
341,ECN-CAT-INM-036,Cuantificación de Anticuerpos anti-DNA,320,2.25,2,0,0,serum,QUIMIOLUMINISCENCIA,false,true
342,ECN-CAT-MIC-036,Cuantificación de Antibiograma,450,13,9,2,2,other,CULTIVO,true,true
343,ECN-CAT-COA-036,Cuantificación de Antitrombina III,590,2,16,1,1,plasma,COAGULOMETRÍA,false,true
344,ECN-CAT-END-036,Cuantificación de Hormona luteinizante,800,3.25,23,0,0,plasma,ELISA,false,true
345,ECN-CAT-URO-036,Cuantificación de Fósforo en orina,850,2.75,30,0,0,urine,COLORIMETRÍA,true,true
346,ECN-CAT-MOL-036,Cuantificación de Chlamydia trachomatis,690,6.75,7,1,1,swab,PCR,true,true
347,ECN-CAT-QC-037,Cuantificación de Gamma glutamil transferasa,440,1.5,14,1,1,serum,ENZIMÁTICO,false,true
348,ECN-CAT-HEM-037,Cuantificación de Neutrófilos,630,2.25,21,2,2,blood,IMPEDANCIA,false,true
349,ECN-CAT-INM-037,Cuantificación de Anticuerpos anticardiolipina,820,3,28,1,1,serum,INMUNOENSAYO,true,true
350,ECN-CAT-MIC-037,Cuantificación de Tinción de Gram,310,1.75,5,2,2,other,MICROSCOPÍA,false,true
351,ECN-CAT-COA-037,Cuantificación de Proteína C funcional,490,1.75,12,1,1,plasma,COAGULOMETRÍA,false,true
352,ECN-CAT-END-037,Cuantificación de Hormona foliculoestimulante,670,2.25,19,2,2,serum,INMUNOENSAYO,false,true
353,ECN-CAT-URO-037,Cuantificación de Magnesio en orina,740,2.25,26,1,1,urine,TIRA REACTIVA,true,true
354,ECN-CAT-MOL-037,Cuantificación de Neisseria gonorrhoeae,600,6.25,3,1,1,swab,PCR,true,true
355,ECN-CAT-QC-038,Cuantificación de Albúmina,370,1.5,10,0,0,plasma,ESPECTROFOTOMETRÍA,false,true
356,ECN-CAT-HEM-038,Cuantificación de Linfocitos,630,2.75,17,2,2,blood,CITOMETRÍA,false,true
357,ECN-CAT-INM-038,Cuantificación de Procalcitonina,810,3.25,24,1,1,serum,ELISA,false,true
358,ECN-CAT-MIC-038,Cuantificación de Baciloscopía,210,1.5,1,0,0,other,MICROSCOPÍA,false,true
359,ECN-CAT-COA-038,Cuantificación de Proteína S funcional,390,1.5,8,2,2,plasma,COAGULOMETRÍA,false,true
360,ECN-CAT-END-038,Cuantificación de Estradiol,630,3.5,15,2,2,plasma,QUIMIOLUMINISCENCIA,false,true
361,ECN-CAT-URO-038,Cuantificación de Urea en orina,720,2.75,22,0,0,urine,MICROSCOPÍA,false,true
362,ECN-CAT-MOL-038,Cuantificación de Mycobacterium tuberculosis,1160,8,29,1,1,other,PCR,true,true
363,ECN-CAT-QC-039,Cuantificación de Proteínas totales,250,1,6,1,1,serum,COLORIMETRÍA,false,true
364,ECN-CAT-HEM-039,Cuantificación de Monocitos,420,2,13,0,0,blood,MICROSCOPÍA,false,true
365,ECN-CAT-INM-039,Cuantificación de Ferritina,740,3.5,20,2,2,serum,QUIMIOLUMINISCENCIA,false,true
366,ECN-CAT-MIC-039,Cuantificación de Búsqueda de hongos,770,3,27,2,2,other,MICROSCOPÍA,true,true
367,ECN-CAT-COA-039,Cuantificación de Anticoagulante lúpico,290,1.25,4,1,1,plasma,COAGULOMETRÍA,false,true
368,ECN-CAT-END-039,Cuantificación de Progesterona,560,2.75,11,1,1,serum,ELISA,false,true
369,ECN-CAT-URO-039,Cuantificación de Osmolalidad urinaria,610,1.75,18,1,1,urine,COLORIMETRÍA,false,true
370,ECN-CAT-MOL-039,Cuantificación de Bordetella pertussis,1060,7.75,25,2,2,swab,PCR,true,true
371,ECN-CAT-QC-040,Cuantificación de Calcio,150,0.75,2,1,1,plasma,ENZIMÁTICO,false,true
372,ECN-CAT-HEM-040,Cuantificación de Eosinófilos,390,1.25,9,0,0,blood,IMPEDANCIA,false,true
373,ECN-CAT-INM-040,Cuantificación de Troponina I,580,2.25,16,0,0,serum,INMUNOENSAYO,false,true
374,ECN-CAT-MIC-040,Cuantificación de Coprológico,670,2.75,23,1,1,stool,MICROSCOPÍA,true,true
375,ECN-CAT-COA-040,Cuantificación de Resistencia a proteína C activada,910,3,30,0,0,plasma,COAGULOMETRÍA,true,true
376,ECN-CAT-END-040,Cuantificación de Testosterona total,430,1.75,7,3,3,plasma,INMUNOENSAYO,false,true
377,ECN-CAT-URO-040,Cuantificación de Depuración de creatinina,490,1.5,14,2,2,urine,TIRA REACTIVA,false,true
378,ECN-CAT-MOL-040,Cuantificación de Parvovirus B19,960,7.5,21,0,0,blood,PCR,true,true
379,ECN-CAT-QC-041,Cuantificación de Fósforo,790,2.75,28,1,1,serum,ESPECTROFOTOMETRÍA,true,true
380,ECN-CAT-HEM-041,Cuantificación de Basófilos,390,1.75,5,2,2,blood,CITOMETRÍA,false,true
381,ECN-CAT-INM-041,Cuantificación de Antígeno carcinoembrionario,510,2.75,12,0,0,serum,ELISA,false,true
382,ECN-CAT-MIC-041,Cuantificación de Amiba en fresco,570,2.5,19,0,0,stool,MICROSCOPÍA,false,true
383,ECN-CAT-COA-041,Cuantificación de Agregación plaquetaria,810,2.75,26,0,0,plasma,COAGULOMETRÍA,true,true
384,ECN-CAT-END-041,Cuantificación de Testosterona libre,390,2.5,3,1,1,serum,QUIMIOLUMINISCENCIA,false,true
385,ECN-CAT-URO-041,Cuantificación de Sedimento urinario,420,2,10,1,1,urine,MICROSCOPÍA,false,true
386,ECN-CAT-MOL-041,Cuantificación de Dengue por PCR,940,6.25,17,2,2,blood,RT-PCR,true,true
387,ECN-CAT-QC-042,Cuantificación de Magnesio,670,2.25,24,2,2,plasma,COLORIMETRÍA,false,true
388,ECN-CAT-HEM-042,Cuantificación de Velocidad de sedimentación,170,1.25,1,1,1,blood,MICROSCOPÍA,false,true
389,ECN-CAT-INM-042,Cuantificación de Alfafetoproteína,440,3,8,1,1,serum,QUIMIOLUMINISCENCIA,false,true
390,ECN-CAT-MIC-042,Cuantificación de Sangre oculta en heces,570,1.75,15,1,1,stool,INMUNOCROMATOGRAFÍA,false,true
391,ECN-CAT-COA-042,Cuantificación de Tiempo de sangrado,710,2.25,22,1,1,plasma,COAGULOMETRÍA,false,true
392,ECN-CAT-END-042,Cuantificación de Dehidroepiandrosterona,920,3.75,29,0,0,plasma,ELISA,true,true
393,ECN-CAT-URO-042,Cuantificación de Cetonas en orina,310,1,6,2,2,urine,COLORIMETRÍA,false,true
394,ECN-CAT-MOL-042,Cuantificación de Zika por PCR,850,6,13,1,1,blood,RT-PCR,true,true
395,ECN-CAT-QC-043,Cuantificación de Sodio,560,2,20,0,0,serum,ENZIMÁTICO,false,true
396,ECN-CAT-HEM-043,Cuantificación de Frotis de sangre periférica,750,2.5,27,2,2,blood,IMPEDANCIA,true,true
397,ECN-CAT-INM-043,Cuantificación de CA 125,340,1.75,4,2,2,serum,INMUNOENSAYO,false,true
398,ECN-CAT-MIC-043,Cuantificación de Rotavirus en heces,470,1.5,11,0,0,stool,INMUNOCROMATOGRAFÍA,false,true
399,ECN-CAT-COA-043,Cuantificación de Tiempo de coagulación,610,2,18,0,0,plasma,COAGULOMETRÍA,false,true
400,ECN-CAT-END-043,Cuantificación de Aldosterona,790,3,25,1,1,serum,INMUNOENSAYO,true,true
401,ECN-CAT-URO-043,Cuantificación de Hemoglobina en orina,250,0.5,2,0,0,urine,TIRA REACTIVA,false,true
402,ECN-CAT-MOL-043,Cuantificación de Chikungunya por PCR,750,6,9,2,2,blood,RT-PCR,true,true
403,ECN-CAT-QC-044,Cuantificación de Potasio,490,1.75,16,1,1,plasma,ESPECTROFOTOMETRÍA,false,true
404,ECN-CAT-HEM-044,Cuantificación de Conteo diferencial,760,3,23,2,2,blood,CITOMETRÍA,false,true
405,ECN-CAT-INM-044,Cuantificación de CA 19-9,930,3.75,30,0,0,serum,ELISA,true,true
406,ECN-CAT-MIC-044,Cuantificación de Adenovirus en heces,370,1.25,7,1,1,stool,INMUNOCROMATOGRAFÍA,true,true
407,ECN-CAT-COA-044,Cuantificación de Productos de degradación de fibrina,510,1.75,14,1,1,plasma,COAGULOMETRÍA,false,true
408,ECN-CAT-END-044,Cuantificación de Renina,810,3.75,21,2,2,plasma,QUIMIOLUMINISCENCIA,false,true
409,ECN-CAT-URO-044,Cuantificación de Nitritos en orina,840,3,28,0,0,urine,MICROSCOPÍA,true,true
410,ECN-CAT-MOL-044,Cuantificación de Panel respiratorio molecular,650,5.75,5,1,1,swab,RT-PCR,true,true
411,ECN-CAT-QC-045,Cuantificación de Cloro,380,1.5,12,0,0,serum,COLORIMETRÍA,false,true
412,ECN-CAT-HEM-045,Cuantificación de Índice plaquetario,590,2.5,19,0,0,blood,MICROSCOPÍA,false,true
413,ECN-CAT-INM-045,Cuantificación de CA 15-3,860,4,26,2,2,serum,QUIMIOLUMINISCENCIA,true,true
414,ECN-CAT-MIC-045,Cuantificación de Helicobacter pylori,270,1,3,3,3,stool,INMUNOCROMATOGRAFÍA,false,true
415,ECN-CAT-COA-045,Cuantificación de Factor de von Willebrand,420,1.5,10,0,0,plasma,COAGULOMETRÍA,false,true
416,ECN-CAT-END-045,Cuantificación de Paratohormona,680,3,17,1,1,serum,ELISA,false,true
417,ECN-CAT-URO-045,Cuantificación de Leucocitos en orina,730,2,24,1,1,urine,COLORIMETRÍA,false,true
418,ECN-CAT-MOL-045,Cuantificación de Panel gastrointestinal molecular,550,5.5,1,0,0,other,RT-PCR,true,true
419,ECN-CAT-QC-046,Cuantificación de Hierro sérico,320,1,8,0,0,plasma,ENZIMÁTICO,false,true
420,ECN-CAT-HEM-046,Cuantificación de Morfología eritrocitaria,510,1.5,15,1,1,blood,IMPEDANCIA,false,true
421,ECN-CAT-INM-046,Cuantificación de Antígeno prostático total,700,2.75,22,2,2,serum,INMUNOENSAYO,false,true
422,ECN-CAT-MIC-046,Cuantificación de Clostridioides difficile,840,2.75,29,1,1,stool,INMUNOCROMATOGRAFÍA,true,true
423,ECN-CAT-COA-046,Cuantificación de Mezcla de TTPa,370,1.5,6,1,1,plasma,COAGULOMETRÍA,false,true
424,ECN-CAT-END-046,Cuantificación de Calcitonina,550,2.25,13,2,2,plasma,INMUNOENSAYO,false,true
425,ECN-CAT-URO-046,Cuantificación de Cristales en orina,620,1.75,20,2,2,urine,TIRA REACTIVA,false,true
426,ECN-CAT-MOL-046,Cuantificación de Trombofilia hereditaria,1140,8.25,27,1,1,blood,PCR,true,true
427,ECN-CAT-QC-047,Cuantificación de Amilasa,250,1,4,1,1,serum,ESPECTROFOTOMETRÍA,false,true
428,ECN-CAT-HEM-047,Cuantificación de Morfología leucocitaria,510,2,11,1,1,blood,CITOMETRÍA,false,true
429,ECN-CAT-INM-047,Cuantificación de Antígeno prostático libre,640,3,18,0,0,serum,ELISA,false,true
430,ECN-CAT-MIC-047,Cuantificación de Estreptococo del grupo A,790,2.25,25,2,2,swab,INMUNOCROMATOGRAFÍA,true,true
431,ECN-CAT-COA-047,Cuantificación de Mezcla de TP,270,1.25,2,2,2,plasma,COAGULOMETRÍA,false,true
432,ECN-CAT-END-047,Cuantificación de Péptido C,510,2.75,9,0,0,serum,QUIMIOLUMINISCENCIA,false,true
433,ECN-CAT-URO-047,Cuantificación de Cilindros urinarios,540,2.25,16,1,1,urine,MICROSCOPÍA,false,true
434,ECN-CAT-MOL-047,Cuantificación de Mutación JAK2,1040,8,23,2,2,blood,PCR,true,true
435,ECN-CAT-QC-048,Cuantificación de Lipasa,790,2.5,30,0,0,plasma,COLORIMETRÍA,true,true
436,ECN-CAT-HEM-048,Cuantificación de Morfología plaquetaria,300,1.5,7,0,0,blood,MICROSCOPÍA,false,true
437,ECN-CAT-INM-048,Cuantificación de Serología para dengue,620,3.25,14,1,1,serum,QUIMIOLUMINISCENCIA,false,true
438,ECN-CAT-MIC-048,Cuantificación de Salmonella,750,13.5,21,1,1,stool,CULTIVO,true,true
439,ECN-CAT-COA-048,Cuantificación de Factor V,830,3,28,1,1,plasma,COAGULOMETRÍA,true,true
440,ECN-CAT-END-048,Cuantificación de 17-hidroxiprogesterona,380,2,5,1,1,plasma,ELISA,false,true
441,ECN-CAT-URO-048,Cuantificación de Urobilinógeno en orina,490,1.25,12,2,2,urine,COLORIMETRÍA,false,true
442,ECN-CAT-MOL-048,Cuantificación de BCR-ABL cuantitativo,940,7.5,19,1,1,blood,PCR,true,true
443,ECN-CAT-QC-049,Cuantificación de Lactato deshidrogenasa,690,2.25,26,0,0,serum,ENZIMÁTICO,true,true
444,ECN-CAT-HEM-049,Cuantificación de Hemoparásitos,220,1,3,2,2,blood,IMPEDANCIA,false,true
445,ECN-CAT-INM-049,Cuantificación de Serología para rubéola,460,2,10,1,1,serum,INMUNOENSAYO,false,true
446,ECN-CAT-MIC-049,Cuantificación de Shigella,650,13.25,17,0,0,stool,CULTIVO,false,true
447,ECN-CAT-COA-049,Cuantificación de Factor VII,730,2.75,24,0,0,plasma,COAGULOMETRÍA,false,true
448,ECN-CAT-END-049,Cuantificación de Hormona antimülleriana,310,1.25,1,1,1,serum,INMUNOENSAYO,false,true
449,ECN-CAT-URO-049,Cuantificación de Bilirrubina en orina,370,1,8,0,0,urine,TIRA REACTIVA,false,true
450,ECN-CAT-MOL-049,Cuantificación de HLA-B27,840,7.25,15,2,2,blood,PCR,true,true
451,ECN-CAT-QC-050,Cuantificación de Hemoglobina glucosilada,620,2.25,22,2,2,blood,ESPECTROFOTOMETRÍA,false,true
452,ECN-CAT-HEM-050,Cuantificación de Prueba de falciformación,930,3.5,29,0,0,blood,CITOMETRÍA,true,true
453,ECN-CAT-INM-050,Cuantificación de Serología para toxoplasma,390,2.25,6,0,0,serum,ELISA,false,true
454,ECN-CAT-MIC-050,Cuantificación de Candida albicans,550,13,13,2,2,swab,CULTIVO,false,true
455,ECN-CAT-COA-050,Cuantificación de Factor X,640,2.5,20,1,1,plasma,COAGULOMETRÍA,false,true
456,ECN-CAT-END-050,Cuantificación de Somatomedina C,930,4,27,0,0,plasma,QUIMIOLUMINISCENCIA,true,true
457,ECN-CAT-URO-050,Cuantificación de Relación albúmina creatinina,300,1.25,4,0,0,urine,MICROSCOPÍA,false,true
458,ECN-CAT-MOL-050,Cuantificación de Carga viral cuantitativa,740,7,11,2,2,plasma,PCR,true,true
459,ECN-CAT-QC-051,Evaluación de Glucosa,550,1.75,18,0,0,serum,COLORIMETRÍA,false,true
460,ECN-CAT-HEM-051,Evaluación de Biometría hemática,710,3,25,1,1,blood,MICROSCOPÍA,true,true
461,ECN-CAT-INM-051,Evaluación de Proteína C reactiva,320,2.5,2,2,2,serum,QUIMIOLUMINISCENCIA,false,true
462,ECN-CAT-MIC-051,Evaluación de Urocultivo,460,12.75,9,2,2,urine,CULTIVO,false,true
463,ECN-CAT-COA-051,Evaluación de Tiempo de protrombina,590,2.25,16,0,0,plasma,COAGULOMETRÍA,false,true
464,ECN-CAT-END-051,Evaluación de Hormona estimulante de tiroides,800,3.25,23,1,1,serum,ELISA,false,true
465,ECN-CAT-URO-051,Evaluación de Examen general de orina,850,2.75,30,1,1,urine,COLORIMETRÍA,true,true
466,ECN-CAT-MOL-051,Evaluación de Detección molecular de SARS-CoV-2,680,5.75,7,0,0,swab,RT-PCR,true,true
467,ECN-CAT-QC-052,Evaluación de Urea,440,1.25,14,1,1,plasma,ENZIMÁTICO,false,true
468,ECN-CAT-HEM-052,Evaluación de Hemoglobina,630,2.25,21,2,2,blood,IMPEDANCIA,false,true
469,ECN-CAT-INM-052,Evaluación de Factor reumatoide,830,3,28,0,0,serum,INMUNOENSAYO,true,true
470,ECN-CAT-MIC-052,Evaluación de Coprocultivo,410,12.5,5,1,1,stool,CULTIVO,true,true
471,ECN-CAT-COA-052,Evaluación de Tiempo de tromboplastina parcial,490,1.75,12,2,2,plasma,COAGULOMETRÍA,false,true
472,ECN-CAT-END-052,Evaluación de Tiroxina libre,670,2.5,19,1,1,plasma,INMUNOENSAYO,false,true
473,ECN-CAT-URO-052,Evaluación de Microalbúmina en orina,740,2.5,26,0,0,urine,TIRA REACTIVA,true,true
474,ECN-CAT-MOL-052,Evaluación de Virus de influenza A,630,5.5,3,1,1,swab,RT-PCR,true,true
475,ECN-CAT-QC-053,Evaluación de Creatinina,370,1.25,10,0,0,serum,ESPECTROFOTOMETRÍA,false,true
476,ECN-CAT-HEM-053,Evaluación de Hematocrito,640,2.75,17,1,1,blood,CITOMETRÍA,false,true
477,ECN-CAT-INM-053,Evaluación de Antiestreptolisinas O,810,3.25,24,2,2,serum,ELISA,false,true
478,ECN-CAT-MIC-053,Evaluación de Exudado faríngeo,310,12.25,1,3,3,swab,CULTIVO,false,true
479,ECN-CAT-COA-053,Evaluación de Tiempo de trombina,390,1.5,8,1,1,plasma,COAGULOMETRÍA,false,true
480,ECN-CAT-END-053,Evaluación de Tiroxina total,640,3.25,15,0,0,serum,QUIMIOLUMINISCENCIA,false,true
481,ECN-CAT-URO-053,Evaluación de Proteínas en orina,720,2.75,22,1,1,urine,MICROSCOPÍA,false,true
482,ECN-CAT-MOL-053,Evaluación de Virus de influenza B,1190,7.25,29,2,2,swab,RT-PCR,true,true
483,ECN-CAT-QC-054,Evaluación de Ácido úrico,260,0.75,6,0,0,plasma,COLORIMETRÍA,false,true
484,ECN-CAT-HEM-054,Evaluación de Eritrocitos,420,2.25,13,0,0,blood,MICROSCOPÍA,false,true
485,ECN-CAT-INM-054,Evaluación de Inmunoglobulina A,740,3.5,20,0,0,serum,QUIMIOLUMINISCENCIA,false,true
486,ECN-CAT-MIC-054,Evaluación de Exudado nasal,870,14.25,27,0,0,swab,CULTIVO,true,true
487,ECN-CAT-COA-054,Evaluación de Fibrinógeno,300,1.25,4,1,1,plasma,COAGULOMETRÍA,false,true
488,ECN-CAT-END-054,Evaluación de Triyodotironina libre,560,2.5,11,2,2,plasma,ELISA,false,true
489,ECN-CAT-URO-054,Evaluación de Glucosa en orina,610,2,18,0,0,urine,COLORIMETRÍA,false,true
490,ECN-CAT-MOL-054,Evaluación de Virus del papiloma humano,1060,8,25,0,0,swab,PCR,true,true
491,ECN-CAT-QC-055,Evaluación de Colesterol total,150,0.5,2,1,1,serum,ENZIMÁTICO,false,true
492,ECN-CAT-HEM-055,Evaluación de Leucocitos,390,1.5,9,1,1,blood,IMPEDANCIA,false,true
493,ECN-CAT-INM-055,Evaluación de Inmunoglobulina G,580,2.25,16,0,0,serum,INMUNOENSAYO,false,true
494,ECN-CAT-MIC-055,Evaluación de Exudado vaginal,780,14,23,1,1,swab,CULTIVO,false,true
495,ECN-CAT-COA-055,Evaluación de Dímero D,860,3,30,2,2,plasma,COAGULOMETRÍA,true,true
496,ECN-CAT-END-055,Evaluación de Triyodotironina total,430,1.5,7,0,0,serum,INMUNOENSAYO,false,true
497,ECN-CAT-URO-055,Evaluación de Creatinina en orina,500,1.5,14,1,1,urine,TIRA REACTIVA,false,true
498,ECN-CAT-MOL-055,Evaluación de Virus de hepatitis B,960,7.5,21,2,2,plasma,PCR,true,true
499,ECN-CAT-QC-056,Evaluación de Triglicéridos,790,2.5,28,2,2,plasma,ESPECTROFOTOMETRÍA,true,true
500,ECN-CAT-HEM-056,Evaluación de Plaquetas,390,2,5,0,0,blood,CITOMETRÍA,false,true
501,ECN-CAT-INM-056,Evaluación de Inmunoglobulina M,520,2.5,12,0,0,serum,ELISA,false,true
502,ECN-CAT-MIC-056,Evaluación de Exudado uretral,680,13.75,19,1,1,swab,CULTIVO,true,true
503,ECN-CAT-COA-056,Evaluación de INR,810,2.75,26,0,0,plasma,COAGULOMETRÍA,true,true
504,ECN-CAT-END-056,Evaluación de Insulina,390,2.25,3,1,1,plasma,QUIMIOLUMINISCENCIA,false,true
505,ECN-CAT-URO-056,Evaluación de Calcio en orina,420,2,10,2,2,urine,MICROSCOPÍA,false,true
506,ECN-CAT-MOL-056,Evaluación de Virus de hepatitis C,870,7.25,17,0,0,plasma,PCR,true,true
507,ECN-CAT-QC-057,Evaluación de Bilirrubina total,670,2.25,24,0,0,serum,COLORIMETRÍA,false,true
508,ECN-CAT-HEM-057,Evaluación de Reticulocitos,180,1.25,1,2,2,blood,MICROSCOPÍA,false,true
509,ECN-CAT-INM-057,Evaluación de Inmunoglobulina E,450,2.75,8,1,1,serum,QUIMIOLUMINISCENCIA,false,true
510,ECN-CAT-MIC-057,Evaluación de Hemocultivo,630,13.25,15,0,0,blood,CULTIVO,false,true
511,ECN-CAT-COA-057,Evaluación de Actividad de factor VIII,710,2.5,22,1,1,plasma,COAGULOMETRÍA,false,true
512,ECN-CAT-END-057,Evaluación de Cortisol,920,3.5,29,1,1,serum,ELISA,true,true
513,ECN-CAT-URO-057,Evaluación de Ácido úrico en orina,320,1,6,0,0,urine,COLORIMETRÍA,false,true
514,ECN-CAT-MOL-057,Evaluación de Virus de Epstein-Barr,820,7,13,2,2,blood,PCR,true,true
515,ECN-CAT-QC-058,Evaluación de Bilirrubina directa,570,2,20,2,2,plasma,ENZIMÁTICO,false,true
516,ECN-CAT-HEM-058,Evaluación de Volumen corpuscular medio,760,2.5,27,1,1,blood,IMPEDANCIA,true,true
517,ECN-CAT-INM-058,Evaluación de Complemento C3,290,1.5,4,0,0,serum,INMUNOENSAYO,false,true
518,ECN-CAT-MIC-058,Evaluación de Cultivo de esputo,530,13,11,1,1,other,CULTIVO,false,true
519,ECN-CAT-COA-058,Evaluación de Actividad de factor IX,610,2.25,18,1,1,plasma,COAGULOMETRÍA,false,true
520,ECN-CAT-END-058,Evaluación de Hormona adrenocorticotropa,800,2.75,25,0,0,plasma,INMUNOENSAYO,true,true
521,ECN-CAT-URO-058,Evaluación de Sodio en orina,250,0.75,2,0,0,urine,TIRA REACTIVA,false,true
522,ECN-CAT-MOL-058,Evaluación de Citomegalovirus,720,6.75,9,1,1,blood,PCR,true,true
523,ECN-CAT-QC-059,Evaluación de Alanina aminotransferasa,500,2,16,0,0,serum,ESPECTROFOTOMETRÍA,false,true
524,ECN-CAT-HEM-059,Evaluación de Hemoglobina corpuscular media,760,3,23,1,1,blood,CITOMETRÍA,false,true
525,ECN-CAT-INM-059,Evaluación de Complemento C4,930,3.5,30,1,1,serum,ELISA,true,true
526,ECN-CAT-MIC-059,Evaluación de Cultivo de heridas,430,12.75,7,0,0,swab,CULTIVO,false,true
527,ECN-CAT-COA-059,Evaluación de Actividad de factor XI,520,2,14,0,0,plasma,COAGULOMETRÍA,false,true
528,ECN-CAT-END-059,Evaluación de Hormona de crecimiento,810,3.75,21,2,2,serum,QUIMIOLUMINISCENCIA,false,true
529,ECN-CAT-URO-059,Evaluación de Potasio en orina,840,3.25,28,1,1,urine,MICROSCOPÍA,true,true
530,ECN-CAT-MOL-059,Evaluación de Virus herpes simple 1,620,6.5,5,0,0,swab,PCR,true,true
531,ECN-CAT-QC-060,Evaluación de Aspartato aminotransferasa,380,1.5,12,0,0,plasma,COLORIMETRÍA,false,true
532,ECN-CAT-HEM-060,Evaluación de Concentración media de hemoglobina,590,2.5,19,2,2,blood,MICROSCOPÍA,false,true
533,ECN-CAT-INM-060,Evaluación de Anticuerpos antinucleares,860,3.75,26,0,0,serum,QUIMIOLUMINISCENCIA,true,true
534,ECN-CAT-MIC-060,Evaluación de Cultivo de secreciones,340,12.5,3,1,1,swab,CULTIVO,true,true
535,ECN-CAT-COA-060,Evaluación de Actividad de factor XII,420,1.5,10,1,1,plasma,COAGULOMETRÍA,false,true
536,ECN-CAT-END-060,Evaluación de Prolactina,680,3,17,2,2,plasma,ELISA,false,true
537,ECN-CAT-URO-060,Evaluación de Cloro en orina,730,2.25,24,0,0,urine,COLORIMETRÍA,false,true
538,ECN-CAT-MOL-060,Evaluación de Virus herpes simple 2,530,6.25,1,0,0,swab,PCR,true,true
539,ECN-CAT-QC-061,Evaluación de Fosfatasa alcalina,320,1.25,8,1,1,serum,ENZIMÁTICO,false,true
540,ECN-CAT-HEM-061,Evaluación de Ancho de distribución eritrocitaria,510,1.75,15,0,0,blood,IMPEDANCIA,false,true
541,ECN-CAT-INM-061,Evaluación de Anticuerpos anti-DNA,710,2.5,22,0,0,serum,INMUNOENSAYO,false,true
542,ECN-CAT-MIC-061,Evaluación de Antibiograma,900,14.25,29,2,2,other,CULTIVO,true,true
543,ECN-CAT-COA-061,Evaluación de Antitrombina III,370,1.25,6,0,0,plasma,COAGULOMETRÍA,false,true
544,ECN-CAT-END-061,Evaluación de Hormona luteinizante,550,2.25,13,0,0,serum,INMUNOENSAYO,false,true
545,ECN-CAT-URO-061,Evaluación de Fósforo en orina,620,1.75,20,1,1,urine,TIRA REACTIVA,false,true
546,ECN-CAT-MOL-061,Evaluación de Chlamydia trachomatis,1090,8,27,2,2,swab,PCR,true,true
547,ECN-CAT-QC-062,Evaluación de Gamma glutamil transferasa,250,1,4,0,0,plasma,ESPECTROFOTOMETRÍA,false,true
548,ECN-CAT-HEM-062,Evaluación de Neutrófilos,520,2.25,11,1,1,blood,CITOMETRÍA,false,true
549,ECN-CAT-INM-062,Evaluación de Anticuerpos anticardiolipina,640,3,18,0,0,serum,ELISA,false,true
550,ECN-CAT-MIC-062,Evaluación de Tinción de Gram,750,3,25,1,1,other,MICROSCOPÍA,true,true
551,ECN-CAT-COA-062,Evaluación de Proteína C funcional,270,1,2,1,1,plasma,COAGULOMETRÍA,false,true
552,ECN-CAT-END-062,Evaluación de Hormona foliculoestimulante,520,3,9,2,2,plasma,QUIMIOLUMINISCENCIA,false,true
553,ECN-CAT-URO-062,Evaluación de Magnesio en orina,550,2.25,16,1,1,urine,MICROSCOPÍA,false,true
554,ECN-CAT-MOL-062,Evaluación de Neisseria gonorrhoeae,1040,7.75,23,0,0,swab,PCR,true,true
555,ECN-CAT-QC-063,Evaluación de Albúmina,800,2.75,30,0,0,serum,COLORIMETRÍA,true,true
556,ECN-CAT-HEM-063,Evaluación de Linfocitos,300,1.75,7,2,2,blood,MICROSCOPÍA,false,true
557,ECN-CAT-INM-063,Evaluación de Procalcitonina,570,3.25,14,0,0,serum,QUIMIOLUMINISCENCIA,false,true
558,ECN-CAT-MIC-063,Evaluación de Baciloscopía,650,2.75,21,0,0,other,MICROSCOPÍA,false,true
559,ECN-CAT-COA-063,Evaluación de Proteína S funcional,840,2.75,28,0,0,plasma,COAGULOMETRÍA,true,true
560,ECN-CAT-END-063,Evaluación de Estradiol,390,2.25,5,0,0,serum,ELISA,false,true
561,ECN-CAT-URO-063,Evaluación de Urea en orina,490,1.25,12,0,0,urine,COLORIMETRÍA,false,true
562,ECN-CAT-MOL-063,Evaluación de Mycobacterium tuberculosis,940,7.25,19,2,2,other,PCR,true,true
563,ECN-CAT-QC-064,Evaluación de Proteínas totales,690,2.25,26,1,1,plasma,ENZIMÁTICO,true,true
564,ECN-CAT-HEM-064,Evaluación de Monocitos,220,0.75,3,0,0,blood,IMPEDANCIA,false,true
565,ECN-CAT-INM-064,Evaluación de Ferritina,460,2,10,1,1,serum,INMUNOENSAYO,false,true
566,ECN-CAT-MIC-064,Evaluación de Búsqueda de hongos,560,2.5,17,1,1,other,MICROSCOPÍA,true,true
567,ECN-CAT-COA-064,Evaluación de Anticoagulante lúpico,740,2.5,24,1,1,plasma,COAGULOMETRÍA,false,true
568,ECN-CAT-END-064,Evaluación de Progesterona,260,1.5,1,0,0,plasma,INMUNOENSAYO,false,true
569,ECN-CAT-URO-064,Evaluación de Osmolalidad urinaria,380,1,8,1,1,urine,TIRA REACTIVA,false,true
570,ECN-CAT-MOL-064,Evaluación de Bordetella pertussis,840,7.5,15,0,0,swab,PCR,true,true
571,ECN-CAT-QC-065,Evaluación de Calcio,620,2.25,22,0,0,serum,ESPECTROFOTOMETRÍA,false,true
572,ECN-CAT-HEM-065,Evaluación de Eosinófilos,930,3.25,29,1,1,blood,CITOMETRÍA,true,true
573,ECN-CAT-INM-065,Evaluación de Troponina I,400,2.25,6,2,2,serum,ELISA,false,true
574,ECN-CAT-MIC-065,Evaluación de Coprológico,460,2,13,0,0,stool,MICROSCOPÍA,false,true
575,ECN-CAT-COA-065,Evaluación de Resistencia a proteína C activada,640,2.25,20,0,0,plasma,COAGULOMETRÍA,false,true
576,ECN-CAT-END-065,Evaluación de Testosterona total,930,4,27,1,1,serum,QUIMIOLUMINISCENCIA,true,true
577,ECN-CAT-URO-065,Evaluación de Depuración de creatinina,300,1.5,4,0,0,urine,MICROSCOPÍA,false,true
578,ECN-CAT-MOL-065,Evaluación de Parvovirus B19,750,7.25,11,0,0,blood,PCR,true,true
579,ECN-CAT-QC-066,Evaluación de Fósforo,550,1.75,18,2,2,plasma,COLORIMETRÍA,false,true
580,ECN-CAT-HEM-066,Evaluación de Basófilos,720,2.75,25,1,1,blood,MICROSCOPÍA,true,true
581,ECN-CAT-INM-066,Evaluación de Antígeno carcinoembrionario,330,2.5,2,0,0,serum,QUIMIOLUMINISCENCIA,false,true
582,ECN-CAT-MIC-066,Evaluación de Amiba en fresco,360,1.75,9,1,1,stool,MICROSCOPÍA,false,true
583,ECN-CAT-COA-066,Evaluación de Agregación plaquetaria,590,2,16,1,1,plasma,COAGULOMETRÍA,false,true
584,ECN-CAT-END-066,Evaluación de Testosterona libre,800,3.25,23,1,1,plasma,ELISA,false,true
585,ECN-CAT-URO-066,Evaluación de Sedimento urinario,860,2.5,30,1,1,urine,COLORIMETRÍA,true,true
586,ECN-CAT-MOL-066,Evaluación de Dengue por PCR,680,5.75,7,0,0,blood,RT-PCR,true,true
587,ECN-CAT-QC-067,Evaluación de Magnesio,450,1.5,14,0,0,serum,ENZIMÁTICO,false,true
588,ECN-CAT-HEM-067,Evaluación de Velocidad de sedimentación,640,2,21,1,1,blood,IMPEDANCIA,false,true
589,ECN-CAT-INM-067,Evaluación de Alfafetoproteína,830,3.25,28,2,2,serum,INMUNOENSAYO,true,true
590,ECN-CAT-MIC-067,Evaluación de Sangre oculta en heces,350,1,5,2,2,stool,INMUNOCROMATOGRAFÍA,false,true
591,ECN-CAT-COA-067,Evaluación de Tiempo de sangrado,490,2,12,0,0,plasma,COAGULOMETRÍA,false,true
592,ECN-CAT-END-067,Evaluación de Dehidroepiandrosterona,680,2.5,19,0,0,serum,INMUNOENSAYO,false,true
593,ECN-CAT-URO-067,Evaluación de Cetonas en orina,740,2.25,26,1,1,urine,TIRA REACTIVA,true,true
594,ECN-CAT-MOL-067,Evaluación de Zika por PCR,630,5.5,3,0,0,blood,RT-PCR,true,true
595,ECN-CAT-QC-068,Evaluación de Sodio,380,1.5,10,0,0,plasma,ESPECTROFOTOMETRÍA,false,true
596,ECN-CAT-HEM-068,Evaluación de Frotis de sangre periférica,640,2.5,17,1,1,blood,CITOMETRÍA,false,true
597,ECN-CAT-INM-068,Evaluación de CA 125,760,3.5,24,0,0,serum,ELISA,false,true
598,ECN-CAT-MIC-068,Evaluación de Rotavirus en heces,250,0.75,1,0,0,stool,INMUNOCROMATOGRAFÍA,true,true
599,ECN-CAT-COA-068,Evaluación de Tiempo de coagulación,400,1.75,8,1,1,plasma,COAGULOMETRÍA,false,true
600,ECN-CAT-END-068,Evaluación de Aldosterona,640,3.25,15,1,1,plasma,QUIMIOLUMINISCENCIA,false,true
601,ECN-CAT-URO-068,Evaluación de Hemoglobina en orina,720,2.5,22,0,0,urine,MICROSCOPÍA,false,true
602,ECN-CAT-MOL-068,Evaluación de Chikungunya por PCR,1190,7.25,29,2,2,blood,RT-PCR,true,true
603,ECN-CAT-QC-069,Evaluación de Potasio,260,1,6,0,0,serum,COLORIMETRÍA,false,true
604,ECN-CAT-HEM-069,Evaluación de Conteo diferencial,420,2,13,1,1,blood,MICROSCOPÍA,false,true
605,ECN-CAT-INM-069,Evaluación de CA 19-9,740,3.75,20,0,0,serum,QUIMIOLUMINISCENCIA,false,true
606,ECN-CAT-MIC-069,Evaluación de Adenovirus en heces,820,2.5,27,2,2,stool,INMUNOCROMATOGRAFÍA,true,true
607,ECN-CAT-COA-069,Evaluación de Productos de degradación de fibrina,300,1.5,4,1,1,plasma,COAGULOMETRÍA,false,true
608,ECN-CAT-END-069,Evaluación de Renina,510,2.5,11,0,0,serum,ELISA,false,true
609,ECN-CAT-URO-069,Evaluación de Nitritos en orina,610,1.75,18,0,0,urine,COLORIMETRÍA,false,true
610,ECN-CAT-MOL-069,Evaluación de Panel respiratorio molecular,1100,7,25,2,2,swab,RT-PCR,true,true
611,ECN-CAT-QC-070,Evaluación de Cloro,150,0.5,2,0,0,plasma,ENZIMÁTICO,false,true
612,ECN-CAT-HEM-070,Evaluación de Índice plaquetario,390,1.5,9,0,0,blood,IMPEDANCIA,false,true
613,ECN-CAT-INM-070,Evaluación de CA 15-3,590,2.25,16,1,1,serum,INMUNOENSAYO,false,true
614,ECN-CAT-MIC-070,Evaluación de Helicobacter pylori,720,2.25,23,0,0,stool,INMUNOCROMATOGRAFÍA,false,true
615,ECN-CAT-COA-070,Evaluación de Factor de von Willebrand,860,3,30,0,0,plasma,COAGULOMETRÍA,true,true
616,ECN-CAT-END-070,Evaluación de Paratohormona,430,1.75,7,2,2,plasma,INMUNOENSAYO,false,true
617,ECN-CAT-URO-070,Evaluación de Leucocitos en orina,500,1.25,14,1,1,urine,TIRA REACTIVA,false,true
618,ECN-CAT-MOL-070,Evaluación de Panel gastrointestinal molecular,1000,6.75,21,0,0,other,RT-PCR,true,true
619,ECN-CAT-QC-071,Evaluación de Hierro sérico,740,2.5,28,1,1,serum,ESPECTROFOTOMETRÍA,true,true
620,ECN-CAT-HEM-071,Evaluación de Morfología eritrocitaria,400,2,5,1,1,blood,CITOMETRÍA,false,true
621,ECN-CAT-INM-071,Evaluación de Antígeno prostático total,520,2.5,12,1,1,serum,ELISA,false,true
622,ECN-CAT-MIC-071,Evaluación de Clostridioides difficile,620,2,19,1,1,stool,INMUNOCROMATOGRAFÍA,false,true
623,ECN-CAT-COA-071,Evaluación de Mezcla de TTPa,810,2.75,26,1,1,plasma,COAGULOMETRÍA,true,true
624,ECN-CAT-END-071,Evaluación de Calcitonina,400,2.5,3,1,1,serum,QUIMIOLUMINISCENCIA,false,true
625,ECN-CAT-URO-071,Evaluación de Cristales en orina,430,1.75,10,1,1,urine,MICROSCOPÍA,false,true
626,ECN-CAT-MOL-071,Evaluación de Trombofilia hereditaria,870,7.5,17,2,2,blood,PCR,true,true
627,ECN-CAT-QC-072,Evaluación de Amilasa,680,2,24,1,1,plasma,COLORIMETRÍA,false,true
628,ECN-CAT-HEM-072,Evaluación de Morfología leucocitaria,180,1.5,1,0,0,blood,MICROSCOPÍA,false,true
629,ECN-CAT-INM-072,Evaluación de Antígeno prostático libre,450,2.75,8,0,0,serum,QUIMIOLUMINISCENCIA,false,true
630,ECN-CAT-MIC-072,Evaluación de Estreptococo del grupo A,570,1.5,15,2,2,swab,INMUNOCROMATOGRAFÍA,true,true
631,ECN-CAT-COA-072,Evaluación de Mezcla de TP,720,2.5,22,0,0,plasma,COAGULOMETRÍA,false,true
632,ECN-CAT-END-072,Evaluación de Péptido C,930,3.75,29,0,0,plasma,ELISA,true,true
633,ECN-CAT-URO-072,Evaluación de Cilindros urinarios,320,1.25,6,0,0,urine,COLORIMETRÍA,false,true
634,ECN-CAT-MOL-072,Evaluación de Mutación JAK2,820,7.25,13,0,0,blood,PCR,true,true
635,ECN-CAT-QC-073,Evaluación de Lipasa,570,1.75,20,0,0,serum,ENZIMÁTICO,false,true
636,ECN-CAT-HEM-073,Evaluación de Morfología plaquetaria,760,2.75,27,2,2,blood,IMPEDANCIA,true,true
637,ECN-CAT-INM-073,Evaluación de Serología para dengue,290,1.5,4,1,1,serum,INMUNOENSAYO,false,true
638,ECN-CAT-MIC-073,Evaluación de Salmonella,540,12.75,11,0,0,stool,CULTIVO,false,true
639,ECN-CAT-COA-073,Evaluación de Factor V,620,2.25,18,1,1,plasma,COAGULOMETRÍA,false,true
640,ECN-CAT-END-073,Evaluación de 17-hidroxiprogesterona,800,2.75,25,1,1,serum,INMUNOENSAYO,true,true
641,ECN-CAT-URO-073,Evaluación de Urobilinógeno en orina,260,0.75,2,1,1,urine,TIRA REACTIVA,false,true
642,ECN-CAT-MOL-073,Evaluación de BCR-ABL cuantitativo,720,6.75,9,0,0,blood,PCR,true,true
643,ECN-CAT-QC-074,Evaluación de Lactato deshidrogenasa,500,1.75,16,0,0,plasma,ESPECTROFOTOMETRÍA,false,true
644,ECN-CAT-HEM-074,Evaluación de Hemoparásitos,760,3.25,23,1,1,blood,CITOMETRÍA,false,true
645,ECN-CAT-INM-074,Evaluación de Serología para rubéola,940,3.75,30,0,0,serum,ELISA,true,true
646,ECN-CAT-MIC-074,Evaluación de Shigella,440,12.5,7,0,0,stool,CULTIVO,false,true
647,ECN-CAT-COA-074,Evaluación de Factor VII,520,2,14,2,2,plasma,COAGULOMETRÍA,false,true
648,ECN-CAT-END-074,Evaluación de Hormona antimülleriana,760,3.5,21,0,0,plasma,QUIMIOLUMINISCENCIA,false,true
649,ECN-CAT-URO-074,Evaluación de Bilirrubina en orina,840,3.25,28,0,0,urine,MICROSCOPÍA,true,true
650,ECN-CAT-MOL-074,Evaluación de HLA-B27,630,6.5,5,1,1,blood,PCR,true,true
651,ECN-CAT-QC-075,Evaluación de Hemoglobina glucosilada,380,1.25,12,0,0,blood,COLORIMETRÍA,false,true
652,ECN-CAT-HEM-075,Evaluación de Prueba de falciformación,600,2.5,19,0,0,blood,MICROSCOPÍA,false,true
653,ECN-CAT-INM-075,Evaluación de Serología para toxoplasma,870,4,26,2,2,serum,QUIMIOLUMINISCENCIA,true,true
654,ECN-CAT-MIC-075,Evaluación de Candida albicans,340,12.5,3,1,1,swab,CULTIVO,false,true
655,ECN-CAT-COA-075,Evaluación de Factor X,420,1.75,10,0,0,plasma,COAGULOMETRÍA,false,true
656,ECN-CAT-END-075,Evaluación de Somatomedina C,680,2.75,17,1,1,serum,ELISA,false,true
657,ECN-CAT-URO-075,Evaluación de Relación albúmina creatinina,740,2.25,24,1,1,urine,COLORIMETRÍA,false,true
658,ECN-CAT-MOL-075,Evaluación de Carga viral cuantitativa,530,6.25,1,2,2,plasma,PCR,true,true
659,ECN-CAT-QC-076,Control de Glucosa,270,1,8,0,0,plasma,ENZIMÁTICO,false,true
660,ECN-CAT-HEM-076,Control de Biometría hemática,520,1.75,15,1,1,blood,IMPEDANCIA,false,true
661,ECN-CAT-INM-076,Control de Proteína C reactiva,710,2.75,22,0,0,serum,INMUNOENSAYO,false,true
662,ECN-CAT-MIC-076,Control de Urocultivo,900,14.25,29,1,1,urine,CULTIVO,true,true
663,ECN-CAT-COA-076,Control de Tiempo de protrombina,370,1.5,6,1,1,plasma,COAGULOMETRÍA,false,true
664,ECN-CAT-END-076,Control de Hormona estimulante de tiroides,560,2,13,2,2,plasma,INMUNOENSAYO,false,true
665,ECN-CAT-URO-076,Control de Examen general de orina,620,2,20,0,0,urine,TIRA REACTIVA,false,true
666,ECN-CAT-MOL-076,Control de Detección molecular de SARS-CoV-2,1120,7,27,0,0,swab,RT-PCR,true,true
667,ECN-CAT-QC-077,Control de Urea,260,0.75,4,1,1,serum,ESPECTROFOTOMETRÍA,false,true
668,ECN-CAT-HEM-077,Control de Hemoglobina,520,2.25,11,0,0,blood,CITOMETRÍA,false,true
669,ECN-CAT-INM-077,Control de Factor reumatoide,640,2.75,18,0,0,serum,ELISA,false,true
670,ECN-CAT-MIC-077,Control de Coprocultivo,800,14,25,1,1,stool,CULTIVO,true,true
671,ECN-CAT-COA-077,Control de Tiempo de tromboplastina parcial,280,1.25,2,0,0,plasma,COAGULOMETRÍA,false,true
672,ECN-CAT-END-077,Control de Tiroxina libre,520,2.75,9,0,0,serum,QUIMIOLUMINISCENCIA,false,true
673,ECN-CAT-URO-077,Control de Microalbúmina en orina,550,2.5,16,2,2,urine,MICROSCOPÍA,false,true
674,ECN-CAT-MOL-077,Control de Virus de influenza A,1070,6.75,23,2,2,swab,RT-PCR,true,true
675,ECN-CAT-QC-078,Control de Creatinina,800,2.75,30,1,1,plasma,COLORIMETRÍA,true,true
676,ECN-CAT-HEM-078,Control de Hematocrito,300,1.75,7,1,1,blood,MICROSCOPÍA,false,true
677,ECN-CAT-INM-078,Control de Antiestreptolisinas O,570,3,14,1,1,serum,QUIMIOLUMINISCENCIA,false,true
678,ECN-CAT-MIC-078,Control de Exudado faríngeo,760,13.75,21,1,1,swab,CULTIVO,false,true
679,ECN-CAT-COA-078,Control de Tiempo de trombina,840,2.75,28,0,0,plasma,COAGULOMETRÍA,true,true
680,ECN-CAT-END-078,Control de Tiroxina total,390,2,5,0,0,plasma,ELISA,false,true
681,ECN-CAT-URO-078,Control de Proteínas en orina,490,1.5,12,2,2,urine,COLORIMETRÍA,false,true
682,ECN-CAT-MOL-078,Control de Virus de influenza B,980,6.5,19,0,0,swab,RT-PCR,true,true
683,ECN-CAT-QC-079,Control de Ácido úrico,690,2.5,26,0,0,serum,ENZIMÁTICO,true,true
684,ECN-CAT-HEM-079,Control de Eritrocitos,220,1,3,2,2,blood,IMPEDANCIA,false,true
685,ECN-CAT-INM-079,Control de Inmunoglobulina A,470,1.75,10,0,0,serum,INMUNOENSAYO,false,true
686,ECN-CAT-MIC-079,Control de Exudado nasal,660,13.5,17,0,0,swab,CULTIVO,false,true
687,ECN-CAT-COA-079,Control de Fibrinógeno,740,2.5,24,1,1,plasma,COAGULOMETRÍA,false,true
688,ECN-CAT-END-079,Control de Triyodotironina libre,260,1.25,1,0,0,serum,INMUNOENSAYO,false,true
689,ECN-CAT-URO-079,Control de Glucosa en orina,380,1,8,0,0,urine,TIRA REACTIVA,false,true
690,ECN-CAT-MOL-079,Control de Virus del papiloma humano,850,7.25,15,2,2,swab,PCR,true,true
691,ECN-CAT-QC-080,Control de Colesterol total,620,2.25,22,2,2,plasma,ESPECTROFOTOMETRÍA,false,true
692,ECN-CAT-HEM-080,Control de Leucocitos,940,3.5,29,1,1,blood,CITOMETRÍA,true,true
693,ECN-CAT-INM-080,Control de Inmunoglobulina G,400,2,6,1,1,serum,ELISA,false,true
694,ECN-CAT-MIC-080,Control de Exudado vaginal,560,13.25,13,1,1,swab,CULTIVO,true,true
695,ECN-CAT-COA-080,Control de Dímero D,640,2.25,20,1,1,plasma,COAGULOMETRÍA,false,true
696,ECN-CAT-END-080,Control de Triyodotironina total,940,4.25,27,0,0,plasma,QUIMIOLUMINISCENCIA,true,true
697,ECN-CAT-URO-080,Control de Creatinina en orina,310,1.5,4,1,1,urine,MICROSCOPÍA,false,true
698,ECN-CAT-MOL-080,Control de Virus de hepatitis B,750,7,11,1,1,plasma,PCR,true,true
699,ECN-CAT-QC-081,Control de Triglicéridos,510,2,18,0,0,serum,COLORIMETRÍA,false,true
700,ECN-CAT-HEM-081,Control de Plaquetas,720,3,25,1,1,blood,MICROSCOPÍA,true,true
701,ECN-CAT-INM-081,Control de Inmunoglobulina M,330,2.25,2,2,2,serum,QUIMIOLUMINISCENCIA,false,true
702,ECN-CAT-MIC-081,Control de Exudado uretral,460,13,9,0,0,swab,CULTIVO,false,true
703,ECN-CAT-COA-081,Control de INR,600,2,16,0,0,plasma,COAGULOMETRÍA,false,true
704,ECN-CAT-END-081,Control de Insulina,810,3.5,23,2,2,serum,ELISA,false,true
705,ECN-CAT-URO-081,Control de Calcio en orina,860,2.5,30,0,0,urine,COLORIMETRÍA,true,true
706,ECN-CAT-MOL-081,Control de Virus de hepatitis C,650,6.5,7,0,0,plasma,PCR,true,true
707,ECN-CAT-QC-082,Control de Bilirrubina total,450,1.5,14,0,0,plasma,ENZIMÁTICO,false,true
708,ECN-CAT-HEM-082,Control de Reticulocitos,640,2,21,1,1,blood,IMPEDANCIA,false,true
709,ECN-CAT-INM-082,Control de Inmunoglobulina E,830,3,28,0,0,serum,INMUNOENSAYO,true,true
710,ECN-CAT-MIC-082,Control de Hemocultivo,360,12.75,5,3,3,blood,CULTIVO,false,true
711,ECN-CAT-COA-082,Control de Actividad de factor VIII,500,1.75,12,1,1,plasma,COAGULOMETRÍA,false,true
712,ECN-CAT-END-082,Control de Cortisol,680,2.75,19,1,1,plasma,INMUNOENSAYO,false,true
713,ECN-CAT-URO-082,Control de Ácido úrico en orina,750,2.25,26,0,0,urine,TIRA REACTIVA,true,true
714,ECN-CAT-MOL-082,Control de Virus de Epstein-Barr,600,6.25,3,2,2,blood,PCR,true,true
715,ECN-CAT-QC-083,Control de Bilirrubina directa,380,1.5,10,1,1,serum,ESPECTROFOTOMETRÍA,false,true
716,ECN-CAT-HEM-083,Control de Volumen corpuscular medio,640,2.5,17,0,0,blood,CITOMETRÍA,false,true
717,ECN-CAT-INM-083,Control de Complemento C3,760,3.5,24,0,0,serum,ELISA,false,true
718,ECN-CAT-MIC-083,Control de Cultivo de esputo,320,12.25,1,2,2,other,CULTIVO,false,true
719,ECN-CAT-COA-083,Control de Actividad de factor IX,400,1.5,8,0,0,plasma,COAGULOMETRÍA,false,true
720,ECN-CAT-END-083,Control de Hormona adrenocorticotropa,640,3.25,15,0,0,serum,QUIMIOLUMINISCENCIA,false,true
721,ECN-CAT-URO-083,Control de Sodio en orina,670,2.75,22,2,2,urine,MICROSCOPÍA,false,true
722,ECN-CAT-MOL-083,Control de Citomegalovirus,1170,8,29,0,0,blood,PCR,true,true
723,ECN-CAT-QC-084,Control de Alanina aminotransferasa,260,1,6,0,0,plasma,COLORIMETRÍA,false,true
724,ECN-CAT-HEM-084,Control de Hemoglobina corpuscular media,420,2,13,1,1,blood,MICROSCOPÍA,false,true
725,ECN-CAT-INM-084,Control de Complemento C4,750,3.75,20,1,1,serum,QUIMIOLUMINISCENCIA,false,true
726,ECN-CAT-MIC-084,Control de Cultivo de heridas,880,14,27,0,0,swab,CULTIVO,true,true
727,ECN-CAT-COA-084,Control de Actividad de factor XI,300,1.25,4,2,2,plasma,COAGULOMETRÍA,false,true
728,ECN-CAT-END-084,Control de Hormona de crecimiento,510,2.5,11,2,2,plasma,ELISA,false,true
729,ECN-CAT-URO-084,Control de Potasio en orina,620,1.75,18,1,1,urine,COLORIMETRÍA,false,true
730,ECN-CAT-MOL-084,Control de Virus herpes simple 1,1070,7.75,25,1,1,swab,PCR,true,true
731,ECN-CAT-QC-085,Control de Aspartato aminotransferasa,150,0.75,2,2,2,serum,ENZIMÁTICO,false,true
732,ECN-CAT-HEM-085,Control de Concentración media de hemoglobina,400,1.25,9,2,2,blood,IMPEDANCIA,false,true
733,ECN-CAT-INM-085,Control de Anticuerpos antinucleares,590,2.5,16,0,0,serum,INMUNOENSAYO,false,true
734,ECN-CAT-MIC-085,Control de Cultivo de secreciones,780,13.75,23,1,1,swab,CULTIVO,false,true
735,ECN-CAT-COA-085,Control de Actividad de factor XII,860,2.75,30,0,0,plasma,COAGULOMETRÍA,true,true
736,ECN-CAT-END-085,Control de Prolactina,440,1.75,7,0,0,serum,INMUNOENSAYO,false,true
737,ECN-CAT-URO-085,Control de Cloro en orina,500,1.5,14,1,1,urine,TIRA REACTIVA,false,true
738,ECN-CAT-MOL-085,Control de Virus herpes simple 2,970,7.75,21,3,3,swab,PCR,true,true
739,ECN-CAT-QC-086,Control de Fosfatasa alcalina,750,2.75,28,0,0,plasma,ESPECTROFOTOMETRÍA,true,true
740,ECN-CAT-HEM-086,Control de Ancho de distribución eritrocitaria,400,1.75,5,0,0,blood,CITOMETRÍA,false,true
741,ECN-CAT-INM-086,Control de Anticuerpos anti-DNA,520,2.75,12,1,1,serum,ELISA,false,true
742,ECN-CAT-MIC-086,Control de Antibiograma,680,13.5,19,1,1,other,CULTIVO,false,true
743,ECN-CAT-COA-086,Control de Antitrombina III,820,2.5,26,0,0,plasma,COAGULOMETRÍA,true,true
744,ECN-CAT-END-086,Control de Hormona luteinizante,400,2.5,3,1,1,plasma,QUIMIOLUMINISCENCIA,false,true
745,ECN-CAT-URO-086,Control de Fósforo en orina,430,1.75,10,0,0,urine,MICROSCOPÍA,false,true
746,ECN-CAT-MOL-086,Control de Chlamydia trachomatis,870,7.5,17,0,0,swab,PCR,true,true
747,ECN-CAT-QC-087,Control de Gamma glutamil transferasa,680,2.25,24,2,2,serum,COLORIMETRÍA,false,true
748,ECN-CAT-HEM-087,Control de Neutrófilos,180,1.25,1,2,2,blood,MICROSCOPÍA,false,true
749,ECN-CAT-INM-087,Control de Anticuerpos anticardiolipina,450,3,8,2,2,serum,QUIMIOLUMINISCENCIA,false,true
750,ECN-CAT-MIC-087,Control de Tinción de Gram,490,2.25,15,0,0,other,MICROSCOPÍA,false,true
751,ECN-CAT-COA-087,Control de Proteína C funcional,720,2.25,22,1,1,plasma,COAGULOMETRÍA,false,true
752,ECN-CAT-END-087,Control de Hormona foliculoestimulante,930,3.75,29,1,1,serum,ELISA,true,true
753,ECN-CAT-URO-087,Control de Magnesio en orina,320,1,6,0,0,urine,COLORIMETRÍA,false,true
754,ECN-CAT-MOL-087,Control de Neisseria gonorrhoeae,830,7.25,13,0,0,swab,PCR,true,true
755,ECN-CAT-QC-088,Control de Albúmina,570,1.75,20,3,3,plasma,ENZIMÁTICO,false,true
756,ECN-CAT-HEM-088,Control de Linfocitos,760,2.5,27,0,0,blood,IMPEDANCIA,true,true
757,ECN-CAT-INM-088,Control de Procalcitonina,300,1.5,4,0,0,serum,INMUNOENSAYO,false,true
758,ECN-CAT-MIC-088,Control de Baciloscopía,440,2,11,2,2,other,MICROSCOPÍA,true,true
759,ECN-CAT-COA-088,Control de Proteína S funcional,620,2.25,18,1,1,plasma,COAGULOMETRÍA,false,true
760,ECN-CAT-END-088,Control de Estradiol,800,3,25,0,0,plasma,INMUNOENSAYO,true,true
761,ECN-CAT-URO-088,Control de Urea en orina,210,0.5,2,1,1,urine,TIRA REACTIVA,false,true
762,ECN-CAT-MOL-088,Control de Mycobacterium tuberculosis,730,7,9,1,1,other,PCR,true,true
763,ECN-CAT-QC-089,Control de Proteínas totales,500,1.75,16,0,0,serum,ESPECTROFOTOMETRÍA,false,true
764,ECN-CAT-HEM-089,Control de Monocitos,770,3,23,2,2,blood,CITOMETRÍA,false,true
765,ECN-CAT-INM-089,Control de Ferritina,940,3.75,30,1,1,serum,ELISA,true,true
766,ECN-CAT-MIC-089,Control de Búsqueda de hongos,340,1.75,7,2,2,other,MICROSCOPÍA,false,true
767,ECN-CAT-COA-089,Control de Anticoagulante lúpico,520,2,14,0,0,plasma,COAGULOMETRÍA,false,true
768,ECN-CAT-END-089,Control de Progesterona,760,3.75,21,2,2,serum,QUIMIOLUMINISCENCIA,false,true
769,ECN-CAT-URO-089,Control de Osmolalidad urinaria,850,3,28,1,1,urine,MICROSCOPÍA,true,true
770,ECN-CAT-MOL-089,Control de Bordetella pertussis,630,6.75,5,0,0,swab,PCR,true,true
771,ECN-CAT-QC-090,Control de Calcio,390,1.25,12,0,0,plasma,COLORIMETRÍA,false,true
772,ECN-CAT-HEM-090,Control de Eosinófilos,550,2.25,19,1,1,blood,MICROSCOPÍA,false,true
773,ECN-CAT-INM-090,Control de Troponina I,870,4,26,0,0,serum,QUIMIOLUMINISCENCIA,true,true
774,ECN-CAT-MIC-090,Control de Coprológico,240,1.25,3,1,1,stool,MICROSCOPÍA,false,true
775,ECN-CAT-COA-090,Control de Resistencia a proteína C activada,420,1.75,10,2,2,plasma,COAGULOMETRÍA,false,true
776,ECN-CAT-END-090,Control de Testosterona total,690,3,17,1,1,plasma,ELISA,false,true
777,ECN-CAT-URO-090,Control de Depuración de creatinina,740,2,24,0,0,urine,COLORIMETRÍA,false,true
778,ECN-CAT-MOL-090,Control de Parvovirus B19,530,6.5,1,2,2,blood,PCR,true,true
779,ECN-CAT-QC-091,Control de Fósforo,280,1,8,1,1,serum,ENZIMÁTICO,false,true
780,ECN-CAT-HEM-091,Control de Basófilos,520,2,15,0,0,blood,IMPEDANCIA,false,true
781,ECN-CAT-INM-091,Control de Antígeno carcinoembrionario,710,2.75,22,0,0,serum,INMUNOENSAYO,false,true
782,ECN-CAT-MIC-091,Control de Amiba en fresco,800,3,29,1,1,stool,MICROSCOPÍA,true,true
783,ECN-CAT-COA-091,Control de Agregación plaquetaria,380,1.5,6,1,1,plasma,COAGULOMETRÍA,false,true
784,ECN-CAT-END-091,Control de Testosterona libre,560,2,13,2,2,serum,INMUNOENSAYO,false,true
785,ECN-CAT-URO-091,Control de Sedimento urinario,630,1.75,20,2,2,urine,TIRA REACTIVA,false,true
786,ECN-CAT-MOL-091,Control de Dengue por PCR,1120,7,27,2,2,blood,RT-PCR,true,true
787,ECN-CAT-QC-092,Control de Magnesio,260,1,4,0,0,plasma,ESPECTROFOTOMETRÍA,false,true
788,ECN-CAT-HEM-092,Control de Velocidad de sedimentación,520,2.5,11,1,1,blood,CITOMETRÍA,false,true
789,ECN-CAT-INM-092,Control de Alfafetoproteína,640,3,18,1,1,serum,ELISA,false,true
790,ECN-CAT-MIC-092,Control de Sangre oculta en heces,750,2.25,25,0,0,stool,INMUNOCROMATOGRAFÍA,true,true
791,ECN-CAT-COA-092,Control de Tiempo de sangrado,280,1.25,2,0,0,plasma,COAGULOMETRÍA,false,true
792,ECN-CAT-END-092,Control de Dehidroepiandrosterona,520,2.75,9,3,3,plasma,QUIMIOLUMINISCENCIA,false,true
793,ECN-CAT-URO-092,Control de Cetonas en orina,550,2.25,16,1,1,urine,MICROSCOPÍA,false,true
794,ECN-CAT-MOL-092,Control de Zika por PCR,1080,6.75,23,0,0,blood,RT-PCR,true,true
795,ECN-CAT-QC-093,Control de Sodio,800,2.5,30,2,2,serum,COLORIMETRÍA,true,true
796,ECN-CAT-HEM-093,Control de Frotis de sangre periférica,300,1.75,7,1,1,blood,MICROSCOPÍA,false,true
797,ECN-CAT-INM-093,Control de CA 125,580,3.25,14,0,0,serum,QUIMIOLUMINISCENCIA,false,true
798,ECN-CAT-MIC-093,Control de Rotavirus en heces,700,2,21,1,1,stool,INMUNOCROMATOGRAFÍA,false,true
799,ECN-CAT-COA-093,Control de Tiempo de coagulación,840,3,28,1,1,plasma,COAGULOMETRÍA,true,true
800,ECN-CAT-END-093,Control de Aldosterona,390,2,5,1,1,serum,ELISA,false,true
801,ECN-CAT-URO-093,Control de Hemoglobina en orina,450,1.5,12,2,2,urine,COLORIMETRÍA,false,true
802,ECN-CAT-MOL-093,Control de Chikungunya por PCR,980,6.5,19,1,1,blood,RT-PCR,true,true
803,ECN-CAT-QC-094,Control de Potasio,690,2.25,26,2,2,plasma,ENZIMÁTICO,true,true
804,ECN-CAT-HEM-094,Control de Conteo diferencial,230,1,3,0,0,blood,IMPEDANCIA,false,true
805,ECN-CAT-INM-094,Control de CA 19-9,470,2,10,1,1,serum,INMUNOENSAYO,false,true
806,ECN-CAT-MIC-094,Control de Adenovirus en heces,600,1.75,17,2,2,stool,INMUNOCROMATOGRAFÍA,false,true
807,ECN-CAT-COA-094,Control de Productos de degradación de fibrina,740,2.75,24,0,0,plasma,COAGULOMETRÍA,false,true
808,ECN-CAT-END-094,Control de Renina,270,1.25,1,0,0,plasma,INMUNOENSAYO,false,true
809,ECN-CAT-URO-094,Control de Nitritos en orina,380,1.25,8,0,0,urine,TIRA REACTIVA,false,true
810,ECN-CAT-MOL-094,Control de Panel respiratorio molecular,880,6.25,15,1,1,swab,RT-PCR,true,true
811,ECN-CAT-QC-095,Control de Cloro,630,2,22,0,0,serum,ESPECTROFOTOMETRÍA,false,true
812,ECN-CAT-HEM-095,Control de Índice plaquetario,890,3.5,29,3,3,blood,CITOMETRÍA,true,true
813,ECN-CAT-INM-095,Control de CA 15-3,400,2,6,1,1,serum,ELISA,false,true
814,ECN-CAT-MIC-095,Control de Helicobacter pylori,500,1.5,13,0,0,stool,INMUNOCROMATOGRAFÍA,false,true
815,ECN-CAT-COA-095,Control de Factor de von Willebrand,650,2.5,20,1,1,plasma,COAGULOMETRÍA,false,true
816,ECN-CAT-END-095,Control de Paratohormona,940,4,27,2,2,serum,QUIMIOLUMINISCENCIA,true,true
817,ECN-CAT-URO-095,Control de Leucocitos en orina,310,1.75,4,1,1,urine,MICROSCOPÍA,false,true
818,ECN-CAT-MOL-095,Control de Panel gastrointestinal molecular,780,6,11,1,1,other,RT-PCR,true,true
819,ECN-CAT-QC-096,Control de Hierro sérico,510,1.75,18,0,0,plasma,COLORIMETRÍA,false,true
820,ECN-CAT-HEM-096,Control de Morfología eritrocitaria,720,3,25,1,1,blood,MICROSCOPÍA,true,true
821,ECN-CAT-INM-096,Control de Antígeno prostático total,330,2.25,2,1,1,serum,QUIMIOLUMINISCENCIA,false,true
822,ECN-CAT-MIC-096,Control de Clostridioides difficile,410,1.5,9,3,3,stool,INMUNOCROMATOGRAFÍA,true,true
823,ECN-CAT-COA-096,Control de Mezcla de TTPa,550,2,16,2,2,plasma,COAGULOMETRÍA,false,true
824,ECN-CAT-END-096,Control de Calcitonina,810,3.25,23,0,0,plasma,ELISA,false,true
825,ECN-CAT-URO-096,Control de Cristales en orina,860,2.75,30,0,0,urine,COLORIMETRÍA,true,true
826,ECN-CAT-MOL-096,Control de Trombofilia hereditaria,650,6.75,7,1,1,blood,PCR,true,true
827,ECN-CAT-QC-097,Control de Amilasa,450,1.25,14,1,1,serum,ENZIMÁTICO,false,true
828,ECN-CAT-HEM-097,Control de Morfología leucocitaria,640,2.25,21,0,0,blood,IMPEDANCIA,false,true
829,ECN-CAT-INM-097,Control de Antígeno prostático libre,840,3,28,3,3,serum,INMUNOENSAYO,true,true
830,ECN-CAT-MIC-097,Control de Estreptococo del grupo A,310,1.25,5,1,1,swab,INMUNOCROMATOGRAFÍA,false,true
831,ECN-CAT-COA-097,Control de Mezcla de TP,500,1.75,12,0,0,plasma,COAGULOMETRÍA,false,true
832,ECN-CAT-END-097,Control de Péptido C,680,2.5,19,2,2,serum,INMUNOENSAYO,false,true
833,ECN-CAT-URO-097,Control de Cilindros urinarios,750,2.25,26,2,2,urine,TIRA REACTIVA,true,true
834,ECN-CAT-MOL-097,Control de Mutación JAK2,610,6.5,3,0,0,blood,PCR,true,true
835,ECN-CAT-QC-098,Control de Lipasa,380,1.25,10,1,1,plasma,ESPECTROFOTOMETRÍA,false,true
836,ECN-CAT-HEM-098,Control de Morfología plaquetaria,650,2.75,17,1,1,blood,CITOMETRÍA,false,true
837,ECN-CAT-INM-098,Control de Serología para dengue,770,3.25,24,0,0,serum,ELISA,false,true
838,ECN-CAT-MIC-098,Control de Salmonella,320,12.5,1,2,2,stool,CULTIVO,false,true
839,ECN-CAT-COA-098,Control de Factor V,400,1.5,8,2,2,plasma,COAGULOMETRÍA,false,true
840,ECN-CAT-END-098,Control de 17-hidroxiprogesterona,640,3,15,2,2,plasma,QUIMIOLUMINISCENCIA,false,true
841,ECN-CAT-URO-098,Control de Urobilinógeno en orina,680,2.75,22,0,0,urine,MICROSCOPÍA,false,true
842,ECN-CAT-MOL-098,Control de BCR-ABL cuantitativo,1170,8.25,29,1,1,blood,PCR,true,true
843,ECN-CAT-QC-099,Control de Lactato deshidrogenasa,270,1.25,6,1,1,serum,COLORIMETRÍA,false,true
844,ECN-CAT-HEM-099,Control de Hemoparásitos,430,2.25,13,1,1,blood,MICROSCOPÍA,false,true
845,ECN-CAT-INM-099,Control de Serología para rubéola,750,3.5,20,0,0,serum,QUIMIOLUMINISCENCIA,false,true
846,ECN-CAT-MIC-099,Control de Shigella,880,14.25,27,1,1,stool,CULTIVO,true,true
847,ECN-CAT-COA-099,Control de Factor VII,300,1.25,4,0,0,plasma,COAGULOMETRÍA,false,true
848,ECN-CAT-END-099,Control de Hormona antimülleriana,520,2.25,11,0,0,serum,ELISA,false,true
849,ECN-CAT-URO-099,Control de Bilirrubina en orina,620,1.75,18,2,2,urine,COLORIMETRÍA,false,true
850,ECN-CAT-MOL-099,Control de HLA-B27,1070,7.75,25,2,2,blood,PCR,true,true
851,ECN-CAT-QC-100,Control de Hemoglobina glucosilada,160,0.75,2,0,0,blood,ENZIMÁTICO,false,true
852,ECN-CAT-HEM-100,Control de Prueba de falciformación,350,1.25,9,2,2,blood,IMPEDANCIA,false,true
853,ECN-CAT-INM-100,Control de Serología para toxoplasma,590,2.25,16,1,1,serum,INMUNOENSAYO,false,true
854,ECN-CAT-MIC-100,Control de Candida albicans,780,14,23,1,1,swab,CULTIVO,true,true
855,ECN-CAT-COA-100,Control de Factor X,870,3,30,0,0,plasma,COAGULOMETRÍA,true,true
856,ECN-CAT-END-100,Control de Somatomedina C,440,1.5,7,1,1,plasma,INMUNOENSAYO,false,true
857,ECN-CAT-URO-100,Control de Relación albúmina creatinina,510,1.5,14,1,1,urine,TIRA REACTIVA,false,true
858,ECN-CAT-MOL-100,Control de Carga viral cuantitativa,970,7.5,21,1,1,plasma,PCR,true,true
859,ECN-CAT-QC-101,Confirmación de Glucosa,750,2.75,28,2,2,serum,ESPECTROFOTOMETRÍA,true,true
860,ECN-CAT-HEM-101,Confirmación de Biometría hemática,400,1.75,5,2,2,blood,CITOMETRÍA,false,true
861,ECN-CAT-INM-101,Confirmación de Proteína C reactiva,520,2.5,12,1,1,serum,ELISA,false,true
862,ECN-CAT-MIC-101,Confirmación de Urocultivo,690,13.5,19,0,0,urine,CULTIVO,false,true
863,ECN-CAT-COA-101,Confirmación de Tiempo de protrombina,770,2.75,26,1,1,plasma,COAGULOMETRÍA,true,true
864,ECN-CAT-END-101,Confirmación de Hormona estimulante de tiroides,400,2.5,3,1,1,serum,QUIMIOLUMINISCENCIA,false,true
865,ECN-CAT-URO-101,Confirmación de Examen general de orina,430,2,10,0,0,urine,MICROSCOPÍA,false,true
866,ECN-CAT-MOL-101,Confirmación de Detección molecular de SARS-CoV-2,910,6.25,17,3,3,swab,RT-PCR,true,true
867,ECN-CAT-QC-102,Confirmación de Urea,680,2.25,24,1,1,plasma,COLORIMETRÍA,false,true
868,ECN-CAT-HEM-102,Confirmación de Hemoglobina,180,1.25,1,0,0,blood,MICROSCOPÍA,false,true
869,ECN-CAT-INM-102,Confirmación de Factor reumatoide,460,2.75,8,2,2,serum,QUIMIOLUMINISCENCIA,false,true
870,ECN-CAT-MIC-102,Confirmación de Coprocultivo,590,13.25,15,2,2,stool,CULTIVO,false,true
871,ECN-CAT-COA-102,Confirmación de Tiempo de tromboplastina parcial,720,2.5,22,0,0,plasma,COAGULOMETRÍA,false,true
872,ECN-CAT-END-102,Confirmación de Tiroxina libre,930,3.75,29,1,1,plasma,ELISA,true,true
873,ECN-CAT-URO-102,Confirmación de Microalbúmina en orina,330,1,6,1,1,urine,COLORIMETRÍA,false,true
874,ECN-CAT-MOL-102,Confirmación de Virus de influenza A,810,6,13,1,1,swab,RT-PCR,true,true
875,ECN-CAT-QC-103,Confirmación de Creatinina,570,2,20,1,1,serum,ENZIMÁTICO,false,true
876,ECN-CAT-HEM-103,Confirmación de Hematocrito,770,2.5,27,2,2,blood,IMPEDANCIA,true,true
877,ECN-CAT-INM-103,Confirmación de Antiestreptolisinas O,300,1.25,4,1,1,serum,INMUNOENSAYO,false,true
878,ECN-CAT-MIC-103,Confirmación de Exudado faríngeo,540,13,11,1,1,swab,CULTIVO,false,true
879,ECN-CAT-COA-103,Confirmación de Tiempo de trombina,620,2,18,0,0,plasma,COAGULOMETRÍA,false,true
880,ECN-CAT-END-103,Confirmación de Tiroxina total,810,3,25,2,2,serum,INMUNOENSAYO,true,true
881,ECN-CAT-URO-103,Confirmación de Proteínas en orina,210,0.75,2,1,1,urine,TIRA REACTIVA,false,true
882,ECN-CAT-MOL-103,Confirmación de Virus de influenza B,760,5.75,9,0,0,swab,RT-PCR,true,true
883,ECN-CAT-QC-104,Confirmación de Ácido úrico,510,2,16,0,0,plasma,ESPECTROFOTOMETRÍA,false,true
884,ECN-CAT-HEM-104,Confirmación de Eritrocitos,770,3,23,1,1,blood,CITOMETRÍA,false,true
885,ECN-CAT-INM-104,Confirmación de Inmunoglobulina A,940,4,30,0,0,serum,ELISA,true,true
886,ECN-CAT-MIC-104,Confirmación de Exudado nasal,440,12.75,7,3,3,swab,CULTIVO,true,true
887,ECN-CAT-COA-104,Confirmación de Fibrinógeno,530,1.75,14,2,2,plasma,COAGULOMETRÍA,false,true
888,ECN-CAT-END-104,Confirmación de Triyodotironina libre,770,3.75,21,0,0,plasma,QUIMIOLUMINISCENCIA,false,true
889,ECN-CAT-URO-104,Confirmación de Glucosa en orina,850,3,28,1,1,urine,MICROSCOPÍA,true,true
890,ECN-CAT-MOL-104,Confirmación de Virus del papiloma humano,630,6.5,5,2,2,swab,PCR,true,true
891,ECN-CAT-QC-105,Confirmación de Colesterol total,390,1.5,12,1,1,serum,COLORIMETRÍA,false,true
892,ECN-CAT-HEM-105,Confirmación de Leucocitos,550,2.5,19,0,0,blood,MICROSCOPÍA,false,true
893,ECN-CAT-INM-105,Confirmación de Inmunoglobulina G,870,4.25,26,0,0,serum,QUIMIOLUMINISCENCIA,true,true
894,ECN-CAT-MIC-105,Confirmación de Exudado vaginal,350,12.5,3,1,1,swab,CULTIVO,false,true
895,ECN-CAT-COA-105,Confirmación de Dímero D,430,1.5,10,1,1,plasma,COAGULOMETRÍA,false,true
896,ECN-CAT-END-105,Confirmación de Triyodotironina total,690,3,17,2,2,serum,ELISA,false,true
897,ECN-CAT-URO-105,Confirmación de Creatinina en orina,740,2.25,24,2,2,urine,COLORIMETRÍA,false,true
898,ECN-CAT-MOL-105,Confirmación de Virus de hepatitis B,530,6.25,1,1,1,plasma,PCR,true,true
899,ECN-CAT-QC-106,Confirmación de Triglicéridos,280,1,8,0,0,plasma,ENZIMÁTICO,false,true
900,ECN-CAT-HEM-106,Confirmación de Plaquetas,520,1.75,15,1,1,blood,IMPEDANCIA,false,true
901,ECN-CAT-INM-106,Confirmación de Inmunoglobulina M,720,2.75,22,1,1,serum,INMUNOENSAYO,false,true
902,ECN-CAT-MIC-106,Confirmación de Exudado uretral,910,14.25,29,0,0,swab,CULTIVO,true,true
903,ECN-CAT-COA-106,Confirmación de INR,330,1.25,6,2,2,plasma,COAGULOMETRÍA,false,true
904,ECN-CAT-END-106,Confirmación de Insulina,560,2.25,13,1,1,plasma,INMUNOENSAYO,false,true
905,ECN-CAT-URO-106,Confirmación de Calcio en orina,630,1.75,20,0,0,urine,TIRA REACTIVA,false,true
906,ECN-CAT-MOL-106,Confirmación de Virus de hepatitis C,1100,8.25,27,2,2,plasma,PCR,true,true
907,ECN-CAT-QC-107,Confirmación de Bilirrubina total,260,1,4,2,2,serum,ESPECTROFOTOMETRÍA,false,true
908,ECN-CAT-HEM-107,Confirmación de Reticulocitos,530,2.25,11,1,1,blood,CITOMETRÍA,false,true
909,ECN-CAT-INM-107,Confirmación de Inmunoglobulina E,650,3,18,0,0,serum,ELISA,false,true
910,ECN-CAT-MIC-107,Confirmación de Hemocultivo,810,14,25,1,1,blood,CULTIVO,true,true
911,ECN-CAT-COA-107,Confirmación de Actividad de factor VIII,280,1,2,0,0,plasma,COAGULOMETRÍA,false,true
912,ECN-CAT-END-107,Confirmación de Cortisol,520,3,9,2,2,serum,QUIMIOLUMINISCENCIA,false,true
913,ECN-CAT-URO-107,Confirmación de Ácido úrico en orina,560,2.25,16,1,1,urine,MICROSCOPÍA,false,true
914,ECN-CAT-MOL-107,Confirmación de Virus de Epstein-Barr,1000,8,23,2,2,blood,PCR,true,true
915,ECN-CAT-QC-108,Confirmación de Bilirrubina directa,810,2.5,30,1,1,plasma,COLORIMETRÍA,true,true
916,ECN-CAT-HEM-108,Confirmación de Volumen corpuscular medio,310,1.5,7,0,0,blood,MICROSCOPÍA,false,true
917,ECN-CAT-INM-108,Confirmación de Complemento C3,580,3.25,14,1,1,serum,QUIMIOLUMINISCENCIA,false,true
918,ECN-CAT-MIC-108,Confirmación de Cultivo de esputo,760,13.5,21,2,2,other,CULTIVO,true,true
919,ECN-CAT-COA-108,Confirmación de Actividad de factor IX,840,2.75,28,0,0,plasma,COAGULOMETRÍA,true,true
920,ECN-CAT-END-108,Confirmación de Hormona adrenocorticotropa,400,2.25,5,1,1,plasma,ELISA,false,true
921,ECN-CAT-URO-108,Confirmación de Sodio en orina,450,1.25,12,0,0,urine,COLORIMETRÍA,false,true
922,ECN-CAT-MOL-108,Confirmación de Citomegalovirus,950,7.75,19,0,0,blood,PCR,true,true
923,ECN-CAT-QC-109,Confirmación de Alanina aminotransferasa,700,2.25,26,2,2,serum,ENZIMÁTICO,true,true
924,ECN-CAT-HEM-109,Confirmación de Hemoglobina corpuscular media,230,0.75,3,2,2,blood,IMPEDANCIA,false,true
925,ECN-CAT-INM-109,Confirmación de Complemento C4,420,2,10,1,1,serum,INMUNOENSAYO,false,true
926,ECN-CAT-MIC-109,Confirmación de Cultivo de heridas,660,13.25,17,1,1,swab,CULTIVO,false,true
927,ECN-CAT-COA-109,Confirmación de Actividad de factor XI,750,2.75,24,1,1,plasma,COAGULOMETRÍA,false,true
928,ECN-CAT-END-109,Confirmación de Hormona de crecimiento,270,1.25,1,1,1,serum,INMUNOENSAYO,false,true
929,ECN-CAT-URO-109,Confirmación de Potasio en orina,390,1,8,1,1,urine,TIRA REACTIVA,false,true
930,ECN-CAT-MOL-109,Confirmación de Virus herpes simple 1,850,7.25,15,1,1,swab,PCR,true,true
931,ECN-CAT-QC-110,Confirmación de Aspartato aminotransferasa,630,2.25,22,2,2,plasma,ESPECTROFOTOMETRÍA,false,true
932,ECN-CAT-HEM-110,Confirmación de Concentración media de hemoglobina,890,3.25,29,1,1,blood,CITOMETRÍA,true,true
933,ECN-CAT-INM-110,Confirmación de Anticuerpos antinucleares,400,2.25,6,1,1,serum,ELISA,false,true
934,ECN-CAT-MIC-110,Confirmación de Cultivo de secreciones,570,13,13,2,2,swab,CULTIVO,false,true
935,ECN-CAT-COA-110,Confirmación de Actividad de factor XII,650,2.5,20,2,2,plasma,COAGULOMETRÍA,false,true
936,ECN-CAT-END-110,Confirmación de Prolactina,940,4,27,0,0,plasma,QUIMIOLUMINISCENCIA,true,true
937,ECN-CAT-URO-110,Confirmación de Cloro en orina,310,1.5,4,1,1,urine,MICROSCOPÍA,false,true
938,ECN-CAT-MOL-110,Confirmación de Virus herpes simple 2,760,7,11,1,1,swab,PCR,true,true
939,ECN-CAT-QC-111,Confirmación de Fosfatasa alcalina,510,1.75,18,0,0,serum,COLORIMETRÍA,false,true
940,ECN-CAT-HEM-111,Confirmación de Ancho de distribución eritrocitaria,720,2.75,25,2,2,blood,MICROSCOPÍA,true,true
941,ECN-CAT-INM-111,Confirmación de Anticuerpos anti-DNA,340,2.5,2,1,1,serum,QUIMIOLUMINISCENCIA,false,true
942,ECN-CAT-MIC-111,Confirmación de Antibiograma,470,12.75,9,0,0,other,CULTIVO,false,true
943,ECN-CAT-COA-111,Confirmación de Antitrombina III,550,2.25,16,1,1,plasma,COAGULOMETRÍA,false,true
944,ECN-CAT-END-111,Confirmación de Hormona luteinizante,810,3.25,23,2,2,serum,ELISA,false,true
945,ECN-CAT-URO-111,Confirmación de Fósforo en orina,870,2.5,30,1,1,urine,COLORIMETRÍA,true,true
946,ECN-CAT-MOL-111,Confirmación de Chlamydia trachomatis,660,6.75,7,0,0,swab,PCR,true,true
947,ECN-CAT-QC-112,Confirmación de Gamma glutamil transferasa,450,1.5,14,1,1,plasma,ENZIMÁTICO,false,true
948,ECN-CAT-HEM-112,Confirmación de Neutrófilos,650,2.25,21,1,1,blood,IMPEDANCIA,false,true
949,ECN-CAT-INM-112,Confirmación de Anticuerpos anticardiolipina,840,3.25,28,0,0,serum,INMUNOENSAYO,true,true
950,ECN-CAT-MIC-112,Confirmación de Tinción de Gram,270,1.5,5,1,1,other,MICROSCOPÍA,true,true
951,ECN-CAT-COA-112,Confirmación de Proteína C funcional,500,2,12,1,1,plasma,COAGULOMETRÍA,false,true
952,ECN-CAT-END-112,Confirmación de Hormona foliculoestimulante,690,2.5,19,2,2,plasma,INMUNOENSAYO,false,true
953,ECN-CAT-URO-112,Confirmación de Magnesio en orina,750,2,26,0,0,urine,TIRA REACTIVA,true,true
954,ECN-CAT-MOL-112,Confirmación de Neisseria gonorrhoeae,560,6.5,3,2,2,swab,PCR,true,true
955,ECN-CAT-QC-113,Confirmación de Albúmina,390,1.25,10,1,1,serum,ESPECTROFOTOMETRÍA,false,true
956,ECN-CAT-HEM-113,Confirmación de Linfocitos,650,2.75,17,0,0,blood,CITOMETRÍA,false,true
957,ECN-CAT-INM-113,Confirmación de Procalcitonina,770,3.25,24,0,0,serum,ELISA,false,true
958,ECN-CAT-MIC-113,Confirmación de Baciloscopía,220,1.25,1,1,1,other,MICROSCOPÍA,false,true
959,ECN-CAT-COA-113,Confirmación de Proteína S funcional,410,1.75,8,0,0,plasma,COAGULOMETRÍA,false,true
960,ECN-CAT-END-113,Confirmación de Estradiol,650,3.25,15,2,2,serum,QUIMIOLUMINISCENCIA,false,true
961,ECN-CAT-URO-113,Confirmación de Urea en orina,680,2.5,22,1,1,urine,MICROSCOPÍA,false,true
962,ECN-CAT-MOL-113,Confirmación de Mycobacterium tuberculosis,1170,8.25,29,1,1,other,PCR,true,true
963,ECN-CAT-QC-114,Confirmación de Proteínas totales,270,1,6,0,0,plasma,COLORIMETRÍA,false,true
964,ECN-CAT-HEM-114,Confirmación de Monocitos,430,2.25,13,2,2,blood,MICROSCOPÍA,false,true
965,ECN-CAT-INM-114,Confirmación de Ferritina,700,3.5,20,1,1,serum,QUIMIOLUMINISCENCIA,false,true
966,ECN-CAT-MIC-114,Confirmación de Búsqueda de hongos,790,3,27,1,1,other,MICROSCOPÍA,true,true
967,ECN-CAT-COA-114,Confirmación de Anticoagulante lúpico,310,1.25,4,0,0,plasma,COAGULOMETRÍA,false,true
968,ECN-CAT-END-114,Confirmación de Progesterona,520,2.5,11,2,2,plasma,ELISA,false,true
969,ECN-CAT-URO-114,Confirmación de Osmolalidad urinaria,620,2,18,1,1,urine,COLORIMETRÍA,false,true
970,ECN-CAT-MOL-114,Confirmación de Bordetella pertussis,1070,8,25,1,1,swab,PCR,true,true
971,ECN-CAT-QC-115,Confirmación de Calcio,160,0.5,2,2,2,serum,ENZIMÁTICO,false,true
972,ECN-CAT-HEM-115,Confirmación de Eosinófilos,350,1.5,9,2,2,blood,IMPEDANCIA,false,true
973,ECN-CAT-INM-115,Confirmación de Troponina I,600,2.25,16,0,0,serum,INMUNOENSAYO,false,true
974,ECN-CAT-MIC-115,Confirmación de Coprológico,690,2.75,23,1,1,stool,MICROSCOPÍA,false,true
975,ECN-CAT-COA-115,Confirmación de Resistencia a proteína C activada,870,3,30,1,1,plasma,COAGULOMETRÍA,true,true
976,ECN-CAT-END-115,Confirmación de Testosterona total,390,1.75,7,0,0,serum,INMUNOENSAYO,false,true
977,ECN-CAT-URO-115,Confirmación de Depuración de creatinina,510,1.5,14,1,1,urine,TIRA REACTIVA,false,true
978,ECN-CAT-MOL-115,Confirmación de Parvovirus B19,980,7.75,21,1,1,blood,PCR,true,true
979,ECN-CAT-QC-116,Confirmación de Fósforo,750,2.5,28,0,0,plasma,ESPECTROFOTOMETRÍA,true,true
980,ECN-CAT-HEM-116,Confirmación de Basófilos,410,2,5,1,1,blood,CITOMETRÍA,false,true
981,ECN-CAT-INM-116,Confirmación de Antígeno carcinoembrionario,530,2.5,12,2,2,serum,ELISA,false,true
982,ECN-CAT-MIC-116,Confirmación de Amiba en fresco,590,2.25,19,2,2,stool,MICROSCOPÍA,true,true
983,ECN-CAT-COA-116,Confirmación de Agregación plaquetaria,770,2.75,26,0,0,plasma,COAGULOMETRÍA,true,true
984,ECN-CAT-END-116,Confirmación de Testosterona libre,400,2.25,3,1,1,plasma,QUIMIOLUMINISCENCIA,false,true
985,ECN-CAT-URO-116,Confirmación de Sedimento urinario,440,2,10,0,0,urine,MICROSCOPÍA,false,true
986,ECN-CAT-MOL-116,Confirmación de Dengue por PCR,910,6.5,17,1,1,blood,RT-PCR,true,true
987,ECN-CAT-QC-117,Confirmación de Magnesio,690,2,24,1,1,serum,COLORIMETRÍA,false,true
988,ECN-CAT-HEM-117,Confirmación de Velocidad de sedimentación,190,1.5,1,2,2,blood,MICROSCOPÍA,false,true
989,ECN-CAT-INM-117,Confirmación de Alfafetoproteína,460,2.75,8,2,2,serum,QUIMIOLUMINISCENCIA,false,true
990,ECN-CAT-MIC-117,Confirmación de Sangre oculta en heces,530,2,15,0,0,stool,INMUNOCROMATOGRAFÍA,false,true
991,ECN-CAT-COA-117,Confirmación de Tiempo de sangrado,720,2.5,22,1,1,plasma,COAGULOMETRÍA,false,true
992,ECN-CAT-END-117,Confirmación de Dehidroepiandrosterona,940,3.5,29,2,2,serum,ELISA,true,true
993,ECN-CAT-URO-117,Confirmación de Cetonas en orina,330,1,6,0,0,urine,COLORIMETRÍA,false,true
994,ECN-CAT-MOL-117,Confirmación de Zika por PCR,810,6,13,0,0,blood,RT-PCR,true,true
995,ECN-CAT-QC-118,Confirmación de Sodio,580,1.75,20,0,0,plasma,ENZIMÁTICO,false,true
996,ECN-CAT-HEM-118,Confirmación de Frotis de sangre periférica,770,2.5,27,0,0,blood,IMPEDANCIA,true,true
997,ECN-CAT-INM-118,Confirmación de CA 125,300,1.5,4,1,1,serum,INMUNOENSAYO,false,true
998,ECN-CAT-MIC-118,Confirmación de Rotavirus en heces,480,1.75,11,2,2,stool,INMUNOCROMATOGRAFÍA,false,true
999,ECN-CAT-COA-118,Confirmación de Tiempo de coagulación,630,2.25,18,2,2,plasma,COAGULOMETRÍA,false,true
1000,ECN-CAT-END-118,Confirmación de Aldosterona,810,2.75,25,0,0,plasma,INMUNOENSAYO,true,true
1001,ECN-CAT-URO-118,Confirmación de Hemoglobina en orina,220,0.75,2,1,1,urine,TIRA REACTIVA,false,true
1002,ECN-CAT-MOL-118,Confirmación de Chikungunya por PCR,760,5.75,9,1,1,blood,RT-PCR,true,true
1003,ECN-CAT-QC-119,Confirmación de Potasio,510,1.75,16,1,1,serum,ESPECTROFOTOMETRÍA,false,true
1004,ECN-CAT-HEM-119,Confirmación de Conteo diferencial,770,3,23,0,0,blood,CITOMETRÍA,false,true
1005,ECN-CAT-INM-119,Confirmación de CA 19-9,890,3.75,30,1,1,serum,ELISA,true,true
1006,ECN-CAT-MIC-119,Confirmación de Adenovirus en heces,390,1.25,7,1,1,stool,INMUNOCROMATOGRAFÍA,false,true
1007,ECN-CAT-COA-119,Confirmación de Productos de degradación de fibrina,530,2,14,0,0,plasma,COAGULOMETRÍA,false,true
1008,ECN-CAT-END-119,Confirmación de Renina,770,3.5,21,2,2,serum,QUIMIOLUMINISCENCIA,false,true
1009,ECN-CAT-URO-119,Confirmación de Nitritos en orina,850,3.25,28,2,2,urine,MICROSCOPÍA,true,true
1010,ECN-CAT-MOL-119,Confirmación de Panel respiratorio molecular,670,5.5,5,0,0,swab,RT-PCR,true,true
1011,ECN-CAT-QC-120,Confirmación de Cloro,390,1.5,12,0,0,plasma,COLORIMETRÍA,false,true
1012,ECN-CAT-HEM-120,Confirmación de Índice plaquetario,550,2.5,19,1,1,blood,MICROSCOPÍA,false,true
1013,ECN-CAT-INM-120,Confirmación de CA 15-3,880,4,26,0,0,serum,QUIMIOLUMINISCENCIA,true,true
1014,ECN-CAT-MIC-120,Confirmación de Helicobacter pylori,290,1,3,1,1,stool,INMUNOCROMATOGRAFÍA,true,true
1015,ECN-CAT-COA-120,Confirmación de Factor de von Willebrand,430,1.75,10,1,1,plasma,COAGULOMETRÍA,false,true
1016,ECN-CAT-END-120,Confirmación de Paratohormona,640,2.75,17,1,1,plasma,ELISA,false,true
1017,ECN-CAT-URO-120,Confirmación de Leucocitos en orina,750,2.25,24,0,0,urine,COLORIMETRÍA,false,true
1018,ECN-CAT-MOL-120,Confirmación de Panel gastrointestinal molecular,570,5.25,1,2,2,other,RT-PCR,true,true
1019,ECN-CAT-QC-121,Confirmación de Hierro sérico,280,1.25,8,1,1,serum,ENZIMÁTICO,false,true
1020,ECN-CAT-HEM-121,Confirmación de Morfología eritrocitaria,530,1.75,15,1,1,blood,IMPEDANCIA,false,true
1021,ECN-CAT-INM-121,Confirmación de Antígeno prostático total,720,2.5,22,0,0,serum,INMUNOENSAYO,false,true
1022,ECN-CAT-MIC-121,Confirmación de Clostridioides difficile,850,2.75,29,1,1,stool,INMUNOCROMATOGRAFÍA,true,true
1023,ECN-CAT-COA-121,Confirmación de Mezcla de TTPa,330,1.25,6,0,0,plasma,COAGULOMETRÍA,false,true
1024,ECN-CAT-END-121,Confirmación de Calcitonina,570,2,13,1,1,serum,INMUNOENSAYO,false,true
1025,ECN-CAT-URO-121,Confirmación de Cristales en orina,630,2,20,2,2,urine,TIRA REACTIVA,false,true
1026,ECN-CAT-MOL-121,Confirmación de Trombofilia hereditaria,1100,8,27,2,2,blood,PCR,true,true
1027,ECN-CAT-QC-122,Confirmación de Amilasa,220,1.25,4,0,0,plasma,ESPECTROFOTOMETRÍA,false,true
1028,ECN-CAT-HEM-122,Confirmación de Morfología leucocitaria,530,2.25,11,1,1,blood,CITOMETRÍA,false,true
1029,ECN-CAT-INM-122,Confirmación de Antígeno prostático libre,650,2.75,18,1,1,serum,ELISA,false,true
1030,ECN-CAT-MIC-122,Confirmación de Estreptococo del grupo A,750,2.5,25,0,0,swab,INMUNOCROMATOGRAFÍA,true,true
1031,ECN-CAT-COA-122,Confirmación de Mezcla de TP,290,1,2,0,0,plasma,COAGULOMETRÍA,false,true
1032,ECN-CAT-END-122,Confirmación de Péptido C,530,3,9,1,1,plasma,QUIMIOLUMINISCENCIA,false,true
1033,ECN-CAT-URO-122,Confirmación de Cilindros urinarios,560,2.25,16,1,1,urine,MICROSCOPÍA,false,true
1034,ECN-CAT-MOL-122,Confirmación de Mutación JAK2,1000,7.75,23,1,1,blood,PCR,true,true
1035,ECN-CAT-QC-123,Confirmación de Lipasa,810,2.75,30,1,1,serum,COLORIMETRÍA,true,true
1036,ECN-CAT-HEM-123,Confirmación de Morfología plaquetaria,310,1.75,7,2,2,blood,MICROSCOPÍA,false,true
1037,ECN-CAT-INM-123,Confirmación de Serología para dengue,580,3,14,1,1,serum,QUIMIOLUMINISCENCIA,false,true
1038,ECN-CAT-MIC-123,Confirmación de Salmonella,770,13.75,21,1,1,stool,CULTIVO,false,true
1039,ECN-CAT-COA-123,Confirmación de Factor V,850,2.75,28,1,1,plasma,COAGULOMETRÍA,true,true
1040,ECN-CAT-END-123,Confirmación de 17-hidroxiprogesterona,400,2.25,5,1,1,serum,ELISA,false,true
1041,ECN-CAT-URO-123,Confirmación de Urobilinógeno en orina,450,1.5,12,0,0,urine,COLORIMETRÍA,false,true
1042,ECN-CAT-MOL-123,Confirmación de BCR-ABL cuantitativo,950,7.5,19,1,1,blood,PCR,true,true
1043,ECN-CAT-QC-124,Confirmación de Lactato deshidrogenasa,700,2.25,26,1,1,plasma,ENZIMÁTICO,true,true
1044,ECN-CAT-HEM-124,Confirmación de Hemoparásitos,230,1,3,0,0,blood,IMPEDANCIA,false,true
1045,ECN-CAT-INM-124,Confirmación de Serología para rubéola,420,1.75,10,1,1,serum,INMUNOENSAYO,false,true
1046,ECN-CAT-MIC-124,Confirmación de Shigella,670,13.5,17,2,2,stool,CULTIVO,true,true
1047,ECN-CAT-COA-124,Confirmación de Factor VII,750,2.5,24,0,0,plasma,COAGULOMETRÍA,false,true
1048,ECN-CAT-END-124,Confirmación de Hormona antimülleriana,270,1.5,1,0,0,plasma,INMUNOENSAYO,false,true
1049,ECN-CAT-URO-124,Confirmación de Bilirrubina en orina,390,1,8,1,1,urine,TIRA REACTIVA,false,true
1050,ECN-CAT-MOL-124,Confirmación de HLA-B27,860,7,15,1,1,blood,PCR,true,true
1051,ECN-CAT-QC-125,Confirmación de Hemoglobina glucosilada,630,2.25,22,0,0,blood,ESPECTROFOTOMETRÍA,false,true
1052,ECN-CAT-HEM-125,Confirmación de Prueba de falciformación,890,3.5,29,1,1,blood,CITOMETRÍA,true,true
1053,ECN-CAT-INM-125,Confirmación de Serología para toxoplasma,410,2.25,6,1,1,serum,ELISA,false,true
1054,ECN-CAT-MIC-125,Confirmación de Candida albicans,570,13.25,13,0,0,swab,CULTIVO,false,true
1055,ECN-CAT-COA-125,Confirmación de Factor X,650,2.25,20,2,2,plasma,COAGULOMETRÍA,false,true
1056,ECN-CAT-END-125,Confirmación de Somatomedina C,890,4.25,27,2,2,serum,QUIMIOLUMINISCENCIA,true,true
1057,ECN-CAT-URO-125,Confirmación de Relación albúmina creatinina,320,1.5,4,1,1,urine,MICROSCOPÍA,false,true
1058,ECN-CAT-MOL-125,Confirmación de Carga viral cuantitativa,760,6.75,11,0,0,plasma,PCR,true,true
1059,ECN-CAT-QC-126,Determinación de Glucosa,270,0.75,7,3,3,serum,ENZIMÁTICO,false,true
1060,ECN-CAT-QC-127,Determinación de Urea,210,1,4,2,0,plasma,ESPECTROFOTOMETRÍA,false,true
1061,ECN-CAT-QC-128,Determinación de Creatinina,760,2.75,31,0,0,serum,COLORIMETRÍA,true,true
1062,ECN-CAT-QC-129,Determinación de Ácido úrico,670,2.75,28,1,1,plasma,ENZIMÁTICO,true,true
1063,ECN-CAT-QC-130,Determinación de Colesterol total,660,1.75,20,1,0,serum,ESPECTROFOTOMETRÍA,false,true
1064,ECN-CAT-QC-131,Determinación de Triglicéridos,550,1.5,17,4,2,plasma,COLORIMETRÍA,false,true
1065,ECN-CAT-QC-132,Determinación de Bilirrubina total,450,1.5,14,0,0,serum,ENZIMÁTICO,false,true
1066,ECN-CAT-QC-133,Determinación de Bilirrubina directa,400,1.5,11,2,2,plasma,ESPECTROFOTOMETRÍA,false,true
1067,ECN-CAT-QC-134,Determinación de Alanina aminotransferasa,290,1.5,8,1,0,serum,COLORIMETRÍA,false,true
1068,ECN-CAT-QC-135,Determinación de Aspartato aminotransferasa,150,0.25,1,2,0,plasma,ENZIMÁTICO,false,true
1069,ECN-CAT-QC-136,Determinación de Fosfatasa alcalina,750,2.25,27,0,0,serum,ESPECTROFOTOMETRÍA,false,true
1070,ECN-CAT-QC-137,Determinación de Gamma glutamil transferasa,640,2,24,2,2,plasma,COLORIMETRÍA,false,true
1071,ECN-CAT-QC-138,Determinación de Albúmina,550,2,21,1,1,serum,ENZIMÁTICO,false,true
1072,ECN-CAT-QC-139,Determinación de Proteínas totales,490,2.25,18,4,2,plasma,ESPECTROFOTOMETRÍA,false,true
1073,ECN-CAT-QC-140,Determinación de Calcio,430,1,10,0,0,serum,COLORIMETRÍA,false,true
1074,ECN-CAT-QC-141,Determinación de Fósforo,330,1,7,0,0,plasma,ENZIMÁTICO,false,true
1075,ECN-CAT-QC-142,Determinación de Magnesio,280,1.25,4,2,1,serum,ESPECTROFOTOMETRÍA,false,true
1076,ECN-CAT-QC-143,Determinación de Sodio,830,3,31,2,0,plasma,COLORIMETRÍA,true,true
1077,ECN-CAT-QC-144,Determinación de Potasio,640,2.75,28,0,0,serum,ENZIMÁTICO,true,true
1078,ECN-CAT-QC-145,Determinación de Cloro,580,1.75,20,1,1,plasma,ESPECTROFOTOMETRÍA,false,true
1079,ECN-CAT-QC-146,Determinación de Hierro sérico,520,1.5,17,1,0,serum,COLORIMETRÍA,false,true
1080,ECN-CAT-QC-147,Determinación de Amilasa,430,1.5,14,3,1,plasma,ENZIMÁTICO,false,true
1081,ECN-CAT-QC-148,Determinación de Lipasa,370,1.75,11,0,0,serum,ESPECTROFOTOMETRÍA,false,true
1082,ECN-CAT-QC-149,Determinación de Lactato deshidrogenasa,260,1.5,8,0,0,plasma,COLORIMETRÍA,false,true
1083,ECN-CAT-QC-150,Determinación de Hemoglobina glucosilada,160,0.25,1,2,2,blood,ENZIMÁTICO,false,true
1084,ECN-CAT-QC-151,Cuantificación de Glucosa,820,2.25,27,3,1,plasma,ESPECTROFOTOMETRÍA,true,true
1085,ECN-CAT-QC-152,Cuantificación de Urea,710,2.25,24,0,0,serum,COLORIMETRÍA,false,true
1086,ECN-CAT-QC-153,Cuantificación de Creatinina,520,2,21,2,2,plasma,ENZIMÁTICO,true,true
1087,ECN-CAT-QC-154,Cuantificación de Ácido úrico,460,2.25,18,2,1,serum,ESPECTROFOTOMETRÍA,false,true
1088,ECN-CAT-QC-155,Cuantificación de Colesterol total,350,0.75,10,5,3,plasma,COLORIMETRÍA,false,true
1089,ECN-CAT-QC-156,Cuantificación de Triglicéridos,310,0.75,7,0,0,serum,ENZIMÁTICO,false,true
1090,ECN-CAT-QC-157,Cuantificación de Bilirrubina total,250,1,4,0,0,plasma,ESPECTROFOTOMETRÍA,false,true
1091,ECN-CAT-QC-158,Cuantificación de Bilirrubina directa,800,2.75,31,2,1,serum,COLORIMETRÍA,true,true
1092,ECN-CAT-QC-159,Cuantificación de Alanina aminotransferasa,700,2.5,28,4,2,plasma,ENZIMÁTICO,true,true
1093,ECN-CAT-QC-160,Cuantificación de Aspartato aminotransferasa,640,1.5,20,0,0,serum,ESPECTROFOTOMETRÍA,false,true
1094,ECN-CAT-QC-161,Cuantificación de Fosfatasa alcalina,590,1.75,17,2,2,plasma,COLORIMETRÍA,false,true
1095,ECN-CAT-QC-162,Cuantificación de Gamma glutamil transferasa,400,1.5,14,2,2,serum,ENZIMÁTICO,false,true
1096,ECN-CAT-QC-163,Cuantificación de Albúmina,340,1.75,11,2,0,plasma,ESPECTROFOTOMETRÍA,false,true
1097,ECN-CAT-QC-164,Cuantificación de Proteínas totales,230,1.5,8,0,0,serum,COLORIMETRÍA,false,true
1098,ECN-CAT-QC-165,Cuantificación de Calcio,140,0.25,1,1,1,plasma,ENZIMÁTICO,false,true
1099,ECN-CAT-QC-166,Cuantificación de Fósforo,790,2.5,27,2,1,serum,ESPECTROFOTOMETRÍA,true,true
1100,ECN-CAT-QC-167,Cuantificación de Magnesio,680,2.25,24,4,2,plasma,COLORIMETRÍA,false,true
1101,ECN-CAT-QC-168,Cuantificación de Sodio,580,2.25,21,0,0,serum,ENZIMÁTICO,false,true
1102,ECN-CAT-QC-169,Cuantificación de Potasio,520,2.25,18,1,1,plasma,ESPECTROFOTOMETRÍA,false,true
1103,ECN-CAT-QC-170,Cuantificación de Cloro,420,1,10,1,0,serum,COLORIMETRÍA,true,true
1104,ECN-CAT-QC-171,Cuantificación de Hierro sérico,280,0.75,7,2,0,plasma,ENZIMÁTICO,false,true
1105,ECN-CAT-QC-172,Cuantificación de Amilasa,220,1,4,0,0,serum,ESPECTROFOTOMETRÍA,false,true
1106,ECN-CAT-QC-173,Cuantificación de Lipasa,770,2.75,31,0,0,plasma,COLORIMETRÍA,true,true
1107,ECN-CAT-QC-174,Cuantificación de Lactato deshidrogenasa,680,2.75,28,1,1,serum,ENZIMÁTICO,true,true
1108,ECN-CAT-QC-175,Cuantificación de Hemoglobina glucosilada,620,1.75,20,4,2,blood,ESPECTROFOTOMETRÍA,false,true
1109,ECN-CAT-QC-176,Evaluación de Glucosa,560,1.5,17,0,0,serum,COLORIMETRÍA,false,true
1110,ECN-CAT-QC-177,Evaluación de Urea,460,1.25,14,1,1,plasma,ENZIMÁTICO,false,true
1111,ECN-CAT-QC-178,Evaluación de Creatinina,400,1.5,11,1,0,serum,ESPECTROFOTOMETRÍA,false,true
1112,ECN-CAT-QC-179,Evaluación de Ácido úrico,300,1.25,8,2,0,plasma,COLORIMETRÍA,false,true
1113,ECN-CAT-QC-180,Evaluación de Colesterol total,110,0.25,1,0,0,serum,ENZIMÁTICO,false,true
1114,ECN-CAT-QC-181,Evaluación de Triglicéridos,760,2.25,27,2,2,plasma,ESPECTROFOTOMETRÍA,true,true
1115,ECN-CAT-QC-182,Evaluación de Bilirrubina total,650,2.25,24,1,0,serum,COLORIMETRÍA,false,true
1116,ECN-CAT-QC-183,Evaluación de Bilirrubina directa,560,2.25,21,4,2,plasma,ENZIMÁTICO,false,true
1117,ECN-CAT-QC-184,Evaluación de Alanina aminotransferasa,500,2.5,18,0,0,serum,ESPECTROFOTOMETRÍA,false,true
1118,ECN-CAT-QC-185,Evaluación de Aspartato aminotransferasa,390,1,10,0,0,plasma,COLORIMETRÍA,false,true
1119,ECN-CAT-QC-186,Evaluación de Fosfatasa alcalina,340,1,7,2,2,serum,ENZIMÁTICO,false,true
1120,ECN-CAT-QC-187,Evaluación de Gamma glutamil transferasa,280,1,4,2,0,plasma,ESPECTROFOTOMETRÍA,true,true
1121,ECN-CAT-QC-188,Evaluación de Albúmina,840,3,31,0,0,serum,COLORIMETRÍA,true,true
1122,ECN-CAT-QC-189,Evaluación de Proteínas totales,650,2.75,28,1,1,plasma,ENZIMÁTICO,true,true
1123,ECN-CAT-QC-190,Evaluación de Calcio,590,1.75,20,1,0,serum,ESPECTROFOTOMETRÍA,false,true
1124,ECN-CAT-QC-191,Evaluación de Fósforo,530,1.5,17,4,2,plasma,COLORIMETRÍA,false,true
1125,ECN-CAT-QC-192,Evaluación de Magnesio,440,1.5,14,0,0,serum,ENZIMÁTICO,false,true
1126,ECN-CAT-QC-193,Evaluación de Sodio,380,1.75,11,0,0,plasma,ESPECTROFOTOMETRÍA,false,true
1127,ECN-CAT-QC-194,Evaluación de Potasio,270,1.5,8,1,0,serum,COLORIMETRÍA,false,true
1128,ECN-CAT-QC-195,Evaluación de Cloro,170,0.25,1,2,0,plasma,ENZIMÁTICO,false,true
1129,ECN-CAT-QC-196,Evaluación de Hierro sérico,770,2.25,27,0,0,serum,ESPECTROFOTOMETRÍA,true,true
1130,ECN-CAT-QC-197,Evaluación de Amilasa,720,2,24,1,1,plasma,COLORIMETRÍA,false,true
1131,ECN-CAT-QC-198,Evaluación de Lipasa,530,2,21,1,1,serum,ENZIMÁTICO,false,true
1132,ECN-CAT-QC-199,Evaluación de Lactato deshidrogenasa,470,2.25,18,2,0,plasma,ESPECTROFOTOMETRÍA,false,true
1133,ECN-CAT-QC-200,Evaluación de Hemoglobina glucosilada,360,0.75,10,0,0,blood,COLORIMETRÍA,false,true
1134,ECN-CAT-QC-201,Control de Glucosa,260,0.75,7,0,0,plasma,ENZIMÁTICO,false,true
1135,ECN-CAT-QC-202,Control de Urea,260,0.75,4,2,1,serum,ESPECTROFOTOMETRÍA,false,true
1136,ECN-CAT-QC-203,Control de Creatinina,810,3,31,3,1,plasma,COLORIMETRÍA,true,true
1137,ECN-CAT-QC-204,Control de Ácido úrico,710,3,28,0,0,serum,ENZIMÁTICO,false,true
1138,ECN-CAT-QC-205,Control de Colesterol total,650,1.75,20,2,2,plasma,ESPECTROFOTOMETRÍA,false,true
1139,ECN-CAT-QC-206,Control de Triglicéridos,550,1.75,17,1,0,serum,COLORIMETRÍA,false,true
1140,ECN-CAT-QC-207,Control de Bilirrubina total,410,1.5,14,2,0,plasma,ENZIMÁTICO,false,true
1141,ECN-CAT-QC-208,Control de Bilirrubina directa,350,1.75,11,0,0,serum,ESPECTROFOTOMETRÍA,false,true
1142,ECN-CAT-QC-209,Control de Alanina aminotransferasa,240,1.5,8,0,0,plasma,COLORIMETRÍA,false,true
1143,ECN-CAT-QC-210,Control de Aspartato aminotransferasa,140,0.25,1,3,3,serum,ENZIMÁTICO,false,true
1144,ECN-CAT-QC-211,Control de Fosfatasa alcalina,750,2.5,27,2,0,plasma,ESPECTROFOTOMETRÍA,true,true
1145,ECN-CAT-QC-212,Control de Gamma glutamil transferasa,690,2.25,24,1,1,serum,COLORIMETRÍA,false,true
1146,ECN-CAT-QC-213,Control de Albúmina,590,2,21,3,3,plasma,ENZIMÁTICO,false,true
1147,ECN-CAT-QC-214,Control de Proteínas totales,530,2.25,18,1,0,serum,ESPECTROFOTOMETRÍA,false,true
1148,ECN-CAT-QC-215,Control de Calcio,430,0.75,10,2,0,plasma,COLORIMETRÍA,false,true
1149,ECN-CAT-QC-216,Control de Fósforo,240,0.75,7,0,0,serum,ENZIMÁTICO,false,true
1150,ECN-CAT-QC-217,Control de Magnesio,230,1,4,0,0,plasma,ESPECTROFOTOMETRÍA,false,true
1151,ECN-CAT-QC-218,Control de Sodio,780,2.75,31,3,2,serum,COLORIMETRÍA,true,true
1152,ECN-CAT-QC-219,Control de Potasio,680,2.75,28,4,2,plasma,ENZIMÁTICO,true,true
1153,ECN-CAT-QC-220,Control de Cloro,630,1.5,20,0,0,serum,ESPECTROFOTOMETRÍA,false,true
1154,ECN-CAT-QC-221,Control de Hierro sérico,520,1.5,17,0,0,plasma,COLORIMETRÍA,true,true
1155,ECN-CAT-QC-222,Control de Amilasa,470,1.25,14,2,2,serum,ENZIMÁTICO,false,true
1156,ECN-CAT-QC-223,Control de Lipasa,410,1.5,11,3,1,plasma,ESPECTROFOTOMETRÍA,false,true
1157,ECN-CAT-QC-224,Control de Lactato deshidrogenasa,310,1.75,8,0,0,serum,COLORIMETRÍA,false,true
1158,ECN-CAT-QC-225,Control de Hemoglobina glucosilada,120,0.25,1,0,0,blood,ENZIMÁTICO,false,true
1159,ECN-CAT-QC-226,Confirmación de Glucosa,720,2.5,27,3,2,serum,ESPECTROFOTOMETRÍA,true,true
1160,ECN-CAT-QC-227,Confirmación de Urea,660,2.25,24,3,1,plasma,COLORIMETRÍA,false,true
1161,ECN-CAT-QC-228,Confirmación de Creatinina,560,2.25,21,0,0,serum,ENZIMÁTICO,false,true
1162,ECN-CAT-QC-229,Confirmación de Ácido úrico,510,2.5,18,0,0,plasma,ESPECTROFOTOMETRÍA,false,true
1163,ECN-CAT-QC-230,Confirmación de Colesterol total,400,1,10,2,1,serum,COLORIMETRÍA,false,true
1164,ECN-CAT-QC-231,Confirmación de Triglicéridos,300,0.75,7,2,0,plasma,ENZIMÁTICO,false,true
1165,ECN-CAT-QC-232,Confirmación de Bilirrubina total,290,1,4,1,1,serum,ESPECTROFOTOMETRÍA,false,true
1166,ECN-CAT-QC-233,Confirmación de Bilirrubina directa,850,2.75,31,1,1,plasma,COLORIMETRÍA,true,true
1167,ECN-CAT-QC-234,Confirmación de Alanina aminotransferasa,660,2.75,28,3,3,serum,ENZIMÁTICO,true,true
1168,ECN-CAT-QC-235,Confirmación de Aspartato aminotransferasa,600,1.75,20,4,2,plasma,ESPECTROFOTOMETRÍA,false,true
1169,ECN-CAT-QC-236,Confirmación de Fosfatasa alcalina,490,1.5,17,0,0,serum,COLORIMETRÍA,false,true
1170,ECN-CAT-QC-237,Confirmación de Gamma glutamil transferasa,440,1.5,14,1,1,plasma,ENZIMÁTICO,false,true
1171,ECN-CAT-QC-238,Confirmación de Albúmina,390,1.5,11,2,1,serum,ESPECTROFOTOMETRÍA,true,true
1172,ECN-CAT-QC-239,Confirmación de Proteínas totales,280,1.5,8,2,0,plasma,COLORIMETRÍA,false,true
1173,ECN-CAT-QC-240,Confirmación de Calcio,180,0.25,1,1,1,serum,ENZIMÁTICO,false,true
1174,ECN-CAT-QC-241,Confirmación de Fósforo,780,2.25,27,0,0,plasma,ESPECTROFOTOMETRÍA,true,true
1175,ECN-CAT-QC-242,Confirmación de Magnesio,730,2,24,2,1,serum,COLORIMETRÍA,false,true
1176,ECN-CAT-QC-243,Confirmación de Sodio,540,2,21,2,0,plasma,ENZIMÁTICO,false,true
1177,ECN-CAT-QC-244,Confirmación de Potasio,480,2.25,18,0,0,serum,ESPECTROFOTOMETRÍA,false,true
1178,ECN-CAT-HEM-126,Determinación de Biometría hemática,500,1.75,15,2,1,blood,IMPEDANCIA,false,true
1179,ECN-CAT-HEM-127,Determinación de Hemoglobina,500,2.5,12,0,0,blood,CITOMETRÍA,false,true
1180,ECN-CAT-HEM-128,Determinación de Hematocrito,300,2,9,1,1,blood,MICROSCOPÍA,false,true
1181,ECN-CAT-HEM-129,Determinación de Eritrocitos,280,0.25,1,1,0,blood,IMPEDANCIA,false,true
1182,ECN-CAT-HEM-130,Determinación de Leucocitos,960,3,28,4,2,blood,CITOMETRÍA,true,true
1183,ECN-CAT-HEM-131,Determinación de Plaquetas,740,2.75,25,1,1,blood,MICROSCOPÍA,true,true
1184,ECN-CAT-HEM-132,Determinación de Reticulocitos,600,2.5,22,0,0,blood,IMPEDANCIA,false,true
1185,ECN-CAT-HEM-133,Determinación de Volumen corpuscular medio,600,3.25,19,4,3,blood,CITOMETRÍA,false,true
1186,ECN-CAT-HEM-134,Determinación de Hemoglobina corpuscular media,440,1.75,11,2,0,blood,MICROSCOPÍA,false,true
1187,ECN-CAT-HEM-135,Determinación de Concentración media de hemoglobina,380,1.25,8,0,0,blood,IMPEDANCIA,false,true
1188,ECN-CAT-HEM-136,Determinación de Ancho de distribución eritrocitaria,380,2,5,1,1,blood,CITOMETRÍA,true,true
1189,ECN-CAT-HEM-137,Determinación de Neutrófilos,180,1.75,2,1,0,blood,MICROSCOPÍA,false,true
1190,ECN-CAT-HEM-138,Determinación de Linfocitos,780,3,29,4,3,blood,IMPEDANCIA,true,true
1191,ECN-CAT-HEM-139,Determinación de Monocitos,840,2.5,21,0,0,blood,CITOMETRÍA,false,true
1192,ECN-CAT-HEM-140,Determinación de Eosinófilos,620,2.25,18,1,1,blood,MICROSCOPÍA,false,true
1193,ECN-CAT-HEM-141,Determinación de Basófilos,480,1.75,15,3,2,blood,IMPEDANCIA,false,true
1194,ECN-CAT-HEM-142,Determinación de Velocidad de sedimentación,480,2.5,12,3,1,blood,CITOMETRÍA,false,true
1195,ECN-CAT-HEM-143,Determinación de Frotis de sangre periférica,280,2.25,9,0,0,blood,MICROSCOPÍA,false,true
1196,ECN-CAT-HEM-144,Determinación de Conteo diferencial,260,0.5,1,2,2,blood,IMPEDANCIA,false,true
1197,ECN-CAT-HEM-145,Determinación de Índice plaquetario,920,3.25,28,1,0,blood,CITOMETRÍA,true,true
1198,ECN-CAT-HEM-146,Determinación de Morfología eritrocitaria,720,2.75,25,4,2,blood,MICROSCOPÍA,true,true
1199,ECN-CAT-HEM-147,Determinación de Morfología leucocitaria,660,2.25,22,0,0,blood,IMPEDANCIA,false,true
1200,ECN-CAT-HEM-148,Determinación de Morfología plaquetaria,660,3,19,0,0,blood,CITOMETRÍA,false,true
1201,ECN-CAT-HEM-149,Determinación de Hemoparásitos,500,1.5,11,3,2,blood,MICROSCOPÍA,false,true
1202,ECN-CAT-HEM-150,Determinación de Prueba de falciformación,360,1,8,3,2,blood,IMPEDANCIA,false,true
1203,ECN-CAT-HEM-151,Cuantificación de Biometría hemática,360,1.75,5,0,0,blood,CITOMETRÍA,false,true
1204,ECN-CAT-HEM-152,Cuantificación de Hemoglobina,160,1.5,2,2,2,blood,MICROSCOPÍA,false,true
1205,ECN-CAT-HEM-153,Cuantificación de Hematocrito,740,3.25,29,2,1,blood,IMPEDANCIA,false,true
1206,ECN-CAT-HEM-154,Cuantificación de Eritrocitos,800,2.75,21,3,1,blood,CITOMETRÍA,false,true
1207,ECN-CAT-HEM-155,Cuantificación de Leucocitos,600,2.5,18,0,0,blood,MICROSCOPÍA,false,true
1208,ECN-CAT-HEM-156,Cuantificación de Plaquetas,540,1.75,15,1,1,blood,IMPEDANCIA,false,true
1209,ECN-CAT-HEM-157,Cuantificación de Reticulocitos,540,2.5,12,2,1,blood,CITOMETRÍA,false,true
1210,ECN-CAT-HEM-158,Cuantificación de Volumen corpuscular medio,340,2.25,9,3,1,blood,MICROSCOPÍA,false,true
1211,ECN-CAT-HEM-159,Cuantificación de Hemoglobina corpuscular media,240,0.5,1,0,0,blood,IMPEDANCIA,false,true
1212,ECN-CAT-HEM-160,Cuantificación de Concentración media de hemoglobina,900,3.25,28,2,2,blood,CITOMETRÍA,true,true
1213,ECN-CAT-HEM-161,Cuantificación de Ancho de distribución eritrocitaria,700,3,25,3,2,blood,MICROSCOPÍA,true,true
1214,ECN-CAT-HEM-162,Cuantificación de Neutrófilos,620,2.5,22,4,3,blood,IMPEDANCIA,false,true
1215,ECN-CAT-HEM-163,Cuantificación de Linfocitos,640,3.25,19,1,1,blood,CITOMETRÍA,false,true
1216,ECN-CAT-HEM-164,Cuantificación de Monocitos,440,1.5,11,0,0,blood,MICROSCOPÍA,false,true
1217,ECN-CAT-HEM-165,Cuantificación de Eosinófilos,420,1,8,1,0,blood,IMPEDANCIA,false,true
1218,ECN-CAT-HEM-166,Cuantificación de Basófilos,420,1.75,5,4,2,blood,CITOMETRÍA,false,true
1219,ECN-CAT-HEM-167,Cuantificación de Velocidad de sedimentación,220,1.5,2,0,0,blood,MICROSCOPÍA,false,true
1220,ECN-CAT-HEM-168,Cuantificación de Frotis de sangre periférica,720,3,29,2,2,blood,IMPEDANCIA,true,true
1221,ECN-CAT-HEM-169,Cuantificación de Conteo diferencial,740,2.5,21,3,2,blood,CITOMETRÍA,false,true
1222,ECN-CAT-HEM-170,Cuantificación de Índice plaquetario,580,2.25,18,2,0,blood,MICROSCOPÍA,true,true
1223,ECN-CAT-HEM-171,Cuantificación de Morfología eritrocitaria,500,1.5,15,0,0,blood,IMPEDANCIA,false,true
1224,ECN-CAT-HEM-172,Cuantificación de Morfología leucocitaria,520,2.25,12,1,1,blood,CITOMETRÍA,false,true
1225,ECN-CAT-HEM-173,Cuantificación de Morfología plaquetaria,320,2,9,1,0,blood,MICROSCOPÍA,false,true
1226,ECN-CAT-HEM-174,Cuantificación de Hemoparásitos,240,0.5,1,4,3,blood,IMPEDANCIA,false,true
1227,ECN-CAT-HEM-175,Cuantificación de Prueba de falciformación,960,3.25,28,0,0,blood,CITOMETRÍA,true,true
1228,ECN-CAT-HEM-176,Evaluación de Biometría hemática,760,3,25,1,1,blood,MICROSCOPÍA,true,true
1229,ECN-CAT-HEM-177,Evaluación de Hemoglobina,600,2.5,22,3,2,blood,IMPEDANCIA,false,true
1230,ECN-CAT-HEM-178,Evaluación de Hematocrito,620,3.25,19,3,1,blood,CITOMETRÍA,false,true
1231,ECN-CAT-HEM-179,Evaluación de Eritrocitos,400,1.75,11,0,0,blood,MICROSCOPÍA,false,true
1232,ECN-CAT-HEM-180,Evaluación de Leucocitos,380,1.25,8,1,1,blood,IMPEDANCIA,false,true
1233,ECN-CAT-HEM-181,Evaluación de Plaquetas,400,2,5,1,0,blood,CITOMETRÍA,false,true
1234,ECN-CAT-HEM-182,Evaluación de Reticulocitos,200,1.5,2,4,2,blood,MICROSCOPÍA,false,true
1235,ECN-CAT-HEM-183,Evaluación de Volumen corpuscular medio,780,3,29,0,0,blood,IMPEDANCIA,true,true
1236,ECN-CAT-HEM-184,Evaluación de Hemoglobina corpuscular media,800,2.5,21,1,1,blood,CITOMETRÍA,false,true
1237,ECN-CAT-HEM-185,Evaluación de Concentración media de hemoglobina,640,2.25,18,3,2,blood,MICROSCOPÍA,false,true
1238,ECN-CAT-HEM-186,Evaluación de Ancho de distribución eritrocitaria,480,1.75,15,2,1,blood,IMPEDANCIA,false,true
1239,ECN-CAT-HEM-187,Evaluación de Neutrófilos,500,2.5,12,0,0,blood,CITOMETRÍA,true,true
1240,ECN-CAT-HEM-188,Evaluación de Linfocitos,280,2.25,9,2,2,blood,MICROSCOPÍA,false,true
1241,ECN-CAT-HEM-189,Evaluación de Monocitos,220,0.25,1,1,0,blood,IMPEDANCIA,false,true
1242,ECN-CAT-HEM-190,Evaluación de Eosinófilos,940,3,28,3,1,blood,CITOMETRÍA,true,true
1243,ECN-CAT-HEM-191,Evaluación de Basófilos,740,2.75,25,0,0,blood,MICROSCOPÍA,true,true
1244,ECN-CAT-HEM-192,Evaluación de Velocidad de sedimentación,660,2.25,22,1,1,blood,IMPEDANCIA,false,true
1245,ECN-CAT-HEM-193,Evaluación de Frotis de sangre periférica,680,3,19,2,1,blood,CITOMETRÍA,false,true
1246,ECN-CAT-HEM-194,Evaluación de Conteo diferencial,460,1.5,11,3,1,blood,MICROSCOPÍA,false,true
1247,ECN-CAT-HEM-195,Evaluación de Índice plaquetario,360,1.25,8,0,0,blood,IMPEDANCIA,false,true
1248,ECN-CAT-HEM-196,Evaluación de Morfología eritrocitaria,380,2,5,1,1,blood,CITOMETRÍA,false,true
1249,ECN-CAT-HEM-197,Evaluación de Morfología leucocitaria,160,1.75,2,1,0,blood,MICROSCOPÍA,false,true
1250,ECN-CAT-HEM-198,Evaluación de Morfología plaquetaria,760,3.25,29,4,3,blood,IMPEDANCIA,true,true
1251,ECN-CAT-HEM-199,Evaluación de Hemoparásitos,760,2.75,21,0,0,blood,CITOMETRÍA,false,true
1252,ECN-CAT-HEM-200,Evaluación de Prueba de falciformación,620,2.25,18,0,0,blood,MICROSCOPÍA,false,true
1253,ECN-CAT-HEM-201,Control de Biometría hemática,540,1.75,15,2,1,blood,IMPEDANCIA,false,true
1254,ECN-CAT-HEM-202,Control de Hemoglobina,560,2.5,12,2,0,blood,CITOMETRÍA,false,true
1255,ECN-CAT-HEM-203,Control de Hematocrito,340,2.25,9,0,0,blood,MICROSCOPÍA,false,true
1256,ECN-CAT-HEM-204,Control de Eritrocitos,180,0.5,1,2,2,blood,IMPEDANCIA,true,true
1257,ECN-CAT-HEM-205,Control de Leucocitos,920,3.25,28,2,1,blood,CITOMETRÍA,true,true
1258,ECN-CAT-HEM-206,Control de Plaquetas,700,3,25,3,1,blood,MICROSCOPÍA,true,true
1259,ECN-CAT-HEM-207,Control de Reticulocitos,640,2.25,22,0,0,blood,IMPEDANCIA,false,true
1260,ECN-CAT-HEM-208,Control de Volumen corpuscular medio,640,3,19,0,0,blood,CITOMETRÍA,false,true
1261,ECN-CAT-HEM-209,Control de Hemoglobina corpuscular media,440,1.5,11,2,1,blood,MICROSCOPÍA,false,true
1262,ECN-CAT-HEM-210,Control de Concentración media de hemoglobina,420,1,8,4,3,blood,IMPEDANCIA,false,true
1263,ECN-CAT-HEM-211,Control de Ancho de distribución eritrocitaria,440,1.75,5,0,0,blood,CITOMETRÍA,false,true
1264,ECN-CAT-HEM-212,Control de Neutrófilos,220,1.5,2,2,2,blood,MICROSCOPÍA,false,true
1265,ECN-CAT-HEM-213,Control de Linfocitos,720,3,29,1,0,blood,IMPEDANCIA,true,true
1266,ECN-CAT-HEM-214,Control de Monocitos,740,2.5,21,4,2,blood,CITOMETRÍA,false,true
1267,ECN-CAT-HEM-215,Control de Eosinófilos,540,2,18,0,0,blood,MICROSCOPÍA,false,true
1268,ECN-CAT-HEM-216,Control de Basófilos,520,2,15,0,0,blood,IMPEDANCIA,false,true
1269,ECN-CAT-HEM-217,Control de Velocidad de sedimentación,520,2.75,12,2,1,blood,CITOMETRÍA,false,true
1270,ECN-CAT-HEM-218,Control de Frotis de sangre periférica,320,2.25,9,3,1,blood,MICROSCOPÍA,false,true
1271,ECN-CAT-HEM-219,Control de Conteo diferencial,260,0.5,1,0,0,blood,IMPEDANCIA,false,true
1272,ECN-CAT-HEM-220,Control de Índice plaquetario,920,3.25,28,3,3,blood,CITOMETRÍA,true,true
1273,ECN-CAT-HEM-221,Control de Morfología eritrocitaria,760,3,25,2,1,blood,MICROSCOPÍA,false,true
1274,ECN-CAT-HEM-222,Control de Morfología leucocitaria,600,2.5,22,2,1,blood,IMPEDANCIA,false,true
1275,ECN-CAT-HEM-223,Control de Morfología plaquetaria,620,3.25,19,0,0,blood,CITOMETRÍA,false,true
1276,ECN-CAT-HEM-224,Control de Hemoparásitos,420,1.75,11,1,1,blood,MICROSCOPÍA,false,true
1277,ECN-CAT-HEM-225,Control de Prueba de falciformación,340,1,8,3,2,blood,IMPEDANCIA,false,true
1278,ECN-CAT-HEM-226,Confirmación de Biometría hemática,400,1.75,5,4,2,blood,CITOMETRÍA,false,true
1279,ECN-CAT-HEM-227,Confirmación de Hemoglobina,200,1.5,2,0,0,blood,MICROSCOPÍA,false,true
1280,ECN-CAT-HEM-228,Confirmación de Hematocrito,800,3,29,2,2,blood,IMPEDANCIA,true,true
1281,ECN-CAT-HEM-229,Confirmación de Eritrocitos,800,2.5,21,2,1,blood,CITOMETRÍA,false,true
1282,ECN-CAT-HEM-230,Confirmación de Leucocitos,600,2.25,18,2,0,blood,MICROSCOPÍA,false,true
1283,ECN-CAT-HEM-231,Confirmación de Plaquetas,480,1.75,15,0,0,blood,IMPEDANCIA,false,true
1284,ECN-CAT-HEM-232,Confirmación de Reticulocitos,500,2.5,12,1,1,blood,CITOMETRÍA,false,true
1285,ECN-CAT-HEM-233,Confirmación de Volumen corpuscular medio,300,2,9,1,0,blood,MICROSCOPÍA,false,true
1286,ECN-CAT-HEM-234,Confirmación de Hemoglobina corpuscular media,220,0.25,1,4,3,blood,IMPEDANCIA,false,true
1287,ECN-CAT-HEM-235,Confirmación de Concentración media de hemoglobina,900,3,28,0,0,blood,CITOMETRÍA,true,true
1288,ECN-CAT-HEM-236,Confirmación de Ancho de distribución eritrocitaria,740,2.75,25,2,2,blood,MICROSCOPÍA,true,true
1289,ECN-CAT-HEM-237,Confirmación de Neutrófilos,680,2.5,22,2,1,blood,IMPEDANCIA,false,true
1290,ECN-CAT-HEM-238,Confirmación de Linfocitos,680,3.25,19,2,0,blood,CITOMETRÍA,true,true
1291,ECN-CAT-HEM-239,Confirmación de Monocitos,480,1.75,11,1,1,blood,MICROSCOPÍA,false,true
1292,ECN-CAT-HEM-240,Confirmación de Eosinófilos,320,1.25,8,2,2,blood,IMPEDANCIA,false,true
1293,ECN-CAT-HEM-241,Confirmación de Basófilos,380,2,5,2,1,blood,CITOMETRÍA,false,true
1294,ECN-CAT-HEM-242,Confirmación de Velocidad de sedimentación,180,1.75,2,4,2,blood,MICROSCOPÍA,false,true
1295,ECN-CAT-HEM-243,Confirmación de Frotis de sangre periférica,760,3,29,0,0,blood,IMPEDANCIA,true,true
1296,ECN-CAT-HEM-244,Confirmación de Conteo diferencial,780,2.5,21,0,0,blood,CITOMETRÍA,false,true
1297,ECN-CAT-INM-126,Determinación de Proteína C reactiva,720,3,23,1,1,serum,INMUNOENSAYO,false,true
1298,ECN-CAT-INM-127,Determinación de Factor reumatoide,720,3.5,20,1,1,serum,ELISA,false,true
1299,ECN-CAT-INM-128,Determinación de Antiestreptolisinas O,660,2.75,12,1,0,serum,QUIMIOLUMINISCENCIA,false,true
1300,ECN-CAT-INM-129,Determinación de Inmunoglobulina A,420,1.75,9,2,0,serum,INMUNOENSAYO,false,true
1301,ECN-CAT-INM-130,Determinación de Inmunoglobulina G,360,2.25,6,0,0,serum,ELISA,false,true
1302,ECN-CAT-INM-131,Determinación de Inmunoglobulina M,310,2.75,3,0,0,serum,QUIMIOLUMINISCENCIA,false,true
1303,ECN-CAT-INM-132,Determinación de Inmunoglobulina E,820,3.75,30,3,3,serum,INMUNOENSAYO,true,true
1304,ECN-CAT-INM-133,Determinación de Complemento C3,810,2.75,22,2,0,serum,ELISA,false,true
1305,ECN-CAT-INM-134,Determinación de Complemento C4,750,3.25,19,0,0,serum,QUIMIOLUMINISCENCIA,false,true
1306,ECN-CAT-INM-135,Determinación de Anticuerpos antinucleares,600,2.25,16,2,2,serum,INMUNOENSAYO,false,true
1307,ECN-CAT-INM-136,Determinación de Anticuerpos anti-DNA,550,2.75,13,1,0,serum,ELISA,true,true
1308,ECN-CAT-INM-137,Determinación de Anticuerpos anticardiolipina,490,3.25,10,3,1,serum,QUIMIOLUMINISCENCIA,false,true
1309,ECN-CAT-INM-138,Determinación de Procalcitonina,300,1,2,0,0,serum,INMUNOENSAYO,false,true
1310,ECN-CAT-INM-139,Determinación de Ferritina,900,3.5,29,0,0,serum,ELISA,true,true
1311,ECN-CAT-INM-140,Determinación de Troponina I,850,4,26,3,2,serum,QUIMIOLUMINISCENCIA,true,true
1312,ECN-CAT-INM-141,Determinación de Antígeno carcinoembrionario,700,2.75,23,3,1,serum,INMUNOENSAYO,false,true
1313,ECN-CAT-INM-142,Determinación de Alfafetoproteína,640,3.25,20,0,0,serum,ELISA,false,true
1314,ECN-CAT-INM-143,Determinación de CA 125,630,2.5,12,0,0,serum,QUIMIOLUMINISCENCIA,false,true
1315,ECN-CAT-INM-144,Determinación de CA 19-9,480,1.5,9,2,2,serum,INMUNOENSAYO,false,true
1316,ECN-CAT-INM-145,Determinación de CA 15-3,430,2.25,6,2,0,serum,ELISA,false,true
1317,ECN-CAT-INM-146,Determinación de Antígeno prostático total,370,2.75,3,1,1,serum,QUIMIOLUMINISCENCIA,false,true
1318,ECN-CAT-INM-147,Determinación de Antígeno prostático libre,790,3.75,30,0,0,serum,INMUNOENSAYO,true,true
1319,ECN-CAT-INM-148,Determinación de Serología para dengue,780,3,22,3,2,serum,ELISA,false,true
1320,ECN-CAT-INM-149,Determinación de Serología para rubéola,730,3.5,19,3,1,serum,QUIMIOLUMINISCENCIA,false,true
1321,ECN-CAT-INM-150,Determinación de Serología para toxoplasma,580,2.5,16,0,0,serum,INMUNOENSAYO,false,true
1322,ECN-CAT-INM-151,Cuantificación de Proteína C reactiva,520,2.75,13,1,1,serum,ELISA,false,true
1323,ECN-CAT-INM-152,Cuantificación de Factor reumatoide,460,3.25,10,2,1,serum,QUIMIOLUMINISCENCIA,false,true
1324,ECN-CAT-INM-153,Cuantificación de Antiestreptolisinas O,360,1,2,3,1,serum,INMUNOENSAYO,true,true
1325,ECN-CAT-INM-154,Cuantificación de Inmunoglobulina A,970,3.5,29,1,1,serum,ELISA,true,true
1326,ECN-CAT-INM-155,Cuantificación de Inmunoglobulina G,910,4,26,0,0,serum,QUIMIOLUMINISCENCIA,true,true
1327,ECN-CAT-INM-156,Cuantificación de Inmunoglobulina M,670,3,23,1,1,serum,INMUNOENSAYO,false,true
1328,ECN-CAT-INM-157,Cuantificación de Inmunoglobulina E,610,3.5,20,2,0,serum,ELISA,false,true
1329,ECN-CAT-INM-158,Cuantificación de Complemento C3,610,2.75,12,0,0,serum,QUIMIOLUMINISCENCIA,false,true
1330,ECN-CAT-INM-159,Cuantificación de Complemento C4,460,1.5,9,1,1,serum,INMUNOENSAYO,false,true
1331,ECN-CAT-INM-160,Cuantificación de Anticuerpos antinucleares,400,2,6,2,1,serum,ELISA,false,true
1332,ECN-CAT-INM-161,Cuantificación de Anticuerpos anti-DNA,340,2.5,3,2,0,serum,QUIMIOLUMINISCENCIA,false,true
1333,ECN-CAT-INM-162,Cuantificación de Anticuerpos anticardiolipina,850,3.5,30,0,0,serum,INMUNOENSAYO,true,true
1334,ECN-CAT-INM-163,Cuantificación de Procalcitonina,850,2.75,22,1,1,serum,ELISA,false,true
1335,ECN-CAT-INM-164,Cuantificación de Ferritina,790,3.25,19,3,2,serum,QUIMIOLUMINISCENCIA,false,true
1336,ECN-CAT-INM-165,Cuantificación de Troponina I,550,2.25,16,2,0,serum,INMUNOENSAYO,false,true
1337,ECN-CAT-INM-166,Cuantificación de Antígeno carcinoembrionario,490,3,13,0,0,serum,ELISA,false,true
1338,ECN-CAT-INM-167,Cuantificación de Alfafetoproteína,430,3.5,10,1,1,serum,QUIMIOLUMINISCENCIA,false,true
1339,ECN-CAT-INM-168,Cuantificación de CA 125,340,1.25,2,3,3,serum,INMUNOENSAYO,false,true
1340,ECN-CAT-INM-169,Cuantificación de CA 19-9,940,3.5,29,2,0,serum,ELISA,true,true
1341,ECN-CAT-INM-170,Cuantificación de CA 15-3,880,4,26,1,1,serum,QUIMIOLUMINISCENCIA,false,true
1342,ECN-CAT-INM-171,Cuantificación de Antígeno prostático total,730,3,23,2,2,serum,INMUNOENSAYO,false,true
1343,ECN-CAT-INM-172,Cuantificación de Antígeno prostático libre,680,3.5,20,1,0,serum,ELISA,false,true
1344,ECN-CAT-INM-173,Cuantificación de Serología para dengue,670,2.75,12,3,1,serum,QUIMIOLUMINISCENCIA,false,true
1345,ECN-CAT-INM-174,Cuantificación de Serología para rubéola,430,1.75,9,0,0,serum,INMUNOENSAYO,false,true
1346,ECN-CAT-INM-175,Cuantificación de Serología para toxoplasma,370,2.25,6,0,0,serum,ELISA,false,true
1347,ECN-CAT-INM-176,Evaluación de Proteína C reactiva,310,2.75,3,3,2,serum,QUIMIOLUMINISCENCIA,false,true
1348,ECN-CAT-INM-177,Evaluación de Factor reumatoide,830,3.5,30,2,0,serum,INMUNOENSAYO,true,true
1349,ECN-CAT-INM-178,Evaluación de Antiestreptolisinas O,820,2.75,22,1,1,serum,ELISA,false,true
1350,ECN-CAT-INM-179,Evaluación de Inmunoglobulina A,760,3.25,19,0,0,serum,QUIMIOLUMINISCENCIA,false,true
1351,ECN-CAT-INM-180,Evaluación de Inmunoglobulina G,610,2.25,16,1,1,serum,INMUNOENSAYO,false,true
1352,ECN-CAT-INM-181,Evaluación de Inmunoglobulina M,560,2.75,13,2,0,serum,ELISA,false,true
1353,ECN-CAT-INM-182,Evaluación de Inmunoglobulina E,500,3.25,10,0,0,serum,QUIMIOLUMINISCENCIA,false,true
1354,ECN-CAT-INM-183,Evaluación de Complemento C3,260,1,2,0,0,serum,INMUNOENSAYO,false,true
1355,ECN-CAT-INM-184,Evaluación de Complemento C4,910,3.25,29,2,1,serum,ELISA,true,true
1356,ECN-CAT-INM-185,Evaluación de Anticuerpos antinucleares,850,3.75,26,2,0,serum,QUIMIOLUMINISCENCIA,true,true
1357,ECN-CAT-INM-186,Evaluación de Anticuerpos anti-DNA,710,2.75,23,0,0,serum,INMUNOENSAYO,false,true
1358,ECN-CAT-INM-187,Evaluación de Anticuerpos anticardiolipina,650,3.5,20,0,0,serum,ELISA,true,true
1359,ECN-CAT-INM-188,Evaluación de Procalcitonina,590,2.75,12,1,0,serum,QUIMIOLUMINISCENCIA,false,true
1360,ECN-CAT-INM-189,Evaluación de Ferritina,490,1.75,9,3,1,serum,INMUNOENSAYO,false,true
1361,ECN-CAT-INM-190,Evaluación de Troponina I,440,2.25,6,1,1,serum,ELISA,false,true
1362,ECN-CAT-INM-191,Evaluación de Antígeno carcinoembrionario,380,2.75,3,0,0,serum,QUIMIOLUMINISCENCIA,false,true
1363,ECN-CAT-INM-192,Evaluación de Alfafetoproteína,800,3.75,30,3,3,serum,INMUNOENSAYO,true,true
1364,ECN-CAT-INM-193,Evaluación de CA 125,740,3,22,2,0,serum,ELISA,false,true
1365,ECN-CAT-INM-194,Evaluación de CA 19-9,730,3.5,19,0,0,serum,QUIMIOLUMINISCENCIA,false,true
1366,ECN-CAT-INM-195,Evaluación de CA 15-3,590,2.25,16,1,1,serum,INMUNOENSAYO,false,true
1367,ECN-CAT-INM-196,Evaluación de Antígeno prostático total,530,2.75,13,2,1,serum,ELISA,false,true
1368,ECN-CAT-INM-197,Evaluación de Antígeno prostático libre,470,3.25,10,2,0,serum,QUIMIOLUMINISCENCIA,false,true
1369,ECN-CAT-INM-198,Evaluación de Serología para dengue,320,1,2,0,0,serum,INMUNOENSAYO,false,true
1370,ECN-CAT-INM-199,Evaluación de Serología para rubéola,980,3.5,29,0,0,serum,ELISA,true,true
1371,ECN-CAT-INM-200,Evaluación de Serología para toxoplasma,920,4,26,3,2,serum,QUIMIOLUMINISCENCIA,true,true
1372,ECN-CAT-INM-201,Control de Proteína C reactiva,680,3,23,2,0,serum,INMUNOENSAYO,false,true
1373,ECN-CAT-INM-202,Control de Factor reumatoide,620,3.25,20,0,0,serum,ELISA,false,true
1374,ECN-CAT-INM-203,Control de Antiestreptolisinas O,560,2.5,12,1,1,serum,QUIMIOLUMINISCENCIA,false,true
1375,ECN-CAT-INM-204,Control de Inmunoglobulina A,470,1.5,9,1,1,serum,INMUNOENSAYO,true,true
1376,ECN-CAT-INM-205,Control de Inmunoglobulina G,410,2,6,3,1,serum,ELISA,false,true
1377,ECN-CAT-INM-206,Control de Inmunoglobulina M,350,2.5,3,1,1,serum,QUIMIOLUMINISCENCIA,false,true
1378,ECN-CAT-INM-207,Control de Inmunoglobulina E,860,3.5,30,0,0,serum,INMUNOENSAYO,true,true
1379,ECN-CAT-INM-208,Control de Complemento C3,800,3,22,1,0,serum,ELISA,false,true
1380,ECN-CAT-INM-209,Control de Complemento C4,800,3.5,19,3,1,serum,QUIMIOLUMINISCENCIA,false,true
1381,ECN-CAT-INM-210,Control de Anticuerpos antinucleares,560,2.5,16,0,0,serum,INMUNOENSAYO,false,true
1382,ECN-CAT-INM-211,Control de Anticuerpos anti-DNA,500,3,13,1,1,serum,ELISA,false,true
1383,ECN-CAT-INM-212,Control de Anticuerpos anticardiolipina,440,3.5,10,3,2,serum,QUIMIOLUMINISCENCIA,false,true
1384,ECN-CAT-INM-213,Control de Procalcitonina,300,1,2,2,0,serum,INMUNOENSAYO,false,true
1385,ECN-CAT-INM-214,Control de Ferritina,950,3.5,29,0,0,serum,ELISA,true,true
1386,ECN-CAT-INM-215,Control de Troponina I,890,4,26,0,0,serum,QUIMIOLUMINISCENCIA,true,true
1387,ECN-CAT-INM-216,Control de Antígeno carcinoembrionario,740,3,23,1,1,serum,INMUNOENSAYO,false,true
1388,ECN-CAT-INM-217,Control de Alfafetoproteína,680,3.5,20,3,1,serum,ELISA,false,true
1389,ECN-CAT-INM-218,Control de CA 125,630,2.75,12,0,0,serum,QUIMIOLUMINISCENCIA,false,true
1390,ECN-CAT-INM-219,Control de CA 19-9,440,1.75,9,1,1,serum,INMUNOENSAYO,false,true
1391,ECN-CAT-INM-220,Control de CA 15-3,380,2,6,2,1,serum,ELISA,false,true
1392,ECN-CAT-INM-221,Control de Antígeno prostático total,320,2.5,3,3,1,serum,QUIMIOLUMINISCENCIA,true,true
1393,ECN-CAT-INM-222,Control de Antígeno prostático libre,840,3.5,30,2,2,serum,INMUNOENSAYO,true,true
1394,ECN-CAT-INM-223,Control de Serología para dengue,780,2.75,22,0,0,serum,ELISA,false,true
1395,ECN-CAT-INM-224,Control de Serología para rubéola,770,3.25,19,1,0,serum,QUIMIOLUMINISCENCIA,false,true
1396,ECN-CAT-INM-225,Control de Serología para toxoplasma,620,2.25,16,3,1,serum,INMUNOENSAYO,false,true
1397,ECN-CAT-INM-226,Confirmación de Proteína C reactiva,560,2.75,13,0,0,serum,ELISA,false,true
1398,ECN-CAT-INM-227,Confirmación de Factor reumatoide,510,3.25,10,2,2,serum,QUIMIOLUMINISCENCIA,false,true
1399,ECN-CAT-INM-228,Confirmación de Antiestreptolisinas O,270,0.75,2,2,2,serum,INMUNOENSAYO,false,true
1400,ECN-CAT-INM-229,Confirmación de Inmunoglobulina A,920,3.75,29,2,0,serum,ELISA,true,true
1401,ECN-CAT-INM-230,Confirmación de Inmunoglobulina G,860,4.25,26,0,0,serum,QUIMIOLUMINISCENCIA,true,true
1402,ECN-CAT-INM-231,Confirmación de Inmunoglobulina M,720,3,23,1,1,serum,INMUNOENSAYO,false,true
1403,ECN-CAT-INM-232,Confirmación de Inmunoglobulina E,660,3.5,20,1,0,serum,ELISA,false,true
1404,ECN-CAT-INM-233,Confirmación de Complemento C3,600,2.75,12,3,1,serum,QUIMIOLUMINISCENCIA,false,true
1405,ECN-CAT-INM-234,Confirmación de Complemento C4,450,1.75,9,0,0,serum,INMUNOENSAYO,false,true
1406,ECN-CAT-INM-235,Confirmación de Anticuerpos antinucleares,440,2.25,6,1,1,serum,ELISA,false,true
1407,ECN-CAT-INM-236,Confirmación de Anticuerpos anti-DNA,390,2.75,3,2,1,serum,QUIMIOLUMINISCENCIA,false,true
1408,ECN-CAT-INM-237,Confirmación de Anticuerpos anticardiolipina,810,3.75,30,2,0,serum,INMUNOENSAYO,true,true
1409,ECN-CAT-INM-238,Confirmación de Procalcitonina,750,2.75,22,0,0,serum,ELISA,true,true
1410,ECN-CAT-INM-239,Confirmación de Ferritina,690,3.25,19,1,1,serum,QUIMIOLUMINISCENCIA,false,true
1411,ECN-CAT-INM-240,Confirmación de Troponina I,600,2.25,16,1,1,serum,INMUNOENSAYO,false,true
1412,ECN-CAT-INM-241,Confirmación de Antígeno carcinoembrionario,540,2.75,13,4,2,serum,ELISA,false,true
1413,ECN-CAT-INM-242,Confirmación de Alfafetoproteína,480,3.25,10,1,1,serum,QUIMIOLUMINISCENCIA,false,true
1414,ECN-CAT-INM-243,Confirmación de CA 125,330,1,2,1,1,serum,INMUNOENSAYO,false,true
1415,ECN-CAT-INM-244,Confirmación de CA 19-9,930,3.5,29,2,1,serum,ELISA,true,true
1416,ECN-CAT-MIC-126,Determinación de Urocultivo,920,15,31,3,3,urine,CULTIVO,true,true
1417,ECN-CAT-MIC-127,Determinación de Coprocultivo,820,13.75,23,1,0,stool,CULTIVO,true,true
1418,ECN-CAT-MIC-128,Determinación de Exudado faríngeo,740,13.5,20,4,2,swab,CULTIVO,false,true
1419,ECN-CAT-MIC-129,Determinación de Exudado nasal,640,13.5,17,0,0,swab,CULTIVO,true,true
1420,ECN-CAT-MIC-130,Determinación de Exudado vaginal,560,13.5,14,0,0,swab,CULTIVO,false,true
1421,ECN-CAT-MIC-131,Determinación de Exudado uretral,520,13.5,11,2,1,swab,CULTIVO,false,true
1422,ECN-CAT-MIC-132,Determinación de Hemocultivo,440,12.25,3,3,2,blood,CULTIVO,false,true
1423,ECN-CAT-MIC-133,Determinación de Cultivo de esputo,340,12.25,1,0,0,other,CULTIVO,true,true
1424,ECN-CAT-MIC-134,Determinación de Cultivo de heridas,920,14.25,27,2,2,swab,CULTIVO,true,true
1425,ECN-CAT-MIC-135,Determinación de Cultivo de secreciones,740,14.25,24,1,0,swab,CULTIVO,false,true
1426,ECN-CAT-MIC-136,Determinación de Antibiograma,700,14,21,2,0,other,CULTIVO,true,true
1427,ECN-CAT-MIC-137,Determinación de Tinción de Gram,520,2.25,13,0,0,other,MICROSCOPÍA,true,true
1428,ECN-CAT-MIC-138,Determinación de Baciloscopía,420,2.25,10,0,0,other,MICROSCOPÍA,false,true
1429,ECN-CAT-MIC-139,Determinación de Búsqueda de hongos,340,2,7,3,2,other,MICROSCOPÍA,false,true
1430,ECN-CAT-MIC-140,Determinación de Coprológico,260,2,4,3,1,stool,MICROSCOPÍA,false,true
1431,ECN-CAT-MIC-141,Determinación de Amiba en fresco,880,4,31,0,0,stool,MICROSCOPÍA,true,true
1432,ECN-CAT-MIC-142,Determinación de Sangre oculta en heces,820,2.25,23,2,2,stool,INMUNOCROMATOGRAFÍA,true,true
1433,ECN-CAT-MIC-143,Determinación de Rotavirus en heces,740,2.25,20,2,1,stool,INMUNOCROMATOGRAFÍA,false,true
1434,ECN-CAT-MIC-144,Determinación de Adenovirus en heces,560,2.25,17,2,1,stool,INMUNOCROMATOGRAFÍA,false,true
1435,ECN-CAT-MIC-145,Determinación de Helicobacter pylori,480,2.25,14,0,0,stool,INMUNOCROMATOGRAFÍA,true,true
1436,ECN-CAT-MIC-146,Determinación de Clostridioides difficile,440,2,11,1,1,stool,INMUNOCROMATOGRAFÍA,false,true
1437,ECN-CAT-MIC-147,Determinación de Estreptococo del grupo A,340,0.75,3,2,1,swab,INMUNOCROMATOGRAFÍA,false,true
1438,ECN-CAT-MIC-148,Determinación de Salmonella,320,12.25,1,4,2,stool,CULTIVO,false,true
1439,ECN-CAT-MIC-149,Determinación de Shigella,900,14.25,27,0,0,stool,CULTIVO,true,true
1440,ECN-CAT-MIC-150,Determinación de Candida albicans,800,14.25,24,3,3,swab,CULTIVO,false,true
1441,ECN-CAT-MIC-151,Cuantificación de Urocultivo,720,14.25,21,2,1,urine,CULTIVO,false,true
1442,ECN-CAT-MIC-152,Cuantificación de Coprocultivo,680,13,13,2,0,stool,CULTIVO,false,true
1443,ECN-CAT-MIC-153,Cuantificación de Exudado faríngeo,500,13,10,1,1,swab,CULTIVO,false,true
1444,ECN-CAT-MIC-154,Cuantificación de Exudado nasal,420,12.75,7,1,1,swab,CULTIVO,false,true
1445,ECN-CAT-MIC-155,Cuantificación de Exudado vaginal,320,12.75,4,3,2,swab,CULTIVO,false,true
1446,ECN-CAT-MIC-156,Cuantificación de Exudado uretral,900,14.75,31,4,3,swab,CULTIVO,true,true
1447,ECN-CAT-MIC-157,Cuantificación de Hemocultivo,860,13.5,23,0,0,blood,CULTIVO,true,true
1448,ECN-CAT-MIC-158,Cuantificación de Cultivo de esputo,780,13.75,20,0,0,other,CULTIVO,false,true
1449,ECN-CAT-MIC-159,Cuantificación de Cultivo de heridas,680,13.75,17,2,1,swab,CULTIVO,false,true
1450,ECN-CAT-MIC-160,Cuantificación de Cultivo de secreciones,600,13.75,14,3,1,swab,CULTIVO,false,true
1451,ECN-CAT-MIC-161,Cuantificación de Antibiograma,500,13.75,11,1,1,other,CULTIVO,true,true
1452,ECN-CAT-MIC-162,Cuantificación de Tinción de Gram,280,1.5,3,2,2,other,MICROSCOPÍA,false,true
1453,ECN-CAT-MIC-163,Cuantificación de Baciloscopía,200,1.5,1,1,0,other,MICROSCOPÍA,false,true
1454,ECN-CAT-MIC-164,Cuantificación de Búsqueda de hongos,760,3.25,27,4,2,other,MICROSCOPÍA,true,true
1455,ECN-CAT-MIC-165,Cuantificación de Coprológico,680,3.25,24,0,0,stool,MICROSCOPÍA,true,true
1456,ECN-CAT-MIC-166,Cuantificación de Amiba en fresco,580,3.25,21,0,0,stool,MICROSCOPÍA,false,true
1457,ECN-CAT-MIC-167,Cuantificación de Sangre oculta en heces,600,1.5,13,2,1,stool,INMUNOCROMATOGRAFÍA,false,true
1458,ECN-CAT-MIC-168,Cuantificación de Rotavirus en heces,500,1.5,10,2,1,stool,INMUNOCROMATOGRAFÍA,false,true
1459,ECN-CAT-MIC-169,Cuantificación de Adenovirus en heces,420,1.5,7,0,0,stool,INMUNOCROMATOGRAFÍA,true,true
1460,ECN-CAT-MIC-170,Cuantificación de Helicobacter pylori,320,1.5,4,3,3,stool,INMUNOCROMATOGRAFÍA,true,true
1461,ECN-CAT-MIC-171,Cuantificación de Clostridioides difficile,820,3.5,31,2,1,stool,INMUNOCROMATOGRAFÍA,true,true
1462,ECN-CAT-MIC-172,Cuantificación de Estreptococo del grupo A,780,2,23,4,2,swab,INMUNOCROMATOGRAFÍA,true,true
1463,ECN-CAT-MIC-173,Cuantificación de Salmonella,740,13.5,20,0,0,stool,CULTIVO,true,true
1464,ECN-CAT-MIC-174,Cuantificación de Shigella,660,13.5,17,0,0,stool,CULTIVO,false,true
1465,ECN-CAT-MIC-175,Cuantificación de Candida albicans,560,13.5,14,3,2,swab,CULTIVO,false,true
1466,ECN-CAT-MIC-176,Evaluación de Urocultivo,480,13.5,11,4,2,urine,CULTIVO,false,true
1467,ECN-CAT-MIC-177,Evaluación de Coprocultivo,440,12.25,3,0,0,stool,CULTIVO,true,true
1468,ECN-CAT-MIC-178,Evaluación de Exudado faríngeo,360,12.25,1,3,3,swab,CULTIVO,false,true
1469,ECN-CAT-MIC-179,Evaluación de Exudado nasal,920,14.5,27,1,0,swab,CULTIVO,true,true
1470,ECN-CAT-MIC-180,Evaluación de Exudado vaginal,760,14.5,24,3,2,swab,CULTIVO,false,true
1471,ECN-CAT-MIC-181,Evaluación de Exudado uretral,660,14.5,21,0,0,swab,CULTIVO,true,true
1472,ECN-CAT-MIC-182,Evaluación de Hemocultivo,620,13,13,0,0,blood,CULTIVO,false,true
1473,ECN-CAT-MIC-183,Evaluación de Cultivo de esputo,540,13,10,2,1,other,CULTIVO,false,true
1474,ECN-CAT-MIC-184,Evaluación de Cultivo de heridas,440,13,7,2,0,swab,CULTIVO,false,true
1475,ECN-CAT-MIC-185,Evaluación de Cultivo de secreciones,360,13,4,0,0,swab,CULTIVO,true,true
1476,ECN-CAT-MIC-186,Evaluación de Antibiograma,940,15,31,2,2,other,CULTIVO,true,true
1477,ECN-CAT-MIC-187,Evaluación de Tinción de Gram,800,2.75,23,2,1,other,MICROSCOPÍA,false,true
1478,ECN-CAT-MIC-188,Evaluación de Baciloscopía,700,2.75,20,2,0,other,MICROSCOPÍA,false,true
1479,ECN-CAT-MIC-189,Evaluación de Búsqueda de hongos,540,2.75,17,0,0,other,MICROSCOPÍA,true,true
1480,ECN-CAT-MIC-190,Evaluación de Coprológico,440,2.5,14,0,0,stool,MICROSCOPÍA,false,true
1481,ECN-CAT-MIC-191,Evaluación de Amiba en fresco,360,2.5,11,2,1,stool,MICROSCOPÍA,false,true
1482,ECN-CAT-MIC-192,Evaluación de Sangre oculta en heces,360,0.75,3,4,3,stool,INMUNOCROMATOGRAFÍA,false,true
1483,ECN-CAT-MIC-193,Evaluación de Rotavirus en heces,260,0.75,1,0,0,stool,INMUNOCROMATOGRAFÍA,true,true
1484,ECN-CAT-MIC-194,Evaluación de Adenovirus en heces,840,2.75,27,2,2,stool,INMUNOCROMATOGRAFÍA,true,true
1485,ECN-CAT-MIC-195,Evaluación de Helicobacter pylori,760,2.75,24,1,0,stool,INMUNOCROMATOGRAFÍA,false,true
1486,ECN-CAT-MIC-196,Evaluación de Clostridioides difficile,660,2.75,21,3,1,stool,INMUNOCROMATOGRAFÍA,false,true
1487,ECN-CAT-MIC-197,Evaluación de Estreptococo del grupo A,620,1.25,13,1,1,swab,INMUNOCROMATOGRAFÍA,true,true
1488,ECN-CAT-MIC-198,Evaluación de Salmonella,520,12.75,10,0,0,stool,CULTIVO,false,true
1489,ECN-CAT-MIC-199,Evaluación de Shigella,420,12.75,7,1,0,stool,CULTIVO,false,true
1490,ECN-CAT-MIC-200,Evaluación de Candida albicans,340,13,4,3,1,swab,CULTIVO,false,true
1491,ECN-CAT-MIC-201,Control de Urocultivo,900,15,31,0,0,urine,CULTIVO,true,true
1492,ECN-CAT-MIC-202,Control de Coprocultivo,820,13.75,23,1,1,stool,CULTIVO,true,true
1493,ECN-CAT-MIC-203,Control de Exudado faríngeo,780,13.75,20,2,1,swab,CULTIVO,false,true
1494,ECN-CAT-MIC-204,Control de Exudado nasal,700,13.75,17,2,1,swab,CULTIVO,true,true
1495,ECN-CAT-MIC-205,Control de Exudado vaginal,600,13.75,14,0,0,swab,CULTIVO,true,true
1496,ECN-CAT-MIC-206,Control de Exudado uretral,520,13.75,11,0,0,swab,CULTIVO,false,true
1497,ECN-CAT-MIC-207,Control de Hemocultivo,340,12.5,3,4,3,blood,CULTIVO,false,true
1498,ECN-CAT-MIC-208,Control de Cultivo de esputo,300,12.25,1,4,2,other,CULTIVO,false,true
1499,ECN-CAT-MIC-209,Control de Cultivo de heridas,880,14.25,27,0,0,swab,CULTIVO,true,true
1500,ECN-CAT-MIC-210,Control de Cultivo de secreciones,780,14.25,24,1,1,swab,CULTIVO,false,true
1501,ECN-CAT-MIC-211,Control de Antibiograma,700,14.25,21,2,1,other,CULTIVO,false,true
1502,ECN-CAT-MIC-212,Control de Tinción de Gram,520,2,13,2,0,other,MICROSCOPÍA,false,true
1503,ECN-CAT-MIC-213,Control de Baciloscopía,480,2,10,1,1,other,MICROSCOPÍA,true,true
1504,ECN-CAT-MIC-214,Control de Búsqueda de hongos,380,2,7,2,2,other,MICROSCOPÍA,false,true
1505,ECN-CAT-MIC-215,Control de Coprológico,300,1.75,4,2,1,stool,MICROSCOPÍA,false,true
1506,ECN-CAT-MIC-216,Control de Amiba en fresco,780,3.75,31,3,2,stool,MICROSCOPÍA,true,true
1507,ECN-CAT-MIC-217,Control de Sangre oculta en heces,740,2,23,0,0,stool,INMUNOCROMATOGRAFÍA,true,true
1508,ECN-CAT-MIC-218,Control de Rotavirus en heces,700,2,20,1,1,stool,INMUNOCROMATOGRAFÍA,false,true
1509,ECN-CAT-MIC-219,Control de Adenovirus en heces,600,2,17,3,2,stool,INMUNOCROMATOGRAFÍA,false,true
1510,ECN-CAT-MIC-220,Control de Helicobacter pylori,520,2,14,2,0,stool,INMUNOCROMATOGRAFÍA,false,true
1511,ECN-CAT-MIC-221,Control de Clostridioides difficile,440,2.25,11,2,2,stool,INMUNOCROMATOGRAFÍA,false,true
1512,ECN-CAT-MIC-222,Control de Estreptococo del grupo A,340,1,3,1,1,swab,INMUNOCROMATOGRAFÍA,false,true
1513,ECN-CAT-MIC-223,Control de Salmonella,360,12.5,1,3,2,stool,CULTIVO,false,true
1514,ECN-CAT-MIC-224,Control de Shigella,940,14.5,27,3,1,stool,CULTIVO,true,true
1515,ECN-CAT-MIC-225,Control de Candida albicans,760,14.5,24,0,0,swab,CULTIVO,true,true
1516,ECN-CAT-MIC-226,Confirmación de Urocultivo,680,14.25,21,0,0,urine,CULTIVO,false,true
1517,ECN-CAT-MIC-227,Confirmación de Coprocultivo,580,13,13,3,2,stool,CULTIVO,false,true
1518,ECN-CAT-MIC-228,Confirmación de Exudado faríngeo,540,13,10,3,2,swab,CULTIVO,false,true
1519,ECN-CAT-MIC-229,Confirmación de Exudado nasal,460,13,7,2,2,swab,CULTIVO,true,true
1520,ECN-CAT-MIC-230,Confirmación de Exudado vaginal,380,13,4,1,1,swab,CULTIVO,false,true
1521,ECN-CAT-MIC-231,Confirmación de Exudado uretral,940,15,31,1,0,swab,CULTIVO,true,true
1522,ECN-CAT-MIC-232,Confirmación de Hemocultivo,860,13.75,23,3,1,blood,CULTIVO,true,true
1523,ECN-CAT-MIC-233,Confirmación de Cultivo de esputo,820,13.5,20,1,1,other,CULTIVO,true,true
1524,ECN-CAT-MIC-234,Confirmación de Cultivo de heridas,640,13.5,17,1,1,swab,CULTIVO,false,true
1525,ECN-CAT-MIC-235,Confirmación de Cultivo de secreciones,560,13.5,14,3,2,swab,CULTIVO,false,true
1526,ECN-CAT-MIC-236,Confirmación de Antibiograma,460,13.5,11,2,0,other,CULTIVO,false,true
1527,ECN-CAT-MIC-237,Confirmación de Tinción de Gram,280,1.25,3,0,0,other,MICROSCOPÍA,true,true
1528,ECN-CAT-MIC-238,Confirmación de Baciloscopía,240,1.25,1,1,1,other,MICROSCOPÍA,true,true
1529,ECN-CAT-MIC-239,Confirmación de Búsqueda de hongos,820,3.25,27,2,1,other,MICROSCOPÍA,true,true
1530,ECN-CAT-MIC-240,Confirmación de Coprológico,720,3.25,24,3,2,stool,MICROSCOPÍA,false,true
1531,ECN-CAT-MIC-241,Confirmación de Amiba en fresco,640,3,21,1,1,stool,MICROSCOPÍA,true,true
1532,ECN-CAT-MIC-242,Confirmación de Sangre oculta en heces,580,1.75,13,0,0,stool,INMUNOCROMATOGRAFÍA,false,true
1533,ECN-CAT-MIC-243,Confirmación de Rotavirus en heces,460,1.75,10,3,2,stool,INMUNOCROMATOGRAFÍA,false,true
1534,ECN-CAT-MIC-244,Confirmación de Adenovirus en heces,380,1.5,7,3,1,stool,INMUNOCROMATOGRAFÍA,false,true
1535,ECN-CAT-COA-126,Determinación de Tiempo de protrombina,370,0.75,4,3,3,plasma,COAGULOMETRÍA,false,true
1536,ECN-CAT-COA-127,Determinación de Tiempo de tromboplastina parcial,280,0.75,1,2,0,plasma,COAGULOMETRÍA,false,true
1537,ECN-CAT-COA-128,Determinación de Tiempo de trombina,850,2.75,28,2,2,plasma,COAGULOMETRÍA,true,true
1538,ECN-CAT-COA-129,Determinación de Fibrinógeno,770,3,25,0,0,plasma,COAGULOMETRÍA,false,true
1539,ECN-CAT-COA-130,Determinación de Dímero D,730,3,22,1,0,plasma,COAGULOMETRÍA,false,true
1540,ECN-CAT-COA-131,Determinación de INR,640,1.75,14,3,1,plasma,COAGULOMETRÍA,false,true
1541,ECN-CAT-COA-132,Determinación de Actividad de factor VIII,460,1.75,11,0,0,plasma,COAGULOMETRÍA,false,true
1542,ECN-CAT-COA-133,Determinación de Actividad de factor IX,370,1.75,8,2,2,plasma,COAGULOMETRÍA,false,true
1543,ECN-CAT-COA-134,Determinación de Actividad de factor XI,290,1.5,5,1,0,plasma,COAGULOMETRÍA,false,true
1544,ECN-CAT-COA-135,Determinación de Actividad de factor XII,910,3.5,32,3,1,plasma,COAGULOMETRÍA,true,true
1545,ECN-CAT-COA-136,Determinación de Antitrombina III,820,2.25,24,1,1,plasma,COAGULOMETRÍA,false,true
1546,ECN-CAT-COA-137,Determinación de Proteína C funcional,730,2.25,21,0,0,plasma,COAGULOMETRÍA,false,true
1547,ECN-CAT-COA-138,Determinación de Proteína S funcional,650,2.25,18,1,1,plasma,COAGULOMETRÍA,false,true
1548,ECN-CAT-COA-139,Determinación de Anticoagulante lúpico,560,2.25,15,3,1,plasma,COAGULOMETRÍA,false,true
1549,ECN-CAT-COA-140,Determinación de Resistencia a proteína C activada,520,2.25,12,0,0,plasma,COAGULOMETRÍA,false,true
1550,ECN-CAT-COA-141,Determinación de Agregación plaquetaria,340,0.75,4,2,2,plasma,COAGULOMETRÍA,false,true
1551,ECN-CAT-COA-142,Determinación de Tiempo de sangrado,250,0.75,1,1,0,plasma,COAGULOMETRÍA,false,true
1552,ECN-CAT-COA-143,Determinación de Tiempo de coagulación,830,2.75,28,2,0,plasma,COAGULOMETRÍA,true,true
1553,ECN-CAT-COA-144,Determinación de Productos de degradación de fibrina,740,2.75,25,0,0,plasma,COAGULOMETRÍA,false,true
1554,ECN-CAT-COA-145,Determinación de Factor de von Willebrand,700,2.75,22,1,1,plasma,COAGULOMETRÍA,false,true
1555,ECN-CAT-COA-146,Determinación de Mezcla de TTPa,610,1.5,14,1,0,plasma,COAGULOMETRÍA,false,true
1556,ECN-CAT-COA-147,Determinación de Mezcla de TP,530,1.5,11,3,1,plasma,COAGULOMETRÍA,false,true
1557,ECN-CAT-COA-148,Determinación de Factor V,440,1.5,8,0,0,plasma,COAGULOMETRÍA,false,true
1558,ECN-CAT-COA-149,Determinación de Factor VII,350,1.25,5,1,1,plasma,COAGULOMETRÍA,false,true
1559,ECN-CAT-COA-150,Determinación de Factor X,880,3.75,32,2,2,plasma,COAGULOMETRÍA,true,true
1560,ECN-CAT-COA-151,Cuantificación de Tiempo de protrombina,790,2.5,24,2,0,plasma,COAGULOMETRÍA,true,true
1561,ECN-CAT-COA-152,Cuantificación de Tiempo de tromboplastina parcial,710,2.25,21,0,0,plasma,COAGULOMETRÍA,false,true
1562,ECN-CAT-COA-153,Cuantificación de Tiempo de trombina,620,2.25,18,1,1,plasma,COAGULOMETRÍA,true,true
1563,ECN-CAT-COA-154,Cuantificación de Fibrinógeno,530,2.25,15,1,0,plasma,COAGULOMETRÍA,false,true
1564,ECN-CAT-COA-155,Cuantificación de Dímero D,490,2.25,12,4,2,plasma,COAGULOMETRÍA,false,true
1565,ECN-CAT-COA-156,Cuantificación de INR,410,1,4,0,0,plasma,COAGULOMETRÍA,false,true
1566,ECN-CAT-COA-157,Cuantificación de Actividad de factor VIII,320,1,1,2,2,plasma,COAGULOMETRÍA,false,true
1567,ECN-CAT-COA-158,Cuantificación de Actividad de factor IX,890,3,28,3,2,plasma,COAGULOMETRÍA,true,true
1568,ECN-CAT-COA-159,Cuantificación de Actividad de factor XI,710,2.75,25,2,0,plasma,COAGULOMETRÍA,false,true
1569,ECN-CAT-COA-160,Cuantificación de Actividad de factor XII,670,2.75,22,0,0,plasma,COAGULOMETRÍA,false,true
1570,ECN-CAT-COA-161,Cuantificación de Antitrombina III,590,1.5,14,1,1,plasma,COAGULOMETRÍA,false,true
1571,ECN-CAT-COA-162,Cuantificación de Proteína C funcional,500,1.5,11,2,2,plasma,COAGULOMETRÍA,false,true
1572,ECN-CAT-COA-163,Cuantificación de Proteína S funcional,410,1.5,8,4,2,plasma,COAGULOMETRÍA,false,true
1573,ECN-CAT-COA-164,Cuantificación de Anticoagulante lúpico,320,1.5,5,0,0,plasma,COAGULOMETRÍA,false,true
1574,ECN-CAT-COA-165,Cuantificación de Resistencia a proteína C activada,950,3.5,32,0,0,plasma,COAGULOMETRÍA,true,true
1575,ECN-CAT-COA-166,Cuantificación de Agregación plaquetaria,860,2.25,24,1,0,plasma,COAGULOMETRÍA,true,true
1576,ECN-CAT-COA-167,Cuantificación de Tiempo de sangrado,770,2,21,3,1,plasma,COAGULOMETRÍA,false,true
1577,ECN-CAT-COA-168,Cuantificación de Tiempo de coagulación,590,2,18,0,0,plasma,COAGULOMETRÍA,false,true
1578,ECN-CAT-COA-169,Cuantificación de Productos de degradación de fibrina,500,2,15,1,1,plasma,COAGULOMETRÍA,false,true
1579,ECN-CAT-COA-170,Cuantificación de Factor de von Willebrand,420,2,12,1,0,plasma,COAGULOMETRÍA,true,true
1580,ECN-CAT-COA-171,Cuantificación de Mezcla de TTPa,380,1,4,3,1,plasma,COAGULOMETRÍA,false,true
1581,ECN-CAT-COA-172,Cuantificación de Mezcla de TP,290,1,1,1,1,plasma,COAGULOMETRÍA,false,true
1582,ECN-CAT-COA-173,Cuantificación de Factor V,860,3,28,1,1,plasma,COAGULOMETRÍA,true,true
1583,ECN-CAT-COA-174,Cuantificación de Factor VII,770,3,25,1,1,plasma,COAGULOMETRÍA,false,true
1584,ECN-CAT-COA-175,Cuantificación de Factor X,690,3,22,3,1,plasma,COAGULOMETRÍA,false,true
1585,ECN-CAT-COA-176,Evaluación de Tiempo de protrombina,650,1.75,14,0,0,plasma,COAGULOMETRÍA,false,true
1586,ECN-CAT-COA-177,Evaluación de Tiempo de tromboplastina parcial,470,1.5,11,2,2,plasma,COAGULOMETRÍA,false,true
1587,ECN-CAT-COA-178,Evaluación de Tiempo de trombina,380,1.5,8,2,1,plasma,COAGULOMETRÍA,false,true
1588,ECN-CAT-COA-179,Evaluación de Fibrinógeno,300,1.5,5,3,1,plasma,COAGULOMETRÍA,false,true
1589,ECN-CAT-COA-180,Evaluación de Dímero D,870,3.5,32,1,1,plasma,COAGULOMETRÍA,true,true
1590,ECN-CAT-COA-181,Evaluación de INR,830,2.25,24,0,0,plasma,COAGULOMETRÍA,true,true
1591,ECN-CAT-COA-182,Evaluación de Actividad de factor VIII,740,2.25,21,2,1,plasma,COAGULOMETRÍA,false,true
1592,ECN-CAT-COA-183,Evaluación de Actividad de factor IX,650,2.25,18,3,1,plasma,COAGULOMETRÍA,false,true
1593,ECN-CAT-COA-184,Evaluación de Actividad de factor XI,570,2.25,15,0,0,plasma,COAGULOMETRÍA,false,true
1594,ECN-CAT-COA-185,Evaluación de Actividad de factor XII,480,2,12,1,1,plasma,COAGULOMETRÍA,false,true
1595,ECN-CAT-COA-186,Evaluación de Antitrombina III,350,0.75,4,1,1,plasma,COAGULOMETRÍA,false,true
1596,ECN-CAT-COA-187,Evaluación de Proteína C funcional,260,0.75,1,3,1,plasma,COAGULOMETRÍA,true,true
1597,ECN-CAT-COA-188,Evaluación de Proteína S funcional,840,2.75,28,0,0,plasma,COAGULOMETRÍA,true,true
1598,ECN-CAT-COA-189,Evaluación de Anticoagulante lúpico,750,2.75,25,1,1,plasma,COAGULOMETRÍA,false,true
1599,ECN-CAT-COA-190,Evaluación de Resistencia a proteína C activada,660,2.75,22,1,0,plasma,COAGULOMETRÍA,false,true
1600,ECN-CAT-COA-191,Evaluación de Agregación plaquetaria,620,1.5,14,3,1,plasma,COAGULOMETRÍA,false,true
1601,ECN-CAT-COA-192,Evaluación de Tiempo de sangrado,530,1.75,11,0,0,plasma,COAGULOMETRÍA,false,true
1602,ECN-CAT-COA-193,Evaluación de Tiempo de coagulación,450,1.75,8,1,1,plasma,COAGULOMETRÍA,false,true
1603,ECN-CAT-COA-194,Evaluación de Productos de degradación de fibrina,360,1.75,5,2,1,plasma,COAGULOMETRÍA,false,true
1604,ECN-CAT-COA-195,Evaluación de Factor de von Willebrand,840,3.5,32,2,0,plasma,COAGULOMETRÍA,true,true
1605,ECN-CAT-COA-196,Evaluación de Mezcla de TTPa,800,2.25,24,0,0,plasma,COAGULOMETRÍA,true,true
1606,ECN-CAT-COA-197,Evaluación de Mezcla de TP,720,2.25,21,0,0,plasma,COAGULOMETRÍA,false,true
1607,ECN-CAT-COA-198,Evaluación de Factor V,630,2.25,18,2,2,plasma,COAGULOMETRÍA,false,true
1608,ECN-CAT-COA-199,Evaluación de Factor VII,540,2.25,15,4,2,plasma,COAGULOMETRÍA,false,true
1609,ECN-CAT-COA-200,Evaluación de Factor X,450,2.25,12,0,0,plasma,COAGULOMETRÍA,false,true
1610,ECN-CAT-COA-201,Control de Tiempo de protrombina,410,1,4,1,1,plasma,COAGULOMETRÍA,false,true
1611,ECN-CAT-COA-202,Control de Tiempo de tromboplastina parcial,330,1,1,1,0,plasma,COAGULOMETRÍA,false,true
1612,ECN-CAT-COA-203,Control de Tiempo de trombina,900,2.75,28,2,0,plasma,COAGULOMETRÍA,true,true
1613,ECN-CAT-COA-204,Control de Fibrinógeno,720,2.75,25,0,0,plasma,COAGULOMETRÍA,true,true
1614,ECN-CAT-COA-205,Control de Dímero D,630,2.75,22,1,1,plasma,COAGULOMETRÍA,false,true
1615,ECN-CAT-COA-206,Control de INR,600,1.5,14,1,0,plasma,COAGULOMETRÍA,false,true
1616,ECN-CAT-COA-207,Control de Actividad de factor VIII,510,1.5,11,3,1,plasma,COAGULOMETRÍA,false,true
1617,ECN-CAT-COA-208,Control de Actividad de factor IX,420,1.5,8,0,0,plasma,COAGULOMETRÍA,false,true
1618,ECN-CAT-COA-209,Control de Actividad de factor XI,330,1.5,5,2,2,plasma,COAGULOMETRÍA,false,true
1619,ECN-CAT-COA-210,Control de Actividad de factor XII,900,3.25,32,1,1,plasma,COAGULOMETRÍA,true,true
1620,ECN-CAT-COA-211,Control de Antitrombina III,870,2,24,2,0,plasma,COAGULOMETRÍA,true,true
1621,ECN-CAT-COA-212,Control de Proteína C funcional,780,2,21,0,0,plasma,COAGULOMETRÍA,false,true
1622,ECN-CAT-COA-213,Control de Proteína S funcional,600,2.25,18,1,1,plasma,COAGULOMETRÍA,false,true
1623,ECN-CAT-COA-214,Control de Anticoagulante lúpico,510,2.25,15,1,0,plasma,COAGULOMETRÍA,false,true
1624,ECN-CAT-COA-215,Control de Resistencia a proteína C activada,420,2.25,12,4,2,plasma,COAGULOMETRÍA,false,true
1625,ECN-CAT-COA-216,Control de Agregación plaquetaria,390,1,4,0,0,plasma,COAGULOMETRÍA,false,true
1626,ECN-CAT-COA-217,Control de Tiempo de sangrado,300,1,1,0,0,plasma,COAGULOMETRÍA,false,true
1627,ECN-CAT-COA-218,Control de Tiempo de coagulación,870,3,28,2,1,plasma,COAGULOMETRÍA,true,true
1628,ECN-CAT-COA-219,Control de Productos de degradación de fibrina,780,3,25,2,0,plasma,COAGULOMETRÍA,false,true
1629,ECN-CAT-COA-220,Control de Factor de von Willebrand,700,3,22,0,0,plasma,COAGULOMETRÍA,false,true
1630,ECN-CAT-COA-221,Control de Mezcla de TTPa,610,1.5,14,2,2,plasma,COAGULOMETRÍA,true,true
1631,ECN-CAT-COA-222,Control de Mezcla de TP,480,1.5,11,1,1,plasma,COAGULOMETRÍA,false,true
1632,ECN-CAT-COA-223,Control de Factor V,390,1.5,8,4,2,plasma,COAGULOMETRÍA,false,true
1633,ECN-CAT-COA-224,Control de Factor VII,300,1.5,5,0,0,plasma,COAGULOMETRÍA,false,true
1634,ECN-CAT-COA-225,Control de Factor X,880,3.5,32,0,0,plasma,COAGULOMETRÍA,true,true
1635,ECN-CAT-COA-226,Confirmación de Tiempo de protrombina,790,2.25,24,2,1,plasma,COAGULOMETRÍA,true,true
1636,ECN-CAT-COA-227,Confirmación de Tiempo de tromboplastina parcial,750,2.25,21,2,0,plasma,COAGULOMETRÍA,false,true
1637,ECN-CAT-COA-228,Confirmación de Tiempo de trombina,660,2,18,0,0,plasma,COAGULOMETRÍA,false,true
1638,ECN-CAT-COA-229,Confirmación de Fibrinógeno,580,2,15,2,2,plasma,COAGULOMETRÍA,false,true
1639,ECN-CAT-COA-230,Confirmación de Dímero D,490,2,12,2,1,plasma,COAGULOMETRÍA,false,true
1640,ECN-CAT-COA-231,Confirmación de INR,310,0.75,4,4,2,plasma,COAGULOMETRÍA,false,true
1641,ECN-CAT-COA-232,Confirmación de Actividad de factor VIII,270,0.75,1,0,0,plasma,COAGULOMETRÍA,false,true
1642,ECN-CAT-COA-233,Confirmación de Actividad de factor IX,840,2.75,28,0,0,plasma,COAGULOMETRÍA,true,true
1643,ECN-CAT-COA-234,Confirmación de Actividad de factor XI,760,3,25,2,2,plasma,COAGULOMETRÍA,false,true
1644,ECN-CAT-COA-235,Confirmación de Actividad de factor XII,670,3,22,4,2,plasma,COAGULOMETRÍA,false,true
1645,ECN-CAT-COA-236,Confirmación de Antitrombina III,580,1.75,14,0,0,plasma,COAGULOMETRÍA,false,true
1646,ECN-CAT-COA-237,Confirmación de Proteína C funcional,540,1.75,11,1,1,plasma,COAGULOMETRÍA,false,true
1647,ECN-CAT-COA-238,Confirmación de Proteína S funcional,460,1.75,8,1,0,plasma,COAGULOMETRÍA,true,true
1648,ECN-CAT-COA-239,Confirmación de Anticoagulante lúpico,370,1.5,5,2,0,plasma,COAGULOMETRÍA,false,true
1649,ECN-CAT-COA-240,Confirmación de Resistencia a proteína C activada,850,3.5,32,0,0,plasma,COAGULOMETRÍA,true,true
1650,ECN-CAT-COA-241,Confirmación de Agregación plaquetaria,760,2.25,24,0,0,plasma,COAGULOMETRÍA,true,true
1651,ECN-CAT-COA-242,Confirmación de Tiempo de sangrado,720,2.25,21,2,1,plasma,COAGULOMETRÍA,false,true
1652,ECN-CAT-COA-243,Confirmación de Tiempo de coagulación,640,2.25,18,4,2,plasma,COAGULOMETRÍA,false,true
1653,ECN-CAT-COA-244,Confirmación de Productos de degradación de fibrina,550,2.25,15,0,0,plasma,COAGULOMETRÍA,false,true
1654,ECN-CAT-END-126,Determinación de Hormona estimulante de tiroides,580,2,12,2,1,serum,INMUNOENSAYO,false,true
1655,ECN-CAT-END-127,Determinación de Tiroxina libre,560,3,9,1,1,plasma,QUIMIOLUMINISCENCIA,false,true
1656,ECN-CAT-END-128,Determinación de Tiroxina total,500,2.5,6,0,0,serum,ELISA,false,true
1657,ECN-CAT-END-129,Determinación de Triyodotironina libre,280,1.75,3,2,1,plasma,INMUNOENSAYO,false,true
1658,ECN-CAT-END-130,Determinación de Triyodotironina total,920,3.5,25,5,3,serum,QUIMIOLUMINISCENCIA,true,true
1659,ECN-CAT-END-131,Determinación de Insulina,800,3,22,0,0,plasma,ELISA,false,true
1660,ECN-CAT-END-132,Determinación de Cortisol,680,2.5,19,1,1,serum,INMUNOENSAYO,false,true
1661,ECN-CAT-END-133,Determinación de Hormona adrenocorticotropa,700,3.5,16,3,2,plasma,QUIMIOLUMINISCENCIA,false,true
1662,ECN-CAT-END-134,Determinación de Hormona de crecimiento,580,3,13,2,0,serum,ELISA,false,true
1663,ECN-CAT-END-135,Determinación de Prolactina,460,1.25,5,2,2,plasma,INMUNOENSAYO,false,true
1664,ECN-CAT-END-136,Determinación de Hormona luteinizante,440,2,2,0,0,serum,QUIMIOLUMINISCENCIA,true,true
1665,ECN-CAT-END-137,Determinación de Hormona foliculoestimulante,980,3.5,29,3,2,plasma,ELISA,true,true
1666,ECN-CAT-END-138,Determinación de Estradiol,780,3,26,3,2,serum,INMUNOENSAYO,true,true
1667,ECN-CAT-END-139,Determinación de Progesterona,800,4,23,0,0,plasma,QUIMIOLUMINISCENCIA,false,true
1668,ECN-CAT-END-140,Determinación de Testosterona total,680,2.25,15,0,0,serum,ELISA,false,true
1669,ECN-CAT-END-141,Determinación de Testosterona libre,560,1.75,12,3,2,plasma,INMUNOENSAYO,false,true
1670,ECN-CAT-END-142,Determinación de Dehidroepiandrosterona,540,3,9,2,0,serum,QUIMIOLUMINISCENCIA,false,true
1671,ECN-CAT-END-143,Determinación de Aldosterona,420,2.5,6,2,2,plasma,ELISA,false,true
1672,ECN-CAT-END-144,Determinación de Renina,340,2,3,0,0,serum,INMUNOENSAYO,false,true
1673,ECN-CAT-END-145,Determinación de Paratohormona,980,3.75,25,1,0,plasma,QUIMIOLUMINISCENCIA,true,true
1674,ECN-CAT-END-146,Determinación de Calcitonina,860,3.25,22,3,1,serum,ELISA,false,true
1675,ECN-CAT-END-147,Determinación de Péptido C,660,2.5,19,0,0,plasma,INMUNOENSAYO,false,true
1676,ECN-CAT-END-148,Determinación de 17-hidroxiprogesterona,620,3.5,16,2,2,serum,QUIMIOLUMINISCENCIA,false,true
1677,ECN-CAT-END-149,Determinación de Hormona antimülleriana,560,3,13,2,1,plasma,ELISA,false,true
1678,ECN-CAT-END-150,Determinación de Somatomedina C,440,1.25,5,2,1,serum,INMUNOENSAYO,false,true
1679,ECN-CAT-END-151,Cuantificación de Hormona estimulante de tiroides,420,2.25,2,0,0,plasma,QUIMIOLUMINISCENCIA,false,true
1680,ECN-CAT-END-152,Cuantificación de Tiroxina libre,960,3.75,29,1,1,serum,ELISA,true,true
1681,ECN-CAT-END-153,Cuantificación de Tiroxina total,840,3.25,26,1,0,plasma,INMUNOENSAYO,false,true
1682,ECN-CAT-END-154,Cuantificación de Triyodotironina libre,860,4,23,3,1,serum,QUIMIOLUMINISCENCIA,false,true
1683,ECN-CAT-END-155,Cuantificación de Triyodotironina total,740,2.25,15,1,1,plasma,ELISA,false,true
1684,ECN-CAT-END-156,Cuantificación de Insulina,540,1.75,12,0,0,serum,INMUNOENSAYO,false,true
1685,ECN-CAT-END-157,Cuantificación de Cortisol,500,2.75,9,3,2,plasma,QUIMIOLUMINISCENCIA,false,true
1686,ECN-CAT-END-158,Cuantificación de Hormona adrenocorticotropa,380,2.25,6,3,1,serum,ELISA,false,true
1687,ECN-CAT-END-159,Cuantificación de Hormona de crecimiento,320,1.75,3,2,2,plasma,INMUNOENSAYO,false,true
1688,ECN-CAT-END-160,Cuantificación de Prolactina,960,3.5,25,1,1,serum,QUIMIOLUMINISCENCIA,true,true
1689,ECN-CAT-END-161,Cuantificación de Hormona luteinizante,840,3,22,1,0,plasma,ELISA,false,true
1690,ECN-CAT-END-162,Cuantificación de Hormona foliculoestimulante,720,2.25,19,4,3,serum,INMUNOENSAYO,false,true
1691,ECN-CAT-END-163,Cuantificación de Estradiol,680,3.75,16,1,1,plasma,QUIMIOLUMINISCENCIA,false,true
1692,ECN-CAT-END-164,Cuantificación de Progesterona,620,3.25,13,1,1,serum,ELISA,false,true
1693,ECN-CAT-END-165,Cuantificación de Testosterona total,420,1.25,5,4,3,plasma,INMUNOENSAYO,false,true
1694,ECN-CAT-END-166,Cuantificación de Testosterona libre,380,2.25,2,3,1,serum,QUIMIOLUMINISCENCIA,false,true
1695,ECN-CAT-END-167,Cuantificación de Dehidroepiandrosterona,920,3.75,29,0,0,plasma,ELISA,true,true
1696,ECN-CAT-END-168,Cuantificación de Aldosterona,800,3.25,26,1,1,serum,INMUNOENSAYO,true,true
1697,ECN-CAT-END-169,Cuantificación de Renina,840,4.25,23,3,2,plasma,QUIMIOLUMINISCENCIA,false,true
1698,ECN-CAT-END-170,Cuantificación de Paratohormona,720,2.5,15,3,1,serum,ELISA,true,true
1699,ECN-CAT-END-171,Cuantificación de Calcitonina,600,2,12,1,1,plasma,INMUNOENSAYO,false,true
1700,ECN-CAT-END-172,Cuantificación de Péptido C,560,2.75,9,0,0,serum,QUIMIOLUMINISCENCIA,false,true
1701,ECN-CAT-END-173,Cuantificación de 17-hidroxiprogesterona,440,2.25,6,2,1,plasma,ELISA,false,true
1702,ECN-CAT-END-174,Cuantificación de Hormona antimülleriana,300,1.75,3,3,2,serum,INMUNOENSAYO,false,true
1703,ECN-CAT-END-175,Cuantificación de Somatomedina C,920,3.5,25,0,0,plasma,QUIMIOLUMINISCENCIA,true,true
1704,ECN-CAT-END-176,Evaluación de Hormona estimulante de tiroides,800,3,22,1,1,serum,ELISA,false,true
1705,ECN-CAT-END-177,Evaluación de Tiroxina libre,680,2.5,19,2,1,plasma,INMUNOENSAYO,false,true
1706,ECN-CAT-END-178,Evaluación de Tiroxina total,660,3.5,16,2,0,serum,QUIMIOLUMINISCENCIA,false,true
1707,ECN-CAT-END-179,Evaluación de Triyodotironina libre,600,3,13,1,1,plasma,ELISA,false,true
1708,ECN-CAT-END-180,Evaluación de Triyodotironina total,480,1,5,0,0,serum,INMUNOENSAYO,false,true
1709,ECN-CAT-END-181,Evaluación de Insulina,440,2,2,2,1,plasma,QUIMIOLUMINISCENCIA,false,true
1710,ECN-CAT-END-182,Evaluación de Cortisol,980,3.5,29,3,1,serum,ELISA,true,true
1711,ECN-CAT-END-183,Evaluación de Hormona adrenocorticotropa,780,3,26,0,0,plasma,INMUNOENSAYO,true,true
1712,ECN-CAT-END-184,Evaluación de Hormona de crecimiento,800,4.25,23,2,2,serum,QUIMIOLUMINISCENCIA,false,true
1713,ECN-CAT-END-185,Evaluación de Prolactina,680,2.5,15,3,2,plasma,ELISA,false,true
1714,ECN-CAT-END-186,Evaluación de Hormona luteinizante,560,2,12,2,1,serum,INMUNOENSAYO,false,true
1715,ECN-CAT-END-187,Evaluación de Hormona foliculoestimulante,540,3,9,1,1,plasma,QUIMIOLUMINISCENCIA,true,true
1716,ECN-CAT-END-188,Evaluación de Estradiol,420,2.5,6,0,0,serum,ELISA,false,true
1717,ECN-CAT-END-189,Evaluación de Progesterona,300,2,3,1,0,plasma,INMUNOENSAYO,false,true
1718,ECN-CAT-END-190,Evaluación de Testosterona total,980,3.5,25,3,1,serum,QUIMIOLUMINISCENCIA,true,true
1719,ECN-CAT-END-191,Evaluación de Testosterona libre,860,3,22,0,0,plasma,ELISA,false,true
1720,ECN-CAT-END-192,Evaluación de Dehidroepiandrosterona,660,2.5,19,0,0,serum,INMUNOENSAYO,false,true
1721,ECN-CAT-END-193,Evaluación de Aldosterona,640,3.5,16,2,1,plasma,QUIMIOLUMINISCENCIA,false,true
1722,ECN-CAT-END-194,Evaluación de Renina,520,3,13,2,0,serum,ELISA,false,true
1723,ECN-CAT-END-195,Evaluación de Paratohormona,440,1.25,5,1,1,plasma,INMUNOENSAYO,false,true
1724,ECN-CAT-END-196,Evaluación de Calcitonina,420,2.25,2,1,1,serum,QUIMIOLUMINISCENCIA,false,true
1725,ECN-CAT-END-197,Evaluación de Péptido C,960,3.75,29,1,0,plasma,ELISA,true,true
1726,ECN-CAT-END-198,Evaluación de 17-hidroxiprogesterona,840,3,26,3,2,serum,INMUNOENSAYO,true,true
1727,ECN-CAT-END-199,Evaluación de Hormona antimülleriana,820,4,23,0,0,plasma,QUIMIOLUMINISCENCIA,false,true
1728,ECN-CAT-END-200,Evaluación de Somatomedina C,740,2.25,15,1,1,serum,ELISA,false,true
1729,ECN-CAT-END-201,Control de Hormona estimulante de tiroides,540,1.75,12,3,2,plasma,INMUNOENSAYO,false,true
1730,ECN-CAT-END-202,Control de Tiroxina libre,520,2.75,9,2,0,serum,QUIMIOLUMINISCENCIA,false,true
1731,ECN-CAT-END-203,Control de Tiroxina total,400,2.25,6,0,0,plasma,ELISA,false,true
1732,ECN-CAT-END-204,Control de Triyodotironina libre,280,1.75,3,0,0,serum,INMUNOENSAYO,true,true
1733,ECN-CAT-END-205,Control de Triyodotironina total,960,3.75,25,1,0,plasma,QUIMIOLUMINISCENCIA,true,true
1734,ECN-CAT-END-206,Control de Insulina,840,3.25,22,4,2,serum,ELISA,false,true
1735,ECN-CAT-END-207,Control de Cortisol,720,2.75,19,0,0,plasma,INMUNOENSAYO,false,true
1736,ECN-CAT-END-208,Control de Hormona adrenocorticotropa,700,3.5,16,0,0,serum,QUIMIOLUMINISCENCIA,false,true
1737,ECN-CAT-END-209,Control de Hormona de crecimiento,580,3,13,3,2,plasma,ELISA,false,true
1738,ECN-CAT-END-210,Control de Prolactina,420,1.25,5,2,1,serum,INMUNOENSAYO,false,true
1739,ECN-CAT-END-211,Control de Hormona luteinizante,400,2.25,2,0,0,plasma,QUIMIOLUMINISCENCIA,false,true
1740,ECN-CAT-END-212,Control de Hormona foliculoestimulante,940,3.75,29,1,1,serum,ELISA,true,true
1741,ECN-CAT-END-213,Control de Estradiol,820,3.25,26,1,0,plasma,INMUNOENSAYO,true,true
1742,ECN-CAT-END-214,Control de Progesterona,780,4.25,23,4,2,serum,QUIMIOLUMINISCENCIA,false,true
1743,ECN-CAT-END-215,Control de Testosterona total,720,2.5,15,0,0,plasma,ELISA,false,true
1744,ECN-CAT-END-216,Control de Testosterona libre,600,1.75,12,2,2,serum,INMUNOENSAYO,false,true
1745,ECN-CAT-END-217,Control de Dehidroepiandrosterona,580,2.75,9,4,3,plasma,QUIMIOLUMINISCENCIA,false,true
1746,ECN-CAT-END-218,Control de Aldosterona,460,2.25,6,3,1,serum,ELISA,false,true
1747,ECN-CAT-END-219,Control de Renina,260,1.75,3,0,0,plasma,INMUNOENSAYO,false,true
1748,ECN-CAT-END-220,Control de Paratohormona,940,3.5,25,2,2,serum,QUIMIOLUMINISCENCIA,true,true
1749,ECN-CAT-END-221,Control de Calcitonina,820,3,22,1,0,plasma,ELISA,true,true
1750,ECN-CAT-END-222,Control de Péptido C,700,2.5,19,4,3,serum,INMUNOENSAYO,false,true
1751,ECN-CAT-END-223,Control de 17-hidroxiprogesterona,660,3.25,16,1,1,plasma,QUIMIOLUMINISCENCIA,false,true
1752,ECN-CAT-END-224,Control de Hormona antimülleriana,560,2.75,13,0,0,serum,ELISA,false,true
1753,ECN-CAT-END-225,Control de Somatomedina C,480,1,5,2,1,plasma,INMUNOENSAYO,false,true
1754,ECN-CAT-END-226,Confirmación de Hormona estimulante de tiroides,460,2.25,2,3,1,serum,QUIMIOLUMINISCENCIA,false,true
1755,ECN-CAT-END-227,Confirmación de Tiroxina libre,1000,3.75,29,0,0,plasma,ELISA,true,true
1756,ECN-CAT-END-228,Confirmación de Tiroxina total,800,3.25,26,2,2,serum,INMUNOENSAYO,true,true
1757,ECN-CAT-END-229,Confirmación de Triyodotironina libre,760,4.25,23,1,0,plasma,QUIMIOLUMINISCENCIA,false,true
1758,ECN-CAT-END-230,Confirmación de Triyodotironina total,700,2.5,15,4,2,serum,ELISA,false,true
1759,ECN-CAT-END-231,Confirmación de Insulina,580,2,12,0,0,plasma,INMUNOENSAYO,false,true
1760,ECN-CAT-END-232,Confirmación de Cortisol,540,3,9,2,2,serum,QUIMIOLUMINISCENCIA,false,true
1761,ECN-CAT-END-233,Confirmación de Hormona adrenocorticotropa,440,2.5,6,2,1,plasma,ELISA,false,true
1762,ECN-CAT-END-234,Confirmación de Hormona de crecimiento,320,1.75,3,3,2,serum,INMUNOENSAYO,false,true
1763,ECN-CAT-END-235,Confirmación de Prolactina,1000,3.5,25,0,0,plasma,QUIMIOLUMINISCENCIA,true,true
1764,ECN-CAT-END-236,Confirmación de Hormona luteinizante,880,3,22,2,2,serum,ELISA,false,true
1765,ECN-CAT-END-237,Confirmación de Hormona foliculoestimulante,680,2.5,19,3,2,plasma,INMUNOENSAYO,false,true
1766,ECN-CAT-END-238,Confirmación de Estradiol,640,3.5,16,4,2,serum,QUIMIOLUMINISCENCIA,true,true
1767,ECN-CAT-END-239,Confirmación de Progesterona,520,3,13,1,1,plasma,ELISA,false,true
1768,ECN-CAT-END-240,Confirmación de Testosterona total,400,1.25,5,0,0,serum,INMUNOENSAYO,false,true
1769,ECN-CAT-END-241,Confirmación de Testosterona libre,420,2,2,2,1,plasma,QUIMIOLUMINISCENCIA,false,true
1770,ECN-CAT-END-242,Confirmación de Dehidroepiandrosterona,980,3.5,29,4,2,serum,ELISA,true,true
1771,ECN-CAT-END-243,Confirmación de Aldosterona,860,3,26,0,0,plasma,INMUNOENSAYO,true,true
1772,ECN-CAT-END-244,Confirmación de Renina,820,4,23,2,2,serum,QUIMIOLUMINISCENCIA,false,true
1773,ECN-CAT-URO-126,Determinación de Examen general de orina,600,1.75,20,0,0,urine,TIRA REACTIVA,false,true
1774,ECN-CAT-URO-127,Determinación de Microalbúmina en orina,590,2.5,17,0,0,urine,MICROSCOPÍA,false,true
1775,ECN-CAT-URO-128,Determinación de Proteínas en orina,490,1.75,14,2,1,urine,COLORIMETRÍA,false,true
1776,ECN-CAT-URO-129,Determinación de Glucosa en orina,390,0.5,6,3,1,urine,TIRA REACTIVA,false,true
1777,ECN-CAT-URO-130,Determinación de Creatinina en orina,320,1.25,3,0,0,urine,MICROSCOPÍA,false,true
1778,ECN-CAT-URO-131,Determinación de Calcio en orina,880,2.5,30,0,0,urine,COLORIMETRÍA,true,true
1779,ECN-CAT-URO-132,Determinación de Ácido úrico en orina,830,2.25,27,2,2,urine,TIRA REACTIVA,true,true
1780,ECN-CAT-URO-133,Determinación de Sodio en orina,770,3,24,2,0,urine,MICROSCOPÍA,false,true
1781,ECN-CAT-URO-134,Determinación de Potasio en orina,670,1.5,16,0,0,urine,COLORIMETRÍA,false,true
1782,ECN-CAT-URO-135,Determinación de Cloro en orina,480,1.25,13,1,1,urine,TIRA REACTIVA,false,true
1783,ECN-CAT-URO-136,Determinación de Fósforo en orina,420,2,10,1,0,urine,MICROSCOPÍA,true,true
1784,ECN-CAT-URO-137,Determinación de Magnesio en orina,370,1.25,7,4,2,urine,COLORIMETRÍA,false,true
1785,ECN-CAT-URO-138,Determinación de Urea en orina,270,1.25,4,0,0,urine,TIRA REACTIVA,false,true
1786,ECN-CAT-URO-139,Determinación de Osmolalidad urinaria,860,2.75,26,0,0,urine,MICROSCOPÍA,true,true
1787,ECN-CAT-URO-140,Determinación de Depuración de creatinina,760,2,23,2,1,urine,COLORIMETRÍA,false,true
1788,ECN-CAT-URO-141,Determinación de Sedimento urinario,660,2,20,2,0,urine,TIRA REACTIVA,false,true
1789,ECN-CAT-URO-142,Determinación de Cetonas en orina,650,2.5,17,0,0,urine,MICROSCOPÍA,false,true
1790,ECN-CAT-URO-143,Determinación de Hemoglobina en orina,550,2,14,1,1,urine,COLORIMETRÍA,false,true
1791,ECN-CAT-URO-144,Determinación de Nitritos en orina,360,0.5,6,1,1,urine,TIRA REACTIVA,false,true
1792,ECN-CAT-URO-145,Determinación de Leucocitos en orina,300,1.25,3,5,3,urine,MICROSCOPÍA,false,true
1793,ECN-CAT-URO-146,Determinación de Cristales en orina,860,2.5,30,0,0,urine,COLORIMETRÍA,true,true
1794,ECN-CAT-URO-147,Determinación de Cilindros urinarios,810,2.5,27,0,0,urine,TIRA REACTIVA,true,true
1795,ECN-CAT-URO-148,Determinación de Urobilinógeno en orina,740,3.25,24,2,1,urine,MICROSCOPÍA,false,true
1796,ECN-CAT-URO-149,Determinación de Bilirrubina en orina,640,1.25,16,3,1,urine,COLORIMETRÍA,false,true
1797,ECN-CAT-URO-150,Determinación de Relación albúmina creatinina,540,1,13,1,1,urine,TIRA REACTIVA,false,true
1798,ECN-CAT-URO-151,Cuantificación de Examen general de orina,480,1.75,10,1,1,urine,MICROSCOPÍA,false,true
1799,ECN-CAT-URO-152,Cuantificación de Microalbúmina en orina,430,1,7,1,0,urine,COLORIMETRÍA,false,true
1800,ECN-CAT-URO-153,Cuantificación de Proteínas en orina,240,1,4,2,0,urine,TIRA REACTIVA,true,true
1801,ECN-CAT-URO-154,Cuantificación de Glucosa en orina,840,2.5,26,0,0,urine,MICROSCOPÍA,true,true
1802,ECN-CAT-URO-155,Cuantificación de Creatinina en orina,740,2,23,0,0,urine,COLORIMETRÍA,false,true
1803,ECN-CAT-URO-156,Cuantificación de Calcio en orina,630,2,20,2,2,urine,TIRA REACTIVA,false,true
1804,ECN-CAT-URO-157,Cuantificación de Ácido úrico en orina,570,2.75,17,4,2,urine,MICROSCOPÍA,false,true
1805,ECN-CAT-URO-158,Cuantificación de Sodio en orina,520,2,14,0,0,urine,COLORIMETRÍA,false,true
1806,ECN-CAT-URO-159,Cuantificación de Potasio en orina,420,0.75,6,2,2,urine,TIRA REACTIVA,false,true
1807,ECN-CAT-URO-160,Cuantificación de Cloro en orina,360,1.25,3,1,0,urine,MICROSCOPÍA,false,true
1808,ECN-CAT-URO-161,Cuantificación de Fósforo en orina,920,2.75,30,2,0,urine,COLORIMETRÍA,true,true
1809,ECN-CAT-URO-162,Cuantificación de Magnesio en orina,730,2.5,27,0,0,urine,TIRA REACTIVA,true,true
1810,ECN-CAT-URO-163,Cuantificación de Urea en orina,720,3.25,24,0,0,urine,MICROSCOPÍA,false,true
1811,ECN-CAT-URO-164,Cuantificación de Osmolalidad urinaria,620,1.25,16,2,1,urine,COLORIMETRÍA,false,true
1812,ECN-CAT-URO-165,Cuantificación de Depuración de creatinina,510,1.25,13,4,2,urine,TIRA REACTIVA,false,true
1813,ECN-CAT-URO-166,Cuantificación de Sedimento urinario,450,2,10,0,0,urine,MICROSCOPÍA,false,true
1814,ECN-CAT-URO-167,Cuantificación de Cetonas en orina,350,1.25,7,2,2,urine,COLORIMETRÍA,false,true
1815,ECN-CAT-URO-168,Cuantificación de Hemoglobina en orina,300,1,4,1,1,urine,TIRA REACTIVA,false,true
1816,ECN-CAT-URO-169,Cuantificación de Nitritos en orina,900,2.5,26,2,0,urine,MICROSCOPÍA,true,true
1817,ECN-CAT-URO-170,Cuantificación de Leucocitos en orina,800,1.75,23,0,0,urine,COLORIMETRÍA,true,true
1818,ECN-CAT-URO-171,Cuantificación de Cristales en orina,610,1.75,20,2,2,urine,TIRA REACTIVA,false,true
1819,ECN-CAT-URO-172,Cuantificación de Cilindros urinarios,540,2.5,17,2,1,urine,MICROSCOPÍA,false,true
1820,ECN-CAT-URO-173,Cuantificación de Urobilinógeno en orina,500,1.75,14,4,2,urine,COLORIMETRÍA,false,true
1821,ECN-CAT-URO-174,Cuantificación de Bilirrubina en orina,390,0.5,6,0,0,urine,TIRA REACTIVA,false,true
1822,ECN-CAT-URO-175,Cuantificación de Relación albúmina creatinina,330,1,3,0,0,urine,MICROSCOPÍA,false,true
1823,ECN-CAT-URO-176,Evaluación de Examen general de orina,890,2.75,30,2,1,urine,COLORIMETRÍA,true,true
1824,ECN-CAT-URO-177,Evaluación de Microalbúmina en orina,790,2.75,27,2,0,urine,TIRA REACTIVA,true,true
1825,ECN-CAT-URO-178,Evaluación de Proteínas en orina,780,3.25,24,0,0,urine,MICROSCOPÍA,false,true
1826,ECN-CAT-URO-179,Evaluación de Glucosa en orina,680,1.5,16,0,0,urine,COLORIMETRÍA,false,true
1827,ECN-CAT-URO-180,Evaluación de Creatinina en orina,490,1.25,13,2,2,urine,TIRA REACTIVA,false,true
1828,ECN-CAT-URO-181,Evaluación de Calcio en orina,420,2,10,4,2,urine,MICROSCOPÍA,false,true
1829,ECN-CAT-URO-182,Evaluación de Ácido úrico en orina,330,1.25,7,0,0,urine,COLORIMETRÍA,false,true
1830,ECN-CAT-URO-183,Evaluación de Sodio en orina,270,1.25,4,0,0,urine,TIRA REACTIVA,false,true
1831,ECN-CAT-URO-184,Evaluación de Potasio en orina,870,2.75,26,2,1,urine,MICROSCOPÍA,true,true
1832,ECN-CAT-URO-185,Evaluación de Cloro en orina,770,2,23,2,0,urine,COLORIMETRÍA,false,true
1833,ECN-CAT-URO-186,Evaluación de Fósforo en orina,670,1.75,20,0,0,urine,TIRA REACTIVA,false,true
1834,ECN-CAT-URO-187,Evaluación de Magnesio en orina,610,2.5,17,1,1,urine,MICROSCOPÍA,true,true
1835,ECN-CAT-URO-188,Evaluación de Urea en orina,560,1.75,14,1,0,urine,COLORIMETRÍA,false,true
1836,ECN-CAT-URO-189,Evaluación de Osmolalidad urinaria,370,0.5,6,3,1,urine,TIRA REACTIVA,false,true
1837,ECN-CAT-URO-190,Evaluación de Depuración de creatinina,300,1.25,3,0,0,urine,MICROSCOPÍA,false,true
1838,ECN-CAT-URO-191,Evaluación de Sedimento urinario,870,2.5,30,1,1,urine,COLORIMETRÍA,true,true
1839,ECN-CAT-URO-192,Evaluación de Cetonas en orina,760,2.5,27,2,2,urine,TIRA REACTIVA,true,true
1840,ECN-CAT-URO-193,Evaluación de Hemoglobina en orina,750,3,24,2,0,urine,MICROSCOPÍA,false,true
1841,ECN-CAT-URO-194,Evaluación de Nitritos en orina,650,1.25,16,0,0,urine,COLORIMETRÍA,false,true
1842,ECN-CAT-URO-195,Evaluación de Leucocitos en orina,550,1,13,1,1,urine,TIRA REACTIVA,false,true
1843,ECN-CAT-URO-196,Evaluación de Cristales en orina,490,1.75,10,2,1,urine,MICROSCOPÍA,false,true
1844,ECN-CAT-URO-197,Evaluación de Cilindros urinarios,390,1.5,7,2,0,urine,COLORIMETRÍA,false,true
1845,ECN-CAT-URO-198,Evaluación de Urobilinógeno en orina,250,1.25,4,0,0,urine,TIRA REACTIVA,false,true
1846,ECN-CAT-URO-199,Evaluación de Bilirrubina en orina,840,2.75,26,0,0,urine,MICROSCOPÍA,true,true
1847,ECN-CAT-URO-200,Evaluación de Relación albúmina creatinina,750,2,23,2,1,urine,COLORIMETRÍA,false,true
1848,ECN-CAT-URO-201,Control de Examen general de orina,640,2,20,2,0,urine,TIRA REACTIVA,false,true
1849,ECN-CAT-URO-202,Control de Microalbúmina en orina,580,2.75,17,1,1,urine,MICROSCOPÍA,false,true
1850,ECN-CAT-URO-203,Control de Proteínas en orina,530,2,14,2,2,urine,COLORIMETRÍA,false,true
1851,ECN-CAT-URO-204,Control de Glucosa en orina,430,0.5,6,1,1,urine,TIRA REACTIVA,true,true
1852,ECN-CAT-URO-205,Control de Creatinina en orina,370,1.25,3,3,1,urine,MICROSCOPÍA,false,true
1853,ECN-CAT-URO-206,Control de Calcio en orina,930,2.5,30,0,0,urine,COLORIMETRÍA,true,true
1854,ECN-CAT-URO-207,Control de Ácido úrico en orina,740,2.5,27,0,0,urine,TIRA REACTIVA,true,true
1855,ECN-CAT-URO-208,Control de Sodio en orina,670,3.25,24,3,2,urine,MICROSCOPÍA,false,true
1856,ECN-CAT-URO-209,Control de Potasio en orina,630,1.25,16,3,1,urine,COLORIMETRÍA,false,true
1857,ECN-CAT-URO-210,Control de Cloro en orina,520,1.25,13,0,0,urine,TIRA REACTIVA,false,true
1858,ECN-CAT-URO-211,Control de Fósforo en orina,460,1.75,10,0,0,urine,MICROSCOPÍA,false,true
1859,ECN-CAT-URO-212,Control de Magnesio en orina,360,1.25,7,1,0,urine,COLORIMETRÍA,false,true
1860,ECN-CAT-URO-213,Control de Urea en orina,260,1,4,3,1,urine,TIRA REACTIVA,false,true
1861,ECN-CAT-URO-214,Control de Osmolalidad urinaria,910,2.5,26,0,0,urine,MICROSCOPÍA,true,true
1862,ECN-CAT-URO-215,Control de Depuración de creatinina,810,1.75,23,0,0,urine,COLORIMETRÍA,false,true
1863,ECN-CAT-URO-216,Control de Sedimento urinario,620,1.75,20,3,3,urine,TIRA REACTIVA,false,true
1864,ECN-CAT-URO-217,Control de Cetonas en orina,550,2.5,17,3,1,urine,MICROSCOPÍA,false,true
1865,ECN-CAT-URO-218,Control de Hemoglobina en orina,460,2,14,1,1,urine,COLORIMETRÍA,false,true
1866,ECN-CAT-URO-219,Control de Nitritos en orina,400,0.75,6,0,0,urine,TIRA REACTIVA,false,true
1867,ECN-CAT-URO-220,Control de Leucocitos en orina,340,1.5,3,2,1,urine,MICROSCOPÍA,false,true
1868,ECN-CAT-URO-221,Control de Cristales en orina,900,2.75,30,2,0,urine,COLORIMETRÍA,false,true
1869,ECN-CAT-URO-222,Control de Cilindros urinarios,800,2.5,27,1,1,urine,TIRA REACTIVA,true,true
1870,ECN-CAT-URO-223,Control de Urobilinógeno en orina,740,3.25,24,0,0,urine,MICROSCOPÍA,false,true
1871,ECN-CAT-URO-224,Control de Bilirrubina en orina,690,1.25,16,3,2,urine,COLORIMETRÍA,false,true
1872,ECN-CAT-URO-225,Control de Relación albúmina creatinina,500,1.25,13,3,1,urine,TIRA REACTIVA,false,true
1873,ECN-CAT-URO-226,Confirmación de Examen general de orina,430,2,10,0,0,urine,MICROSCOPÍA,false,true
1874,ECN-CAT-URO-227,Confirmación de Microalbúmina en orina,340,1.25,7,1,1,urine,COLORIMETRÍA,false,true
1875,ECN-CAT-URO-228,Confirmación de Proteínas en orina,230,1.25,4,2,2,urine,TIRA REACTIVA,false,true
1876,ECN-CAT-URO-229,Confirmación de Glucosa en orina,880,2.5,26,3,1,urine,MICROSCOPÍA,true,true
1877,ECN-CAT-URO-230,Confirmación de Creatinina en orina,780,2,23,1,1,urine,COLORIMETRÍA,false,true
1878,ECN-CAT-URO-231,Confirmación de Calcio en orina,680,1.75,20,0,0,urine,TIRA REACTIVA,false,true
1879,ECN-CAT-URO-232,Confirmación de Ácido úrico en orina,620,2.5,17,2,1,urine,MICROSCOPÍA,false,true
1880,ECN-CAT-URO-233,Confirmación de Sodio en orina,520,1.75,14,2,0,urine,COLORIMETRÍA,false,true
1881,ECN-CAT-URO-234,Confirmación de Potasio en orina,380,0.5,6,0,0,urine,TIRA REACTIVA,false,true
1882,ECN-CAT-URO-235,Confirmación de Cloro en orina,310,1.25,3,1,1,urine,MICROSCOPÍA,false,true
1883,ECN-CAT-URO-236,Confirmación de Fósforo en orina,880,2.5,30,2,1,urine,COLORIMETRÍA,true,true
1884,ECN-CAT-URO-237,Confirmación de Magnesio en orina,770,2.25,27,2,0,urine,TIRA REACTIVA,true,true
1885,ECN-CAT-URO-238,Confirmación de Urea en orina,710,3,24,0,0,urine,MICROSCOPÍA,true,true
1886,ECN-CAT-URO-239,Confirmación de Osmolalidad urinaria,660,1.5,16,1,1,urine,COLORIMETRÍA,false,true
1887,ECN-CAT-URO-240,Confirmación de Depuración de creatinina,560,1.25,13,2,2,urine,TIRA REACTIVA,false,true
1888,ECN-CAT-URO-241,Confirmación de Sedimento urinario,500,2,10,2,0,urine,MICROSCOPÍA,false,true
1889,ECN-CAT-URO-242,Confirmación de Cetonas en orina,400,1.25,7,0,0,urine,COLORIMETRÍA,false,true
1890,ECN-CAT-URO-243,Confirmación de Hemoglobina en orina,210,1.25,4,1,1,urine,TIRA REACTIVA,false,true
1891,ECN-CAT-URO-244,Confirmación de Nitritos en orina,850,2.75,26,3,2,urine,MICROSCOPÍA,true,true
1892,ECN-CAT-MOL-126,Determinación de Detección molecular de SARS-CoV-2,1180,7.75,28,1,1,swab,RT-PCR,true,true
1893,ECN-CAT-MOL-127,Determinación de Virus de influenza A,1100,7.75,25,1,0,swab,RT-PCR,true,true
1894,ECN-CAT-MOL-128,Determinación de Virus de influenza B,1000,6.5,17,4,2,swab,RT-PCR,true,true
1895,ECN-CAT-MOL-129,Determinación de Virus del papiloma humano,880,7.25,14,0,0,swab,PCR,true,true
1896,ECN-CAT-MOL-130,Determinación de Virus de hepatitis B,800,7.25,11,2,2,plasma,PCR,true,true
1897,ECN-CAT-MOL-131,Determinación de Virus de hepatitis C,760,7.25,8,2,1,plasma,PCR,true,true
1898,ECN-CAT-MOL-132,Determinación de Virus de Epstein-Barr,580,7.25,5,3,2,blood,PCR,true,true
1899,ECN-CAT-MOL-133,Determinación de Citomegalovirus,1160,8,27,0,0,blood,PCR,true,true
1900,ECN-CAT-MOL-134,Determinación de Virus herpes simple 1,1060,8,24,2,2,swab,PCR,true,true
1901,ECN-CAT-MOL-135,Determinación de Virus herpes simple 2,980,8,21,1,0,swab,PCR,true,true
1902,ECN-CAT-MOL-136,Determinación de Chlamydia trachomatis,940,8,18,4,2,swab,PCR,false,true
1903,ECN-CAT-MOL-137,Determinación de Neisseria gonorrhoeae,860,7.75,15,0,0,swab,PCR,true,true
1904,ECN-CAT-MOL-138,Determinación de Mycobacterium tuberculosis,760,6.5,7,0,0,other,PCR,true,true
1905,ECN-CAT-MOL-139,Determinación de Bordetella pertussis,680,6.5,4,4,3,swab,PCR,true,true
1906,ECN-CAT-MOL-140,Determinación de Parvovirus B19,600,6.5,1,2,0,blood,PCR,true,true
1907,ECN-CAT-MOL-141,Determinación de Dengue por PCR,1160,7.5,28,0,0,blood,RT-PCR,true,true
1908,ECN-CAT-MOL-142,Determinación de Zika por PCR,1060,7.5,25,2,2,blood,RT-PCR,true,true
1909,ECN-CAT-MOL-143,Determinación de Chikungunya por PCR,980,6.25,17,1,0,blood,RT-PCR,true,true
1910,ECN-CAT-MOL-144,Determinación de Panel respiratorio molecular,900,6,14,4,3,swab,RT-PCR,true,true
1911,ECN-CAT-MOL-145,Determinación de Panel gastrointestinal molecular,800,6,11,0,0,other,RT-PCR,true,true
1912,ECN-CAT-MOL-146,Determinación de Trombofilia hereditaria,740,7,8,1,1,blood,PCR,true,true
1913,ECN-CAT-MOL-147,Determinación de Mutación JAK2,640,7.25,5,2,1,blood,PCR,true,true
1914,ECN-CAT-MOL-148,Determinación de BCR-ABL cuantitativo,1220,8,27,3,1,blood,PCR,true,true
1915,ECN-CAT-MOL-149,Determinación de HLA-B27,1140,8,24,0,0,blood,PCR,true,true
1916,ECN-CAT-MOL-150,Determinación de Carga viral cuantitativa,960,8,21,2,2,plasma,PCR,true,true
1917,ECN-CAT-MOL-151,Cuantificación de Detección molecular de SARS-CoV-2,940,7,18,2,1,swab,RT-PCR,true,true
1918,ECN-CAT-MOL-152,Cuantificación de Virus de influenza A,860,7,15,5,3,swab,RT-PCR,true,true
1919,ECN-CAT-MOL-153,Cuantificación de Virus de influenza B,780,5.75,7,0,0,swab,RT-PCR,false,true
1920,ECN-CAT-MOL-154,Cuantificación de Virus del papiloma humano,660,6.75,4,0,0,swab,PCR,true,true
1921,ECN-CAT-MOL-155,Cuantificación de Virus de hepatitis B,560,6.5,1,2,1,plasma,PCR,true,true
1922,ECN-CAT-MOL-156,Cuantificación de Virus de hepatitis C,1180,8.5,28,4,3,plasma,PCR,true,true
1923,ECN-CAT-MOL-157,Cuantificación de Virus de Epstein-Barr,1100,8.5,25,0,0,blood,PCR,true,true
1924,ECN-CAT-MOL-158,Cuantificación de Citomegalovirus,1020,7.25,17,2,2,blood,PCR,true,true
1925,ECN-CAT-MOL-159,Cuantificación de Virus herpes simple 1,840,7.25,14,2,1,swab,PCR,true,true
1926,ECN-CAT-MOL-160,Cuantificación de Virus herpes simple 2,740,7.25,11,2,0,swab,PCR,true,true
1927,ECN-CAT-MOL-161,Cuantificación de Chlamydia trachomatis,700,7.25,8,0,0,swab,PCR,true,true
1928,ECN-CAT-MOL-162,Cuantificación de Neisseria gonorrhoeae,620,7,5,1,1,swab,PCR,true,true
1929,ECN-CAT-MOL-163,Cuantificación de Mycobacterium tuberculosis,1200,7.75,27,2,1,other,PCR,true,true
1930,ECN-CAT-MOL-164,Cuantificación de Bordetella pertussis,1100,7.75,24,4,2,swab,PCR,true,true
1931,ECN-CAT-MOL-165,Cuantificación de Parvovirus B19,1020,7.75,21,0,0,blood,PCR,true,true
1932,ECN-CAT-MOL-166,Cuantificación de Dengue por PCR,1000,6.75,18,2,2,blood,RT-PCR,true,true
1933,ECN-CAT-MOL-167,Cuantificación de Zika por PCR,920,6.75,15,2,1,blood,RT-PCR,true,true
1934,ECN-CAT-MOL-168,Cuantificación de Chikungunya por PCR,740,5.75,7,4,3,blood,RT-PCR,true,true
1935,ECN-CAT-MOL-169,Cuantificación de Panel respiratorio molecular,660,5.75,4,0,0,swab,RT-PCR,true,true
1936,ECN-CAT-MOL-170,Cuantificación de Panel gastrointestinal molecular,560,5.75,1,0,0,other,RT-PCR,false,true
1937,ECN-CAT-MOL-171,Cuantificación de Trombofilia hereditaria,1160,8.75,28,2,1,blood,PCR,true,true
1938,ECN-CAT-MOL-172,Cuantificación de Mutación JAK2,1080,8.75,25,4,2,blood,PCR,true,true
1939,ECN-CAT-MOL-173,Cuantificación de BCR-ABL cuantitativo,980,7.25,17,0,0,blood,PCR,true,true
1940,ECN-CAT-MOL-174,Cuantificación de HLA-B27,900,7.25,14,2,2,blood,PCR,true,true
1941,ECN-CAT-MOL-175,Cuantificación de Carga viral cuantitativa,800,7.25,11,3,2,plasma,PCR,true,true
1942,ECN-CAT-MOL-176,Evaluación de Detección molecular de SARS-CoV-2,760,6.25,8,2,0,swab,RT-PCR,true,true
1943,ECN-CAT-MOL-177,Evaluación de Virus de influenza A,620,6.25,5,0,0,swab,RT-PCR,true,true
1944,ECN-CAT-MOL-178,Evaluación de Virus de influenza B,1200,7,27,2,2,swab,RT-PCR,true,true
1945,ECN-CAT-MOL-179,Evaluación de Virus del papiloma humano,1080,8,24,1,0,swab,PCR,true,true
1946,ECN-CAT-MOL-180,Evaluación de Virus de hepatitis B,980,7.75,21,4,3,plasma,PCR,true,true
1947,ECN-CAT-MOL-181,Evaluación de Virus de hepatitis C,900,7.75,18,0,0,plasma,PCR,true,true
1948,ECN-CAT-MOL-182,Evaluación de Virus de Epstein-Barr,860,7.75,15,2,2,blood,PCR,true,true
1949,ECN-CAT-MOL-183,Evaluación de Citomegalovirus,780,6.5,7,2,1,blood,PCR,true,true
1950,ECN-CAT-MOL-184,Evaluación de Virus herpes simple 1,680,6.5,4,2,0,swab,PCR,true,true
1951,ECN-CAT-MOL-185,Evaluación de Virus herpes simple 2,600,6.5,1,0,0,swab,PCR,true,true
1952,ECN-CAT-MOL-186,Evaluación de Chlamydia trachomatis,1080,8.5,28,2,2,swab,PCR,true,true
1953,ECN-CAT-MOL-187,Evaluación de Neisseria gonorrhoeae,1040,8.5,25,1,0,swab,PCR,false,true
1954,ECN-CAT-MOL-188,Evaluación de Mycobacterium tuberculosis,960,7,17,4,2,other,PCR,true,true
1955,ECN-CAT-MOL-189,Evaluación de Bordetella pertussis,860,7.5,14,0,0,swab,PCR,true,true
1956,ECN-CAT-MOL-190,Evaluación de Parvovirus B19,780,7.5,11,0,0,blood,PCR,true,true
1957,ECN-CAT-MOL-191,Evaluación de Dengue por PCR,720,6.25,8,1,0,blood,RT-PCR,true,true
1958,ECN-CAT-MOL-192,Evaluación de Zika por PCR,680,6.25,5,2,1,blood,RT-PCR,true,true
1959,ECN-CAT-MOL-193,Evaluación de Chikungunya por PCR,1260,7,27,1,1,blood,RT-PCR,true,true
1960,ECN-CAT-MOL-194,Evaluación de Panel respiratorio molecular,1180,7,24,2,2,swab,RT-PCR,true,true
1961,ECN-CAT-MOL-195,Evaluación de Panel gastrointestinal molecular,1000,7,21,1,0,other,RT-PCR,true,true
1962,ECN-CAT-MOL-196,Evaluación de Trombofilia hereditaria,880,8,18,4,2,blood,PCR,true,true
1963,ECN-CAT-MOL-197,Evaluación de Mutación JAK2,840,8,15,0,0,blood,PCR,true,true
1964,ECN-CAT-MOL-198,Evaluación de BCR-ABL cuantitativo,740,6.5,7,0,0,blood,PCR,true,true
1965,ECN-CAT-MOL-199,Evaluación de HLA-B27,660,6.5,4,2,1,blood,PCR,true,true
1966,ECN-CAT-MOL-200,Evaluación de Carga viral cuantitativa,580,6.5,1,4,2,plasma,PCR,true,true
1967,ECN-CAT-MOL-201,Control de Detección molecular de SARS-CoV-2,1180,7.5,28,0,0,swab,RT-PCR,true,true
1968,ECN-CAT-MOL-202,Control de Virus de influenza A,1140,7.5,25,2,2,swab,RT-PCR,true,true
1969,ECN-CAT-MOL-203,Control de Virus de influenza B,1060,6.25,17,1,0,swab,RT-PCR,true,true
1970,ECN-CAT-MOL-204,Control de Virus del papiloma humano,840,7.25,14,4,3,swab,PCR,false,true
1971,ECN-CAT-MOL-205,Control de Virus de hepatitis B,760,7.25,11,0,0,plasma,PCR,true,true
1972,ECN-CAT-MOL-206,Control de Virus de hepatitis C,660,7,8,0,0,plasma,PCR,true,true
1973,ECN-CAT-MOL-207,Control de Virus de Epstein-Barr,620,7,5,3,2,blood,PCR,true,true
1974,ECN-CAT-MOL-208,Control de Citomegalovirus,1200,7.75,27,2,0,blood,PCR,true,true
1975,ECN-CAT-MOL-209,Control de Virus herpes simple 1,1120,7.75,24,0,0,swab,PCR,true,true
1976,ECN-CAT-MOL-210,Control de Virus herpes simple 2,1020,8,21,3,3,swab,PCR,true,true
1977,ECN-CAT-MOL-211,Control de Chlamydia trachomatis,940,8,18,1,0,swab,PCR,true,true
1978,ECN-CAT-MOL-212,Control de Neisseria gonorrhoeae,900,8,15,2,0,swab,PCR,true,true
1979,ECN-CAT-MOL-213,Control de Mycobacterium tuberculosis,720,6.75,7,0,0,other,PCR,true,true
1980,ECN-CAT-MOL-214,Control de Bordetella pertussis,640,6.75,4,0,0,swab,PCR,true,true
1981,ECN-CAT-MOL-215,Control de Parvovirus B19,540,6.75,1,3,2,blood,PCR,true,true
1982,ECN-CAT-MOL-216,Control de Dengue por PCR,1140,7.5,28,4,3,blood,RT-PCR,true,true
1983,ECN-CAT-MOL-217,Control de Zika por PCR,1120,7.5,25,0,0,blood,RT-PCR,true,true
1984,ECN-CAT-MOL-218,Control de Chikungunya por PCR,1020,6.25,17,1,1,blood,RT-PCR,true,true
1985,ECN-CAT-MOL-219,Control de Panel respiratorio molecular,940,6.25,14,2,1,swab,RT-PCR,true,true
1986,ECN-CAT-MOL-220,Control de Panel gastrointestinal molecular,840,6.25,11,3,1,other,RT-PCR,true,true
1987,ECN-CAT-MOL-221,Control de Trombofilia hereditaria,720,7.25,8,0,0,blood,PCR,false,true
1988,ECN-CAT-MOL-222,Control de Mutación JAK2,600,7.25,5,0,0,blood,PCR,true,true
1989,ECN-CAT-MOL-223,Control de BCR-ABL cuantitativo,1180,8,27,2,1,blood,PCR,true,true
1990,ECN-CAT-MOL-224,Control de HLA-B27,1080,7.75,24,4,2,blood,PCR,true,true
1991,ECN-CAT-MOL-225,Control de Carga viral cuantitativa,1000,7.75,21,0,0,plasma,PCR,true,true
1992,ECN-CAT-MOL-226,Confirmación de Detección molecular de SARS-CoV-2,940,6.75,18,3,3,swab,RT-PCR,true,true
1993,ECN-CAT-MOL-227,Confirmación de Virus de influenza A,860,6.75,15,2,1,swab,RT-PCR,true,true
1994,ECN-CAT-MOL-228,Confirmación de Virus de influenza B,820,5.5,7,2,1,swab,RT-PCR,true,true
1995,ECN-CAT-MOL-229,Confirmación de Virus del papiloma humano,700,6.5,4,1,1,swab,PCR,true,true
1996,ECN-CAT-MOL-230,Confirmación de Virus de hepatitis B,600,6.5,1,1,1,plasma,PCR,true,true
1997,ECN-CAT-MOL-231,Confirmación de Virus de hepatitis C,1100,8.75,28,3,2,plasma,PCR,true,true
1998,ECN-CAT-MOL-232,Confirmación de Virus de Epstein-Barr,1000,8.75,25,4,2,blood,PCR,true,true
1999,ECN-CAT-MOL-233,Confirmación de Citomegalovirus,960,7.5,17,0,0,blood,PCR,true,true
2000,ECN-CAT-MOL-234,Confirmación de Virus herpes simple 1,880,7.25,14,1,1,swab,PCR,true,true
2001,ECN-CAT-MOL-235,Confirmación de Virus herpes simple 2,800,7.25,11,2,1,swab,PCR,true,true
2002,ECN-CAT-MOL-236,Confirmación de Chlamydia trachomatis,700,7.25,8,2,0,swab,PCR,true,true
2003,ECN-CAT-MOL-237,Confirmación de Neisseria gonorrhoeae,620,7.25,5,1,1,swab,PCR,true,true
2004,ECN-CAT-MOL-238,Confirmación de Mycobacterium tuberculosis,1240,8,27,1,1,other,PCR,false,true
2005,ECN-CAT-MOL-239,Confirmación de Bordetella pertussis,1140,8,24,2,1,swab,PCR,true,true
2006,ECN-CAT-MOL-240,Confirmación de Parvovirus B19,980,8,21,3,2,blood,PCR,true,true
2007,ECN-CAT-MOL-241,Confirmación de Dengue por PCR,920,7,18,0,0,blood,RT-PCR,true,true
2008,ECN-CAT-MOL-242,Confirmación de Zika por PCR,820,6.75,15,0,0,blood,RT-PCR,true,true
2009,ECN-CAT-MOL-243,Confirmación de Chikungunya por PCR,780,5.5,7,2,1,blood,RT-PCR,true,true
2010,ECN-CAT-MOL-244,Confirmación de Panel respiratorio molecular,700,5.5,4,2,0,swab,RT-PCR,true,true
