order_id,source_folio,is_synthetic,source_created_at,source_updated_at,promised_lead_hours,registration_hour,registration_weekday,item_count,total_quantity,distinct_study_count,package_component_count,subtotal_amount,courtesy_percent,discount_amount,total_amount,branch_name,dominant_price_type,outcome
663,ECO-ML-000137,true,2025-11-01T14:07:00+00:00,2025-11-01T16:07:00+00:00,20.0,8.116666666666665,6,6,6,6,0,3683.5,5.0,184.18,3499.32,sucursal sur,special,cancelled
903,ECO-ML-000377,true,2025-11-01T14:07:00+00:00,2025-11-04T01:13:00+00:00,60.0,8.116666666666665,6,6,6,6,0,3936.0,5.0,196.8,3739.2,sucursal sur,special,completed_on_time
1027,ECO-ML-000501,true,2025-11-02T00:00:00+00:00,2025-11-04T07:00:00+00:00,56.0,0.0,0,5,5,5,1,3661.0,0.0,0.0,3661.0,matriz,normal,completed_on_time
1028,ECO-ML-000502,true,2025-11-02T04:34:10+00:00,2025-11-04T23:34:10+00:00,64.0,4.5667,0,5,5,5,0,3459.5,15.0,518.92,2940.58,sucursal centro,special,delayed
1029,ECO-ML-000503,true,2025-11-02T09:08:19+00:00,2025-11-05T03:08:19+00:00,69.0,9.1333,0,4,4,4,0,2419.0,20.0,483.8,1935.2,sucursal centro,special,completed_on_time
1030,ECO-ML-000504,true,2025-11-02T13:42:29+00:00,2025-11-02T18:42:29+00:00,19.0,13.7,0,6,6,6,0,3683.5,5.0,184.18,3499.32,matriz,normal,cancelled
560,ECO-ML-000034,true,2025-11-02T15:14:00+00:00,2025-11-05T13:47:00+00:00,57.0,9.23333333333333,0,5,5,5,0,3369.5,10.0,336.95,3032.55,sucursal sur,dif,delayed
800,ECO-ML-000274,true,2025-11-02T15:14:00+00:00,2025-11-04T11:46:00+00:00,32.0,9.23333333333333,0,5,5,5,0,2711.5,10.0,271.15,2440.35,sucursal norte,dif,delayed
1031,ECO-ML-000505,true,2025-11-02T17:39:39+00:00,2025-11-04T09:39:39+00:00,45.0,17.65,0,3,3,3,0,1727.0,0.0,0.0,1727.0,sucursal sur,other,completed_on_time
1032,ECO-ML-000506,true,2025-11-02T22:13:48+00:00,2025-11-05T00:13:48+00:00,43.0,22.2167,0,5,5,5,0,2576.5,15.0,386.48,2190.02,matriz - centro,dif,delayed
1033,ECO-ML-000507,true,2025-11-03T02:47:58+00:00,2025-11-05T04:47:58+00:00,51.0,2.7833,1,2,2,2,0,985.0,10.0,98.5,886.5,matriz - centro,dif,completed_on_time
1034,ECO-ML-000508,true,2025-11-03T06:45:08+00:00,2025-11-04T08:45:08+00:00,28.0,6.75,1,2,2,2,0,950.0,15.0,142.5,807.5,sucursal centro,special,completed_on_time
1035,ECO-ML-000509,true,2025-11-03T11:19:17+00:00,2025-11-06T00:19:17+00:00,51.0,11.3167,1,4,5,3,0,2173.0,15.0,325.95,1847.05,sucursal sur,other,delayed
1036,ECO-ML-000510,true,2025-11-03T15:53:27+00:00,2025-11-04T16:53:27+00:00,29.0,15.8833,1,1,1,1,0,171.0,10.0,17.1,153.9,sucursal sur,other,completed_on_time
697,ECO-ML-000171,true,2025-11-03T16:21:00+00:00,2025-11-06T11:00:00+00:00,69.0,10.35,1,4,4,4,0,2509.0,15.0,376.35,2132.65,sucursal centro,dif,completed_on_time
937,ECO-ML-000411,true,2025-11-03T16:21:00+00:00,2025-11-05T17:59:00+00:00,44.0,10.35,1,4,4,4,0,2173.0,15.0,325.95,1847.05,matriz - centro,dif,delayed
1037,ECO-ML-000511,true,2025-11-03T20:27:36+00:00,2025-11-06T04:27:36+00:00,61.0,20.45,1,1,1,1,0,99.0,15.0,14.85,84.15,matriz,normal,completed_on_time
1038,ECO-ML-000512,true,2025-11-04T00:24:46+00:00,2025-11-05T15:24:46+00:00,26.0,0.4,2,3,3,3,0,1576.0,0.0,0.0,1576.0,sucursal centro,special,delayed
1039,ECO-ML-000513,true,2025-11-04T04:58:56+00:00,2025-11-06T04:58:56+00:00,49.0,4.9667,2,5,5,5,0,3528.5,0.0,0.0,3528.5,sucursal centro,special,completed_on_time
1040,ECO-ML-000514,true,2025-11-04T09:33:05+00:00,2025-11-06T07:33:05+00:00,48.0,9.55,2,4,4,4,0,3037.0,5.0,151.85,2885.15,sucursal norte,hospital,completed_on_time
1041,ECO-ML-000515,true,2025-11-04T13:30:15+00:00,2025-11-05T05:30:15+00:00,38.0,13.5,2,6,6,6,0,2534.0,10.0,253.4,2280.6,matriz - centro,dif,cancelled
594,ECO-ML-000068,true,2025-11-04T17:28:00+00:00,2025-11-06T06:33:00+00:00,41.0,11.466666666666669,2,3,3,3,0,1727.0,0.0,0.0,1727.0,matriz - centro,dif,completed_on_time
834,ECO-ML-000308,true,2025-11-04T17:28:00+00:00,2025-11-06T09:13:00+00:00,16.0,11.466666666666669,2,3,3,3,0,1441.0,0.0,0.0,1441.0,matriz,dif,delayed
1042,ECO-ML-000516,true,2025-11-04T18:04:25+00:00,2025-11-06T06:04:25+00:00,19.0,18.0667,2,6,6,6,0,3600.0,10.0,360.0,3240.0,matriz - centro,dif,delayed
1043,ECO-ML-000517,true,2025-11-04T22:38:34+00:00,2025-11-05T12:38:34+00:00,19.0,22.6333,2,4,4,4,0,2794.0,0.0,0.0,2794.0,matriz - centro,dif,completed_on_time
1044,ECO-ML-000518,true,2025-11-05T02:35:44+00:00,2025-11-07T06:35:44+00:00,58.0,2.5833,3,3,3,3,0,2163.5,10.0,216.35,1947.15,sucursal centro,special,completed_on_time
1045,ECO-ML-000519,true,2025-11-05T07:09:54+00:00,2025-11-07T04:09:54+00:00,43.0,7.15,3,4,4,4,0,1618.5,20.0,323.7,1294.8,sucursal sur,other,delayed
1046,ECO-ML-000520,true,2025-11-05T11:44:03+00:00,2025-11-06T19:44:03+00:00,34.0,11.7333,3,2,2,2,0,1592.5,20.0,318.5,1274.0,sucursal sur,other,completed_on_time
1047,ECO-ML-000521,true,2025-11-05T16:18:13+00:00,2025-11-08T07:18:13+00:00,66.0,16.3,3,1,1,1,0,1337.0,10.0,133.7,1203.3,matriz,normal,completed_on_time
731,ECO-ML-000205,true,2025-11-05T18:35:00+00:00,2025-11-07T18:46:00+00:00,53.0,12.583333333333332,3,2,2,2,0,895.0,5.0,44.75,850.25,sucursal sur,dif,completed_on_time
971,ECO-ML-000445,true,2025-11-05T18:35:00+00:00,2025-11-06T18:26:00+00:00,28.0,12.583333333333332,3,2,2,2,0,815.0,5.0,40.75,774.25,sucursal sur,dif,completed_on_time
1048,ECO-ML-000522,true,2025-11-05T20:15:23+00:00,2025-11-06T21:15:23+00:00,20.0,20.25,3,6,6,6,0,3308.5,10.0,330.85,2977.65,sucursal centro,special,delayed
1049,ECO-ML-000523,true,2025-11-06T00:49:32+00:00,2025-11-07T13:49:32+00:00,42.0,0.8167,4,1,1,1,0,862.5,5.0,43.12,819.38,sucursal centro,special,completed_on_time
1050,ECO-ML-000524,true,2025-11-06T05:23:42+00:00,2025-11-07T06:23:42+00:00,10.0,5.3833,4,5,5,5,0,2737.5,0.0,0.0,2737.5,matriz,normal,cancelled
1051,ECO-ML-000525,true,2025-11-06T09:20:51+00:00,2025-11-07T05:20:51+00:00,21.0,9.3333,4,1,1,1,0,768.5,0.0,0.0,768.5,sucursal sur,other,completed_on_time
1052,ECO-ML-000526,true,2025-11-06T13:55:01+00:00,2025-11-09T14:55:01+00:00,64.0,13.9167,4,6,6,6,0,3187.5,10.0,318.75,2868.75,matriz - centro,dif,delayed
1053,ECO-ML-000527,true,2025-11-06T18:29:11+00:00,2025-11-09T07:29:11+00:00,64.0,18.4833,4,5,5,5,0,3439.5,15.0,515.92,2923.58,matriz - centro,dif,completed_on_time
628,ECO-ML-000102,true,2025-11-06T19:42:00+00:00,2025-11-07T14:19:00+00:00,25.0,13.7,4,1,1,1,0,351.0,10.0,35.1,315.9,sucursal sur,special,completed_on_time
868,ECO-ML-000342,true,2025-11-06T19:42:00+00:00,2025-11-09T06:59:00+00:00,65.0,13.7,4,1,1,1,0,234.0,10.0,23.4,210.6,sucursal sur,special,completed_on_time
1054,ECO-ML-000528,true,2025-11-06T22:26:20+00:00,2025-11-09T09:26:20+00:00,63.0,22.4333,4,4,4,4,0,2028.5,20.0,405.7,1622.8,sucursal centro,special,completed_on_time
1055,ECO-ML-000529,true,2025-11-07T03:00:30+00:00,2025-11-08T23:00:30+00:00,32.0,3.0,5,5,6,4,0,2948.5,10.0,294.85,2653.65,sucursal sur,other,delayed
1056,ECO-ML-000530,true,2025-11-07T07:34:40+00:00,2025-11-08T19:34:40+00:00,42.0,7.5667,5,4,4,4,0,1820.0,15.0,273.0,1547.0,sucursal sur,other,completed_on_time
1057,ECO-ML-000531,true,2025-11-07T12:08:49+00:00,2025-11-07T17:08:49+00:00,6.0,12.1333,5,2,2,2,0,2032.5,5.0,101.62,1930.88,matriz,normal,completed_on_time
1058,ECO-ML-000532,true,2025-11-07T16:05:59+00:00,2025-11-10T03:05:59+00:00,44.0,16.0833,5,3,3,3,0,1501.0,0.0,0.0,1501.0,sucursal centro,special,delayed
1059,ECO-ML-000533,true,2025-11-07T20:40:09+00:00,2025-11-09T16:40:09+00:00,47.0,20.6667,5,2,2,2,0,817.5,0.0,0.0,817.5,sucursal centro,special,completed_on_time
765,ECO-ML-000239,true,2025-11-07T20:49:00+00:00,2025-11-07T22:49:00+00:00,37.0,14.816666666666666,5,6,6,6,0,2444.0,15.0,366.6,2077.4,sucursal norte,hospital,cancelled
1005,ECO-ML-000479,true,2025-11-07T20:49:00+00:00,2025-11-09T11:12:00+00:00,12.0,14.816666666666666,5,6,6,6,0,3690.0,15.0,553.5,3136.5,sucursal centro,hospital,delayed
1060,ECO-ML-000534,true,2025-11-08T01:14:18+00:00,2025-11-08T21:14:18+00:00,24.0,1.2333,6,2,2,2,0,1528.5,5.0,76.42,1452.08,sucursal norte,hospital,completed_on_time
1061,ECO-ML-000535,true,2025-11-08T05:11:28+00:00,2025-11-09T17:11:28+00:00,34.0,5.1833,6,6,6,6,0,4283.5,10.0,428.35,3855.15,matriz - centro,dif,cancelled
1062,ECO-ML-000536,true,2025-11-08T09:45:38+00:00,2025-11-12T09:45:38+00:00,77.0,9.75,6,6,6,6,0,3518.5,10.0,351.85,3166.65,matriz - centro,dif,delayed
1063,ECO-ML-000537,true,2025-11-08T14:19:47+00:00,2025-11-09T06:19:47+00:00,17.0,14.3167,6,1,1,1,0,420.0,5.0,21.0,399.0,matriz - centro,dif,completed_on_time
1064,ECO-ML-000538,true,2025-11-08T18:16:57+00:00,2025-11-11T03:16:57+00:00,59.0,18.2667,6,1,1,1,0,789.0,10.0,78.9,710.1,sucursal centro,special,completed_on_time
662,ECO-ML-000136,true,2025-11-08T21:56:00+00:00,2025-11-08T23:56:00+00:00,9.0,15.933333333333332,6,5,5,5,0,2647.5,0.0,0.0,2647.5,sucursal centro,dif,cancelled
902,ECO-ML-000376,true,2025-11-08T21:56:00+00:00,2025-11-10T22:45:00+00:00,49.0,15.933333333333332,6,5,5,5,0,3573.5,0.0,0.0,3573.5,matriz - centro,dif,completed_on_time
1065,ECO-ML-000539,true,2025-11-08T22:51:06+00:00,2025-11-11T06:51:06+00:00,52.0,22.85,6,5,5,5,0,3659.5,10.0,365.95,3293.55,sucursal sur,other,delayed
1066,ECO-ML-000540,true,2025-11-09T03:25:16+00:00,2025-11-11T23:25:16+00:00,72.0,3.4167,0,5,5,5,0,3104.0,10.0,310.4,2793.6,sucursal sur,other,completed_on_time
1067,ECO-ML-000541,true,2025-11-09T07:59:26+00:00,2025-11-11T05:59:26+00:00,51.0,7.9833,0,3,3,3,0,1993.5,0.0,0.0,1993.5,matriz,normal,completed_on_time
1068,ECO-ML-000542,true,2025-11-09T11:56:35+00:00,2025-11-10T21:56:35+00:00,27.0,11.9333,0,4,4,4,0,2209.5,10.0,220.95,1988.55,sucursal centro,special,delayed
1069,ECO-ML-000543,true,2025-11-09T16:30:45+00:00,2025-11-11T19:30:45+00:00,52.0,16.5,0,3,3,3,0,2388.5,15.0,358.27,2030.23,sucursal centro,special,completed_on_time
1070,ECO-ML-000544,true,2025-11-09T21:04:55+00:00,2025-11-11T00:04:55+00:00,29.0,21.0667,0,3,3,3,0,2100.0,20.0,420.0,1680.0,sucursal norte,hospital,completed_on_time
559,ECO-ML-000033,true,2025-11-09T22:03:00+00:00,2025-11-11T19:19:00+00:00,46.0,16.05,0,4,4,4,0,3037.0,5.0,151.85,2885.15,matriz - centro,dif,completed_on_time
799,ECO-ML-000273,true,2025-11-09T22:03:00+00:00,2025-11-10T18:59:00+00:00,21.0,16.05,0,4,4,4,0,2659.0,5.0,132.95,2526.05,matriz,dif,completed_on_time
1071,ECO-ML-000545,true,2025-11-10T01:02:04+00:00,2025-11-11T23:02:04+00:00,12.0,1.0333,1,6,7,5,0,3475.5,10.0,347.55,3127.95,matriz - centro,dif,cancelled
1072,ECO-ML-000546,true,2025-11-10T05:36:14+00:00,2025-11-11T21:36:14+00:00,29.0,5.6,1,6,6,6,0,2632.0,15.0,394.8,2237.2,matriz - centro,dif,delayed
1073,ECO-ML-000547,true,2025-11-10T10:10:24+00:00,2025-11-11T03:10:24+00:00,22.0,10.1667,1,2,2,2,0,815.0,20.0,163.0,652.0,matriz - centro,dif,completed_on_time
1074,ECO-ML-000548,true,2025-11-10T14:44:33+00:00,2025-11-13T00:44:33+00:00,64.0,14.7333,1,2,2,2,0,1568.0,20.0,313.6,1254.4,sucursal centro,special,completed_on_time
1075,ECO-ML-000549,true,2025-11-10T18:41:43+00:00,2025-11-14T08:41:43+00:00,72.0,18.6833,1,6,7,5,0,3060.5,10.0,306.05,2754.45,sucursal sur,other,delayed
696,ECO-ML-000170,true,2025-11-10T23:10:00+00:00,2025-11-13T07:32:00+00:00,58.0,17.166666666666664,1,3,3,3,0,1983.5,10.0,198.35,1785.15,sucursal sur,dif,completed_on_time
936,ECO-ML-000410,true,2025-11-10T23:10:00+00:00,2025-11-12T12:31:00+00:00,33.0,17.166666666666664,1,3,3,3,0,1478.5,10.0,147.85,1330.65,sucursal sur,dif,delayed
1076,ECO-ML-000550,true,2025-11-10T23:15:53+00:00,2025-11-12T13:15:53+00:00,40.0,23.25,1,1,1,1,0,830.0,0.0,0.0,830.0,sucursal sur,other,completed_on_time
1077,ECO-ML-000551,true,2025-11-11T03:50:02+00:00,2025-11-11T07:50:02+00:00,7.0,3.8333,2,1,1,1,0,765.0,5.0,38.25,726.75,matriz,normal,completed_on_time
1078,ECO-ML-000552,true,2025-11-11T07:47:12+00:00,2025-11-13T16:47:12+00:00,40.0,7.7833,2,5,5,5,0,2220.5,10.0,222.05,1998.45,sucursal centro,special,delayed
1079,ECO-ML-000553,true,2025-11-11T12:21:21+00:00,2025-11-13T16:21:21+00:00,57.0,12.35,2,4,4,4,0,2916.5,10.0,291.65,2624.85,sucursal centro,special,completed_on_time
1080,ECO-ML-000554,true,2025-11-11T16:55:31+00:00,2025-11-11T23:55:31+00:00,52.0,16.9167,2,6,6,6,0,2333.0,15.0,349.95,1983.05,matriz,normal,cancelled
1081,ECO-ML-000555,true,2025-11-11T20:52:41+00:00,2025-11-14T20:52:41+00:00,73.0,20.8667,2,3,3,3,0,1680.0,5.0,84.0,1596.0,sucursal sur,other,completed_on_time
593,ECO-ML-000067,true,2025-11-12T00:17:00+00:00,2025-11-13T03:05:00+00:00,30.0,18.28333333333333,2,2,2,2,0,1727.5,15.0,259.13,1468.37,sucursal sur,hospital,completed_on_time
833,ECO-ML-000307,true,2025-11-12T00:17:00+00:00,2025-11-14T19:45:00+00:00,70.0,18.28333333333333,2,2,2,2,0,1522.0,15.0,228.3,1293.7,sucursal sur,hospital,completed_on_time
1082,ECO-ML-000556,true,2025-11-12T01:26:50+00:00,2025-11-13T05:26:50+00:00,25.0,1.4333,3,1,1,1,0,402.0,5.0,20.1,381.9,matriz - centro,dif,delayed
1083,ECO-ML-000557,true,2025-11-12T06:01:00+00:00,2025-11-13T21:01:00+00:00,42.0,6.0167,3,3,3,3,0,1406.0,0.0,0.0,1406.0,matriz - centro,dif,completed_on_time
1084,ECO-ML-000558,true,2025-11-12T10:35:10+00:00,2025-11-13T23:35:10+00:00,41.0,10.5833,3,2,2,2,0,797.0,5.0,39.85,757.15,sucursal centro,special,completed_on_time
730,ECO-ML-000204,true,2025-11-12T13:24:00+00:00,2025-11-14T03:18:00+00:00,42.0,7.4,3,1,1,1,0,862.5,0.0,0.0,862.5,sucursal norte,hospital,completed_on_time
970,ECO-ML-000444,true,2025-11-12T13:24:00+00:00,2025-11-13T02:58:00+00:00,17.0,7.4,3,1,1,1,0,678.5,0.0,0.0,678.5,sucursal centro,hospital,completed_on_time
1085,ECO-ML-000559,true,2025-11-12T14:32:19+00:00,2025-11-14T17:32:19+00:00,45.0,14.5333,3,5,5,5,0,2772.5,10.0,277.25,2495.25,sucursal sur,other,delayed
1086,ECO-ML-000560,true,2025-11-12T19:06:29+00:00,2025-11-13T09:06:29+00:00,20.0,19.1,3,2,2,2,0,503.0,15.0,75.45,427.55,sucursal sur,other,completed_on_time
1087,ECO-ML-000561,true,2025-11-12T23:40:39+00:00,2025-11-14T23:40:39+00:00,49.0,23.6667,3,1,1,1,0,826.0,5.0,41.3,784.7,matriz,normal,completed_on_time
1088,ECO-ML-000562,true,2025-11-13T03:37:48+00:00,2025-11-14T20:37:48+00:00,32.0,3.6167,4,3,3,3,0,1343.0,15.0,201.45,1141.55,sucursal centro,special,delayed
1089,ECO-ML-000563,true,2025-11-13T08:11:58+00:00,2025-11-15T19:11:58+00:00,62.0,8.1833,4,5,5,5,0,2334.0,5.0,116.7,2217.3,sucursal centro,special,completed_on_time
1090,ECO-ML-000564,true,2025-11-13T12:46:08+00:00,2025-11-14T05:46:08+00:00,21.0,12.7667,4,6,6,6,0,3474.0,15.0,521.1,2952.9,matriz,normal,cancelled
627,ECO-ML-000101,true,2025-11-13T14:31:00+00:00,2025-11-14T11:51:00+00:00,14.0,8.516666666666666,4,6,6,6,0,3128.5,5.0,156.43,2972.07,sucursal centro,other,delayed
867,ECO-ML-000341,true,2025-11-13T14:31:00+00:00,2025-11-16T04:31:00+00:00,54.0,8.516666666666666,4,6,6,6,0,3232.5,5.0,161.63,3070.87,matriz - centro,other,delayed
1091,ECO-ML-000565,true,2025-11-13T16:43:17+00:00,2025-11-14T00:43:17+00:00,13.0,16.7167,4,4,4,4,0,2339.0,0.0,0.0,2339.0,sucursal sur,other,completed_on_time
1092,ECO-ML-000566,true,2025-11-13T21:17:27+00:00,2025-11-17T13:17:27+00:00,75.0,21.2833,4,6,6,6,0,3193.0,10.0,319.3,2873.7,matriz - centro,dif,delayed
1093,ECO-ML-000567,true,2025-11-14T01:51:36+00:00,2025-11-15T23:51:36+00:00,47.0,1.85,5,4,4,4,0,2639.0,10.0,263.9,2375.1,matriz - centro,dif,completed_on_time
1094,ECO-ML-000568,true,2025-11-14T06:25:46+00:00,2025-11-16T02:25:46+00:00,46.0,6.4167,5,3,3,3,0,1656.0,20.0,331.2,1324.8,sucursal centro,special,completed_on_time
1095,ECO-ML-000569,true,2025-11-14T10:22:56+00:00,2025-11-17T07:22:56+00:00,53.0,10.3667,5,6,7,5,0,3584.0,5.0,179.2,3404.8,sucursal sur,other,delayed
1096,ECO-ML-000570,true,2025-11-14T14:57:05+00:00,2025-11-17T00:57:05+00:00,62.0,14.95,5,2,2,2,0,1374.0,15.0,206.1,1167.9,sucursal sur,other,completed_on_time
764,ECO-ML-000238,true,2025-11-14T15:38:00+00:00,2025-11-16T18:04:00+00:00,26.0,9.633333333333333,5,5,5,5,0,2858.5,10.0,285.85,2572.65,matriz,dif,delayed
1004,ECO-ML-000478,true,2025-11-14T15:38:00+00:00,2025-11-17T03:44:00+00:00,66.0,9.633333333333333,5,5,5,5,0,3259.5,10.0,325.95,2933.55,sucursal sur,dif,completed_on_time
1097,ECO-ML-000571,true,2025-11-14T19:31:15+00:00,2025-11-15T19:31:15+00:00,29.0,19.5167,5,1,1,1,0,1079.0,20.0,215.8,863.2,matriz,normal,completed_on_time
1098,ECO-ML-000572,true,2025-11-14T23:28:25+00:00,2025-11-16T15:28:25+00:00,21.0,23.4667,5,5,5,5,0,2589.0,5.0,129.45,2459.55,sucursal centro,special,delayed
1099,ECO-ML-000573,true,2025-11-15T04:02:34+00:00,2025-11-16T09:02:34+00:00,30.0,4.0333,6,1,1,1,0,468.0,0.0,0.0,468.0,sucursal centro,special,completed_on_time
1100,ECO-ML-000574,true,2025-11-15T08:36:44+00:00,2025-11-16T11:36:44+00:00,62.0,8.6,6,6,6,6,1,3872.0,20.0,774.4,3097.6,matriz,normal,cancelled
1101,ECO-ML-000575,true,2025-11-15T12:33:54+00:00,2025-11-18T11:33:54+00:00,74.0,12.55,6,1,1,1,0,75.0,5.0,3.75,71.25,sucursal sur,other,completed_on_time
661,ECO-ML-000135,true,2025-11-15T16:45:00+00:00,2025-11-18T01:18:00+00:00,63.0,10.75,6,4,4,4,0,2208.5,15.0,331.28,1877.22,sucursal sur,dif,completed_on_time
901,ECO-ML-000375,true,2025-11-15T16:45:00+00:00,2025-11-16T23:17:00+00:00,38.0,10.75,6,4,4,4,0,1910.0,15.0,286.5,1623.5,sucursal sur,dif,completed_on_time
1102,ECO-ML-000576,true,2025-11-15T17:08:03+00:00,2025-11-18T15:08:03+00:00,65.0,17.1333,6,6,6,6,0,3845.0,5.0,192.25,3652.75,matriz - centro,dif,delayed
1103,ECO-ML-000577,true,2025-11-15T21:42:13+00:00,2025-11-17T17:42:13+00:00,49.0,21.7,6,4,4,4,0,1431.5,10.0,143.15,1288.35,matriz - centro,dif,completed_on_time
1104,ECO-ML-000578,true,2025-11-16T02:16:23+00:00,2025-11-16T22:16:23+00:00,26.0,2.2667,0,4,4,4,0,1637.0,15.0,245.55,1391.45,sucursal centro,special,completed_on_time
1105,ECO-ML-000579,true,2025-11-16T06:13:32+00:00,2025-11-17T07:13:32+00:00,17.0,6.2167,0,3,3,3,0,1159.0,15.0,173.85,985.15,sucursal sur,other,delayed
1106,ECO-ML-000580,true,2025-11-16T10:47:42+00:00,2025-11-19T03:47:42+00:00,67.0,10.7833,0,3,3,3,0,1752.5,10.0,175.25,1577.25,sucursal sur,other,completed_on_time
1107,ECO-ML-000581,true,2025-11-16T15:21:51+00:00,2025-11-17T22:21:51+00:00,34.0,15.35,0,2,2,2,0,2325.0,0.0,0.0,2325.0,matriz,normal,completed_on_time
558,ECO-ML-000032,true,2025-11-16T17:52:00+00:00,2025-11-18T15:51:00+00:00,35.0,11.866666666666664,0,3,3,3,0,1681.0,0.0,0.0,1681.0,sucursal sur,hospital,delayed
798,ECO-ML-000272,true,2025-11-16T17:52:00+00:00,2025-11-17T04:31:00+00:00,10.0,11.866666666666664,0,3,3,3,0,2172.5,0.0,0.0,2172.5,sucursal sur,hospital,completed_on_time
1108,ECO-ML-000582,true,2025-11-16T19:19:01+00:00,2025-11-20T00:19:01+00:00,66.0,19.3167,0,6,6,6,0,3160.5,5.0,158.03,3002.47,sucursal centro,special,delayed
1109,ECO-ML-000583,true,2025-11-16T23:53:11+00:00,2025-11-18T05:53:11+00:00,35.0,23.8833,0,2,2,2,0,1276.5,10.0,127.65,1148.85,sucursal centro,special,completed_on_time
1110,ECO-ML-000584,true,2025-11-17T04:27:20+00:00,2025-11-18T23:27:20+00:00,49.0,4.45,1,1,1,1,0,646.0,20.0,129.2,516.8,sucursal norte,hospital,completed_on_time
1111,ECO-ML-000585,true,2025-11-17T09:01:30+00:00,2025-11-18T23:01:30+00:00,18.0,9.0167,1,6,7,5,0,4251.0,20.0,850.2,3400.8,matriz - centro,dif,cancelled
1112,ECO-ML-000586,true,2025-11-17T12:58:40+00:00,2025-11-19T17:58:40+00:00,38.0,12.9667,1,5,5,5,0,2935.5,5.0,146.78,2788.72,matriz - centro,dif,delayed
1113,ECO-ML-000587,true,2025-11-17T17:32:49+00:00,2025-11-18T10:32:49+00:00,20.0,17.5333,1,1,1,1,0,781.0,15.0,117.15,663.85,matriz - centro,dif,completed_on_time
695,ECO-ML-000169,true,2025-11-17T18:59:00+00:00,2025-11-19T17:04:00+00:00,47.0,12.983333333333333,1,2,2,2,0,772.5,5.0,38.63,733.87,sucursal norte,hospital,completed_on_time
935,ECO-ML-000409,true,2025-11-17T18:59:00+00:00,2025-11-18T16:44:00+00:00,22.0,12.983333333333333,1,2,2,2,0,1438.5,5.0,71.93,1366.57,sucursal centro,hospital,completed_on_time
1114,ECO-ML-000588,true,2025-11-17T22:06:59+00:00,2025-11-20T05:06:59+00:00,59.0,22.1,1,6,6,6,0,2541.5,20.0,508.3,2033.2,sucursal centro,special,completed_on_time
1115,ECO-ML-000589,true,2025-11-18T02:04:09+00:00,2025-11-21T01:04:09+00:00,53.0,2.0667,2,4,5,3,0,1774.0,5.0,88.7,1685.3,sucursal sur,other,delayed
1116,ECO-ML-000590,true,2025-11-18T06:38:18+00:00,2025-11-21T00:38:18+00:00,72.0,6.6333,2,4,4,4,0,2471.0,5.0,123.55,2347.45,sucursal sur,other,completed_on_time
1117,ECO-ML-000591,true,2025-11-18T11:12:28+00:00,2025-11-19T22:12:28+00:00,36.0,11.2,2,2,2,2,0,1330.0,15.0,199.5,1130.5,matriz,normal,completed_on_time
1118,ECO-ML-000592,true,2025-11-18T15:09:38+00:00,2025-11-21T00:09:38+00:00,54.0,15.15,2,5,5,5,0,2231.0,5.0,111.55,2119.45,sucursal centro,special,delayed
592,ECO-ML-000066,true,2025-11-18T19:06:00+00:00,2025-11-19T11:37:00+00:00,19.0,13.1,2,1,1,1,0,600.0,10.0,60.0,540.0,sucursal centro,other,completed_on_time
832,ECO-ML-000306,true,2025-11-18T19:06:00+00:00,2025-11-21T04:17:00+00:00,59.0,13.1,2,1,1,1,0,924.0,10.0,92.4,831.6,matriz - centro,other,completed_on_time
1119,ECO-ML-000593,true,2025-11-18T19:43:47+00:00,2025-11-19T07:43:47+00:00,15.0,19.7167,2,3,3,3,0,2250.0,5.0,112.5,2137.5,sucursal centro,special,completed_on_time
1120,ECO-ML-000594,true,2025-11-19T00:17:57+00:00,2025-11-21T02:17:57+00:00,54.0,0.2833,3,2,2,2,0,1607.5,15.0,241.12,1366.38,sucursal norte,hospital,completed_on_time
1121,ECO-ML-000595,true,2025-11-19T04:52:06+00:00,2025-11-21T04:52:06+00:00,36.0,4.8667,3,6,6,6,0,4291.5,0.0,0.0,4291.5,matriz - centro,dif,cancelled
1122,ECO-ML-000596,true,2025-11-19T08:49:16+00:00,2025-11-21T22:49:16+00:00,55.0,8.8167,3,4,4,4,0,2279.0,10.0,227.9,2051.1,matriz - centro,dif,delayed
1123,ECO-ML-000597,true,2025-11-19T13:23:26+00:00,2025-11-20T13:23:26+00:00,25.0,13.3833,3,2,2,2,0,1410.5,10.0,141.05,1269.45,matriz - centro,dif,completed_on_time
1124,ECO-ML-000598,true,2025-11-19T17:57:35+00:00,2025-11-20T15:57:35+00:00,24.0,17.95,3,1,1,1,0,1035.0,0.0,0.0,1035.0,sucursal centro,special,completed_on_time
729,ECO-ML-000203,true,2025-11-19T20:13:00+00:00,2025-11-19T22:13:00+00:00,31.0,14.216666666666669,3,6,6,6,0,4103.5,15.0,615.53,3487.97,matriz,normal,cancelled
969,ECO-ML-000443,true,2025-11-19T20:13:00+00:00,2025-11-23T09:30:00+00:00,71.0,14.216666666666669,3,6,6,6,0,3518.5,15.0,527.78,2990.72,sucursal sur,normal,delayed
1125,ECO-ML-000599,true,2025-11-19T21:54:45+00:00,2025-11-21T09:54:45+00:00,26.0,21.9,3,4,4,4,0,2826.0,20.0,565.2,2260.8,sucursal sur,other,delayed
1126,ECO-ML-000600,true,2025-11-20T02:28:55+00:00,2025-11-22T18:28:55+00:00,68.0,2.4667,4,1,1,1,0,636.0,10.0,63.6,572.4,sucursal sur,other,completed_on_time
1127,ECO-ML-000601,true,2025-11-20T07:03:04+00:00,2025-11-22T07:03:04+00:00,53.0,7.05,4,2,2,2,0,1641.0,0.0,0.0,1641.0,matriz,normal,completed_on_time
1128,ECO-ML-000602,true,2025-11-20T11:00:14+00:00,2025-11-22T19:00:14+00:00,43.0,11.0,4,3,3,3,0,1739.0,15.0,260.85,1478.15,sucursal centro,special,delayed
1129,ECO-ML-000603,true,2025-11-20T15:34:24+00:00,2025-11-21T22:34:24+00:00,32.0,15.5667,4,3,3,3,0,1424.0,5.0,71.2,1352.8,sucursal centro,special,completed_on_time
1130,ECO-ML-000604,true,2025-11-20T20:08:33+00:00,2025-11-22T01:08:33+00:00,31.0,20.1333,4,2,2,2,0,468.0,15.0,70.2,397.8,sucursal norte,hospital,completed_on_time
626,ECO-ML-000100,true,2025-11-20T21:20:00+00:00,2025-11-23T14:04:00+00:00,68.0,15.333333333333332,4,5,5,5,0,3149.0,0.0,0.0,3149.0,sucursal sur,dif,completed_on_time
866,ECO-ML-000340,true,2025-11-20T21:20:00+00:00,2025-11-22T23:03:00+00:00,43.0,15.333333333333332,4,5,5,5,0,3524.5,0.0,0.0,3524.5,sucursal sur,dif,delayed
1131,ECO-ML-000605,true,2025-11-21T00:42:43+00:00,2025-11-21T10:42:43+00:00,12.0,0.7,5,6,7,5,0,3877.0,10.0,387.7,3489.3,matriz - centro,dif,cancelled
1132,ECO-ML-000606,true,2025-11-21T04:39:53+00:00,2025-11-22T12:39:53+00:00,15.0,4.65,5,4,4,4,0,1425.0,15.0,213.75,1211.25,matriz - centro,dif,delayed
1133,ECO-ML-000607,true,2025-11-21T09:14:02+00:00,2025-11-23T23:14:02+00:00,67.0,9.2333,5,2,2,2,0,1793.0,10.0,179.3,1613.7,matriz - centro,dif,completed_on_time
1134,ECO-ML-000608,true,2025-11-21T13:48:12+00:00,2025-11-23T00:48:12+00:00,41.0,13.8,5,1,1,1,0,1100.0,20.0,220.0,880.0,sucursal centro,special,completed_on_time
1135,ECO-ML-000609,true,2025-11-21T17:45:22+00:00,2025-11-23T10:45:22+00:00,39.0,17.75,5,6,7,5,0,3501.5,5.0,175.07,3326.43,sucursal sur,other,delayed
1136,ECO-ML-000610,true,2025-11-21T22:19:31+00:00,2025-11-22T16:19:31+00:00,20.0,22.3167,5,1,1,1,0,655.0,10.0,65.5,589.5,sucursal sur,other,completed_on_time
763,ECO-ML-000237,true,2025-11-21T22:27:00+00:00,2025-11-23T14:17:00+00:00,15.0,16.45,5,4,4,4,0,2344.5,5.0,117.23,2227.27,sucursal sur,hospital,delayed
1003,ECO-ML-000477,true,2025-11-21T22:27:00+00:00,2025-11-24T00:16:00+00:00,55.0,16.45,5,4,4,4,0,2088.5,5.0,104.43,1984.07,sucursal norte,hospital,completed_on_time
1137,ECO-ML-000611,true,2025-11-22T02:53:41+00:00,2025-11-24T12:53:41+00:00,61.0,2.8833,6,4,4,4,0,2867.0,5.0,143.35,2723.65,matriz,normal,completed_on_time
1138,ECO-ML-000612,true,2025-11-22T06:50:50+00:00,2025-11-25T21:50:50+00:00,82.0,6.8333,6,6,6,6,0,3470.0,0.0,0.0,3470.0,sucursal centro,special,delayed
1139,ECO-ML-000613,true,2025-11-22T11:25:00+00:00,2025-11-24T20:25:00+00:00,62.0,11.4167,6,4,4,4,0,3107.0,0.0,0.0,3107.0,sucursal centro,special,completed_on_time
1140,ECO-ML-000614,true,2025-11-22T15:59:10+00:00,2025-11-24T00:59:10+00:00,39.0,15.9833,6,4,4,4,0,1592.0,5.0,79.6,1512.4,sucursal norte,hospital,completed_on_time
1141,ECO-ML-000615,true,2025-11-22T20:33:19+00:00,2025-11-23T16:33:19+00:00,10.0,20.55,6,5,5,5,0,3051.0,5.0,152.55,2898.45,matriz - centro,dif,cancelled
660,ECO-ML-000134,true,2025-11-22T23:34:00+00:00,2025-11-24T21:50:00+00:00,52.0,17.566666666666666,6,3,3,3,0,2298.5,10.0,229.85,2068.65,sucursal norte,hospital,completed_on_time
900,ECO-ML-000374,true,2025-11-22T23:34:00+00:00,2025-11-23T21:30:00+00:00,27.0,17.566666666666666,6,3,3,3,0,1965.0,10.0,196.5,1768.5,sucursal centro,hospital,completed_on_time
1142,ECO-ML-000616,true,2025-11-23T00:30:29+00:00,2025-11-25T12:30:29+00:00,51.0,0.5,0,5,5,5,0,3351.5,5.0,167.57,3183.93,matriz - centro,dif,delayed
1143,ECO-ML-000617,true,2025-11-23T05:04:39+00:00,2025-11-24T22:04:39+00:00,44.0,5.0667,0,2,2,2,0,1340.0,10.0,134.0,1206.0,matriz - centro,dif,completed_on_time
1144,ECO-ML-000618,true,2025-11-23T09:38:48+00:00,2025-11-24T02:38:48+00:00,21.0,9.6333,0,2,2,2,0,894.0,15.0,134.1,759.9,sucursal centro,special,completed_on_time
1145,ECO-ML-000619,true,2025-11-23T13:35:58+00:00,2025-11-27T13:35:58+00:00,84.0,13.5833,0,6,6,6,0,3266.5,20.0,653.3,2613.2,sucursal sur,other,delayed
1146,ECO-ML-000620,true,2025-11-23T18:10:08+00:00,2025-11-24T10:10:08+00:00,22.0,18.1667,0,1,1,1,0,142.0,10.0,14.2,127.8,sucursal sur,other,completed_on_time
1147,ECO-ML-000621,true,2025-11-23T22:44:17+00:00,2025-11-26T03:44:17+00:00,54.0,22.7333,0,1,1,1,0,683.0,0.0,0.0,683.0,matriz,normal,completed_on_time
557,ECO-ML-000031,true,2025-11-24T00:41:00+00:00,2025-11-24T17:23:00+00:00,24.0,18.683333333333334,0,2,2,2,0,950.0,15.0,142.5,807.5,sucursal centro,normal,completed_on_time
797,ECO-ML-000271,true,2025-11-24T00:41:00+00:00,2025-11-26T10:03:00+00:00,64.0,18.683333333333334,0,2,2,2,0,1658.0,15.0,248.7,1409.3,matriz - centro,normal,completed_on_time
1148,ECO-ML-000622,true,2025-11-24T03:18:27+00:00,2025-11-27T01:18:27+00:00,55.0,3.3,1,6,6,6,0,3636.0,20.0,727.2,2908.8,sucursal centro,special,delayed
1149,ECO-ML-000623,true,2025-11-24T07:15:37+00:00,2025-11-26T23:15:37+00:00,67.0,7.25,1,5,5,5,0,3255.5,15.0,488.32,2767.18,sucursal centro,special,completed_on_time
1150,ECO-ML-000624,true,2025-11-24T11:49:46+00:00,2025-11-26T15:49:46+00:00,56.0,11.8167,1,4,4,4,0,2515.0,20.0,503.0,2012.0,sucursal norte,hospital,completed_on_time
694,ECO-ML-000168,true,2025-11-24T13:48:00+00:00,2025-11-26T01:36:00+00:00,36.0,7.8,1,1,1,1,0,830.0,0.0,0.0,830.0,matriz,normal,completed_on_time
934,ECO-ML-000408,true,2025-11-24T13:48:00+00:00,2025-11-25T01:16:00+00:00,11.0,7.8,1,1,1,1,0,720.0,0.0,0.0,720.0,sucursal sur,normal,completed_on_time
1151,ECO-ML-000625,true,2025-11-24T16:23:56+00:00,2025-11-25T22:23:56+00:00,16.0,16.3833,1,6,7,5,0,3602.5,20.0,720.5,2882.0,matriz - centro,dif,cancelled
1152,ECO-ML-000626,true,2025-11-24T20:21:05+00:00,2025-11-26T22:21:05+00:00,31.0,20.35,1,5,5,5,0,3624.0,5.0,181.2,3442.8,matriz - centro,dif,delayed
1153,ECO-ML-000627,true,2025-11-25T00:55:15+00:00,2025-11-27T00:55:15+00:00,49.0,0.9167,2,3,3,3,0,1417.0,5.0,70.85,1346.15,matriz - centro,dif,completed_on_time
1154,ECO-ML-000628,true,2025-11-25T05:29:25+00:00,2025-11-26T05:29:25+00:00,26.0,5.4833,2,3,3,3,0,1415.0,10.0,141.5,1273.5,sucursal centro,special,completed_on_time
1155,ECO-ML-000629,true,2025-11-25T09:26:34+00:00,2025-11-28T08:26:34+00:00,67.0,9.4333,2,5,6,4,0,3392.5,0.0,0.0,3392.5,sucursal sur,other,delayed
1156,ECO-ML-000630,true,2025-11-25T14:00:44+00:00,2025-11-26T13:00:44+00:00,27.0,14.0,2,2,2,2,0,1048.0,5.0,52.4,995.6,sucursal sur,other,completed_on_time
591,ECO-ML-000065,true,2025-11-25T14:55:00+00:00,2025-11-25T16:55:00+00:00,8.0,8.916666666666666,2,6,6,6,0,3655.5,5.0,182.78,3472.72,sucursal sur,dif,cancelled
831,ECO-ML-000305,true,2025-11-25T14:55:00+00:00,2025-11-25T16:55:00+00:00,48.0,8.916666666666666,2,6,6,6,0,2513.0,5.0,125.65,2387.35,sucursal sur,dif,cancelled
1157,ECO-ML-000631,true,2025-11-25T18:34:54+00:00,2025-11-28T00:34:54+00:00,59.0,18.5667,2,1,1,1,0,825.0,10.0,82.5,742.5,matriz,normal,completed_on_time
1158,ECO-ML-000632,true,2025-11-25T23:09:03+00:00,2025-11-28T00:09:03+00:00,42.0,23.15,2,4,4,4,0,2072.5,0.0,0.0,2072.5,sucursal centro,special,delayed
1159,ECO-ML-000633,true,2025-11-26T03:06:13+00:00,2025-11-27T13:06:13+00:00,35.0,3.1,3,1,1,1,0,630.0,5.0,31.5,598.5,sucursal centro,special,completed_on_time
1160,ECO-ML-000634,true,2025-11-26T07:40:23+00:00,2025-11-26T17:40:23+00:00,12.0,7.6667,3,1,1,1,0,594.0,10.0,59.4,534.6,sucursal norte,hospital,completed_on_time
1161,ECO-ML-000635,true,2025-11-26T12:14:32+00:00,2025-11-28T04:14:32+00:00,57.0,12.2333,3,6,6,6,0,3358.0,10.0,335.8,3022.2,matriz - centro,dif,cancelled
728,ECO-ML-000202,true,2025-11-26T15:02:00+00:00,2025-11-27T23:22:00+00:00,20.0,9.033333333333331,3,5,5,5,0,2492.0,10.0,249.2,2242.8,sucursal sur,dif,delayed
968,ECO-ML-000442,true,2025-11-26T15:02:00+00:00,2025-11-29T16:02:00+00:00,60.0,9.033333333333331,3,5,5,5,0,2785.5,10.0,278.55,2506.95,sucursal norte,dif,delayed
1162,ECO-ML-000636,true,2025-11-26T16:11:42+00:00,2025-11-29T03:11:42+00:00,48.0,16.1833,3,3,3,3,0,922.5,10.0,92.25,830.25,matriz - centro,dif,delayed
1163,ECO-ML-000637,true,2025-11-26T20:45:52+00:00,2025-11-28T21:45:52+00:00,54.0,20.75,3,4,4,4,0,1830.0,0.0,0.0,1830.0,matriz - centro,dif,completed_on_time
1164,ECO-ML-000638,true,2025-11-27T01:20:01+00:00,2025-11-29T15:20:01+00:00,68.0,1.3333,4,3,3,3,0,1773.5,10.0,177.35,1596.15,sucursal centro,special,completed_on_time
1165,ECO-ML-000639,true,2025-11-27T05:17:11+00:00,2025-11-30T19:17:11+00:00,72.0,5.2833,4,6,6,6,0,2454.0,20.0,490.8,1963.2,sucursal sur,other,delayed
1166,ECO-ML-000640,true,2025-11-27T09:51:20+00:00,2025-11-29T06:51:20+00:00,47.0,9.85,4,3,3,3,0,2376.5,20.0,475.3,1901.2,sucursal sur,other,completed_on_time
1167,ECO-ML-000641,true,2025-11-27T14:25:30+00:00,2025-11-27T22:25:30+00:00,11.0,14.4167,4,1,1,1,0,1109.5,10.0,110.95,998.55,matriz,normal,completed_on_time
625,ECO-ML-000099,true,2025-11-27T16:09:00+00:00,2025-11-29T22:36:00+00:00,57.0,10.15,4,4,4,4,0,2781.5,15.0,417.23,2364.27,sucursal norte,dif,completed_on_time
865,ECO-ML-000339,true,2025-11-27T16:09:00+00:00,2025-11-29T05:35:00+00:00,32.0,10.15,4,4,4,4,0,2215.5,15.0,332.33,1883.17,sucursal centro,dif,delayed
1168,ECO-ML-000642,true,2025-11-27T18:59:40+00:00,2025-11-30T06:59:40+00:00,43.0,18.9833,4,6,6,6,0,2742.5,15.0,411.38,2331.12,sucursal centro,special,delayed
1169,ECO-ML-000643,true,2025-11-27T22:56:49+00:00,2025-11-28T05:56:49+00:00,12.0,22.9333,4,1,1,1,0,997.5,5.0,49.88,947.62,sucursal centro,special,completed_on_time
1170,ECO-ML-000644,true,2025-11-28T03:30:59+00:00,2025-11-30T03:30:59+00:00,54.0,3.5,5,1,1,1,0,893.0,10.0,89.3,803.7,sucursal norte,hospital,completed_on_time
1171,ECO-ML-000645,true,2025-11-28T08:05:09+00:00,2025-11-28T10:05:09+00:00,21.0,8.0833,5,5,6,4,0,2634.0,5.0,131.7,2502.3,matriz - centro,dif,cancelled
1172,ECO-ML-000646,true,2025-11-28T12:02:18+00:00,2025-11-29T10:02:18+00:00,19.0,12.0333,5,4,4,4,0,3038.5,20.0,607.7,2430.8,matriz - centro,dif,delayed
1173,ECO-ML-000647,true,2025-11-28T16:36:28+00:00,2025-12-01T03:36:28+00:00,62.0,16.6,5,6,6,6,1,3336.0,10.0,333.6,3002.4,matriz - centro,dif,completed_on_time
762,ECO-ML-000236,true,2025-11-28T17:16:00+00:00,2025-12-01T10:49:00+00:00,69.0,11.266666666666666,5,3,3,3,0,1860.0,0.0,0.0,1860.0,matriz - centro,dif,completed_on_time
1002,ECO-ML-000476,true,2025-11-28T17:16:00+00:00,2025-11-30T08:48:00+00:00,44.0,11.266666666666666,5,3,3,3,0,1496.0,0.0,0.0,1496.0,matriz,dif,completed_on_time
1174,ECO-ML-000648,true,2025-11-28T21:10:38+00:00,2025-11-30T14:10:38+00:00,45.0,21.1667,5,3,3,3,0,1769.5,10.0,176.95,1592.55,sucursal centro,special,completed_on_time
1175,ECO-ML-000649,true,2025-11-29T01:07:47+00:00,2025-12-01T14:07:47+00:00,55.0,1.1167,6,4,5,3,0,2190.5,15.0,328.57,1861.93,sucursal sur,other,delayed
1176,ECO-ML-000650,true,2025-11-29T05:41:57+00:00,2025-12-01T12:41:57+00:00,61.0,5.6833,6,2,2,2,0,1612.0,5.0,80.6,1531.4,sucursal sur,other,completed_on_time
1177,ECO-ML-000651,true,2025-11-29T10:16:07+00:00,2025-11-30T13:16:07+00:00,28.0,10.2667,6,1,1,1,0,1447.0,10.0,144.7,1302.3,matriz,normal,completed_on_time
1178,ECO-ML-000652,true,2025-11-29T14:50:16+00:00,2025-12-01T05:50:16+00:00,30.0,14.8333,6,3,3,3,0,2090.5,0.0,0.0,2090.5,sucursal centro,special,delayed
659,ECO-ML-000133,true,2025-11-29T18:23:00+00:00,2025-12-01T06:22:00+00:00,41.0,12.383333333333333,6,2,2,2,0,842.0,5.0,42.1,799.9,matriz,dif,completed_on_time
899,ECO-ML-000373,true,2025-11-29T18:23:00+00:00,2025-11-30T06:02:00+00:00,16.0,12.383333333333333,6,2,2,2,0,458.0,5.0,22.9,435.1,sucursal sur,dif,completed_on_time
1179,ECO-ML-000653,true,2025-11-29T18:47:26+00:00,2025-11-30T20:47:26+00:00,29.0,18.7833,6,1,1,1,0,585.0,5.0,29.25,555.75,sucursal centro,special,completed_on_time
1180,ECO-ML-000654,true,2025-11-29T23:21:35+00:00,2025-12-02T18:21:35+00:00,71.0,23.35,6,1,1,1,0,288.0,10.0,28.8,259.2,sucursal norte,hospital,completed_on_time
1181,ECO-ML-000655,true,2025-11-30T03:55:45+00:00,2025-11-30T15:55:45+00:00,11.0,3.9167,0,4,4,4,0,2119.0,10.0,211.9,1907.1,matriz - centro,dif,cancelled
1182,ECO-ML-000656,true,2025-11-30T07:52:55+00:00,2025-12-03T05:52:55+00:00,57.0,7.8667,0,4,4,4,0,2225.5,0.0,0.0,2225.5,matriz - centro,dif,delayed
1183,ECO-ML-000657,true,2025-11-30T12:27:04+00:00,2025-12-03T03:27:04+00:00,64.0,12.45,0,6,6,6,0,3908.5,10.0,390.85,3517.65,matriz - centro,dif,completed_on_time
1184,ECO-ML-000658,true,2025-11-30T17:01:14+00:00,2025-12-02T20:01:14+00:00,53.0,17.0167,0,5,5,5,0,2797.0,0.0,0.0,2797.0,sucursal centro,special,completed_on_time
556,ECO-ML-000030,true,2025-11-30T19:30:00+00:00,2025-12-01T16:55:00+00:00,13.0,13.5,0,1,1,1,0,312.0,10.0,31.2,280.8,sucursal sur,dif,delayed
796,ECO-ML-000270,true,2025-11-30T19:30:00+00:00,2025-12-02T18:35:00+00:00,53.0,13.5,0,1,1,1,0,736.0,10.0,73.6,662.4,sucursal sur,dif,completed_on_time
1185,ECO-ML-000659,true,2025-11-30T21:35:24+00:00,2025-12-02T08:35:24+00:00,19.0,21.5833,0,2,2,2,0,1027.0,20.0,205.4,821.6,sucursal sur,other,delayed
1186,ECO-ML-000660,true,2025-12-01T01:32:33+00:00,2025-12-02T02:32:33+00:00,29.0,1.5333,1,4,4,4,0,2793.5,15.0,419.02,2374.48,sucursal sur,other,completed_on_time
1187,ECO-ML-000661,true,2025-12-01T06:06:43+00:00,2025-12-03T11:06:43+00:00,58.0,6.1,1,2,2,2,0,1407.5,5.0,70.38,1337.12,matriz,normal,completed_on_time
1188,ECO-ML-000662,true,2025-12-01T10:40:53+00:00,2025-12-03T05:40:53+00:00,24.0,10.6667,1,6,6,6,0,2442.5,10.0,244.25,2198.25,sucursal centro,special,delayed
1189,ECO-ML-000663,true,2025-12-01T14:38:02+00:00,2025-12-03T02:38:02+00:00,37.0,14.6333,1,3,3,3,0,1188.0,15.0,178.2,1009.8,sucursal centro,special,completed_on_time
1190,ECO-ML-000664,true,2025-12-01T19:12:12+00:00,2025-12-03T05:12:12+00:00,36.0,19.2,1,2,2,2,0,1181.0,20.0,236.2,944.8,sucursal norte,hospital,completed_on_time
693,ECO-ML-000167,true,2025-12-01T20:37:00+00:00,2025-12-01T22:37:00+00:00,25.0,14.616666666666664,1,6,6,6,0,3609.0,15.0,541.35,3067.65,sucursal sur,special,cancelled
933,ECO-ML-000407,true,2025-12-01T20:37:00+00:00,2025-12-01T22:37:00+00:00,65.0,14.616666666666664,1,6,6,6,0,3962.0,15.0,594.3,3367.7,sucursal norte,special,cancelled
1191,ECO-ML-000665,true,2025-12-01T23:46:22+00:00,2025-12-02T21:46:22+00:00,22.0,23.7667,1,6,7,5,0,3907.0,10.0,390.7,3516.3,matriz - centro,dif,cancelled
1192,ECO-ML-000666,true,2025-12-02T03:43:31+00:00,2025-12-05T04:43:31+00:00,68.0,3.7167,2,6,6,6,0,2951.0,10.0,295.1,2655.9,matriz - centro,dif,delayed
1193,ECO-ML-000667,true,2025-12-02T08:17:41+00:00,2025-12-03T23:17:41+00:00,44.0,8.2833,2,1,1,1,0,880.0,5.0,44.0,836.0,matriz - centro,dif,completed_on_time
1194,ECO-ML-000668,true,2025-12-02T12:51:50+00:00,2025-12-03T03:51:50+00:00,21.0,12.85,2,1,1,1,0,765.0,10.0,76.5,688.5,sucursal centro,special,completed_on_time
1195,ECO-ML-000669,true,2025-12-02T17:26:00+00:00,2025-12-04T13:26:00+00:00,36.0,17.4333,2,6,7,5,0,3278.0,10.0,327.8,2950.2,sucursal sur,other,delayed
1196,ECO-ML-000670,true,2025-12-02T21:23:10+00:00,2025-12-05T06:23:10+00:00,59.0,21.3833,2,5,5,5,0,3834.5,10.0,383.45,3451.05,sucursal sur,other,completed_on_time
590,ECO-ML-000064,true,2025-12-02T21:44:00+00:00,2025-12-05T12:22:00+00:00,62.0,15.733333333333333,2,5,5,5,0,2154.0,0.0,0.0,2154.0,sucursal norte,dif,completed_on_time
830,ECO-ML-000304,true,2025-12-02T21:44:00+00:00,2025-12-05T05:21:00+00:00,37.0,15.733333333333333,2,5,5,5,0,2952.5,0.0,0.0,2952.5,sucursal centro,dif,delayed
1197,ECO-ML-000671,true,2025-12-03T01:57:19+00:00,2025-12-05T13:57:19+00:00,63.0,1.95,3,3,3,3,0,2905.0,20.0,581.0,2324.0,matriz,normal,completed_on_time
1198,ECO-ML-000672,true,2025-12-03T06:31:29+00:00,2025-12-05T04:31:29+00:00,35.0,6.5167,3,3,3,3,0,600.0,0.0,0.0,600.0,sucursal centro,special,delayed
1199,ECO-ML-000673,true,2025-12-03T10:28:39+00:00,2025-12-04T23:28:39+00:00,42.0,10.4667,3,4,4,4,0,2284.5,10.0,228.45,2056.05,sucursal centro,special,completed_on_time
1200,ECO-ML-000674,true,2025-12-03T15:02:48+00:00,2025-12-05T02:02:48+00:00,41.0,15.0333,3,3,3,3,0,1896.0,0.0,0.0,1896.0,sucursal norte,hospital,completed_on_time
1201,ECO-ML-000675,true,2025-12-03T19:36:58+00:00,2025-12-05T03:36:58+00:00,40.0,19.6,3,6,6,6,0,3464.5,10.0,346.45,3118.05,matriz - centro,dif,cancelled
727,ECO-ML-000201,true,2025-12-03T22:51:00+00:00,2025-12-04T07:35:00+00:00,9.0,16.85,3,4,4,4,0,2474.0,5.0,123.7,2350.3,matriz - centro,dif,completed_on_time
967,ECO-ML-000441,true,2025-12-03T22:51:00+00:00,2025-12-05T22:34:00+00:00,49.0,16.85,3,4,4,4,0,2684.0,5.0,134.2,2549.8,matriz,dif,completed_on_time
1202,ECO-ML-000676,true,2025-12-03T23:34:08+00:00,2025-12-06T07:34:08+00:00,41.0,23.5667,3,6,6,6,0,3466.5,10.0,346.65,3119.85,matriz - centro,dif,delayed
1203,ECO-ML-000677,true,2025-12-04T04:08:17+00:00,2025-12-04T13:08:17+00:00,12.0,4.1333,4,3,3,3,0,1921.0,0.0,0.0,1921.0,matriz - centro,dif,completed_on_time
1204,ECO-ML-000678,true,2025-12-04T08:42:27+00:00,2025-12-06T07:42:27+00:00,51.0,8.7,4,2,2,2,0,920.0,5.0,46.0,874.0,sucursal centro,special,completed_on_time
1205,ECO-ML-000679,true,2025-12-04T13:16:37+00:00,2025-12-07T15:16:37+00:00,56.0,13.2667,4,5,5,5,0,3213.5,10.0,321.35,2892.15,sucursal sur,other,delayed
1206,ECO-ML-000680,true,2025-12-04T17:13:46+00:00,2025-12-05T14:13:46+00:00,27.0,17.2167,4,1,1,1,0,692.0,20.0,138.4,553.6,sucursal sur,other,completed_on_time
1207,ECO-ML-000681,true,2025-12-04T21:47:56+00:00,2025-12-07T07:47:56+00:00,59.0,21.7833,4,1,1,1,0,156.0,5.0,7.8,148.2,matriz,normal,completed_on_time
624,ECO-ML-000098,true,2025-12-04T23:58:00+00:00,2025-12-06T20:08:00+00:00,46.0,17.966666666666665,4,3,3,3,0,1656.0,10.0,165.6,1490.4,matriz,dif,completed_on_time
864,ECO-ML-000338,true,2025-12-04T23:58:00+00:00,2025-12-06T02:48:00+00:00,21.0,17.966666666666665,4,3,3,3,0,1388.0,10.0,138.8,1249.2,sucursal sur,dif,delayed
1208,ECO-ML-000682,true,2025-12-05T02:22:05+00:00,2025-12-06T12:22:05+00:00,31.0,2.3667,5,4,4,4,0,2019.0,10.0,201.9,1817.1,sucursal centro,special,delayed
1209,ECO-ML-000683,true,2025-12-05T06:19:15+00:00,2025-12-08T03:19:15+00:00,72.0,6.3167,5,5,5,5,0,2534.5,5.0,126.72,2407.78,sucursal centro,special,completed_on_time
1210,ECO-ML-000684,true,2025-12-05T10:53:25+00:00,2025-12-07T03:53:25+00:00,12.0,10.8833,5,5,5,5,0,3343.0,0.0,0.0,3343.0,matriz,normal,cancelled
1211,ECO-ML-000685,true,2025-12-05T15:27:34+00:00,2025-12-07T10:27:34+00:00,48.0,15.45,5,4,4,4,0,1668.0,0.0,0.0,1668.0,sucursal sur,other,completed_on_time
1212,ECO-ML-000686,true,2025-12-05T19:24:44+00:00,2025-12-07T15:24:44+00:00,37.0,19.4,5,2,2,2,0,888.0,20.0,177.6,710.4,matriz - centro,dif,delayed
1213,ECO-ML-000687,true,2025-12-05T23:58:54+00:00,2025-12-08T04:58:54+00:00,54.0,23.9667,5,3,3,3,0,1783.0,15.0,267.45,1515.55,matriz - centro,dif,completed_on_time
761,ECO-ML-000235,true,2025-12-06T00:05:00+00:00,2025-12-08T07:21:00+00:00,58.0,18.08333333333333,5,2,2,2,0,1284.0,15.0,192.6,1091.4,sucursal sur,dif,completed_on_time
1001,ECO-ML-000475,true,2025-12-06T00:05:00+00:00,2025-12-07T07:01:00+00:00,33.0,18.08333333333333,5,2,2,2,0,1039.0,15.0,155.85,883.15,sucursal sur,dif,completed_on_time
1214,ECO-ML-000688,true,2025-12-06T04:33:03+00:00,2025-12-07T09:33:03+00:00,31.0,4.55,6,3,3,3,0,2146.0,20.0,429.2,1716.8,sucursal centro,special,completed_on_time
1215,ECO-ML-000689,true,2025-12-06T09:07:13+00:00,2025-12-09T11:07:13+00:00,64.0,9.1167,6,6,7,5,0,3718.5,5.0,185.93,3532.57,sucursal sur,other,delayed
1216,ECO-ML-000690,true,2025-12-06T13:04:23+00:00,2025-12-09T09:04:23+00:00,72.0,13.0667,6,2,2,2,0,770.0,15.0,115.5,654.5,sucursal sur,other,completed_on_time
658,ECO-ML-000132,true,2025-12-06T13:12:00+00:00,2025-12-07T14:54:00+00:00,30.0,7.2,6,1,1,1,0,648.0,0.0,0.0,648.0,sucursal sur,special,completed_on_time
898,ECO-ML-000372,true,2025-12-06T13:12:00+00:00,2025-12-09T07:34:00+00:00,70.0,7.2,6,1,1,1,0,75.0,0.0,0.0,75.0,sucursal norte,special,completed_on_time
1217,ECO-ML-000691,true,2025-12-06T17:38:32+00:00,2025-12-08T00:38:32+00:00,36.0,17.6333,6,1,1,1,0,396.0,5.0,19.8,376.2,matriz,normal,completed_on_time
1218,ECO-ML-000692,true,2025-12-06T22:12:42+00:00,2025-12-08T19:12:42+00:00,32.0,22.2,6,5,5,5,0,3512.0,5.0,175.6,3336.4,sucursal centro,special,delayed
1219,ECO-ML-000693,true,2025-12-07T02:09:52+00:00,2025-12-07T16:09:52+00:00,15.0,2.15,0,1,1,1,0,729.0,0.0,0.0,729.0,sucursal centro,special,completed_on_time
1220,ECO-ML-000694,true,2025-12-07T06:44:01+00:00,2025-12-07T09:44:01+00:00,10.0,6.7333,0,6,6,6,0,3712.0,20.0,742.4,2969.6,matriz,normal,cancelled
1221,ECO-ML-000695,true,2025-12-07T11:18:11+00:00,2025-12-10T04:18:11+00:00,68.0,11.3,0,5,5,5,0,2825.5,15.0,423.82,2401.68,sucursal sur,other,completed_on_time
555,ECO-ML-000029,true,2025-12-07T14:19:00+00:00,2025-12-10T18:08:00+00:00,67.0,8.316666666666666,0,6,6,6,0,3058.0,5.0,152.9,2905.1,sucursal norte,hospital,delayed
795,ECO-ML-000269,true,2025-12-07T14:19:00+00:00,2025-12-09T16:07:00+00:00,42.0,8.316666666666666,0,6,6,6,0,3719.0,5.0,185.95,3533.05,sucursal centro,hospital,delayed
1222,ECO-ML-000696,true,2025-12-07T15:52:20+00:00,2025-12-10T08:52:20+00:00,48.0,15.8667,0,5,5,5,0,2284.5,10.0,228.45,2056.05,matriz - centro,dif,delayed
1223,ECO-ML-000697,true,2025-12-07T19:49:30+00:00,2025-12-10T01:49:30+00:00,59.0,19.8167,0,4,4,4,0,2044.0,10.0,204.4,1839.6,matriz - centro,dif,completed_on_time
1224,ECO-ML-000698,true,2025-12-08T00:23:40+00:00,2025-12-09T03:23:40+00:00,33.0,0.3833,1,3,3,3,0,1686.5,0.0,0.0,1686.5,sucursal centro,special,completed_on_time
1225,ECO-ML-000699,true,2025-12-08T04:57:49+00:00,2025-12-08T22:57:49+00:00,16.0,4.95,1,4,4,4,0,1985.0,10.0,198.5,1786.5,sucursal sur,other,delayed
1226,ECO-ML-000700,true,2025-12-08T08:54:59+00:00,2025-12-10T10:54:59+00:00,52.0,8.9,1,3,3,3,0,1400.0,10.0,140.0,1260.0,sucursal sur,other,completed_on_time
1227,ECO-ML-000701,true,2025-12-08T13:29:09+00:00,2025-12-10T03:29:09+00:00,41.0,13.4833,1,1,1,1,0,964.0,0.0,0.0,964.0,matriz,normal,completed_on_time
692,ECO-ML-000166,true,2025-12-08T15:26:00+00:00,2025-12-10T07:21:00+00:00,14.0,9.433333333333332,1,5,5,5,0,2589.0,10.0,258.9,2330.1,matriz - centro,dif,delayed
932,ECO-ML-000406,true,2025-12-08T15:26:00+00:00,2025-12-11T22:20:00+00:00,54.0,9.433333333333332,1,5,5,5,0,3570.0,10.0,357.0,3213.0,matriz,dif,delayed
1228,ECO-ML-000702,true,2025-12-08T18:03:18+00:00,2025-12-12T07:03:18+00:00,80.0,18.05,1,6,6,6,0,3400.5,20.0,680.1,2720.4,sucursal centro,special,delayed
1229,ECO-ML-000703,true,2025-12-08T22:00:28+00:00,2025-12-09T13:00:28+00:00,20.0,22.0,1,2,2,2,0,1024.5,10.0,102.45,922.05,sucursal centro,special,completed_on_time
1230,ECO-ML-000704,true,2025-12-09T02:34:38+00:00,2025-12-09T15:34:38+00:00,13.0,2.5667,2,6,6,6,0,3914.5,5.0,195.72,3718.78,matriz,normal,cancelled
1231,ECO-ML-000705,true,2025-12-09T07:08:47+00:00,2025-12-10T03:08:47+00:00,21.0,7.1333,2,1,1,1,0,688.0,5.0,34.4,653.6,sucursal sur,other,completed_on_time
1232,ECO-ML-000706,true,2025-12-09T11:42:57+00:00,2025-12-10T17:42:57+00:00,21.0,11.7,2,4,4,4,0,3068.5,10.0,306.85,2761.65,matriz - centro,dif,delayed
1233,ECO-ML-000707,true,2025-12-09T15:40:07+00:00,2025-12-11T19:40:07+00:00,55.0,15.6667,2,1,1,1,0,628.5,15.0,94.28,534.22,matriz - centro,dif,completed_on_time
589,ECO-ML-000063,true,2025-12-09T16:33:00+00:00,2025-12-11T12:54:00+00:00,51.0,10.55,2,4,4,4,0,1431.5,15.0,214.73,1216.77,matriz,dif,completed_on_time
829,ECO-ML-000303,true,2025-12-09T16:33:00+00:00,2025-12-10T10:53:00+00:00,26.0,10.55,2,4,4,4,0,1592.0,15.0,238.8,1353.2,sucursal sur,dif,completed_on_time
1234,ECO-ML-000708,true,2025-12-09T20:14:16+00:00,2025-12-12T10:14:16+00:00,66.0,20.2333,2,5,5,5,0,2808.5,10.0,280.85,2527.65,sucursal centro,special,completed_on_time
1235,ECO-ML-000709,true,2025-12-10T00:48:26+00:00,2025-12-12T00:48:26+00:00,36.0,0.8,3,3,4,2,0,2275.5,10.0,227.55,2047.95,sucursal sur,other,delayed
1236,ECO-ML-000710,true,2025-12-10T04:45:36+00:00,2025-12-11T19:45:36+00:00,45.0,4.75,3,5,5,5,0,2601.5,0.0,0.0,2601.5,sucursal sur,other,completed_on_time
1237,ECO-ML-000711,true,2025-12-10T09:19:45+00:00,2025-12-12T09:19:45+00:00,49.0,9.3167,3,3,3,3,0,2605.5,10.0,260.55,2344.95,matriz,normal,completed_on_time
1238,ECO-ML-000712,true,2025-12-10T13:53:55+00:00,2025-12-14T10:53:55+00:00,78.0,13.8833,3,6,6,6,0,2918.5,0.0,0.0,2918.5,sucursal centro,special,delayed
726,ECO-ML-000200,true,2025-12-10T17:40:00+00:00,2025-12-13T09:07:00+00:00,63.0,11.666666666666666,3,3,3,3,0,1617.5,0.0,0.0,1617.5,sucursal sur,dif,completed_on_time
966,ECO-ML-000440,true,2025-12-10T17:40:00+00:00,2025-12-12T07:06:00+00:00,38.0,11.666666666666666,3,3,3,3,0,2240.0,0.0,0.0,2240.0,sucursal sur,dif,completed_on_time
1239,ECO-ML-000713,true,2025-12-10T17:51:04+00:00,2025-12-12T16:51:04+00:00,50.0,17.85,3,3,3,3,0,965.0,5.0,48.25,916.75,sucursal centro,special,completed_on_time
1240,ECO-ML-000714,true,2025-12-10T22:25:14+00:00,2025-12-11T18:25:14+00:00,24.0,22.4167,3,2,2,2,0,1523.0,15.0,228.45,1294.55,sucursal norte,hospital,completed_on_time
1241,ECO-ML-000715,true,2025-12-11T02:59:24+00:00,2025-12-12T02:59:24+00:00,32.0,2.9833,4,6,6,6,0,3655.0,10.0,365.5,3289.5,matriz - centro,dif,cancelled
1242,ECO-ML-000716,true,2025-12-11T07:33:33+00:00,2025-12-14T11:33:33+00:00,57.0,7.55,4,6,6,6,0,3093.5,0.0,0.0,3093.5,matriz - centro,dif,delayed
1243,ECO-ML-000717,true,2025-12-11T11:30:43+00:00,2025-12-13T22:30:43+00:00,60.0,11.5,4,2,2,2,0,1717.5,10.0,171.75,1545.75,matriz - centro,dif,completed_on_time
1244,ECO-ML-000718,true,2025-12-11T16:04:53+00:00,2025-12-13T03:04:53+00:00,37.0,16.0667,4,2,2,2,0,1562.0,15.0,234.3,1327.7,sucursal centro,special,completed_on_time
623,ECO-ML-000097,true,2025-12-11T18:47:00+00:00,2025-12-13T04:40:00+00:00,35.0,12.783333333333331,4,2,2,2,0,1411.5,5.0,70.58,1340.92,sucursal sur,hospital,completed_on_time
863,ECO-ML-000337,true,2025-12-11T18:47:00+00:00,2025-12-12T09:20:00+00:00,10.0,12.783333333333331,4,2,2,2,0,1154.0,5.0,57.7,1096.3,sucursal norte,hospital,delayed
1245,ECO-ML-000719,true,2025-12-11T20:39:02+00:00,2025-12-14T17:39:02+00:00,65.0,20.65,4,5,5,5,0,3450.0,20.0,690.0,2760.0,sucursal sur,other,delayed
1246,ECO-ML-000720,true,2025-12-12T00:36:12+00:00,2025-12-13T10:36:12+00:00,38.0,0.6,5,1,1,1,1,855.0,10.0,85.5,769.5,sucursal sur,other,completed_on_time
1247,ECO-ML-000721,true,2025-12-12T05:10:22+00:00,2025-12-12T05:10:22+00:00,5.0,5.1667,5,1,1,1,0,900.0,0.0,0.0,900.0,matriz,normal,completed_on_time
1248,ECO-ML-000722,true,2025-12-12T09:44:31+00:00,2025-12-13T16:44:31+00:00,24.0,9.7333,5,2,2,2,0,603.0,10.0,60.3,542.7,sucursal centro,special,delayed
1249,ECO-ML-000723,true,2025-12-12T13:41:41+00:00,2025-12-14T19:41:41+00:00,55.0,13.6833,5,4,4,4,0,2805.0,20.0,561.0,2244.0,sucursal centro,special,completed_on_time
1250,ECO-ML-000724,true,2025-12-12T18:15:51+00:00,2025-12-14T00:15:51+00:00,32.0,18.25,5,4,4,4,0,2331.5,20.0,466.3,1865.2,sucursal norte,hospital,completed_on_time
760,ECO-ML-000234,true,2025-12-12T19:54:00+00:00,2025-12-14T16:53:00+00:00,47.0,13.9,5,1,1,1,0,736.0,10.0,73.6,662.4,sucursal centro,hospital,completed_on_time
1000,ECO-ML-000474,true,2025-12-12T19:54:00+00:00,2025-12-13T16:33:00+00:00,22.0,13.9,5,1,1,1,0,736.0,10.0,73.6,662.4,matriz - centro,hospital,completed_on_time
1251,ECO-ML-000725,true,2025-12-12T22:50:00+00:00,2025-12-14T08:50:00+00:00,22.0,22.8333,5,5,6,4,0,2757.5,15.0,413.62,2343.88,matriz - centro,dif,cancelled
1252,ECO-ML-000726,true,2025-12-13T03:24:10+00:00,2025-12-16T09:24:10+00:00,67.0,3.4,6,6,6,6,0,3725.5,5.0,186.28,3539.22,matriz - centro,dif,delayed
1253,ECO-ML-000727,true,2025-12-13T07:21:19+00:00,2025-12-15T19:21:19+00:00,65.0,7.35,6,3,3,3,0,1642.5,5.0,82.12,1560.38,matriz - centro,dif,completed_on_time
1254,ECO-ML-000728,true,2025-12-13T11:55:29+00:00,2025-12-14T23:55:29+00:00,42.0,11.9167,6,3,3,3,0,2271.5,10.0,227.15,2044.35,sucursal centro,special,completed_on_time
1255,ECO-ML-000729,true,2025-12-13T16:29:39+00:00,2025-12-16T03:29:39+00:00,45.0,16.4833,6,6,7,5,0,3242.5,0.0,0.0,3242.5,sucursal sur,other,delayed
657,ECO-ML-000131,true,2025-12-13T20:01:00+00:00,2025-12-13T22:01:00+00:00,19.0,14.016666666666666,6,6,6,6,0,4251.0,15.0,637.65,3613.35,matriz - centro,other,cancelled
897,ECO-ML-000371,true,2025-12-13T20:01:00+00:00,2025-12-16T04:06:00+00:00,59.0,14.016666666666666,6,6,6,6,0,2451.5,15.0,367.73,2083.77,matriz,other,completed_on_time
1256,ECO-ML-000730,true,2025-12-13T20:26:48+00:00,2025-12-15T13:26:48+00:00,43.0,20.4333,6,2,2,2,0,1012.0,5.0,50.6,961.4,sucursal sur,other,completed_on_time
1257,ECO-ML-000731,true,2025-12-14T01:00:58+00:00,2025-12-14T05:00:58+00:00,7.0,1.0,0,1,1,1,0,555.0,15.0,83.25,471.75,matriz,normal,completed_on_time
1258,ECO-ML-000732,true,2025-12-14T05:35:08+00:00,2025-12-16T11:35:08+00:00,37.0,5.5833,0,3,3,3,0,1293.0,10.0,129.3,1163.7,sucursal centro,special,delayed
1259,ECO-ML-000733,true,2025-12-14T10:09:17+00:00,2025-12-16T08:09:17+00:00,51.0,10.15,0,1,1,1,0,645.0,5.0,32.25,612.75,sucursal centro,special,completed_on_time
1260,ECO-ML-000734,true,2025-12-14T14:06:27+00:00,2025-12-15T12:06:27+00:00,28.0,14.1,0,1,1,1,0,470.0,10.0,47.0,423.0,sucursal norte,hospital,completed_on_time
1261,ECO-ML-000735,true,2025-12-14T18:40:37+00:00,2025-12-16T14:40:37+00:00,19.0,18.6667,0,6,6,6,0,3312.0,10.0,331.2,2980.8,matriz - centro,dif,cancelled
554,ECO-ML-000028,true,2025-12-14T21:08:00+00:00,2025-12-17T12:40:00+00:00,56.0,15.133333333333333,0,5,5,5,0,3020.5,0.0,0.0,3020.5,matriz,dif,delayed
794,ECO-ML-000268,true,2025-12-14T21:08:00+00:00,2025-12-16T10:39:00+00:00,31.0,15.133333333333333,0,5,5,5,0,3115.5,0.0,0.0,3115.5,sucursal sur,dif,delayed
1262,ECO-ML-000736,true,2025-12-14T23:14:46+00:00,2025-12-16T03:14:46+00:00,25.0,23.2333,0,6,6,6,0,3719.0,0.0,0.0,3719.0,matriz - centro,dif,delayed
1263,ECO-ML-000737,true,2025-12-15T03:11:56+00:00,2025-12-17T13:11:56+00:00,61.0,3.1833,1,6,6,6,0,3869.0,10.0,386.9,3482.1,matriz - centro,dif,completed_on_time
1264,ECO-ML-000738,true,2025-12-15T07:46:06+00:00,2025-12-18T03:46:06+00:00,72.0,7.7667,1,4,4,4,0,1883.0,5.0,94.15,1788.85,sucursal centro,special,completed_on_time
1265,ECO-ML-000739,true,2025-12-15T12:20:15+00:00,2025-12-18T04:20:15+00:00,58.0,12.3333,1,5,5,5,0,2516.0,20.0,503.2,2012.8,sucursal sur,other,delayed
1266,ECO-ML-000740,true,2025-12-15T16:17:25+00:00,2025-12-17T13:17:25+00:00,51.0,16.2833,1,4,4,4,0,2013.5,15.0,302.02,1711.48,sucursal sur,other,completed_on_time
1267,ECO-ML-000741,true,2025-12-15T20:51:34+00:00,2025-12-17T11:51:34+00:00,40.0,20.85,1,2,2,2,0,2379.0,5.0,118.95,2260.05,matriz,normal,completed_on_time
691,ECO-ML-000165,true,2025-12-15T22:15:00+00:00,2025-12-18T13:53:00+00:00,68.0,16.25,1,4,4,4,0,2291.0,5.0,114.55,2176.45,sucursal sur,dif,completed_on_time
931,ECO-ML-000405,true,2025-12-15T22:15:00+00:00,2025-12-18T16:52:00+00:00,43.0,16.25,1,4,4,4,0,1819.0,5.0,90.95,1728.05,sucursal sur,dif,delayed
1268,ECO-ML-000742,true,2025-12-16T01:25:44+00:00,2025-12-18T20:25:44+00:00,58.0,1.4167,2,4,4,4,0,1944.0,20.0,388.8,1555.2,sucursal centro,special,delayed
1269,ECO-ML-000743,true,2025-12-16T05:59:54+00:00,2025-12-16T21:59:54+00:00,19.0,5.9833,2,3,3,3,0,2234.0,15.0,335.1,1898.9,sucursal centro,special,completed_on_time
1270,ECO-ML-000744,true,2025-12-16T09:57:03+00:00,2025-12-18T15:57:03+00:00,58.0,9.95,2,2,2,2,0,688.0,20.0,137.6,550.4,sucursal norte,hospital,completed_on_time
1271,ECO-ML-000745,true,2025-12-16T14:31:13+00:00,2025-12-16T20:31:13+00:00,37.0,14.5167,2,6,7,5,0,3502.0,10.0,350.2,3151.8,matriz - centro,dif,cancelled
1272,ECO-ML-000746,true,2025-12-16T19:05:23+00:00,2025-12-18T14:05:23+00:00,30.0,19.0833,2,4,4,4,0,2595.0,20.0,519.0,2076.0,matriz - centro,dif,delayed
1273,ECO-ML-000747,true,2025-12-16T23:02:32+00:00,2025-12-18T00:02:32+00:00,26.0,23.0333,2,1,1,1,0,683.0,5.0,34.15,648.85,matriz - centro,dif,completed_on_time
588,ECO-ML-000062,true,2025-12-16T23:22:00+00:00,2025-12-18T09:26:00+00:00,40.0,17.366666666666667,2,3,3,3,0,1605.0,10.0,160.5,1444.5,sucursal sur,hospital,completed_on_time
828,ECO-ML-000302,true,2025-12-16T23:22:00+00:00,2025-12-17T09:06:00+00:00,15.0,17.366666666666667,2,3,3,3,0,2340.0,10.0,234.0,2106.0,sucursal norte,hospital,completed_on_time
1274,ECO-ML-000748,true,2025-12-17T03:36:42+00:00,2025-12-19T21:36:42+00:00,68.0,3.6,3,1,1,1,0,648.0,10.0,64.8,583.2,sucursal centro,special,completed_on_time
1275,ECO-ML-000749,true,2025-12-17T08:10:52+00:00,2025-12-21T03:10:52+00:00,75.0,8.1667,3,4,5,3,0,2824.0,5.0,141.2,2682.8,sucursal sur,other,delayed
1276,ECO-ML-000750,true,2025-12-17T12:08:01+00:00,2025-12-20T05:08:01+00:00,69.0,12.1333,3,6,6,6,0,3573.0,5.0,178.65,3394.35,sucursal sur,other,completed_on_time
1277,ECO-ML-000751,true,2025-12-17T16:42:11+00:00,2025-12-19T20:42:11+00:00,57.0,16.7,3,2,2,2,0,1276.0,5.0,63.8,1212.2,matriz,normal,completed_on_time
1278,ECO-ML-000752,true,2025-12-17T21:16:21+00:00,2025-12-20T21:16:21+00:00,53.0,21.2667,3,4,4,4,0,2502.0,0.0,0.0,2502.0,sucursal centro,special,delayed
725,ECO-ML-000199,true,2025-12-18T00:29:00+00:00,2025-12-19T21:39:00+00:00,52.0,18.48333333333333,3,2,2,2,0,1652.5,15.0,247.88,1404.62,sucursal centro,hospital,completed_on_time
965,ECO-ML-000439,true,2025-12-18T00:29:00+00:00,2025-12-18T21:19:00+00:00,27.0,18.48333333333333,3,2,2,2,0,1320.5,15.0,198.08,1122.42,matriz - centro,hospital,completed_on_time
1279,ECO-ML-000753,true,2025-12-18T01:50:30+00:00,2025-12-19T12:50:30+00:00,36.0,1.8333,4,3,3,3,0,1435.0,0.0,0.0,1435.0,sucursal centro,special,completed_on_time
1280,ECO-ML-000754,true,2025-12-18T05:47:40+00:00,2025-12-19T14:47:40+00:00,35.0,5.7833,4,2,2,2,0,892.0,5.0,44.6,847.4,sucursal norte,hospital,completed_on_time
1281,ECO-ML-000755,true,2025-12-18T10:21:49+00:00,2025-12-19T02:21:49+00:00,10.0,10.35,4,5,5,5,0,2887.0,5.0,144.35,2742.65,matriz - centro,dif,cancelled
622,ECO-ML-000096,true,2025-12-18T13:36:00+00:00,2025-12-19T13:12:00+00:00,24.0,7.6,4,1,1,1,0,900.0,0.0,0.0,900.0,matriz - centro,other,completed_on_time
862,ECO-ML-000336,true,2025-12-18T13:36:00+00:00,2025-12-21T05:52:00+00:00,64.0,7.6,4,1,1,1,0,816.0,0.0,0.0,816.0,matriz,other,completed_on_time
1282,ECO-ML-000756,true,2025-12-18T14:55:59+00:00,2025-12-19T17:55:59+00:00,22.0,14.9167,4,4,4,4,0,2050.0,5.0,102.5,1947.5,matriz - centro,dif,delayed
1283,ECO-ML-000757,true,2025-12-18T18:53:09+00:00,2025-12-18T19:53:09+00:00,6.0,18.8833,4,2,2,2,0,749.0,0.0,0.0,749.0,matriz - centro,dif,completed_on_time
1284,ECO-ML-000758,true,2025-12-18T23:27:18+00:00,2025-12-20T14:27:18+00:00,45.0,23.45,4,1,1,1,0,405.0,10.0,40.5,364.5,sucursal centro,special,completed_on_time
1285,ECO-ML-000759,true,2025-12-19T04:01:28+00:00,2025-12-21T10:01:28+00:00,46.0,4.0167,5,6,6,6,0,2989.5,15.0,448.43,2541.07,sucursal sur,other,delayed
1286,ECO-ML-000760,true,2025-12-19T07:58:38+00:00,2025-12-20T05:58:38+00:00,24.0,7.9667,5,1,1,1,0,963.0,20.0,192.6,770.4,sucursal sur,other,completed_on_time
1287,ECO-ML-000761,true,2025-12-19T12:32:47+00:00,2025-12-21T11:32:47+00:00,50.0,12.5333,5,4,4,4,0,2902.5,0.0,0.0,2902.5,matriz,normal,completed_on_time
759,ECO-ML-000233,true,2025-12-19T14:43:00+00:00,2025-12-19T16:43:00+00:00,36.0,8.716666666666665,5,6,6,6,0,4246.5,5.0,212.33,4034.17,sucursal sur,normal,cancelled
999,ECO-ML-000473,true,2025-12-19T14:43:00+00:00,2025-12-19T16:43:00+00:00,11.0,8.716666666666665,5,6,6,6,0,3787.0,5.0,189.35,3597.65,sucursal sur,normal,cancelled
1288,ECO-ML-000762,true,2025-12-19T17:06:57+00:00,2025-12-22T07:06:57+00:00,51.0,17.1,5,5,5,5,0,2545.0,20.0,509.0,2036.0,sucursal centro,special,delayed
1289,ECO-ML-000763,true,2025-12-19T21:41:07+00:00,2025-12-22T13:41:07+00:00,69.0,21.6833,5,5,5,5,0,3330.0,5.0,166.5,3163.5,sucursal centro,special,completed_on_time
1290,ECO-ML-000764,true,2025-12-20T01:38:16+00:00,2025-12-21T11:38:16+00:00,40.0,1.6333,6,3,3,3,0,1317.0,20.0,263.4,1053.6,sucursal norte,hospital,completed_on_time
1291,ECO-ML-000765,true,2025-12-20T06:12:26+00:00,2025-12-21T08:12:26+00:00,16.0,6.2,6,6,7,5,0,3386.5,20.0,677.3,2709.2,matriz - centro,dif,cancelled
1292,ECO-ML-000766,true,2025-12-20T10:46:36+00:00,2025-12-23T16:46:36+00:00,63.0,10.7667,6,6,6,6,0,3793.5,20.0,758.7,3034.8,matriz - centro,dif,delayed
1293,ECO-ML-000767,true,2025-12-20T14:43:45+00:00,2025-12-22T11:43:45+00:00,48.0,14.7167,6,2,2,2,0,1454.0,20.0,290.8,1163.2,matriz - centro,dif,completed_on_time
656,ECO-ML-000130,true,2025-12-20T15:50:00+00:00,2025-12-20T17:50:00+00:00,8.0,9.83333333333333,6,5,5,5,0,2916.0,10.0,291.6,2624.4,sucursal sur,dif,cancelled
896,ECO-ML-000370,true,2025-12-20T15:50:00+00:00,2025-12-23T04:38:00+00:00,48.0,9.83333333333333,6,5,5,5,0,2141.0,10.0,214.1,1926.9,sucursal sur,dif,delayed
1294,ECO-ML-000768,true,2025-12-20T19:17:55+00:00,2025-12-21T16:17:55+00:00,25.0,19.2833,6,2,2,2,0,1594.0,20.0,318.8,1275.2,sucursal centro,special,completed_on_time
1295,ECO-ML-000769,true,2025-12-20T23:52:04+00:00,2025-12-23T00:52:04+00:00,31.0,23.8667,6,5,6,4,0,2857.0,0.0,0.0,2857.0,sucursal sur,other,delayed
1296,ECO-ML-000770,true,2025-12-21T04:26:14+00:00,2025-12-22T00:26:14+00:00,26.0,4.4333,0,1,1,1,0,950.5,0.0,0.0,950.5,sucursal sur,other,completed_on_time
1297,ECO-ML-000771,true,2025-12-21T08:23:24+00:00,2025-12-23T17:23:24+00:00,58.0,8.3833,0,1,1,1,0,590.5,5.0,29.52,560.98,matriz,normal,completed_on_time
1298,ECO-ML-000772,true,2025-12-21T12:57:33+00:00,2025-12-23T13:57:33+00:00,46.0,12.95,0,4,4,4,0,2503.0,0.0,0.0,2503.0,sucursal centro,special,delayed
553,ECO-ML-000027,true,2025-12-21T16:57:00+00:00,2025-12-23T20:12:00+00:00,45.0,10.95,0,4,4,4,0,2414.0,15.0,362.1,2051.9,sucursal sur,hospital,delayed
793,ECO-ML-000267,true,2025-12-21T16:57:00+00:00,2025-12-22T19:52:00+00:00,20.0,10.95,0,4,4,4,0,2826.0,15.0,423.9,2402.1,sucursal norte,hospital,delayed
1299,ECO-ML-000773,true,2025-12-21T17:31:43+00:00,2025-12-24T13:31:43+00:00,71.0,17.5167,0,5,5,5,0,2518.0,5.0,125.9,2392.1,sucursal centro,special,completed_on_time
1300,ECO-ML-000774,true,2025-12-21T21:28:53+00:00,2025-12-24T05:28:53+00:00,60.0,21.4667,0,4,4,4,0,2036.0,15.0,305.4,1730.6,sucursal norte,hospital,completed_on_time
1301,ECO-ML-000775,true,2025-12-22T02:03:02+00:00,2025-12-23T14:03:02+00:00,57.0,2.05,1,6,6,6,0,3991.0,10.0,399.1,3591.9,matriz - centro,dif,cancelled
1302,ECO-ML-000776,true,2025-12-22T06:37:12+00:00,2025-12-23T16:37:12+00:00,27.0,6.6167,1,2,2,2,0,1323.0,10.0,132.3,1190.7,matriz - centro,dif,delayed
1303,ECO-ML-000777,true,2025-12-22T10:34:22+00:00,2025-12-24T14:34:22+00:00,53.0,10.5667,1,3,3,3,0,2222.5,0.0,0.0,2222.5,matriz - centro,dif,completed_on_time
1304,ECO-ML-000778,true,2025-12-22T15:08:31+00:00,2025-12-23T19:08:31+00:00,30.0,15.1333,1,3,3,3,0,1939.5,0.0,0.0,1939.5,sucursal centro,special,completed_on_time
690,ECO-ML-000164,true,2025-12-22T17:04:00+00:00,2025-12-24T22:25:00+00:00,57.0,11.066666666666666,1,3,3,3,0,1871.0,0.0,0.0,1871.0,sucursal centro,hospital,completed_on_time
930,ECO-ML-000404,true,2025-12-22T17:04:00+00:00,2025-12-23T20:24:00+00:00,32.0,11.066666666666666,1,3,3,3,0,1469.0,0.0,0.0,1469.0,matriz - centro,hospital,completed_on_time
1305,ECO-ML-000779,true,2025-12-22T19:42:41+00:00,2025-12-24T04:42:41+00:00,23.0,19.7,1,4,4,4,0,2476.0,20.0,495.2,1980.8,sucursal sur,other,delayed
1306,ECO-ML-000780,true,2025-12-23T00:16:51+00:00,2025-12-24T03:16:51+00:00,31.0,0.2667,2,2,2,2,0,817.5,15.0,122.62,694.88,sucursal sur,other,completed_on_time
1307,ECO-ML-000781,true,2025-12-23T04:14:00+00:00,2025-12-25T14:14:00+00:00,63.0,4.2333,2,1,1,1,0,1323.0,0.0,0.0,1323.0,matriz,normal,completed_on_time
1308,ECO-ML-000782,true,2025-12-23T08:48:10+00:00,2025-12-26T08:48:10+00:00,59.0,8.8,2,4,4,4,0,2819.0,20.0,563.8,2255.2,sucursal centro,special,delayed
1309,ECO-ML-000783,true,2025-12-23T13:22:19+00:00,2025-12-25T03:22:19+00:00,39.0,13.3667,2,1,1,1,0,85.0,15.0,12.75,72.25,sucursal centro,special,completed_on_time
1310,ECO-ML-000784,true,2025-12-23T17:19:29+00:00,2025-12-24T07:19:29+00:00,16.0,17.3167,2,1,1,1,0,780.0,20.0,156.0,624.0,sucursal norte,hospital,completed_on_time
587,ECO-ML-000061,true,2025-12-23T18:11:00+00:00,2025-12-24T17:58:00+00:00,29.0,12.183333333333332,2,2,2,2,0,468.0,5.0,23.4,444.6,matriz - centro,normal,completed_on_time
827,ECO-ML-000301,true,2025-12-23T18:11:00+00:00,2025-12-26T10:38:00+00:00,69.0,12.183333333333332,2,2,2,2,0,1658.0,5.0,82.9,1575.1,matriz,normal,completed_on_time
1311,ECO-ML-000785,true,2025-12-23T21:53:39+00:00,2025-12-25T19:53:39+00:00,30.0,21.8833,2,5,6,4,0,3227.5,5.0,161.38,3066.12,matriz - centro,dif,cancelled
1312,ECO-ML-000786,true,2025-12-24T02:27:48+00:00,2025-12-26T06:27:48+00:00,35.0,2.45,3,4,4,4,0,1643.0,5.0,82.15,1560.85,matriz - centro,dif,delayed
1313,ECO-ML-000787,true,2025-12-24T06:24:58+00:00,2025-12-26T14:24:58+00:00,61.0,6.4,3,5,5,5,0,3360.0,5.0,168.0,3192.0,matriz - centro,dif,completed_on_time
1314,ECO-ML-000788,true,2025-12-24T10:59:08+00:00,2025-12-26T16:59:08+00:00,60.0,10.9833,3,4,4,4,0,2857.5,15.0,428.62,2428.88,sucursal centro,special,completed_on_time
1315,ECO-ML-000789,true,2025-12-24T15:33:17+00:00,2025-12-26T21:33:17+00:00,52.0,15.55,3,6,7,5,0,3549.0,15.0,532.35,3016.65,sucursal sur,other,delayed
724,ECO-ML-000198,true,2025-12-24T19:18:00+00:00,2025-12-26T06:11:00+00:00,41.0,13.3,3,1,1,1,0,920.0,10.0,92.0,828.0,sucursal sur,normal,completed_on_time
964,ECO-ML-000438,true,2025-12-24T19:18:00+00:00,2025-12-25T05:51:00+00:00,16.0,13.3,3,1,1,1,0,790.0,10.0,79.0,711.0,sucursal sur,normal,completed_on_time
1316,ECO-ML-000790,true,2025-12-24T20:07:27+00:00,2025-12-26T06:07:27+00:00,36.0,20.1167,3,3,3,3,0,2293.5,10.0,229.35,2064.15,sucursal sur,other,completed_on_time
1317,ECO-ML-000791,true,2025-12-25T00:04:37+00:00,2025-12-27T17:04:37+00:00,68.0,0.0667,4,2,2,2,0,2053.0,15.0,307.95,1745.05,matriz,normal,completed_on_time
1318,ECO-ML-000792,true,2025-12-25T04:38:46+00:00,2025-12-28T01:38:46+00:00,64.0,4.6333,4,5,5,5,0,2929.0,0.0,0.0,2929.0,sucursal centro,special,delayed
1319,ECO-ML-000793,true,2025-12-25T09:12:56+00:00,2025-12-27T03:12:56+00:00,47.0,9.2,4,3,3,3,1,2383.5,5.0,119.17,2264.33,sucursal centro,special,completed_on_time
1320,ECO-ML-000794,true,2025-12-25T13:10:06+00:00,2025-12-25T20:10:06+00:00,10.0,13.1667,4,6,6,6,0,3797.0,15.0,569.55,3227.45,matriz,normal,cancelled
1321,ECO-ML-000795,true,2025-12-25T17:44:15+00:00,2025-12-27T16:44:15+00:00,48.0,17.7333,4,2,2,2,0,1790.0,20.0,358.0,1432.0,sucursal sur,other,completed_on_time
621,ECO-ML-000095,true,2025-12-25T20:25:00+00:00,2025-12-25T22:25:00+00:00,13.0,14.416666666666666,4,6,6,6,0,3422.5,15.0,513.38,2909.12,sucursal sur,dif,cancelled
861,ECO-ML-000335,true,2025-12-25T20:25:00+00:00,2025-12-25T22:25:00+00:00,53.0,14.416666666666666,4,6,6,6,0,3538.0,15.0,530.7,3007.3,sucursal sur,dif,cancelled
1322,ECO-ML-000796,true,2025-12-25T22:18:25+00:00,2025-12-27T19:18:25+00:00,36.0,22.3,4,4,4,4,0,2827.0,0.0,0.0,2827.0,matriz - centro,dif,delayed
1323,ECO-ML-000797,true,2025-12-26T02:15:34+00:00,2025-12-26T13:15:34+00:00,14.0,2.25,5,1,1,1,0,1060.0,0.0,0.0,1060.0,matriz - centro,dif,completed_on_time
1324,ECO-ML-000798,true,2025-12-26T06:49:44+00:00,2025-12-28T10:49:44+00:00,56.0,6.8167,5,1,1,1,0,570.0,0.0,0.0,570.0,sucursal centro,special,completed_on_time
1325,ECO-ML-000799,true,2025-12-26T11:23:54+00:00,2025-12-27T22:23:54+00:00,23.0,11.3833,5,2,2,2,0,1187.0,20.0,237.4,949.6,sucursal sur,other,delayed
1326,ECO-ML-000800,true,2025-12-26T15:58:03+00:00,2025-12-29T09:58:03+00:00,72.0,15.9667,5,6,6,6,0,3545.5,15.0,531.83,3013.67,sucursal sur,other,completed_on_time
1327,ECO-ML-000801,true,2025-12-26T19:55:13+00:00,2025-12-29T07:55:13+00:00,61.0,19.9167,5,4,4,4,0,2454.5,5.0,122.72,2331.78,matriz,normal,completed_on_time
758,ECO-ML-000232,true,2025-12-26T21:32:00+00:00,2025-12-26T23:32:00+00:00,25.0,15.533333333333331,5,5,5,5,0,2769.0,0.0,0.0,2769.0,sucursal norte,dif,cancelled
998,ECO-ML-000472,true,2025-12-26T21:32:00+00:00,2025-12-29T14:37:00+00:00,65.0,15.533333333333331,5,5,5,5,0,3052.0,0.0,0.0,3052.0,sucursal centro,dif,completed_on_time
1328,ECO-ML-000802,true,2025-12-27T00:29:23+00:00,2025-12-28T19:29:23+00:00,28.0,0.4833,6,6,6,6,0,3016.0,10.0,301.6,2714.4,sucursal centro,special,delayed
1329,ECO-ML-000803,true,2025-12-27T05:03:32+00:00,2025-12-28T18:03:32+00:00,40.0,5.05,6,5,5,5,0,3057.0,15.0,458.55,2598.45,sucursal centro,special,completed_on_time
1330,ECO-ML-000804,true,2025-12-27T09:00:42+00:00,2025-12-28T02:00:42+00:00,48.0,9.0,6,5,5,5,0,2718.0,10.0,271.8,2446.2,matriz,normal,cancelled
1331,ECO-ML-000805,true,2025-12-27T13:34:52+00:00,2025-12-29T13:34:52+00:00,53.0,13.5667,6,3,3,3,0,2189.0,0.0,0.0,2189.0,sucursal sur,other,completed_on_time
1332,ECO-ML-000806,true,2025-12-27T18:09:01+00:00,2025-12-31T13:09:01+00:00,72.0,18.15,6,6,6,6,0,3497.0,10.0,349.7,3147.3,matriz - centro,dif,delayed
655,ECO-ML-000129,true,2025-12-27T22:39:00+00:00,2025-12-30T12:11:00+00:00,62.0,16.65,6,4,4,4,0,3107.0,5.0,155.35,2951.65,sucursal centro,dif,completed_on_time
895,ECO-ML-000369,true,2025-12-27T22:39:00+00:00,2025-12-29T10:10:00+00:00,37.0,16.65,6,4,4,4,0,1547.0,5.0,77.35,1469.65,matriz - centro,dif,completed_on_time
1333,ECO-ML-000807,true,2025-12-27T22:43:11+00:00,2025-12-28T16:43:11+00:00,19.0,22.7167,6,2,2,2,0,812.0,10.0,81.2,730.8,matriz - centro,dif,completed_on_time
1334,ECO-ML-000808,true,2025-12-28T02:40:21+00:00,2025-12-30T13:40:21+00:00,61.0,2.6667,0,2,2,2,0,749.0,15.0,112.35,636.65,sucursal centro,special,completed_on_time
1335,ECO-ML-000809,true,2025-12-28T07:14:30+00:00,2025-12-30T03:14:30+00:00,40.0,7.2333,0,5,6,4,0,3314.5,10.0,331.45,2983.05,sucursal sur,other,delayed
1336,ECO-ML-000810,true,2025-12-28T11:48:40+00:00,2025-12-29T23:48:40+00:00,40.0,11.8,0,2,2,2,0,990.0,5.0,49.5,940.5,sucursal sur,other,completed_on_time
1337,ECO-ML-000811,true,2025-12-28T15:45:50+00:00,2025-12-29T15:45:50+00:00,29.0,15.75,0,1,1,1,0,248.0,15.0,37.2,210.8,matriz,normal,completed_on_time
1338,ECO-ML-000812,true,2025-12-28T20:19:59+00:00,2025-12-30T18:19:59+00:00,39.0,20.3167,0,2,2,2,0,1010.0,0.0,0.0,1010.0,sucursal centro,special,delayed
552,ECO-ML-000026,true,2025-12-28T23:46:00+00:00,2025-12-30T14:44:00+00:00,34.0,17.766666666666666,0,3,3,3,0,1604.0,10.0,160.4,1443.6,matriz - centro,dif,delayed
792,ECO-ML-000266,true,2025-12-28T23:46:00+00:00,2025-12-29T14:24:00+00:00,9.0,17.766666666666666,0,3,3,3,0,1420.0,10.0,142.0,1278.0,matriz,dif,delayed
1339,ECO-ML-000813,true,2025-12-29T00:54:09+00:00,2025-12-29T07:54:09+00:00,8.0,0.9,1,1,1,1,0,834.0,5.0,41.7,792.3,sucursal centro,special,completed_on_time
1340,ECO-ML-000814,true,2025-12-29T04:51:18+00:00,2025-12-30T07:51:18+00:00,21.0,4.85,1,4,4,4,0,2140.5,20.0,428.1,1712.4,matriz,normal,cancelled
1341,ECO-ML-000815,true,2025-12-29T09:25:28+00:00,2026-01-01T08:25:28+00:00,74.0,9.4167,1,6,6,6,0,3561.5,20.0,712.3,2849.2,sucursal sur,other,completed_on_time
1342,ECO-ML-000816,true,2025-12-29T13:59:38+00:00,2026-01-01T22:59:38+00:00,70.0,13.9833,1,6,6,6,0,4255.5,10.0,425.55,3829.95,matriz - centro,dif,delayed
1343,ECO-ML-000817,true,2025-12-29T18:33:47+00:00,2025-12-31T20:33:47+00:00,55.0,18.55,1,5,5,5,0,2609.0,0.0,0.0,2609.0,matriz - centro,dif,completed_on_time
1344,ECO-ML-000818,true,2025-12-29T22:30:57+00:00,2026-01-01T10:30:57+00:00,66.0,22.5,1,3,3,3,0,1315.0,10.0,131.5,1183.5,sucursal centro,special,completed_on_time
689,ECO-ML-000163,true,2025-12-30T00:53:00+00:00,2025-12-31T19:57:00+00:00,46.0,18.883333333333333,1,2,2,2,0,1160.0,15.0,174.0,986.0,sucursal sur,dif,completed_on_time
929,ECO-ML-000403,true,2025-12-30T00:53:00+00:00,2025-12-30T19:37:00+00:00,21.0,18.883333333333333,1,2,2,2,0,1074.0,15.0,161.1,912.9,sucursal sur,dif,completed_on_time
1345,ECO-ML-000819,true,2025-12-30T03:05:07+00:00,2026-01-01T17:05:07+00:00,48.0,3.0833,2,6,6,6,0,4054.0,20.0,810.8,3243.2,sucursal sur,other,delayed
1346,ECO-ML-000820,true,2025-12-30T07:39:16+00:00,2026-01-01T02:39:16+00:00,45.0,7.65,2,3,3,3,0,1273.0,20.0,254.6,1018.4,sucursal sur,other,completed_on_time
1347,ECO-ML-000821,true,2025-12-30T11:36:26+00:00,2025-12-31T18:36:26+00:00,34.0,11.6,2,1,1,1,0,1210.0,10.0,121.0,1089.0,matriz,normal,completed_on_time
586,ECO-ML-000060,true,2025-12-30T13:00:00+00:00,2025-12-31T02:30:00+00:00,18.0,7.0,2,1,1,1,0,232.0,0.0,0.0,232.0,sucursal sur,dif,completed_on_time
826,ECO-ML-000300,true,2025-12-30T13:00:00+00:00,2026-01-01T19:10:00+00:00,58.0,7.0,2,1,1,1,0,728.0,0.0,0.0,728.0,sucursal sur,dif,completed_on_time
1348,ECO-ML-000822,true,2025-12-30T16:10:36+00:00,2026-01-01T08:10:36+00:00,23.0,16.1667,2,6,6,6,0,3472.5,5.0,173.62,3298.88,sucursal centro,special,delayed
1349,ECO-ML-000823,true,2025-12-30T20:44:45+00:00,2025-12-31T01:44:45+00:00,10.0,20.7333,2,1,1,1,0,747.0,5.0,37.35,709.65,sucursal centro,special,completed_on_time
1350,ECO-ML-000824,true,2025-12-31T00:41:55+00:00,2026-01-01T13:41:55+00:00,15.0,0.6833,3,6,6,6,0,3681.5,15.0,552.23,3129.27,matriz,normal,cancelled
1351,ECO-ML-000825,true,2025-12-31T05:16:05+00:00,2026-01-02T10:16:05+00:00,54.0,5.2667,3,1,1,1,0,396.0,0.0,0.0,396.0,sucursal sur,other,completed_on_time
1352,ECO-ML-000826,true,2025-12-31T09:50:14+00:00,2026-01-01T20:50:14+00:00,32.0,9.8333,3,4,4,4,0,2002.5,10.0,200.25,1802.25,matriz - centro,dif,delayed
723,ECO-ML-000197,true,2025-12-31T14:07:00+00:00,2026-01-02T03:43:00+00:00,30.0,8.116666666666665,3,6,6,6,0,3456.5,5.0,172.83,3283.67,sucursal norte,special,delayed
963,ECO-ML-000437,true,2025-12-31T14:07:00+00:00,2026-01-03T20:23:00+00:00,70.0,8.116666666666665,3,6,6,6,0,3290.0,5.0,164.5,3125.5,sucursal centro,special,delayed
1353,ECO-ML-000827,true,2025-12-31T14:24:24+00:00,2026-01-01T10:24:24+00:00,23.0,14.4,3,1,1,1,0,675.0,5.0,33.75,641.25,matriz - centro,dif,completed_on_time
1354,ECO-ML-000828,true,2025-12-31T18:21:33+00:00,2026-01-03T01:21:33+00:00,59.0,18.35,3,5,5,5,0,2780.5,20.0,556.1,2224.4,sucursal centro,special,completed_on_time
1355,ECO-ML-000829,true,2025-12-31T22:55:43+00:00,2026-01-03T00:55:43+00:00,44.0,22.9167,3,2,3,1,0,1566.0,15.0,234.9,1331.1,sucursal sur,other,delayed
1356,ECO-ML-000830,true,2026-01-01T03:29:53+00:00,2026-01-04T00:29:53+00:00,75.0,3.4833,4,4,4,4,0,2146.0,15.0,321.9,1824.1,sucursal sur,other,completed_on_time
1357,ECO-ML-000831,true,2026-01-01T07:27:02+00:00,2026-01-03T00:27:02+00:00,42.0,7.45,4,3,3,3,0,2220.5,20.0,444.1,1776.4,matriz,normal,completed_on_time
1358,ECO-ML-000832,true,2026-01-01T12:01:12+00:00,2026-01-03T00:01:12+00:00,27.0,12.0167,4,1,1,1,0,735.0,0.0,0.0,735.0,sucursal centro,special,delayed
620,ECO-ML-000094,true,2026-01-01T15:14:00+00:00,2026-01-04T04:57:00+00:00,67.0,9.23333333333333,4,5,5,5,0,3210.5,10.0,321.05,2889.45,sucursal centro,dif,completed_on_time
860,ECO-ML-000334,true,2026-01-01T15:14:00+00:00,2026-01-04T09:56:00+00:00,42.0,9.23333333333333,4,5,5,5,0,3396.5,10.0,339.65,3056.85,matriz - centro,dif,delayed
1359,ECO-ML-000833,true,2026-01-01T16:35:22+00:00,2026-01-03T08:35:22+00:00,43.0,16.5833,4,3,3,3,0,2063.5,0.0,0.0,2063.5,sucursal centro,special,completed_on_time
1360,ECO-ML-000834,true,2026-01-01T20:32:31+00:00,2026-01-03T19:32:31+00:00,24.0,20.5333,4,6,6,6,0,3338.0,15.0,500.7,2837.3,matriz,normal,cancelled
1361,ECO-ML-000835,true,2026-01-02T01:06:41+00:00,2026-01-02T18:06:41+00:00,22.0,1.1,5,3,3,3,0,1349.5,5.0,67.47,1282.03,sucursal sur,other,completed_on_time
1362,ECO-ML-000836,true,2026-01-02T05:40:51+00:00,2026-01-05T11:40:51+00:00,65.0,5.6667,5,5,5,5,0,2745.5,5.0,137.28,2608.22,matriz - centro,dif,delayed
1363,ECO-ML-000837,true,2026-01-02T10:15:00+00:00,2026-01-04T14:15:00+00:00,53.0,10.25,5,2,2,2,0,1312.5,0.0,0.0,1312.5,matriz - centro,dif,completed_on_time
1364,ECO-ML-000838,true,2026-01-02T14:12:10+00:00,2026-01-03T15:12:10+00:00,27.0,14.2,5,1,1,1,0,885.5,10.0,88.55,796.95,sucursal centro,special,completed_on_time
757,ECO-ML-000231,true,2026-01-02T16:21:00+00:00,2026-01-02T18:21:00+00:00,14.0,10.35,5,4,4,4,0,2209.0,15.0,331.35,1877.65,matriz,dif,cancelled
997,ECO-ML-000471,true,2026-01-02T16:21:00+00:00,2026-01-04T15:09:00+00:00,54.0,10.35,5,4,4,4,0,2425.0,15.0,363.75,2061.25,sucursal sur,dif,completed_on_time
1365,ECO-ML-000839,true,2026-01-02T18:46:20+00:00,2026-01-05T10:46:20+00:00,48.0,18.7667,5,4,4,4,0,3001.0,20.0,600.2,2400.8,sucursal sur,other,delayed
1366,ECO-ML-000840,true,2026-01-02T23:20:29+00:00,2026-01-05T18:20:29+00:00,71.0,23.3333,5,1,1,1,0,722.5,20.0,144.5,578.0,sucursal sur,other,completed_on_time
1367,ECO-ML-000841,true,2026-01-03T03:17:39+00:00,2026-01-04T21:17:39+00:00,47.0,3.2833,6,4,4,4,0,3754.0,0.0,0.0,3754.0,matriz,normal,completed_on_time
1368,ECO-ML-000842,true,2026-01-03T07:51:48+00:00,2026-01-05T01:51:48+00:00,23.0,7.85,6,3,3,3,0,1777.5,5.0,88.88,1688.62,sucursal centro,special,delayed
1369,ECO-ML-000843,true,2026-01-03T12:25:58+00:00,2026-01-05T11:25:58+00:00,48.0,12.4167,6,4,4,4,0,2156.5,10.0,215.65,1940.85,sucursal centro,special,completed_on_time
1370,ECO-ML-000844,true,2026-01-03T17:00:08+00:00,2026-01-04T02:00:08+00:00,14.0,17.0,6,5,5,5,0,2820.0,0.0,0.0,2820.0,matriz,normal,cancelled
654,ECO-ML-000128,true,2026-01-03T17:28:00+00:00,2026-01-05T20:43:00+00:00,51.0,11.466666666666669,6,3,3,3,0,1597.0,0.0,0.0,1597.0,sucursal sur,dif,completed_on_time
894,ECO-ML-000368,true,2026-01-03T17:28:00+00:00,2026-01-04T20:23:00+00:00,26.0,11.466666666666669,6,3,3,3,0,1550.0,0.0,0.0,1550.0,sucursal sur,dif,completed_on_time
1371,ECO-ML-000845,true,2026-01-03T20:57:17+00:00,2026-01-06T09:57:17+00:00,64.0,20.95,6,3,3,3,0,1568.5,5.0,78.42,1490.08,sucursal sur,other,completed_on_time
1372,ECO-ML-000846,true,2026-01-04T01:31:27+00:00,2026-01-05T11:31:27+00:00,29.0,1.5167,0,2,2,2,0,1195.0,15.0,179.25,1015.75,matriz - centro,dif,delayed
1373,ECO-ML-000847,true,2026-01-04T06:05:37+00:00,2026-01-05T10:05:37+00:00,33.0,6.0833,0,3,3,3,0,2068.0,15.0,310.2,1757.8,matriz - centro,dif,completed_on_time
1374,ECO-ML-000848,true,2026-01-04T10:02:46+00:00,2026-01-07T04:02:46+00:00,72.0,10.0333,0,2,2,2,0,1461.0,20.0,292.2,1168.8,sucursal centro,special,completed_on_time
1375,ECO-ML-000849,true,2026-01-04T14:36:56+00:00,2026-01-06T18:36:56+00:00,44.0,14.6,0,6,7,5,0,3754.5,15.0,563.17,3191.33,sucursal sur,other,delayed
551,ECO-ML-000025,true,2026-01-04T18:35:00+00:00,2026-01-05T16:16:00+00:00,23.0,12.583333333333332,0,2,2,2,0,1093.0,5.0,54.65,1038.35,sucursal sur,dif,completed_on_time
791,ECO-ML-000265,true,2026-01-04T18:35:00+00:00,2026-01-07T08:56:00+00:00,63.0,12.583333333333332,0,2,2,2,0,920.0,5.0,46.0,874.0,sucursal sur,dif,completed_on_time
1376,ECO-ML-000850,true,2026-01-04T19:11:06+00:00,2026-01-06T17:11:06+00:00,48.0,19.1833,0,1,1,1,0,999.0,0.0,0.0,999.0,sucursal sur,other,completed_on_time
1377,ECO-ML-000851,true,2026-01-04T23:08:15+00:00,2026-01-07T00:08:15+00:00,52.0,23.1333,0,5,5,5,0,3989.5,10.0,398.95,3590.55,matriz,normal,completed_on_time
1378,ECO-ML-000852,true,2026-01-05T03:42:25+00:00,2026-01-07T15:42:25+00:00,49.0,3.7,1,5,5,5,0,2635.0,0.0,0.0,2635.0,sucursal centro,special,delayed
1379,ECO-ML-000853,true,2026-01-05T08:16:35+00:00,2026-01-06T07:16:35+00:00,28.0,8.2667,1,5,5,5,0,2635.0,5.0,131.75,2503.25,sucursal centro,special,completed_on_time
1380,ECO-ML-000854,true,2026-01-05T12:50:44+00:00,2026-01-06T07:50:44+00:00,12.0,12.8333,1,6,6,6,0,4343.0,20.0,868.6,3474.4,matriz,normal,cancelled
1381,ECO-ML-000855,true,2026-01-05T16:47:54+00:00,2026-01-08T15:47:54+00:00,72.0,16.7833,1,5,5,5,0,1629.0,15.0,244.35,1384.65,sucursal sur,other,completed_on_time
688,ECO-ML-000162,true,2026-01-05T19:42:00+00:00,2026-01-07T04:29:00+00:00,35.0,13.7,1,1,1,1,0,540.0,10.0,54.0,486.0,sucursal norte,special,completed_on_time
928,ECO-ML-000402,true,2026-01-05T19:42:00+00:00,2026-01-06T04:09:00+00:00,10.0,13.7,1,1,1,1,0,459.0,10.0,45.9,413.1,sucursal centro,special,completed_on_time
1382,ECO-ML-000856,true,2026-01-05T21:22:03+00:00,2026-01-07T16:22:03+00:00,28.0,21.3667,1,4,4,4,0,2098.0,0.0,0.0,2098.0,matriz - centro,dif,delayed
1383,ECO-ML-000857,true,2026-01-06T01:56:13+00:00,2026-01-08T13:56:13+00:00,63.0,1.9333,2,4,4,4,0,2315.0,10.0,231.5,2083.5,matriz - centro,dif,completed_on_time
1384,ECO-ML-000858,true,2026-01-06T05:53:23+00:00,2026-01-07T14:53:23+00:00,37.0,5.8833,2,3,3,3,0,2148.0,0.0,0.0,2148.0,sucursal centro,special,completed_on_time
1385,ECO-ML-000859,true,2026-01-06T10:27:32+00:00,2026-01-08T16:27:32+00:00,36.0,10.45,2,3,3,3,0,1129.0,20.0,225.8,903.2,sucursal sur,other,delayed
1386,ECO-ML-000860,true,2026-01-06T15:01:42+00:00,2026-01-08T14:01:42+00:00,53.0,15.0167,2,2,2,2,0,1774.0,15.0,266.1,1507.9,sucursal sur,other,completed_on_time
1387,ECO-ML-000861,true,2026-01-06T18:58:52+00:00,2026-01-07T13:58:52+00:00,20.0,18.9667,2,1,1,1,0,1169.0,0.0,0.0,1169.0,matriz,normal,completed_on_time
585,ECO-ML-000059,true,2026-01-06T20:49:00+00:00,2026-01-10T11:43:00+00:00,72.0,14.816666666666666,2,6,6,6,0,3176.5,15.0,476.48,2700.02,sucursal centro,hospital,delayed
825,ECO-ML-000299,true,2026-01-06T20:49:00+00:00,2026-01-09T09:42:00+00:00,47.0,14.816666666666666,2,6,6,6,0,3816.0,15.0,572.4,3243.6,matriz - centro,hospital,delayed
1388,ECO-ML-000862,true,2026-01-06T23:33:01+00:00,2026-01-09T14:33:01+00:00,60.0,23.55,2,6,6,6,0,3092.5,10.0,309.25,2783.25,sucursal centro,special,delayed
1389,ECO-ML-000863,true,2026-01-07T04:07:11+00:00,2026-01-09T14:07:11+00:00,61.0,4.1167,3,1,1,1,0,700.0,15.0,105.0,595.0,sucursal centro,special,completed_on_time
1390,ECO-ML-000864,true,2026-01-07T08:41:21+00:00,2026-01-08T13:41:21+00:00,15.0,8.6833,3,6,6,6,0,3967.0,5.0,198.35,3768.65,matriz,normal,cancelled
1391,ECO-ML-000865,true,2026-01-07T12:38:30+00:00,2026-01-10T09:38:30+00:00,74.0,12.6333,3,5,5,5,0,2912.5,0.0,0.0,2912.5,sucursal sur,other,completed_on_time
1392,ECO-ML-000866,true,2026-01-07T17:12:40+00:00,2026-01-09T14:12:40+00:00,38.0,17.2,3,3,3,3,1,1557.0,5.0,77.85,1479.15,matriz - centro,dif,delayed
1393,ECO-ML-000867,true,2026-01-07T21:46:50+00:00,2026-01-09T15:46:50+00:00,43.0,21.7667,3,5,5,5,0,3486.0,5.0,174.3,3311.7,matriz - centro,dif,completed_on_time
722,ECO-ML-000196,true,2026-01-07T21:56:00+00:00,2026-01-09T00:56:00+00:00,19.0,15.933333333333332,3,5,5,5,0,3624.0,0.0,0.0,3624.0,matriz,dif,delayed
962,ECO-ML-000436,true,2026-01-07T21:56:00+00:00,2026-01-10T15:55:00+00:00,59.0,15.933333333333332,3,5,5,5,0,3257.5,0.0,0.0,3257.5,sucursal sur,dif,delayed
1394,ECO-ML-000868,true,2026-01-08T01:43:59+00:00,2026-01-10T08:43:59+00:00,57.0,1.7167,4,4,4,4,0,1803.0,15.0,270.45,1532.55,sucursal centro,special,completed_on_time
1395,ECO-ML-000869,true,2026-01-08T06:18:09+00:00,2026-01-11T21:18:09+00:00,77.0,6.3,4,6,7,5,0,3756.5,15.0,563.48,3193.02,sucursal sur,other,delayed
1396,ECO-ML-000870,true,2026-01-08T10:52:18+00:00,2026-01-10T16:52:18+00:00,58.0,10.8667,4,3,3,3,0,1458.0,10.0,145.8,1312.2,sucursal sur,other,completed_on_time
1397,ECO-ML-000871,true,2026-01-08T14:49:28+00:00,2026-01-09T07:49:28+00:00,22.0,14.8167,4,1,1,1,0,1104.0,20.0,220.8,883.2,matriz,normal,completed_on_time
1398,ECO-ML-000872,true,2026-01-08T19:23:38+00:00,2026-01-12T06:23:38+00:00,70.0,19.3833,4,5,5,5,0,3294.0,0.0,0.0,3294.0,sucursal centro,special,delayed
619,ECO-ML-000093,true,2026-01-08T22:03:00+00:00,2026-01-11T01:29:00+00:00,56.0,16.05,4,4,4,4,0,1965.0,5.0,98.25,1866.75,sucursal sur,dif,completed_on_time
859,ECO-ML-000333,true,2026-01-08T22:03:00+00:00,2026-01-11T04:28:00+00:00,31.0,16.05,4,4,4,4,0,2207.5,5.0,110.38,2097.12,sucursal sur,dif,delayed
1399,ECO-ML-000873,true,2026-01-08T23:57:47+00:00,2026-01-11T16:57:47+00:00,66.0,23.95,4,2,2,2,0,1049.0,10.0,104.9,944.1,sucursal centro,special,completed_on_time
1400,ECO-ML-000874,true,2026-01-09T04:31:57+00:00,2026-01-10T19:31:57+00:00,8.0,4.5167,5,6,6,6,0,3288.0,20.0,657.6,2630.4,matriz,normal,cancelled
1401,ECO-ML-000875,true,2026-01-09T08:29:07+00:00,2026-01-10T23:29:07+00:00,42.0,8.4833,5,1,1,1,0,221.0,5.0,11.05,209.95,sucursal sur,other,completed_on_time
1402,ECO-ML-000876,true,2026-01-09T13:03:16+00:00,2026-01-12T07:03:16+00:00,49.0,13.05,5,6,6,6,0,3517.0,0.0,0.0,3517.0,matriz - centro,dif,delayed
1403,ECO-ML-000877,true,2026-01-09T17:37:26+00:00,2026-01-09T23:37:26+00:00,11.0,17.6167,5,1,1,1,0,839.0,0.0,0.0,839.0,matriz - centro,dif,completed_on_time
1404,ECO-ML-000878,true,2026-01-09T21:34:36+00:00,2026-01-12T05:34:36+00:00,62.0,21.5667,5,5,5,5,0,3470.5,10.0,347.05,3123.45,sucursal centro,special,completed_on_time
756,ECO-ML-000230,true,2026-01-09T23:10:00+00:00,2026-01-12T13:42:00+00:00,68.0,17.166666666666664,5,3,3,3,0,1863.5,10.0,186.35,1677.15,sucursal sur,dif,completed_on_time
996,ECO-ML-000470,true,2026-01-09T23:10:00+00:00,2026-01-11T11:41:00+00:00,43.0,17.166666666666664,5,3,3,3,0,2376.5,10.0,237.65,2138.85,sucursal norte,dif,completed_on_time
1405,ECO-ML-000879,true,2026-01-10T02:08:45+00:00,2026-01-10T21:08:45+00:00,17.0,2.1333,6,5,5,5,0,1746.0,15.0,261.9,1484.1,sucursal sur,other,delayed
1406,ECO-ML-000880,true,2026-01-10T06:42:55+00:00,2026-01-12T19:42:55+00:00,63.0,6.7,6,4,4,4,0,2292.0,20.0,458.4,1833.6,sucursal sur,other,completed_on_time
1407,ECO-ML-000881,true,2026-01-10T11:17:05+00:00,2026-01-11T14:17:05+00:00,30.0,11.2833,6,3,3,3,0,2311.0,10.0,231.1,2079.9,matriz,normal,completed_on_time
1408,ECO-ML-000882,true,2026-01-10T15:14:14+00:00,2026-01-12T09:14:14+00:00,37.0,15.2333,6,5,5,5,0,3016.0,20.0,603.2,2412.8,sucursal centro,special,delayed
1409,ECO-ML-000883,true,2026-01-10T19:48:24+00:00,2026-01-13T13:48:24+00:00,71.0,19.8,6,3,3,3,0,1043.0,5.0,52.15,990.85,sucursal centro,special,completed_on_time
653,ECO-ML-000127,true,2026-01-11T00:17:00+00:00,2026-01-13T02:15:00+00:00,40.0,18.28333333333333,6,2,2,2,0,782.5,15.0,117.38,665.12,sucursal norte,hospital,delayed
893,ECO-ML-000367,true,2026-01-11T00:17:00+00:00,2026-01-11T08:55:00+00:00,15.0,18.28333333333333,6,2,2,2,0,1159.5,15.0,173.93,985.57,sucursal centro,hospital,completed_on_time
1410,ECO-ML-000884,true,2026-01-11T00:22:33+00:00,2026-01-13T01:22:33+00:00,11.0,0.3667,0,6,6,6,0,3526.5,5.0,176.32,3350.18,matriz,normal,cancelled
1411,ECO-ML-000885,true,2026-01-11T04:19:43+00:00,2026-01-13T05:19:43+00:00,50.0,4.3167,0,3,3,3,0,1703.0,0.0,0.0,1703.0,sucursal sur,other,completed_on_time
1412,ECO-ML-000886,true,2026-01-11T08:53:53+00:00,2026-01-12T08:53:53+00:00,15.0,8.8833,0,1,1,1,0,1059.0,15.0,158.85,900.15,matriz - centro,dif,delayed
550,ECO-ML-000024,true,2026-01-11T13:24:00+00:00,2026-01-12T00:48:00+00:00,12.0,7.4,0,1,1,1,0,862.5,0.0,0.0,862.5,sucursal centro,hospital,completed_on_time
790,ECO-ML-000264,true,2026-01-11T13:24:00+00:00,2026-01-13T17:28:00+00:00,52.0,7.4,0,1,1,1,0,713.0,0.0,0.0,713.0,matriz - centro,hospital,completed_on_time
1413,ECO-ML-000887,true,2026-01-11T13:28:02+00:00,2026-01-13T03:28:02+00:00,41.0,13.4667,0,2,2,2,0,1091.0,10.0,109.1,981.9,matriz - centro,dif,completed_on_time
1414,ECO-ML-000888,true,2026-01-11T17:25:12+00:00,2026-01-12T07:25:12+00:00,18.0,17.4167,0,2,2,2,0,652.0,15.0,97.8,554.2,sucursal centro,special,completed_on_time
1415,ECO-ML-000889,true,2026-01-11T21:59:22+00:00,2026-01-13T15:59:22+00:00,30.0,21.9833,0,6,7,5,0,3746.0,15.0,561.9,3184.1,sucursal sur,other,delayed
1416,ECO-ML-000890,true,2026-01-12T02:33:31+00:00,2026-01-12T15:33:31+00:00,19.0,2.55,1,1,1,1,0,486.0,10.0,48.6,437.4,sucursal sur,other,completed_on_time
1417,ECO-ML-000891,true,2026-01-12T07:07:41+00:00,2026-01-14T09:07:41+00:00,51.0,7.1167,1,1,1,1,0,531.0,15.0,79.65,451.35,matriz,normal,completed_on_time
1418,ECO-ML-000892,true,2026-01-12T11:04:51+00:00,2026-01-16T03:04:51+00:00,73.0,11.0667,1,6,6,6,0,3052.0,10.0,305.2,2746.8,sucursal centro,special,delayed
687,ECO-ML-000161,true,2026-01-12T14:31:00+00:00,2026-01-12T16:31:00+00:00,24.0,8.516666666666666,1,6,6,6,0,3952.0,5.0,197.6,3754.4,matriz,other,cancelled
927,ECO-ML-000401,true,2026-01-12T14:31:00+00:00,2026-01-15T05:41:00+00:00,64.0,8.516666666666666,1,6,6,6,0,3426.0,5.0,171.3,3254.7,sucursal sur,other,completed_on_time
1419,ECO-ML-000893,true,2026-01-12T15:39:00+00:00,2026-01-14T15:39:00+00:00,51.0,15.65,1,4,4,4,0,1992.5,0.0,0.0,1992.5,sucursal centro,special,completed_on_time
1420,ECO-ML-000894,true,2026-01-12T20:13:10+00:00,2026-01-13T07:13:10+00:00,24.0,20.2167,1,5,5,5,0,3839.0,20.0,767.8,3071.2,matriz,normal,cancelled
1421,ECO-ML-000895,true,2026-01-13T00:10:20+00:00,2026-01-14T23:10:20+00:00,52.0,0.1667,2,3,3,3,0,2142.5,15.0,321.38,1821.12,sucursal sur,other,completed_on_time
1422,ECO-ML-000896,true,2026-01-13T04:44:29+00:00,2026-01-15T17:44:29+00:00,42.0,4.7333,2,5,5,5,0,3006.0,0.0,0.0,3006.0,matriz - centro,dif,delayed
1423,ECO-ML-000897,true,2026-01-13T09:18:39+00:00,2026-01-14T05:18:39+00:00,21.0,9.3,2,3,3,3,0,1545.5,5.0,77.28,1468.22,matriz - centro,dif,completed_on_time
1424,ECO-ML-000898,true,2026-01-13T13:15:49+00:00,2026-01-14T07:15:49+00:00,20.0,13.25,2,2,2,2,0,1165.0,15.0,174.75,990.25,sucursal centro,special,completed_on_time
584,ECO-ML-000058,true,2026-01-13T15:38:00+00:00,2026-01-16T18:15:00+00:00,61.0,9.633333333333333,2,5,5,5,0,2179.0,10.0,217.9,1961.1,sucursal sur,dif,delayed
824,ECO-ML-000298,true,2026-01-13T15:38:00+00:00,2026-01-15T16:14:00+00:00,36.0,9.633333333333333,2,5,5,5,0,2737.5,10.0,273.75,2463.75,sucursal sur,dif,delayed
1425,ECO-ML-000899,true,2026-01-13T17:49:58+00:00,2026-01-15T02:49:58+00:00,29.0,17.8167,2,3,3,3,0,2243.0,20.0,448.6,1794.4,sucursal sur,other,delayed
1426,ECO-ML-000900,true,2026-01-13T22:24:08+00:00,2026-01-16T10:24:08+00:00,64.0,22.4,2,2,2,2,0,631.0,20.0,126.2,504.8,sucursal sur,other,completed_on_time
1427,ECO-ML-000901,true,2026-01-14T02:58:17+00:00,2026-01-15T04:58:17+00:00,31.0,2.9667,3,1,1,1,0,977.5,10.0,97.75,879.75,matriz,normal,completed_on_time
1428,ECO-ML-000902,true,2026-01-14T06:55:27+00:00,2026-01-17T12:55:27+00:00,71.0,6.9167,3,6,6,6,0,3190.0,10.0,319.0,2871.0,sucursal centro,special,delayed
1429,ECO-ML-000903,true,2026-01-14T11:29:37+00:00,2026-01-15T18:29:37+00:00,32.0,11.4833,3,1,1,1,0,883.5,5.0,44.17,839.33,sucursal centro,special,completed_on_time
1430,ECO-ML-000904,true,2026-01-14T16:03:46+00:00,2026-01-17T16:03:46+00:00,74.0,16.05,3,1,1,1,0,813.5,10.0,81.35,732.15,sucursal norte,hospital,completed_on_time
721,ECO-ML-000195,true,2026-01-14T16:45:00+00:00,2026-01-15T07:28:00+00:00,8.0,10.75,3,4,4,4,0,2948.5,15.0,442.28,2506.22,sucursal sur,dif,delayed
961,ECO-ML-000435,true,2026-01-14T16:45:00+00:00,2026-01-16T22:27:00+00:00,48.0,10.75,3,4,4,4,0,2370.5,15.0,355.58,2014.92,sucursal norte,dif,delayed
1431,ECO-ML-000905,true,2026-01-14T20:00:56+00:00,2026-01-15T18:00:56+00:00,31.0,20.0,3,6,7,5,0,3690.0,20.0,738.0,2952.0,matriz - centro,dif,cancelled
1432,ECO-ML-000906,true,2026-01-15T00:35:06+00:00,2026-01-17T13:35:06+00:00,50.0,0.5833,4,6,6,6,0,3479.0,10.0,347.9,3131.1,matriz - centro,dif,delayed
1433,ECO-ML-000907,true,2026-01-15T05:09:15+00:00,2026-01-17T19:09:15+00:00,67.0,5.15,4,6,6,6,0,4137.0,10.0,413.7,3723.3,matriz - centro,dif,completed_on_time
1434,ECO-ML-000908,true,2026-01-15T09:06:25+00:00,2026-01-17T11:06:25+00:00,56.0,9.1,4,5,5,5,0,3277.0,20.0,655.4,2621.6,sucursal centro,special,completed_on_time
1435,ECO-ML-000909,true,2026-01-15T13:40:35+00:00,2026-01-18T13:40:35+00:00,58.0,13.6667,4,6,7,5,0,3319.0,10.0,331.9,2987.1,sucursal sur,other,delayed
618,ECO-ML-000092,true,2026-01-15T17:52:00+00:00,2026-01-17T11:01:00+00:00,45.0,11.866666666666664,4,3,3,3,0,1814.5,0.0,0.0,1814.5,sucursal norte,hospital,completed_on_time
858,ECO-ML-000332,true,2026-01-15T17:52:00+00:00,2026-01-17T13:41:00+00:00,20.0,11.866666666666664,4,3,3,3,0,2135.5,0.0,0.0,2135.5,sucursal centro,hospital,delayed
1436,ECO-ML-000910,true,2026-01-15T18:14:44+00:00,2026-01-18T01:14:44+00:00,57.0,18.2333,4,4,4,4,0,2765.0,15.0,414.75,2350.25,sucursal sur,other,completed_on_time
1437,ECO-ML-000911,true,2026-01-15T22:48:54+00:00,2026-01-18T08:48:54+00:00,61.0,22.8,4,2,2,2,0,1589.5,5.0,79.47,1510.03,matriz,normal,completed_on_time
1438,ECO-ML-000912,true,2026-01-16T02:46:04+00:00,2026-01-19T05:46:04+00:00,58.0,2.7667,5,5,5,5,0,2286.0,10.0,228.6,2057.4,sucursal centro,special,delayed
1439,ECO-ML-000913,true,2026-01-16T07:20:13+00:00,2026-01-17T18:20:13+00:00,40.0,7.3333,5,3,3,3,0,2264.5,0.0,0.0,2264.5,sucursal centro,special,completed_on_time
1440,ECO-ML-000914,true,2026-01-16T11:54:23+00:00,2026-01-17T20:54:23+00:00,39.0,11.9,5,2,2,2,0,1926.0,5.0,96.3,1829.7,sucursal norte,hospital,completed_on_time
1441,ECO-ML-000915,true,2026-01-16T15:51:32+00:00,2026-01-17T23:51:32+00:00,40.0,15.85,5,6,6,6,0,3685.0,0.0,0.0,3685.0,matriz - centro,dif,cancelled
755,ECO-ML-000229,true,2026-01-16T18:59:00+00:00,2026-01-18T23:14:00+00:00,57.0,12.983333333333333,5,2,2,2,0,1567.0,5.0,78.35,1488.65,matriz - centro,hospital,completed_on_time
995,ECO-ML-000469,true,2026-01-16T18:59:00+00:00,2026-01-17T22:54:00+00:00,32.0,12.983333333333333,5,2,2,2,0,1452.0,5.0,72.6,1379.4,matriz,hospital,completed_on_time
1442,ECO-ML-000916,true,2026-01-16T20:25:42+00:00,2026-01-19T14:25:42+00:00,63.0,20.4167,5,6,6,6,0,3628.5,10.0,362.85,3265.65,matriz - centro,dif,delayed
1443,ECO-ML-000917,true,2026-01-17T00:59:52+00:00,2026-01-17T07:59:52+00:00,10.0,0.9833,6,2,2,2,0,1265.0,0.0,0.0,1265.0,matriz - centro,dif,completed_on_time
1444,ECO-ML-000918,true,2026-01-17T05:34:01+00:00,2026-01-19T02:34:01+00:00,49.0,5.5667,6,1,1,1,0,591.0,10.0,59.1,531.9,sucursal centro,special,completed_on_time
1445,ECO-ML-000919,true,2026-01-17T09:31:11+00:00,2026-01-20T06:31:11+00:00,63.0,9.5167,6,5,5,5,0,3440.0,10.0,344.0,3096.0,sucursal sur,other,delayed
1446,ECO-ML-000920,true,2026-01-17T14:05:21+00:00,2026-01-18T12:05:21+00:00,28.0,14.0833,6,1,1,1,0,525.0,20.0,105.0,420.0,sucursal sur,other,completed_on_time
1447,ECO-ML-000921,true,2026-01-17T18:39:30+00:00,2026-01-19T23:39:30+00:00,54.0,18.65,6,4,4,4,0,2674.0,0.0,0.0,2674.0,matriz,normal,completed_on_time
652,ECO-ML-000126,true,2026-01-17T19:06:00+00:00,2026-01-18T17:47:00+00:00,29.0,13.1,6,1,1,1,0,405.0,10.0,40.5,364.5,matriz,other,completed_on_time
892,ECO-ML-000366,true,2026-01-17T19:06:00+00:00,2026-01-20T10:27:00+00:00,69.0,13.1,6,1,1,1,0,468.0,10.0,46.8,421.2,sucursal sur,other,completed_on_time
1448,ECO-ML-000922,true,2026-01-17T22:36:40+00:00,2026-01-19T17:36:40+00:00,34.0,22.6,6,5,5,5,0,2773.0,5.0,138.65,2634.35,sucursal centro,special,delayed
1449,ECO-ML-000923,true,2026-01-18T03:10:50+00:00,2026-01-20T22:10:50+00:00,70.0,3.1667,0,4,4,4,0,2551.5,10.0,255.15,2296.35,sucursal centro,special,completed_on_time
1450,ECO-ML-000924,true,2026-01-18T07:44:59+00:00,2026-01-20T02:44:59+00:00,47.0,7.7333,0,4,4,4,0,2974.0,15.0,446.1,2527.9,sucursal norte,hospital,completed_on_time
1451,ECO-ML-000925,true,2026-01-18T11:42:09+00:00,2026-01-20T05:42:09+00:00,13.0,11.7,0,5,6,4,0,2107.5,15.0,316.12,1791.38,matriz - centro,dif,cancelled
1452,ECO-ML-000926,true,2026-01-18T16:16:19+00:00,2026-01-22T11:16:19+00:00,78.0,16.2667,0,5,5,5,0,3271.0,5.0,163.55,3107.45,matriz - centro,dif,delayed
549,ECO-ML-000023,true,2026-01-18T20:13:00+00:00,2026-01-21T08:01:00+00:00,66.0,14.216666666666669,0,6,6,6,0,3953.5,15.0,593.03,3360.47,sucursal sur,normal,completed_on_time
789,ECO-ML-000263,true,2026-01-18T20:13:00+00:00,2026-01-18T22:13:00+00:00,41.0,14.216666666666669,0,6,6,6,0,3464.5,15.0,519.68,2944.82,sucursal sur,normal,cancelled
1453,ECO-ML-000927,true,2026-01-18T20:50:28+00:00,2026-01-20T11:50:28+00:00,40.0,20.8333,0,3,3,3,0,1636.0,15.0,245.4,1390.6,matriz - centro,dif,completed_on_time
1454,ECO-ML-000928,true,2026-01-19T01:24:38+00:00,2026-01-21T05:24:38+00:00,54.0,1.4,1,2,2,2,0,1374.0,20.0,274.8,1099.2,sucursal centro,special,completed_on_time
1455,ECO-ML-000929,true,2026-01-19T05:21:47+00:00,2026-01-21T19:21:47+00:00,46.0,5.35,1,4,5,3,0,1696.0,5.0,84.8,1611.2,sucursal sur,other,delayed
1456,ECO-ML-000930,true,2026-01-19T09:55:57+00:00,2026-01-20T14:55:57+00:00,33.0,9.9167,1,2,2,2,0,1802.0,15.0,270.3,1531.7,sucursal sur,other,completed_on_time
1457,ECO-ML-000931,true,2026-01-19T14:30:07+00:00,2026-01-20T07:30:07+00:00,22.0,14.5,1,1,1,1,0,935.0,5.0,46.75,888.25,matriz,normal,completed_on_time
1458,ECO-ML-000932,true,2026-01-19T18:27:16+00:00,2026-01-21T10:27:16+00:00,21.0,18.45,1,3,3,3,0,2249.0,5.0,112.45,2136.55,sucursal centro,special,delayed
686,ECO-ML-000160,true,2026-01-19T21:20:00+00:00,2026-01-19T23:20:00+00:00,13.0,15.333333333333332,1,5,5,5,0,3343.0,0.0,0.0,3343.0,sucursal sur,dif,cancelled
926,ECO-ML-000400,true,2026-01-19T21:20:00+00:00,2026-01-22T02:13:00+00:00,53.0,15.333333333333332,1,5,5,5,0,2797.0,0.0,0.0,2797.0,sucursal norte,dif,completed_on_time
1459,ECO-ML-000933,true,2026-01-19T23:01:26+00:00,2026-01-22T16:01:26+00:00,66.0,23.0167,1,1,1,1,0,620.0,0.0,0.0,620.0,sucursal centro,special,completed_on_time
1460,ECO-ML-000934,true,2026-01-20T03:35:36+00:00,2026-01-20T06:35:36+00:00,10.0,3.5833,2,6,6,6,0,2776.5,15.0,416.48,2360.02,matriz,normal,cancelled
1461,ECO-ML-000935,true,2026-01-20T07:32:45+00:00,2026-01-22T19:32:45+00:00,63.0,7.5333,2,3,3,3,0,1760.0,5.0,88.0,1672.0,sucursal sur,other,completed_on_time
1462,ECO-ML-000936,true,2026-01-20T12:06:55+00:00,2026-01-23T21:06:55+00:00,76.0,12.1,2,6,6,6,0,2917.5,5.0,145.88,2771.62,matriz - centro,dif,delayed
1463,ECO-ML-000937,true,2026-01-20T16:41:05+00:00,2026-01-21T19:41:05+00:00,32.0,16.6833,2,3,3,3,0,1566.0,0.0,0.0,1566.0,matriz - centro,dif,completed_on_time
1464,ECO-ML-000938,true,2026-01-20T21:15:14+00:00,2026-01-21T22:15:14+00:00,31.0,21.25,2,2,2,2,0,935.0,5.0,46.75,888.25,sucursal centro,special,completed_on_time
583,ECO-ML-000057,true,2026-01-20T22:27:00+00:00,2026-01-23T12:47:00+00:00,50.0,16.45,2,4,4,4,0,2090.5,5.0,104.53,1985.97,sucursal norte,hospital,delayed
823,ECO-ML-000297,true,2026-01-20T22:27:00+00:00,2026-01-21T23:27:00+00:00,25.0,16.45,2,4,4,4,0,2703.5,5.0,135.18,2568.32,sucursal centro,hospital,completed_on_time
1465,ECO-ML-000939,true,2026-01-21T01:12:24+00:00,2026-01-23T12:12:24+00:00,51.0,1.2,3,5,5,5,1,2397.5,20.0,479.5,1918.0,sucursal sur,other,delayed
1466,ECO-ML-000940,true,2026-01-21T05:46:34+00:00,2026-01-24T06:46:34+00:00,75.0,5.7667,3,2,2,2,0,1443.0,15.0,216.45,1226.55,sucursal sur,other,completed_on_time
1467,ECO-ML-000941,true,2026-01-21T10:20:43+00:00,2026-01-22T22:20:43+00:00,39.0,10.3333,3,1,1,1,0,588.0,5.0,29.4,558.6,matriz,normal,completed_on_time
1468,ECO-ML-000942,true,2026-01-21T14:17:53+00:00,2026-01-22T23:17:53+00:00,22.0,14.2833,3,5,5,5,0,1921.0,20.0,384.2,1536.8,sucursal centro,special,delayed
1469,ECO-ML-000943,true,2026-01-21T18:52:02+00:00,2026-01-22T07:52:02+00:00,18.0,18.8667,3,1,1,1,0,273.0,15.0,40.95,232.05,sucursal centro,special,completed_on_time
1470,ECO-ML-000944,true,2026-01-21T23:26:12+00:00,2026-01-22T12:26:12+00:00,8.0,23.4333,3,5,5,5,0,3423.0,10.0,342.3,3080.7,matriz,normal,cancelled
720,ECO-ML-000194,true,2026-01-21T23:34:00+00:00,2026-01-24T12:00:00+00:00,62.0,17.566666666666666,3,3,3,3,0,1367.5,10.0,136.75,1230.75,matriz - centro,hospital,completed_on_time
960,ECO-ML-000434,true,2026-01-21T23:34:00+00:00,2026-01-23T09:59:00+00:00,37.0,17.566666666666666,3,3,3,3,0,1368.0,10.0,136.8,1231.2,matriz,hospital,completed_on_time
1471,ECO-ML-000945,true,2026-01-22T03:23:22+00:00,2026-01-24T22:23:22+00:00,68.0,3.3833,4,4,4,4,0,2258.0,0.0,0.0,2258.0,sucursal sur,other,completed_on_time
1472,ECO-ML-000946,true,2026-01-22T07:57:31+00:00,2026-01-25T16:57:31+00:00,66.0,7.95,4,4,4,4,0,2126.5,20.0,425.3,1701.2,matriz - centro,dif,delayed
1473,ECO-ML-000947,true,2026-01-22T12:31:41+00:00,2026-01-23T19:31:41+00:00,34.0,12.5167,4,3,3,3,0,1841.0,15.0,276.15,1564.85,matriz - centro,dif,completed_on_time
1474,ECO-ML-000948,true,2026-01-22T17:05:51+00:00,2026-01-24T13:05:51+00:00,48.0,17.0833,4,2,2,2,0,1083.0,20.0,216.6,866.4,sucursal centro,special,completed_on_time
1475,ECO-ML-000949,true,2026-01-22T21:03:00+00:00,2026-01-25T01:03:00+00:00,34.0,21.05,4,3,4,2,0,1555.5,0.0,0.0,1555.5,sucursal sur,other,delayed
617,ECO-ML-000091,true,2026-01-23T00:41:00+00:00,2026-01-24T07:33:00+00:00,34.0,18.683333333333334,4,2,2,2,0,1316.0,15.0,197.4,1118.6,matriz,normal,completed_on_time
857,ECO-ML-000331,true,2026-01-23T00:41:00+00:00,2026-01-24T08:13:00+00:00,9.0,18.683333333333334,4,2,2,2,0,1162.0,15.0,174.3,987.7,sucursal sur,normal,delayed
1476,ECO-ML-000950,true,2026-01-23T01:37:10+00:00,2026-01-23T22:37:10+00:00,27.0,1.6167,5,2,2,2,0,978.0,15.0,146.7,831.3,sucursal sur,other,completed_on_time
1477,ECO-ML-000951,true,2026-01-23T06:11:20+00:00,2026-01-23T21:11:20+00:00,16.0,6.1833,5,1,1,1,0,369.0,5.0,18.45,350.55,matriz,normal,completed_on_time
1478,ECO-ML-000952,true,2026-01-23T10:08:29+00:00,2026-01-25T23:08:29+00:00,58.0,10.1333,5,6,6,6,0,3851.5,10.0,385.15,3466.35,sucursal centro,special,delayed
754,ECO-ML-000228,true,2026-01-23T13:48:00+00:00,2026-01-25T07:46:00+00:00,46.0,7.8,5,1,1,1,0,880.0,0.0,0.0,880.0,sucursal sur,normal,completed_on_time
994,ECO-ML-000468,true,2026-01-23T13:48:00+00:00,2026-01-24T07:26:00+00:00,21.0,7.8,5,1,1,1,0,720.0,0.0,0.0,720.0,sucursal sur,normal,completed_on_time
1479,ECO-ML-000953,true,2026-01-23T14:42:39+00:00,2026-01-25T23:42:39+00:00,60.0,14.7,5,1,1,1,0,75.0,0.0,0.0,75.0,sucursal centro,special,completed_on_time
1480,ECO-ML-000954,true,2026-01-23T19:16:49+00:00,2026-01-24T18:16:49+00:00,21.0,19.2667,5,4,4,4,0,2429.0,20.0,485.8,1943.2,matriz,normal,cancelled
1481,ECO-ML-000955,true,2026-01-23T23:50:58+00:00,2026-01-26T22:50:58+00:00,76.0,23.8333,5,6,6,6,0,3608.5,10.0,360.85,3247.65,sucursal sur,other,completed_on_time
1482,ECO-ML-000956,true,2026-01-24T03:48:08+00:00,2026-01-25T13:48:08+00:00,27.0,3.8,6,5,5,5,0,2723.0,0.0,0.0,2723.0,matriz - centro,dif,delayed
1483,ECO-ML-000957,true,2026-01-24T08:22:17+00:00,2026-01-26T01:22:17+00:00,42.0,8.3667,6,5,5,5,0,3096.0,5.0,154.8,2941.2,matriz - centro,dif,completed_on_time
1484,ECO-ML-000958,true,2026-01-24T12:56:27+00:00,2026-01-26T15:56:27+00:00,53.0,12.9333,6,3,3,3,0,2040.5,0.0,0.0,2040.5,sucursal centro,special,completed_on_time
651,ECO-ML-000125,true,2026-01-24T14:55:00+00:00,2026-01-25T16:19:00+00:00,18.0,8.916666666666666,6,6,6,6,0,2442.5,5.0,122.13,2320.37,sucursal sur,dif,delayed
891,ECO-ML-000365,true,2026-01-24T14:55:00+00:00,2026-01-27T08:59:00+00:00,58.0,8.916666666666666,6,6,6,6,0,2771.0,5.0,138.55,2632.45,sucursal norte,dif,delayed
1485,ECO-ML-000959,true,2026-01-24T16:53:37+00:00,2026-01-26T17:53:37+00:00,39.0,16.8833,6,3,3,3,0,1471.5,20.0,294.3,1177.2,sucursal sur,other,delayed
1486,ECO-ML-000960,true,2026-01-24T21:27:46+00:00,2026-01-25T22:27:46+00:00,29.0,21.45,6,2,2,2,0,1147.0,15.0,172.05,974.95,sucursal sur,other,completed_on_time
1487,ECO-ML-000961,true,2026-01-25T02:01:56+00:00,2026-01-27T10:01:56+00:00,61.0,2.0167,0,1,1,1,0,1007.0,0.0,0.0,1007.0,matriz,normal,completed_on_time
1488,ECO-ML-000962,true,2026-01-25T05:59:06+00:00,2026-01-28T03:59:06+00:00,57.0,5.9833,0,3,3,3,0,2219.5,15.0,332.93,1886.57,sucursal centro,special,delayed
1489,ECO-ML-000963,true,2026-01-25T10:33:15+00:00,2026-01-26T22:33:15+00:00,37.0,10.55,0,1,1,1,0,461.0,15.0,69.15,391.85,sucursal centro,special,completed_on_time
548,ECO-ML-000022,true,2026-01-25T15:02:00+00:00,2026-01-27T16:33:00+00:00,55.0,9.033333333333331,0,5,5,5,0,3699.5,10.0,369.95,3329.55,sucursal norte,dif,completed_on_time
788,ECO-ML-000262,true,2026-01-25T15:02:00+00:00,2026-01-27T21:32:00+00:00,30.0,9.033333333333331,0,5,5,5,0,3273.0,10.0,327.3,2945.7,sucursal centro,dif,delayed
1490,ECO-ML-000964,true,2026-01-25T15:07:25+00:00,2026-01-27T00:07:25+00:00,15.0,15.1167,0,6,6,6,0,3959.0,15.0,593.85,3365.15,matriz,normal,cancelled
1491,ECO-ML-000965,true,2026-01-25T19:41:35+00:00,2026-01-26T08:41:35+00:00,16.0,19.6833,0,1,1,1,0,505.0,5.0,25.25,479.75,sucursal sur,other,completed_on_time
1492,ECO-ML-000966,true,2026-01-25T23:38:44+00:00,2026-01-27T18:38:44+00:00,26.0,23.6333,0,3,3,3,0,1903.0,20.0,380.6,1522.4,matriz - centro,dif,delayed
1493,ECO-ML-000967,true,2026-01-26T04:12:54+00:00,2026-01-28T10:12:54+00:00,59.0,4.2,1,5,5,5,0,3249.0,5.0,162.45,3086.55,matriz - centro,dif,completed_on_time
1494,ECO-ML-000968,true,2026-01-26T08:47:04+00:00,2026-01-28T12:47:04+00:00,58.0,8.7833,1,4,4,4,0,2928.5,15.0,439.27,2489.23,sucursal centro,special,completed_on_time
1495,ECO-ML-000969,true,2026-01-26T12:44:13+00:00,2026-01-28T04:44:13+00:00,38.0,12.7333,1,6,7,5,0,3273.5,5.0,163.68,3109.82,sucursal sur,other,delayed
685,ECO-ML-000159,true,2026-01-26T16:09:00+00:00,2026-01-29T04:46:00+00:00,67.0,10.15,1,4,4,4,0,2820.0,15.0,423.0,2397.0,matriz - centro,dif,completed_on_time
925,ECO-ML-000399,true,2026-01-26T16:09:00+00:00,2026-01-28T02:45:00+00:00,42.0,10.15,1,4,4,4,0,2419.5,15.0,362.93,2056.57,matriz,dif,completed_on_time
1496,ECO-ML-000970,true,2026-01-26T17:18:23+00:00,2026-01-28T04:18:23+00:00,37.0,17.3,1,4,4,4,0,2813.0,5.0,140.65,2672.35,sucursal sur,other,completed_on_time
1497,ECO-ML-000971,true,2026-01-26T21:52:32+00:00,2026-01-29T12:52:32+00:00,66.0,21.8667,1,2,2,2,0,1379.0,15.0,206.85,1172.15,matriz,normal,completed_on_time
1498,ECO-ML-000972,true,2026-01-27T01:49:42+00:00,2026-01-30T08:49:42+00:00,74.0,1.8167,2,6,6,6,0,3073.0,0.0,0.0,3073.0,sucursal centro,special,delayed
1499,ECO-ML-000973,true,2026-01-27T06:23:52+00:00,2026-01-28T19:23:52+00:00,42.0,6.3833,2,2,2,2,0,1210.5,10.0,121.05,1089.45,sucursal centro,special,completed_on_time
1500,ECO-ML-000974,true,2026-01-27T10:58:01+00:00,2026-01-29T05:58:01+00:00,33.0,10.9667,2,6,6,6,0,3554.5,15.0,533.17,3021.33,matriz,normal,cancelled
1501,ECO-ML-000975,true,2026-01-27T15:32:11+00:00,2026-01-28T08:32:11+00:00,18.0,15.5333,2,1,1,1,0,1074.0,5.0,53.7,1020.3,sucursal sur,other,completed_on_time
582,ECO-ML-000056,true,2026-01-27T17:16:00+00:00,2026-01-29T08:19:00+00:00,39.0,11.266666666666666,2,3,3,3,0,1986.0,0.0,0.0,1986.0,matriz,dif,completed_on_time
822,ECO-ML-000296,true,2026-01-27T17:16:00+00:00,2026-01-28T07:59:00+00:00,14.0,11.266666666666666,2,3,3,3,0,1876.0,0.0,0.0,1876.0,sucursal sur,dif,completed_on_time
1502,ECO-ML-000976,true,2026-01-27T19:29:21+00:00,2026-01-30T06:29:21+00:00,50.0,19.4833,2,5,5,5,0,3150.5,5.0,157.53,2992.97,matriz - centro,dif,delayed
1503,ECO-ML-000977,true,2026-01-28T00:03:30+00:00,2026-01-30T01:03:30+00:00,52.0,0.05,3,1,1,1,0,1116.0,0.0,0.0,1116.0,matriz - centro,dif,completed_on_time
1504,ECO-ML-000978,true,2026-01-28T04:37:40+00:00,2026-01-30T15:37:40+00:00,63.0,4.6167,3,5,5,5,0,3078.5,10.0,307.85,2770.65,sucursal centro,special,completed_on_time
1505,ECO-ML-000979,true,2026-01-28T08:34:50+00:00,2026-01-30T02:34:50+00:00,30.0,8.5667,3,3,3,3,0,2502.5,10.0,250.25,2252.25,sucursal sur,other,delayed
1506,ECO-ML-000980,true,2026-01-28T13:08:59+00:00,2026-01-30T13:08:59+00:00,54.0,13.1333,3,4,4,4,0,2022.5,20.0,404.5,1618.0,sucursal sur,other,completed_on_time
1507,ECO-ML-000981,true,2026-01-28T17:43:09+00:00,2026-01-30T11:43:09+00:00,43.0,17.7167,3,2,2,2,0,1934.0,0.0,0.0,1934.0,matriz,normal,completed_on_time
719,ECO-ML-000193,true,2026-01-28T18:23:00+00:00,2026-01-30T20:32:00+00:00,51.0,12.383333333333333,3,2,2,2,0,830.0,5.0,41.5,788.5,sucursal sur,dif,completed_on_time
959,ECO-ML-000433,true,2026-01-28T18:23:00+00:00,2026-01-30T01:12:00+00:00,26.0,12.383333333333333,3,2,2,2,0,460.0,5.0,23.0,437.0,sucursal sur,dif,delayed
1508,ECO-ML-000982,true,2026-01-28T21:40:19+00:00,2026-01-30T18:40:19+00:00,30.0,21.6667,3,2,2,2,0,90.0,10.0,9.0,81.0,sucursal centro,special,delayed
1509,ECO-ML-000983,true,2026-01-29T02:14:28+00:00,2026-01-31T10:14:28+00:00,59.0,2.2333,4,2,2,2,0,985.0,10.0,98.5,886.5,sucursal centro,special,completed_on_time
1510,ECO-ML-000984,true,2026-01-29T06:48:38+00:00,2026-01-29T11:48:38+00:00,11.0,6.8,4,6,6,6,0,3743.0,15.0,561.45,3181.55,matriz,normal,cancelled
1511,ECO-ML-000985,true,2026-01-29T11:22:47+00:00,2026-01-30T20:22:47+00:00,38.0,11.3667,4,2,2,2,0,1521.0,0.0,0.0,1521.0,sucursal sur,other,completed_on_time
1512,ECO-ML-000986,true,2026-01-29T15:19:57+00:00,2026-02-02T14:19:57+00:00,76.0,15.3167,4,6,6,6,0,3428.5,20.0,685.7,2742.8,matriz - centro,dif,delayed
616,ECO-ML-000090,true,2026-01-29T19:30:00+00:00,2026-01-30T16:05:00+00:00,23.0,13.5,4,1,1,1,0,512.0,10.0,51.2,460.8,sucursal sur,dif,completed_on_time
856,ECO-ML-000330,true,2026-01-29T19:30:00+00:00,2026-02-01T08:45:00+00:00,63.0,13.5,4,1,1,1,0,336.0,10.0,33.6,302.4,sucursal norte,dif,completed_on_time
1513,ECO-ML-000987,true,2026-01-29T19:54:07+00:00,2026-01-30T23:54:07+00:00,29.0,19.9,4,1,1,1,0,280.0,15.0,42.0,238.0,matriz - centro,dif,completed_on_time
1514,ECO-ML-000988,true,2026-01-30T00:28:16+00:00,2026-02-01T21:28:16+00:00,71.0,0.4667,5,1,1,1,0,245.0,20.0,49.0,196.0,sucursal centro,special,completed_on_time
1515,ECO-ML-000989,true,2026-01-30T04:25:26+00:00,2026-02-01T14:25:26+00:00,54.0,4.4167,5,6,7,5,0,3749.5,15.0,562.42,3187.08,sucursal sur,other,delayed
1516,ECO-ML-000990,true,2026-01-30T08:59:36+00:00,2026-02-01T12:59:36+00:00,56.0,8.9833,5,4,4,4,0,2154.0,5.0,107.7,2046.3,sucursal sur,other,completed_on_time
1517,ECO-ML-000991,true,2026-01-30T13:33:45+00:00,2026-02-01T20:33:45+00:00,60.0,13.55,5,2,2,2,0,2061.0,15.0,309.15,1751.85,matriz,normal,completed_on_time
1518,ECO-ML-000992,true,2026-01-30T18:07:55+00:00,2026-01-31T23:07:55+00:00,22.0,18.1167,5,5,5,5,0,3180.5,0.0,0.0,3180.5,sucursal centro,special,delayed
753,ECO-ML-000227,true,2026-01-30T20:37:00+00:00,2026-02-01T21:18:00+00:00,35.0,14.616666666666664,5,6,6,6,0,3646.5,15.0,546.98,3099.52,sucursal centro,special,delayed
993,ECO-ML-000467,true,2026-01-30T20:37:00+00:00,2026-01-30T22:37:00+00:00,10.0,14.616666666666664,5,6,6,6,0,3667.0,15.0,550.05,3116.95,matriz - centro,special,cancelled
1519,ECO-ML-000993,true,2026-01-30T22:05:05+00:00,2026-02-01T12:05:05+00:00,39.0,22.0833,5,3,3,3,0,2000.0,5.0,100.0,1900.0,sucursal centro,special,completed_on_time
1520,ECO-ML-000994,true,2026-01-31T02:39:14+00:00,2026-01-31T17:39:14+00:00,13.0,2.65,6,4,4,4,0,2622.5,20.0,524.5,2098.0,matriz,normal,cancelled
1521,ECO-ML-000995,true,2026-01-31T07:13:24+00:00,2026-02-01T20:13:24+00:00,40.0,7.2167,6,2,2,2,0,1114.0,20.0,222.8,891.2,sucursal sur,other,completed_on_time
1522,ECO-ML-000996,true,2026-01-31T11:10:34+00:00,2026-01-31T14:10:34+00:00,7.0,11.1667,6,1,1,1,0,1081.0,20.0,216.2,864.8,matriz,normal,completed_on_time
1523,ECO-ML-000997,true,2026-01-31T15:44:43+00:00,2026-02-03T22:44:43+00:00,67.0,15.7333,6,5,6,4,0,2974.0,0.0,0.0,2974.0,sucursal centro,special,delayed
1524,ECO-ML-000998,true,2026-01-31T20:18:53+00:00,2026-02-02T14:18:53+00:00,48.0,20.3,6,1,1,1,0,590.0,0.0,0.0,590.0,sucursal centro,special,completed_on_time
650,ECO-ML-000124,true,2026-01-31T21:44:00+00:00,2026-02-03T18:32:00+00:00,72.0,15.733333333333333,6,5,5,5,0,2624.5,0.0,0.0,2624.5,matriz - centro,dif,completed_on_time
890,ECO-ML-000364,true,2026-01-31T21:44:00+00:00,2026-02-03T03:31:00+00:00,47.0,15.733333333333333,6,5,5,5,0,3258.5,0.0,0.0,3258.5,matriz,dif,delayed
1525,ECO-ML-000999,true,2026-02-01T00:16:03+00:00,2026-02-03T00:16:03+00:00,34.0,0.2667,0,5,5,5,0,1992.5,15.0,298.88,1693.62,sucursal sur,other,delayed
1526,ECO-ML-001000,true,2026-02-01T04:50:12+00:00,2026-02-02T05:50:12+00:00,27.0,4.8333,0,1,1,1,0,624.0,10.0,62.4,561.6,sucursal sur,other,completed_on_time
1527,ECO-ML-001001,true,2026-02-01T09:24:22+00:00,2026-02-03T14:24:22+00:00,56.0,9.4,0,5,5,5,0,3886.0,0.0,0.0,3886.0,matriz,normal,completed_on_time
1528,ECO-ML-001002,true,2026-02-01T13:58:31+00:00,2026-02-05T01:58:31+00:00,67.0,13.9667,0,6,6,6,0,3374.5,15.0,506.18,2868.32,sucursal centro,special,delayed
1529,ECO-ML-001003,true,2026-02-01T17:55:41+00:00,2026-02-04T09:55:41+00:00,69.0,17.9167,0,4,4,4,0,2644.0,20.0,528.8,2115.2,sucursal centro,special,completed_on_time
1530,ECO-ML-001004,true,2026-02-01T22:29:51+00:00,2026-02-02T23:29:51+00:00,24.0,22.4833,0,6,6,6,0,3503.5,5.0,175.18,3328.32,matriz,normal,cancelled
547,ECO-ML-000021,true,2026-02-01T22:51:00+00:00,2026-02-03T14:05:00+00:00,44.0,16.85,0,4,4,4,0,1668.0,5.0,83.4,1584.6,matriz,dif,completed_on_time
787,ECO-ML-000261,true,2026-02-01T22:51:00+00:00,2026-02-03T18:45:00+00:00,19.0,16.85,0,4,4,4,0,1929.0,5.0,96.45,1832.55,sucursal sur,dif,delayed
1531,ECO-ML-001005,true,2026-02-02T03:04:00+00:00,2026-02-03T23:04:00+00:00,45.0,3.0667,1,3,3,3,0,1547.0,0.0,0.0,1547.0,sucursal sur,other,completed_on_time
1532,ECO-ML-001006,true,2026-02-02T07:01:10+00:00,2026-02-04T06:01:10+00:00,49.0,7.0167,1,1,1,1,0,665.0,5.0,33.25,631.75,matriz,normal,completed_on_time
1533,ECO-ML-001007,true,2026-02-02T11:35:20+00:00,2026-02-04T07:35:20+00:00,40.0,11.5833,1,5,5,5,0,2846.5,20.0,569.3,2277.2,sucursal centro,special,delayed
1534,ECO-ML-001008,true,2026-02-02T16:09:29+00:00,2026-02-03T16:09:29+00:00,28.0,16.15,1,2,2,2,0,770.0,15.0,115.5,654.5,sucursal centro,special,completed_on_time
1535,ECO-ML-001009,true,2026-02-02T20:06:39+00:00,2026-02-05T08:06:39+00:00,54.0,20.1,1,4,5,3,0,1993.0,15.0,298.95,1694.05,sucursal sur,other,delayed
684,ECO-ML-000158,true,2026-02-02T23:58:00+00:00,2026-02-05T02:18:00+00:00,56.0,17.966666666666665,1,3,3,3,0,1693.0,10.0,169.3,1523.7,sucursal sur,dif,completed_on_time
924,ECO-ML-000398,true,2026-02-02T23:58:00+00:00,2026-02-04T01:58:00+00:00,31.0,17.966666666666665,1,3,3,3,0,2011.0,10.0,201.1,1809.9,sucursal sur,dif,completed_on_time
1536,ECO-ML-001010,true,2026-02-03T00:40:49+00:00,2026-02-03T23:40:49+00:00,29.0,0.6667,2,1,1,1,0,396.0,10.0,39.6,356.4,sucursal sur,other,completed_on_time
1537,ECO-ML-001011,true,2026-02-03T05:14:58+00:00,2026-02-05T17:14:58+00:00,61.0,5.2333,2,1,1,1,0,324.0,15.0,48.6,275.4,matriz,normal,completed_on_time
1538,ECO-ML-001012,true,2026-02-03T09:49:08+00:00,2026-02-04T16:49:08+00:00,22.0,9.8167,2,3,3,3,1,1396.0,0.0,0.0,1396.0,sucursal centro,special,delayed
1539,ECO-ML-001013,true,2026-02-03T13:46:18+00:00,2026-02-05T11:46:18+00:00,49.0,13.7667,2,5,5,5,0,3753.5,0.0,0.0,3753.5,sucursal centro,special,completed_on_time
1540,ECO-ML-001014,true,2026-02-03T18:20:27+00:00,2026-02-05T14:20:27+00:00,48.0,18.3333,2,4,4,4,0,2857.0,5.0,142.85,2714.15,sucursal norte,hospital,completed_on_time
1541,ECO-ML-001015,true,2026-02-03T22:54:37+00:00,2026-02-05T10:54:37+00:00,34.0,22.9,2,6,6,6,0,2354.0,10.0,235.4,2118.6,matriz - centro,dif,cancelled
581,ECO-ML-000055,true,2026-02-04T00:05:00+00:00,2026-02-05T13:51:00+00:00,28.0,18.08333333333333,2,2,2,2,0,1023.0,15.0,153.45,869.55,sucursal sur,dif,delayed
821,ECO-ML-000295,true,2026-02-04T00:05:00+00:00,2026-02-06T13:31:00+00:00,68.0,18.08333333333333,2,2,2,2,0,950.0,15.0,142.5,807.5,sucursal norte,dif,completed_on_time
1542,ECO-ML-001016,true,2026-02-04T02:51:46+00:00,2026-02-04T13:51:46+00:00,17.0,2.85,3,3,3,3,0,2474.0,15.0,371.1,2102.9,matriz,normal,completed_on_time
1543,ECO-ML-001017,true,2026-02-04T07:25:56+00:00,2026-02-05T20:25:56+00:00,23.0,7.4167,3,6,7,5,0,3870.0,15.0,580.5,3289.5,sucursal centro,special,delayed
1544,ECO-ML-001018,true,2026-02-04T12:00:06+00:00,2026-02-06T20:00:06+00:00,58.0,12.0,3,3,3,3,0,1983.5,10.0,198.35,1785.15,sucursal centro,special,completed_on_time
718,ECO-ML-000192,true,2026-02-04T13:12:00+00:00,2026-02-06T05:04:00+00:00,40.0,7.2,3,1,1,1,0,531.0,0.0,0.0,531.0,sucursal centro,special,completed_on_time
958,ECO-ML-000432,true,2026-02-04T13:12:00+00:00,2026-02-05T04:44:00+00:00,15.0,7.2,3,1,1,1,0,774.0,0.0,0.0,774.0,matriz - centro,special,completed_on_time
1545,ECO-ML-001019,true,2026-02-04T15:57:15+00:00,2026-02-06T22:57:15+00:00,39.0,15.95,3,3,3,3,0,1343.5,20.0,268.7,1074.8,sucursal sur,other,delayed
1546,ECO-ML-001020,true,2026-02-04T20:31:25+00:00,2026-02-06T02:31:25+00:00,34.0,20.5167,3,2,2,2,0,1817.5,20.0,363.5,1454.0,sucursal sur,other,completed_on_time
1547,ECO-ML-001021,true,2026-02-05T01:05:35+00:00,2026-02-07T14:05:35+00:00,66.0,1.0833,4,1,1,1,0,1562.0,10.0,156.2,1405.8,matriz,normal,completed_on_time
1548,ECO-ML-001022,true,2026-02-05T05:39:44+00:00,2026-02-06T23:39:44+00:00,23.0,5.65,4,6,6,6,0,3128.5,10.0,312.85,2815.65,sucursal centro,special,delayed
1549,ECO-ML-001023,true,2026-02-05T09:36:54+00:00,2026-02-07T02:36:54+00:00,42.0,9.6,4,1,1,1,0,682.5,5.0,34.12,648.38,sucursal centro,special,completed_on_time
1550,ECO-ML-001024,true,2026-02-05T14:11:04+00:00,2026-02-06T07:11:04+00:00,19.0,14.1833,4,1,1,1,0,543.5,10.0,54.35,489.15,sucursal norte,hospital,completed_on_time
615,ECO-ML-000089,true,2026-02-05T14:19:00+00:00,2026-02-05T16:19:00+00:00,12.0,8.316666666666666,4,6,6,6,0,3824.5,5.0,191.23,3633.27,matriz - centro,hospital,cancelled
855,ECO-ML-000329,true,2026-02-05T14:19:00+00:00,2026-02-08T14:17:00+00:00,52.0,8.316666666666666,4,6,6,6,0,3718.5,5.0,185.93,3532.57,matriz,hospital,delayed
1551,ECO-ML-001025,true,2026-02-05T18:45:13+00:00,2026-02-07T16:45:13+00:00,7.0,18.75,4,5,6,4,0,2602.5,5.0,130.12,2472.38,matriz - centro,dif,cancelled
1552,ECO-ML-001026,true,2026-02-05T22:42:23+00:00,2026-02-08T08:42:23+00:00,62.0,22.7,4,4,4,4,0,3119.5,10.0,311.95,2807.55,matriz,normal,completed_on_time
1553,ECO-ML-001027,true,2026-02-06T03:16:33+00:00,2026-02-08T22:16:33+00:00,61.0,3.2667,5,6,6,6,0,3052.5,15.0,457.88,2594.62,sucursal centro,special,delayed
1554,ECO-ML-001028,true,2026-02-06T07:50:42+00:00,2026-02-08T16:50:42+00:00,63.0,7.8333,5,4,4,4,0,2253.5,20.0,450.7,1802.8,sucursal centro,special,completed_on_time
1555,ECO-ML-001029,true,2026-02-06T12:24:52+00:00,2026-02-08T07:24:52+00:00,35.0,12.4,5,6,7,5,0,2863.5,10.0,286.35,2577.15,sucursal sur,other,delayed
752,ECO-ML-000226,true,2026-02-06T15:26:00+00:00,2026-02-08T03:50:00+00:00,24.0,9.433333333333332,5,5,5,5,0,3377.0,10.0,337.7,3039.3,sucursal sur,dif,delayed
992,ECO-ML-000466,true,2026-02-06T15:26:00+00:00,2026-02-09T05:30:00+00:00,64.0,9.433333333333332,5,5,5,5,0,2780.5,10.0,278.05,2502.45,sucursal sur,dif,completed_on_time
1556,ECO-ML-001030,true,2026-02-06T16:22:01+00:00,2026-02-08T08:22:01+00:00,42.0,16.3667,5,4,4,4,0,2045.0,15.0,306.75,1738.25,sucursal sur,other,completed_on_time
1557,ECO-ML-001031,true,2026-02-06T20:56:11+00:00,2026-02-06T23:56:11+00:00,6.0,20.9333,5,2,2,2,0,2257.5,5.0,112.88,2144.62,matriz,normal,completed_on_time
1558,ECO-ML-001032,true,2026-02-07T01:30:21+00:00,2026-02-09T11:30:21+00:00,47.0,1.5,6,4,4,4,0,1821.0,0.0,0.0,1821.0,sucursal centro,special,delayed
1559,ECO-ML-001033,true,2026-02-07T05:27:30+00:00,2026-02-08T23:27:30+00:00,47.0,5.45,6,2,2,2,0,637.5,0.0,0.0,637.5,sucursal centro,special,completed_on_time
1560,ECO-ML-001034,true,2026-02-07T10:01:40+00:00,2026-02-08T04:01:40+00:00,24.0,10.0167,6,2,2,2,0,1348.5,5.0,67.42,1281.08,sucursal norte,hospital,completed_on_time
1561,ECO-ML-001035,true,2026-02-07T14:35:50+00:00,2026-02-07T22:35:50+00:00,30.0,14.5833,6,6,6,6,0,4103.5,10.0,410.35,3693.15,matriz - centro,dif,cancelled
649,ECO-ML-000123,true,2026-02-07T16:33:00+00:00,2026-02-10T03:04:00+00:00,61.0,10.55,6,4,4,4,0,1909.0,15.0,286.35,1622.65,sucursal sur,dif,completed_on_time
889,ECO-ML-000363,true,2026-02-07T16:33:00+00:00,2026-02-09T10:03:00+00:00,36.0,10.55,6,4,4,4,0,2279.5,15.0,341.93,1937.57,sucursal sur,dif,delayed
1562,ECO-ML-001036,true,2026-02-07T18:32:59+00:00,2026-02-08T07:32:59+00:00,15.0,18.5333,6,1,1,1,0,600.0,20.0,120.0,480.0,matriz,normal,completed_on_time
1563,ECO-ML-001037,true,2026-02-07T23:07:09+00:00,2026-02-12T00:07:09+00:00,81.0,23.1167,6,6,7,5,0,3383.5,15.0,507.52,2875.98,sucursal centro,special,delayed
1564,ECO-ML-001038,true,2026-02-08T03:41:19+00:00,2026-02-10T10:41:19+00:00,59.0,3.6833,0,1,1,1,0,1014.0,10.0,101.4,912.6,sucursal centro,special,completed_on_time
1565,ECO-ML-001039,true,2026-02-08T08:15:28+00:00,2026-02-11T09:15:28+00:00,55.0,8.25,0,5,5,5,0,3479.5,10.0,347.95,3131.55,sucursal sur,other,delayed
1566,ECO-ML-001040,true,2026-02-08T12:12:38+00:00,2026-02-11T06:12:38+00:00,72.0,12.2,0,5,5,5,0,3329.0,10.0,332.9,2996.1,sucursal sur,other,completed_on_time
1567,ECO-ML-001041,true,2026-02-08T16:46:48+00:00,2026-02-10T18:46:48+00:00,51.0,16.7667,0,3,3,3,0,1813.5,0.0,0.0,1813.5,matriz,normal,completed_on_time
546,ECO-ML-000020,true,2026-02-08T17:40:00+00:00,2026-02-09T22:37:00+00:00,33.0,11.666666666666666,0,3,3,3,0,1506.5,0.0,0.0,1506.5,sucursal sur,dif,completed_on_time
786,ECO-ML-000260,true,2026-02-08T17:40:00+00:00,2026-02-10T01:17:00+00:00,8.0,11.666666666666666,0,3,3,3,0,1845.0,0.0,0.0,1845.0,sucursal norte,dif,delayed
1026,ECO-ML-000500,true,2026-02-08T17:40:00+00:00,2026-02-10T13:16:00+00:00,48.0,11.666666666666666,0,3,3,3,0,1535.0,0.0,0.0,1535.0,sucursal centro,dif,completed_on_time
1568,ECO-ML-001042,true,2026-02-08T21:20:57+00:00,2026-02-09T23:20:57+00:00,23.0,21.3333,0,4,4,4,0,2434.5,10.0,243.45,2191.05,sucursal centro,special,delayed
1569,ECO-ML-001043,true,2026-02-09T01:18:07+00:00,2026-02-11T02:18:07+00:00,52.0,1.3,1,3,3,3,0,2208.5,15.0,331.27,1877.23,sucursal centro,special,completed_on_time
1570,ECO-ML-001044,true,2026-02-09T05:52:16+00:00,2026-02-10T06:52:16+00:00,29.0,5.8667,1,3,3,3,0,1920.0,20.0,384.0,1536.0,sucursal norte,hospital,completed_on_time
1571,ECO-ML-001045,true,2026-02-09T10:26:26+00:00,2026-02-10T04:26:26+00:00,8.0,10.4333,1,6,7,5,0,3700.5,10.0,370.05,3330.45,matriz - centro,dif,cancelled
1572,ECO-ML-001046,true,2026-02-09T14:23:36+00:00,2026-02-10T04:23:36+00:00,20.0,14.3833,1,1,1,1,0,900.0,15.0,135.0,765.0,matriz,normal,completed_on_time
683,ECO-ML-000157,true,2026-02-09T18:47:00+00:00,2026-02-11T10:50:00+00:00,45.0,12.783333333333331,1,2,2,2,0,1149.0,5.0,57.45,1091.55,sucursal centro,hospital,completed_on_time
923,ECO-ML-000397,true,2026-02-09T18:47:00+00:00,2026-02-10T10:30:00+00:00,20.0,12.783333333333331,1,2,2,2,0,1024.5,5.0,51.23,973.27,matriz - centro,hospital,completed_on_time
1573,ECO-ML-001047,true,2026-02-09T18:57:45+00:00,2026-02-11T04:57:45+00:00,26.0,18.95,1,6,6,6,0,2497.0,20.0,499.4,1997.6,sucursal centro,special,delayed
1574,ECO-ML-001048,true,2026-02-09T23:31:55+00:00,2026-02-12T13:31:55+00:00,64.0,23.5167,1,2,2,2,0,1793.0,20.0,358.6,1434.4,sucursal centro,special,completed_on_time
1575,ECO-ML-001049,true,2026-02-10T04:06:05+00:00,2026-02-13T10:06:05+00:00,68.0,4.1,2,5,6,4,0,2785.5,10.0,278.55,2506.95,sucursal sur,other,delayed
1576,ECO-ML-001050,true,2026-02-10T08:03:14+00:00,2026-02-11T20:03:14+00:00,40.0,8.05,2,1,1,1,0,650.0,0.0,0.0,650.0,sucursal sur,other,completed_on_time
1577,ECO-ML-001051,true,2026-02-10T12:37:24+00:00,2026-02-10T14:37:24+00:00,7.0,12.6167,2,1,1,1,0,585.0,5.0,29.25,555.75,matriz,normal,completed_on_time
1578,ECO-ML-001052,true,2026-02-10T17:11:34+00:00,2026-02-13T01:11:34+00:00,43.0,17.1833,2,4,4,4,0,2350.5,10.0,235.05,2115.45,sucursal centro,special,delayed
580,ECO-ML-000054,true,2026-02-10T19:54:00+00:00,2026-02-11T06:23:00+00:00,17.0,13.9,2,1,1,1,0,598.0,10.0,59.8,538.2,matriz - centro,hospital,completed_on_time
820,ECO-ML-000294,true,2026-02-10T19:54:00+00:00,2026-02-12T23:03:00+00:00,57.0,13.9,2,1,1,1,0,448.5,10.0,44.85,403.65,matriz,hospital,completed_on_time
1579,ECO-ML-001053,true,2026-02-10T21:08:43+00:00,2026-02-13T05:08:43+00:00,57.0,21.1333,2,4,4,4,0,2736.5,10.0,273.65,2462.85,sucursal centro,special,completed_on_time
1580,ECO-ML-001054,true,2026-02-11T01:42:53+00:00,2026-02-13T22:42:53+00:00,71.0,1.7,3,3,3,3,0,1860.0,0.0,0.0,1860.0,sucursal norte,hospital,completed_on_time
1581,ECO-ML-001055,true,2026-02-11T06:17:03+00:00,2026-02-12T10:17:03+00:00,49.0,6.2833,3,6,6,6,0,2603.0,0.0,0.0,2603.0,matriz - centro,dif,cancelled
1582,ECO-ML-001056,true,2026-02-11T10:14:12+00:00,2026-02-12T22:14:12+00:00,40.0,10.2333,3,2,2,2,0,1491.0,10.0,149.1,1341.9,matriz,normal,completed_on_time
1583,ECO-ML-001057,true,2026-02-11T14:48:22+00:00,2026-02-13T06:48:22+00:00,22.0,14.8,3,1,2,1,0,267.0,10.0,26.7,240.3,sucursal centro,special,delayed
1584,ECO-ML-001058,true,2026-02-11T19:22:31+00:00,2026-02-13T06:22:31+00:00,41.0,19.3667,3,2,2,2,0,1022.0,5.0,51.1,970.9,sucursal centro,special,completed_on_time
717,ECO-ML-000191,true,2026-02-11T20:01:00+00:00,2026-02-11T22:01:00+00:00,29.0,14.016666666666666,3,6,6,6,0,3475.0,15.0,521.25,2953.75,sucursal sur,other,cancelled
957,ECO-ML-000431,true,2026-02-11T20:01:00+00:00,2026-02-15T19:16:00+00:00,69.0,14.016666666666666,3,6,6,6,0,3220.5,15.0,483.08,2737.42,sucursal sur,other,delayed
1585,ECO-ML-001059,true,2026-02-11T23:56:41+00:00,2026-02-14T01:56:41+00:00,48.0,23.9333,3,6,6,6,0,3092.5,10.0,309.25,2783.25,sucursal sur,other,delayed
1586,ECO-ML-001060,true,2026-02-12T03:53:51+00:00,2026-02-12T21:53:51+00:00,20.0,3.8833,4,2,2,2,0,323.0,15.0,48.45,274.55,sucursal sur,other,completed_on_time
1587,ECO-ML-001061,true,2026-02-12T08:28:00+00:00,2026-02-14T06:28:00+00:00,49.0,8.4667,4,1,1,1,0,646.0,5.0,32.3,613.7,matriz,normal,completed_on_time
1588,ECO-ML-001062,true,2026-02-12T13:02:10+00:00,2026-02-13T22:02:10+00:00,28.0,13.0333,4,4,4,4,0,1663.0,15.0,249.45,1413.55,sucursal centro,special,delayed
1589,ECO-ML-001063,true,2026-02-12T16:59:20+00:00,2026-02-15T01:59:20+00:00,62.0,16.9833,4,5,5,5,0,2154.0,5.0,107.7,2046.3,sucursal centro,special,completed_on_time
614,ECO-ML-000088,true,2026-02-12T21:08:00+00:00,2026-02-15T15:50:00+00:00,66.0,15.133333333333333,4,5,5,5,0,2988.5,0.0,0.0,2988.5,sucursal sur,dif,completed_on_time
854,ECO-ML-000328,true,2026-02-12T21:08:00+00:00,2026-02-14T13:49:00+00:00,41.0,15.133333333333333,4,5,5,5,0,2691.5,0.0,0.0,2691.5,sucursal sur,dif,completed_on_time
1590,ECO-ML-001064,true,2026-02-12T21:33:29+00:00,2026-02-13T02:33:29+00:00,11.0,21.55,4,4,4,4,0,2519.0,15.0,377.85,2141.15,sucursal norte,hospital,completed_on_time
1591,ECO-ML-001065,true,2026-02-13T02:07:39+00:00,2026-02-14T16:07:39+00:00,27.0,2.1167,5,6,7,5,0,3744.0,20.0,748.8,2995.2,matriz - centro,dif,cancelled
1592,ECO-ML-001066,true,2026-02-13T06:41:49+00:00,2026-02-15T01:41:49+00:00,45.0,6.6833,5,3,3,3,0,2724.0,5.0,136.2,2587.8,matriz,normal,completed_on_time
1593,ECO-ML-001067,true,2026-02-13T10:38:58+00:00,2026-02-17T03:38:58+00:00,79.0,10.6333,5,6,6,6,0,3058.0,15.0,458.7,2599.3,sucursal centro,special,delayed
1594,ECO-ML-001068,true,2026-02-13T15:13:08+00:00,2026-02-15T09:13:08+00:00,46.0,15.2167,5,3,3,3,0,1476.0,20.0,295.2,1180.8,sucursal centro,special,completed_on_time
1595,ECO-ML-001069,true,2026-02-13T19:47:18+00:00,2026-02-16T08:47:18+00:00,49.0,19.7833,5,6,7,5,0,3809.0,5.0,190.45,3618.55,sucursal sur,other,delayed
751,ECO-ML-000225,true,2026-02-13T22:15:00+00:00,2026-02-15T00:03:00+00:00,13.0,16.25,5,4,4,4,0,3113.5,5.0,155.68,2957.82,sucursal norte,dif,delayed
991,ECO-ML-000465,true,2026-02-13T22:15:00+00:00,2026-02-16T02:02:00+00:00,53.0,16.25,5,4,4,4,0,2745.5,5.0,137.28,2608.22,sucursal centro,dif,completed_on_time
1596,ECO-ML-001070,true,2026-02-13T23:44:27+00:00,2026-02-16T07:44:27+00:00,62.0,23.7333,5,2,2,2,0,1194.0,15.0,179.1,1014.9,sucursal sur,other,completed_on_time
1597,ECO-ML-001071,true,2026-02-14T04:18:37+00:00,2026-02-15T08:18:37+00:00,29.0,4.3,6,1,1,1,0,899.0,20.0,179.8,719.2,matriz,normal,completed_on_time
1598,ECO-ML-001072,true,2026-02-14T08:52:46+00:00,2026-02-15T23:52:46+00:00,24.0,8.8667,6,5,5,5,0,2409.0,5.0,120.45,2288.55,sucursal centro,special,delayed
1599,ECO-ML-001073,true,2026-02-14T12:49:56+00:00,2026-02-15T15:49:56+00:00,30.0,12.8167,6,1,1,1,0,693.0,0.0,0.0,693.0,sucursal centro,special,completed_on_time
1600,ECO-ML-001074,true,2026-02-14T17:24:06+00:00,2026-02-17T13:24:06+00:00,72.0,17.4,6,1,1,1,0,165.0,0.0,0.0,165.0,sucursal norte,hospital,completed_on_time
1601,ECO-ML-001075,true,2026-02-14T21:58:15+00:00,2026-02-16T21:58:15+00:00,68.0,21.9667,6,6,6,6,0,4142.0,10.0,414.2,3727.8,matriz - centro,dif,cancelled
648,ECO-ML-000122,true,2026-02-14T23:22:00+00:00,2026-02-16T23:36:00+00:00,50.0,17.366666666666667,6,3,3,3,0,920.0,10.0,92.0,828.0,sucursal centro,hospital,completed_on_time
888,ECO-ML-000362,true,2026-02-14T23:22:00+00:00,2026-02-16T06:16:00+00:00,25.0,17.366666666666667,6,3,3,3,0,2185.5,10.0,218.55,1966.95,matriz - centro,hospital,delayed
1602,ECO-ML-001076,true,2026-02-15T02:32:25+00:00,2026-02-16T19:32:25+00:00,47.0,2.5333,0,3,3,3,0,1516.5,20.0,303.3,1213.2,matriz,normal,completed_on_time
1603,ECO-ML-001077,true,2026-02-15T06:29:35+00:00,2026-02-17T22:29:35+00:00,62.0,6.4833,0,6,7,5,0,3710.0,10.0,371.0,3339.0,sucursal centro,special,delayed
1604,ECO-ML-001078,true,2026-02-15T11:03:44+00:00,2026-02-16T11:03:44+00:00,26.0,11.05,0,4,4,4,0,1457.0,15.0,218.55,1238.45,sucursal centro,special,completed_on_time
1605,ECO-ML-001079,true,2026-02-15T15:37:54+00:00,2026-02-16T15:37:54+00:00,20.0,15.6167,0,2,2,2,0,1289.0,15.0,193.35,1095.65,sucursal sur,other,delayed
1606,ECO-ML-001080,true,2026-02-15T19:35:04+00:00,2026-02-18T10:35:04+00:00,67.0,19.5833,0,3,3,3,0,1572.5,10.0,157.25,1415.25,sucursal sur,other,completed_on_time
1607,ECO-ML-001081,true,2026-02-16T00:09:13+00:00,2026-02-17T05:09:13+00:00,34.0,0.15,1,2,2,2,0,2145.0,0.0,0.0,2145.0,matriz,normal,completed_on_time
545,ECO-ML-000019,true,2026-02-16T00:29:00+00:00,2026-02-16T19:09:00+00:00,22.0,18.48333333333333,0,2,2,2,0,1433.0,15.0,214.95,1218.05,matriz - centro,hospital,completed_on_time
785,ECO-ML-000259,true,2026-02-16T00:29:00+00:00,2026-02-18T11:49:00+00:00,62.0,18.48333333333333,0,2,2,2,0,1897.5,15.0,284.63,1612.87,matriz,hospital,completed_on_time
1025,ECO-ML-000499,true,2026-02-16T00:29:00+00:00,2026-02-17T11:29:00+00:00,37.0,18.48333333333333,0,2,2,2,0,1697.0,15.0,254.55,1442.45,sucursal sur,hospital,completed_on_time
1608,ECO-ML-001082,true,2026-02-16T04:43:23+00:00,2026-02-19T01:43:23+00:00,62.0,4.7167,1,5,5,5,0,2885.5,5.0,144.28,2741.22,sucursal centro,special,delayed
1609,ECO-ML-001083,true,2026-02-16T08:40:33+00:00,2026-02-17T18:40:33+00:00,35.0,8.6667,1,2,2,2,0,1501.5,10.0,150.15,1351.35,sucursal centro,special,completed_on_time
1610,ECO-ML-001084,true,2026-02-16T13:14:42+00:00,2026-02-18T12:14:42+00:00,49.0,13.2333,1,1,1,1,0,871.0,20.0,174.2,696.8,sucursal norte,hospital,completed_on_time
682,ECO-ML-000156,true,2026-02-16T13:36:00+00:00,2026-02-17T19:22:00+00:00,34.0,7.6,1,1,1,1,0,900.0,0.0,0.0,900.0,sucursal sur,other,completed_on_time
922,ECO-ML-000396,true,2026-02-16T13:36:00+00:00,2026-02-16T19:02:00+00:00,9.0,7.6,1,1,1,1,0,900.0,0.0,0.0,900.0,sucursal sur,other,completed_on_time
1611,ECO-ML-001085,true,2026-02-16T17:48:52+00:00,2026-02-17T03:48:52+00:00,23.0,17.8,1,6,7,5,1,4071.0,20.0,814.2,3256.8,matriz - centro,dif,cancelled
1612,ECO-ML-001086,true,2026-02-16T22:23:01+00:00,2026-02-17T12:23:01+00:00,18.0,22.3833,1,1,1,1,0,556.0,10.0,55.6,500.4,matriz,normal,completed_on_time
1613,ECO-ML-001087,true,2026-02-17T02:20:11+00:00,2026-02-19T08:20:11+00:00,42.0,2.3333,2,5,5,5,0,3205.5,10.0,320.55,2884.95,sucursal centro,special,delayed
1614,ECO-ML-001088,true,2026-02-17T06:54:21+00:00,2026-02-19T11:54:21+00:00,59.0,6.9,2,6,6,6,0,2361.5,20.0,472.3,1889.2,sucursal centro,special,completed_on_time
1615,ECO-ML-001089,true,2026-02-17T11:28:30+00:00,2026-02-20T02:28:30+00:00,49.0,11.4667,2,5,6,4,0,2094.0,5.0,104.7,1989.3,sucursal sur,other,delayed
579,ECO-ML-000053,true,2026-02-17T14:43:00+00:00,2026-02-20T22:36:00+00:00,71.0,8.716666666666665,2,6,6,6,0,3098.5,5.0,154.93,2943.57,sucursal sur,normal,delayed
819,ECO-ML-000293,true,2026-02-17T14:43:00+00:00,2026-02-19T20:35:00+00:00,46.0,8.716666666666665,2,6,6,6,0,3093.5,5.0,154.68,2938.82,sucursal sur,normal,delayed
1616,ECO-ML-001090,true,2026-02-17T15:25:40+00:00,2026-02-20T13:25:40+00:00,72.0,15.4167,2,4,4,4,0,2291.0,5.0,114.55,2176.45,sucursal sur,other,completed_on_time
1617,ECO-ML-001091,true,2026-02-17T19:59:50+00:00,2026-02-19T04:59:50+00:00,36.0,19.9833,2,2,2,2,0,1555.0,15.0,233.25,1321.75,matriz,normal,completed_on_time
1618,ECO-ML-001092,true,2026-02-18T00:33:59+00:00,2026-02-21T02:33:59+00:00,57.0,0.55,3,6,6,6,0,2146.0,5.0,107.3,2038.7,sucursal centro,special,delayed
1619,ECO-ML-001093,true,2026-02-18T04:31:09+00:00,2026-02-18T14:31:09+00:00,15.0,4.5167,3,3,3,3,0,2475.0,5.0,123.75,2351.25,sucursal centro,special,completed_on_time
1620,ECO-ML-001094,true,2026-02-18T09:05:19+00:00,2026-02-20T09:05:19+00:00,54.0,9.0833,3,2,2,2,0,1832.5,15.0,274.88,1557.62,sucursal norte,hospital,completed_on_time
1621,ECO-ML-001095,true,2026-02-18T13:39:28+00:00,2026-02-19T09:39:28+00:00,32.0,13.65,3,6,6,6,0,4111.5,0.0,0.0,4111.5,matriz - centro,dif,cancelled
716,ECO-ML-000190,true,2026-02-18T15:50:00+00:00,2026-02-18T17:50:00+00:00,18.0,9.83333333333333,3,5,5,5,0,2937.5,10.0,293.75,2643.75,sucursal norte,dif,cancelled
956,ECO-ML-000430,true,2026-02-18T15:50:00+00:00,2026-02-22T02:48:00+00:00,58.0,9.83333333333333,3,5,5,5,0,3315.0,10.0,331.5,2983.5,sucursal centro,dif,delayed
1622,ECO-ML-001096,true,2026-02-18T18:13:38+00:00,2026-02-19T15:13:38+00:00,23.0,18.2167,3,1,1,1,0,1090.5,20.0,218.1,872.4,matriz,normal,completed_on_time
1623,ECO-ML-001097,true,2026-02-18T22:10:48+00:00,2026-02-21T06:10:48+00:00,52.0,22.1667,3,4,5,3,0,2549.0,15.0,382.35,2166.65,sucursal centro,special,delayed
1624,ECO-ML-001098,true,2026-02-19T02:44:57+00:00,2026-02-19T22:44:57+00:00,24.0,2.7333,4,1,1,1,0,855.0,0.0,0.0,855.0,sucursal centro,special,completed_on_time
1625,ECO-ML-001099,true,2026-02-19T07:19:07+00:00,2026-02-20T18:19:07+00:00,29.0,7.3167,4,4,4,4,0,2646.0,20.0,529.2,2116.8,sucursal sur,other,delayed
1626,ECO-ML-001100,true,2026-02-19T11:16:17+00:00,2026-02-22T01:16:17+00:00,68.0,11.2667,4,1,1,1,0,861.0,10.0,86.1,774.9,sucursal sur,other,completed_on_time
1627,ECO-ML-001101,true,2026-02-19T15:50:26+00:00,2026-02-21T19:50:26+00:00,53.0,15.8333,4,2,2,2,0,1866.0,0.0,0.0,1866.0,matriz,normal,completed_on_time
613,ECO-ML-000087,true,2026-02-19T16:57:00+00:00,2026-02-21T17:22:00+00:00,55.0,10.95,4,4,4,4,0,2715.0,15.0,407.25,2307.75,sucursal centro,hospital,completed_on_time
853,ECO-ML-000327,true,2026-02-19T16:57:00+00:00,2026-02-20T15:21:00+00:00,30.0,10.95,4,4,4,4,0,2196.5,15.0,329.48,1867.02,matriz - centro,hospital,completed_on_time
1628,ECO-ML-001102,true,2026-02-19T20:24:36+00:00,2026-02-22T03:24:36+00:00,46.0,20.4,4,3,3,3,0,1559.0,15.0,233.85,1325.15,sucursal centro,special,delayed
1629,ECO-ML-001103,true,2026-02-20T00:58:45+00:00,2026-02-21T05:58:45+00:00,32.0,0.9667,5,3,3,3,0,1649.0,5.0,82.45,1566.55,sucursal centro,special,completed_on_time
1630,ECO-ML-001104,true,2026-02-20T04:55:55+00:00,2026-02-21T07:55:55+00:00,31.0,4.9167,5,2,2,2,0,288.0,15.0,43.2,244.8,sucursal norte,hospital,completed_on_time
1631,ECO-ML-001105,true,2026-02-20T09:30:05+00:00,2026-02-21T15:30:05+00:00,8.0,9.5,5,6,7,5,0,3697.0,10.0,369.7,3327.3,matriz - centro,dif,cancelled
1632,ECO-ML-001106,true,2026-02-20T14:04:14+00:00,2026-02-23T01:04:14+00:00,65.0,14.0667,5,1,1,1,0,1473.0,5.0,73.65,1399.35,matriz,normal,completed_on_time
750,ECO-ML-000224,true,2026-02-20T17:04:00+00:00,2026-02-23T12:35:00+00:00,67.0,11.066666666666666,5,3,3,3,0,1777.5,0.0,0.0,1777.5,matriz,hospital,completed_on_time
990,ECO-ML-000464,true,2026-02-20T17:04:00+00:00,2026-02-22T10:34:00+00:00,42.0,11.066666666666666,5,3,3,3,0,2361.5,0.0,0.0,2361.5,sucursal sur,hospital,completed_on_time
1633,ECO-ML-001107,true,2026-02-20T18:01:24+00:00,2026-02-22T03:01:24+00:00,19.0,18.0167,5,4,4,4,0,1695.0,20.0,339.0,1356.0,sucursal centro,special,delayed
1634,ECO-ML-001108,true,2026-02-20T22:35:34+00:00,2026-02-22T13:35:34+00:00,41.0,22.5833,5,1,1,1,0,920.0,20.0,184.0,736.0,sucursal centro,special,completed_on_time
1635,ECO-ML-001109,true,2026-02-21T03:09:43+00:00,2026-02-23T13:09:43+00:00,42.0,3.15,6,6,7,5,0,3321.5,5.0,166.07,3155.43,sucursal sur,other,delayed
1636,ECO-ML-001110,true,2026-02-21T07:06:53+00:00,2026-02-21T23:06:53+00:00,20.0,7.1,6,1,1,1,0,880.0,10.0,88.0,792.0,sucursal sur,other,completed_on_time
1637,ECO-ML-001111,true,2026-02-21T11:41:03+00:00,2026-02-23T19:41:03+00:00,61.0,11.6833,6,4,4,4,0,3092.0,5.0,154.6,2937.4,matriz,normal,completed_on_time
1638,ECO-ML-001112,true,2026-02-21T16:15:12+00:00,2026-02-25T17:15:12+00:00,78.0,16.25,6,6,6,6,0,3290.0,0.0,0.0,3290.0,sucursal centro,special,delayed
647,ECO-ML-000121,true,2026-02-21T18:11:00+00:00,2026-02-23T08:08:00+00:00,39.0,12.183333333333332,6,2,2,2,0,1012.0,5.0,50.6,961.4,sucursal sur,normal,completed_on_time
887,ECO-ML-000361,true,2026-02-21T18:11:00+00:00,2026-02-22T12:48:00+00:00,14.0,12.183333333333332,6,2,2,2,0,738.0,5.0,36.9,701.1,sucursal sur,normal,delayed
1639,ECO-ML-001113,true,2026-02-21T20:49:22+00:00,2026-02-24T09:49:22+00:00,62.0,20.8167,6,4,4,4,0,2927.0,0.0,0.0,2927.0,sucursal centro,special,completed_on_time
1640,ECO-ML-001114,true,2026-02-22T00:46:32+00:00,2026-02-23T13:46:32+00:00,39.0,0.7667,0,4,4,4,0,1412.0,5.0,70.6,1341.4,sucursal norte,hospital,completed_on_time
1641,ECO-ML-001115,true,2026-02-22T05:20:41+00:00,2026-02-23T21:20:41+00:00,6.0,5.3333,0,5,5,5,0,2871.0,5.0,143.55,2727.45,matriz - centro,dif,cancelled
1642,ECO-ML-001116,true,2026-02-22T09:54:51+00:00,2026-02-23T23:54:51+00:00,42.0,9.9,0,1,1,1,0,1020.0,20.0,204.0,816.0,matriz,normal,completed_on_time
1643,ECO-ML-001117,true,2026-02-22T13:52:00+00:00,2026-02-24T19:52:00+00:00,48.0,13.8667,0,5,6,4,0,3216.5,10.0,321.65,2894.85,sucursal centro,special,delayed
1644,ECO-ML-001118,true,2026-02-22T18:26:10+00:00,2026-02-23T09:26:10+00:00,21.0,18.4333,0,2,2,2,0,1119.0,15.0,167.85,951.15,sucursal centro,special,completed_on_time
544,ECO-ML-000018,true,2026-02-22T19:18:00+00:00,2026-02-23T03:41:00+00:00,11.0,13.3,0,1,1,1,0,510.0,10.0,51.0,459.0,sucursal sur,normal,completed_on_time
784,ECO-ML-000258,true,2026-02-22T19:18:00+00:00,2026-02-24T20:21:00+00:00,51.0,13.3,0,1,1,1,0,510.0,10.0,51.0,459.0,sucursal sur,normal,completed_on_time
1024,ECO-ML-000498,true,2026-02-22T19:18:00+00:00,2026-02-23T20:01:00+00:00,26.0,13.3,0,1,1,1,0,290.0,10.0,29.0,261.0,sucursal norte,normal,completed_on_time
1645,ECO-ML-001119,true,2026-02-22T23:00:20+00:00,2026-02-26T15:00:20+00:00,80.0,23.0,0,6,6,6,0,3086.5,20.0,617.3,2469.2,sucursal sur,other,delayed
1646,ECO-ML-001120,true,2026-02-23T02:57:29+00:00,2026-02-23T22:57:29+00:00,22.0,2.95,1,1,1,1,0,367.0,10.0,36.7,330.3,sucursal sur,other,completed_on_time
1647,ECO-ML-001121,true,2026-02-23T07:31:39+00:00,2026-02-25T10:31:39+00:00,54.0,7.5167,1,1,1,1,0,908.0,0.0,0.0,908.0,matriz,normal,completed_on_time
1648,ECO-ML-001122,true,2026-02-23T12:05:49+00:00,2026-02-26T09:05:49+00:00,58.0,12.0833,1,6,6,6,0,3861.0,20.0,772.2,3088.8,sucursal centro,special,delayed
1649,ECO-ML-001123,true,2026-02-23T16:39:58+00:00,2026-02-26T06:39:58+00:00,67.0,16.65,1,5,5,5,0,3075.5,15.0,461.32,2614.18,sucursal centro,special,completed_on_time
681,ECO-ML-000155,true,2026-02-23T20:25:00+00:00,2026-02-23T22:25:00+00:00,23.0,14.416666666666666,1,6,6,6,0,3447.0,15.0,517.05,2929.95,sucursal norte,dif,cancelled
921,ECO-ML-000395,true,2026-02-23T20:25:00+00:00,2026-02-26T08:34:00+00:00,63.0,14.416666666666666,1,6,6,6,0,3959.0,15.0,593.85,3365.15,sucursal centro,dif,completed_on_time
1650,ECO-ML-001124,true,2026-02-23T20:37:08+00:00,2026-02-25T22:37:08+00:00,56.0,20.6167,1,4,4,4,0,2335.0,20.0,467.0,1868.0,sucursal norte,hospital,completed_on_time
1651,ECO-ML-001125,true,2026-02-24T01:11:18+00:00,2026-02-24T03:11:18+00:00,12.0,1.1833,2,6,7,5,0,3422.5,20.0,684.5,2738.0,matriz - centro,dif,cancelled
1652,ECO-ML-001126,true,2026-02-24T05:45:27+00:00,2026-02-26T02:45:27+00:00,47.0,5.75,2,2,2,2,0,1502.0,0.0,0.0,1502.0,matriz,normal,completed_on_time
1653,ECO-ML-001127,true,2026-02-24T09:42:37+00:00,2026-02-26T05:42:37+00:00,28.0,9.7,2,5,5,5,0,3489.0,10.0,348.9,3140.1,sucursal centro,special,delayed
1654,ECO-ML-001128,true,2026-02-24T14:16:47+00:00,2026-02-25T12:16:47+00:00,26.0,14.2667,2,3,3,3,0,1640.0,10.0,164.0,1476.0,sucursal centro,special,completed_on_time
1655,ECO-ML-001129,true,2026-02-24T18:50:56+00:00,2026-02-28T10:50:56+00:00,70.0,18.8333,2,5,6,4,0,3212.5,0.0,0.0,3212.5,sucursal sur,other,delayed
578,ECO-ML-000052,true,2026-02-24T21:32:00+00:00,2026-02-27T17:08:00+00:00,60.0,15.533333333333331,2,5,5,5,0,3585.5,0.0,0.0,3585.5,sucursal centro,dif,delayed
818,ECO-ML-000292,true,2026-02-24T21:32:00+00:00,2026-02-26T15:07:00+00:00,35.0,15.533333333333331,2,5,5,5,0,2967.5,0.0,0.0,2967.5,matriz - centro,dif,delayed
1656,ECO-ML-001130,true,2026-02-24T22:48:06+00:00,2026-02-25T19:48:06+00:00,27.0,22.8,2,2,2,2,0,1273.0,5.0,63.65,1209.35,sucursal sur,other,completed_on_time
1657,ECO-ML-001131,true,2026-02-25T03:22:15+00:00,2026-02-27T13:22:15+00:00,59.0,3.3667,3,1,1,1,0,645.0,10.0,64.5,580.5,matriz,normal,completed_on_time
1658,ECO-ML-001132,true,2026-02-25T07:56:25+00:00,2026-02-27T00:56:25+00:00,38.0,7.9333,3,4,4,4,0,2297.5,0.0,0.0,2297.5,sucursal centro,special,delayed
1659,ECO-ML-001133,true,2026-02-25T12:30:35+00:00,2026-02-26T20:30:35+00:00,35.0,12.5,3,1,1,1,0,450.0,5.0,22.5,427.5,sucursal centro,special,completed_on_time
1660,ECO-ML-001134,true,2026-02-25T16:27:44+00:00,2026-02-26T00:27:44+00:00,12.0,16.45,3,1,1,1,0,414.0,10.0,41.4,372.6,sucursal norte,hospital,completed_on_time
1661,ECO-ML-001135,true,2026-02-25T21:01:54+00:00,2026-02-26T09:01:54+00:00,53.0,21.0167,3,6,6,6,0,3583.0,10.0,358.3,3224.7,matriz - centro,dif,cancelled
715,ECO-ML-000189,true,2026-02-25T22:39:00+00:00,2026-02-28T18:21:00+00:00,72.0,16.65,3,4,4,4,0,1928.0,5.0,96.4,1831.6,matriz,dif,completed_on_time
955,ECO-ML-000429,true,2026-02-25T22:39:00+00:00,2026-02-27T16:20:00+00:00,47.0,16.65,3,4,4,4,0,1968.5,5.0,98.43,1870.07,sucursal sur,dif,completed_on_time
1662,ECO-ML-001136,true,2026-02-26T01:36:04+00:00,2026-02-27T23:36:04+00:00,52.0,1.6,4,3,3,3,0,1915.0,15.0,287.25,1627.75,matriz,normal,completed_on_time
1663,ECO-ML-001137,true,2026-02-26T05:33:13+00:00,2026-02-28T17:33:13+00:00,52.0,5.55,4,3,4,2,0,787.5,15.0,118.12,669.38,sucursal centro,special,delayed
1664,ECO-ML-001138,true,2026-02-26T10:07:23+00:00,2026-03-01T04:07:23+00:00,68.0,10.1167,4,3,3,3,0,1998.5,10.0,199.85,1798.65,sucursal centro,special,completed_on_time
1665,ECO-ML-001139,true,2026-02-26T14:41:33+00:00,2026-03-01T20:41:33+00:00,68.0,14.6833,4,5,5,5,0,2179.0,20.0,435.8,1743.2,sucursal sur,other,delayed
1666,ECO-ML-001140,true,2026-02-26T19:15:42+00:00,2026-02-28T14:15:42+00:00,47.0,19.25,4,3,3,3,0,2196.5,20.0,439.3,1757.2,sucursal sur,other,completed_on_time
1667,ECO-ML-001141,true,2026-02-26T23:12:52+00:00,2026-02-27T05:12:52+00:00,11.0,23.2,4,1,1,1,0,929.5,10.0,92.95,836.55,matriz,normal,completed_on_time
612,ECO-ML-000086,true,2026-02-26T23:46:00+00:00,2026-02-28T13:54:00+00:00,44.0,17.766666666666666,4,3,3,3,0,2384.0,10.0,238.4,2145.6,sucursal sur,dif,completed_on_time
852,ECO-ML-000326,true,2026-02-26T23:46:00+00:00,2026-02-27T13:34:00+00:00,19.0,17.766666666666666,4,3,3,3,0,2054.0,10.0,205.4,1848.6,sucursal sur,dif,completed_on_time
1668,ECO-ML-001142,true,2026-02-27T03:47:02+00:00,2026-03-01T14:47:02+00:00,46.0,3.7833,5,5,5,5,0,2872.5,15.0,430.88,2441.62,sucursal centro,special,delayed
1669,ECO-ML-001143,true,2026-02-27T08:21:11+00:00,2026-02-27T19:21:11+00:00,12.0,8.35,5,1,1,1,0,817.5,5.0,40.88,776.62,sucursal centro,special,completed_on_time
1670,ECO-ML-001144,true,2026-02-27T12:18:21+00:00,2026-03-01T16:18:21+00:00,54.0,12.3,5,1,1,1,0,713.0,10.0,71.3,641.7,sucursal norte,hospital,completed_on_time
1671,ECO-ML-001145,true,2026-02-27T16:52:30+00:00,2026-02-28T14:52:30+00:00,26.0,16.8667,5,5,6,4,0,2859.0,5.0,142.95,2716.05,matriz - centro,dif,cancelled
1672,ECO-ML-001146,true,2026-02-27T21:26:40+00:00,2026-03-02T05:26:40+00:00,60.0,21.4333,5,5,5,5,0,3421.0,5.0,171.05,3249.95,matriz,normal,completed_on_time
749,ECO-ML-000223,true,2026-02-28T00:53:00+00:00,2026-03-02T02:07:00+00:00,56.0,18.883333333333333,5,2,2,2,0,868.0,15.0,130.2,737.8,sucursal sur,dif,completed_on_time
989,ECO-ML-000463,true,2026-02-28T00:53:00+00:00,2026-03-01T18:47:00+00:00,31.0,18.883333333333333,5,2,2,2,0,1288.0,15.0,193.2,1094.8,sucursal norte,dif,delayed
1673,ECO-ML-001147,true,2026-02-28T01:23:50+00:00,2026-03-01T11:23:50+00:00,16.0,1.3833,6,4,4,4,0,2903.5,20.0,580.7,2322.8,sucursal centro,special,delayed
1674,ECO-ML-001148,true,2026-02-28T05:57:59+00:00,2026-03-01T20:57:59+00:00,45.0,5.95,6,3,3,3,0,1994.5,10.0,199.45,1795.05,sucursal centro,special,completed_on_time
1675,ECO-ML-001149,true,2026-02-28T10:32:09+00:00,2026-03-02T22:32:09+00:00,58.0,10.5333,6,5,6,4,0,2510.5,15.0,376.57,2133.93,sucursal sur,other,delayed
646,ECO-ML-000120,true,2026-02-28T13:00:00+00:00,2026-03-01T16:40:00+00:00,28.0,7.0,6,1,1,1,0,728.0,0.0,0.0,728.0,sucursal norte,dif,completed_on_time
886,ECO-ML-000360,true,2026-02-28T13:00:00+00:00,2026-03-03T09:20:00+00:00,68.0,7.0,6,1,1,1,0,648.0,0.0,0.0,648.0,sucursal centro,dif,completed_on_time
1676,ECO-ML-001150,true,2026-02-28T15:06:19+00:00,2026-03-03T02:06:19+00:00,61.0,15.1,6,2,2,2,0,1432.0,5.0,71.6,1360.4,sucursal sur,other,completed_on_time
1677,ECO-ML-001151,true,2026-02-28T19:03:28+00:00,2026-03-01T20:03:28+00:00,28.0,19.05,6,1,1,1,0,1267.0,10.0,126.7,1140.3,matriz,normal,completed_on_time
1678,ECO-ML-001152,true,2026-02-28T23:37:38+00:00,2026-03-02T06:37:38+00:00,26.0,23.6167,6,4,4,4,0,2410.5,0.0,0.0,2410.5,sucursal centro,special,delayed
1679,ECO-ML-001153,true,2026-03-01T04:11:48+00:00,2026-03-02T04:11:48+00:00,29.0,4.1833,0,1,1,1,0,405.0,5.0,20.25,384.75,sucursal centro,special,completed_on_time
1680,ECO-ML-001154,true,2026-03-01T08:08:57+00:00,2026-03-04T01:08:57+00:00,71.0,8.1333,0,1,1,1,0,513.0,10.0,51.3,461.7,sucursal norte,hospital,completed_on_time
1681,ECO-ML-001155,true,2026-03-01T12:43:07+00:00,2026-03-02T20:43:07+00:00,16.0,12.7167,0,4,4,4,0,2344.0,10.0,234.4,2109.6,matriz - centro,dif,cancelled
543,ECO-ML-000017,true,2026-03-01T14:07:00+00:00,2026-03-04T06:54:00+00:00,65.0,8.116666666666665,0,6,6,6,0,3483.0,5.0,174.15,3308.85,sucursal centro,special,completed_on_time
783,ECO-ML-000257,true,2026-03-01T14:07:00+00:00,2026-03-01T16:07:00+00:00,40.0,8.116666666666665,0,6,6,6,0,3592.0,5.0,179.6,3412.4,matriz - centro,special,cancelled
1023,ECO-ML-000497,true,2026-03-01T14:07:00+00:00,2026-03-03T01:33:00+00:00,15.0,8.116666666666665,0,6,6,6,0,3629.0,5.0,181.45,3447.55,matriz,special,delayed
1682,ECO-ML-001156,true,2026-03-01T17:17:17+00:00,2026-03-04T05:17:17+00:00,62.0,17.2833,0,5,5,5,0,3993.5,20.0,798.7,3194.8,matriz,normal,completed_on_time
1683,ECO-ML-001157,true,2026-03-01T21:14:26+00:00,2026-03-04T20:14:26+00:00,61.0,21.2333,0,4,5,3,0,2090.5,5.0,104.53,1985.97,sucursal centro,special,delayed
1684,ECO-ML-001158,true,2026-03-02T01:48:36+00:00,2026-03-04T02:48:36+00:00,53.0,1.8,1,5,5,5,1,2617.0,0.0,0.0,2617.0,sucursal centro,special,completed_on_time
1685,ECO-ML-001159,true,2026-03-02T06:22:45+00:00,2026-03-03T09:22:45+00:00,15.0,6.3667,1,2,2,2,0,1252.0,20.0,250.4,1001.6,sucursal sur,other,delayed
1686,ECO-ML-001160,true,2026-03-02T10:56:55+00:00,2026-03-03T09:56:55+00:00,29.0,10.9333,1,4,4,4,0,2613.5,15.0,392.02,2221.48,sucursal sur,other,completed_on_time
1687,ECO-ML-001161,true,2026-03-02T14:54:05+00:00,2026-03-04T23:54:05+00:00,58.0,14.9,1,2,2,2,0,1227.5,5.0,61.38,1166.12,matriz,normal,completed_on_time
680,ECO-ML-000154,true,2026-03-02T15:14:00+00:00,2026-03-02T17:14:00+00:00,12.0,9.23333333333333,1,5,5,5,0,2932.0,10.0,293.2,2638.8,matriz,dif,cancelled
920,ECO-ML-000394,true,2026-03-02T15:14:00+00:00,2026-03-05T08:06:00+00:00,52.0,9.23333333333333,1,5,5,5,0,2696.0,10.0,269.6,2426.4,sucursal sur,dif,delayed
1688,ECO-ML-001162,true,2026-03-02T19:28:14+00:00,2026-03-04T13:28:14+00:00,27.0,19.4667,1,6,6,6,0,2262.5,10.0,226.25,2036.25,sucursal centro,special,delayed
1689,ECO-ML-001163,true,2026-03-03T00:02:24+00:00,2026-03-04T10:02:24+00:00,37.0,0.0333,2,3,3,3,0,1413.0,15.0,211.95,1201.05,sucursal centro,special,completed_on_time
1690,ECO-ML-001164,true,2026-03-03T03:59:34+00:00,2026-03-04T11:59:34+00:00,36.0,3.9833,2,2,2,2,0,1406.0,20.0,281.2,1124.8,sucursal norte,hospital,completed_on_time
1691,ECO-ML-001165,true,2026-03-03T08:33:43+00:00,2026-03-05T02:33:43+00:00,27.0,8.55,2,6,7,5,0,4132.0,10.0,413.2,3718.8,matriz - centro,dif,cancelled
1692,ECO-ML-001166,true,2026-03-03T13:07:53+00:00,2026-03-05T01:07:53+00:00,42.0,13.1167,2,1,1,1,0,1060.0,0.0,0.0,1060.0,matriz,normal,completed_on_time
577,ECO-ML-000051,true,2026-03-03T16:21:00+00:00,2026-03-05T23:40:00+00:00,49.0,10.35,2,4,4,4,0,1989.0,15.0,298.35,1690.65,sucursal sur,dif,delayed
817,ECO-ML-000291,true,2026-03-03T16:21:00+00:00,2026-03-04T23:20:00+00:00,24.0,10.35,2,4,4,4,0,2460.0,15.0,369.0,2091.0,sucursal sur,dif,delayed
1693,ECO-ML-001167,true,2026-03-03T17:05:03+00:00,2026-03-06T12:05:03+00:00,65.0,17.0833,2,6,6,6,0,2816.0,15.0,422.4,2393.6,sucursal centro,special,delayed
1694,ECO-ML-001168,true,2026-03-03T21:39:12+00:00,2026-03-04T16:39:12+00:00,21.0,21.65,2,1,1,1,0,585.0,10.0,58.5,526.5,sucursal centro,special,completed_on_time
1695,ECO-ML-001169,true,2026-03-04T02:13:22+00:00,2026-03-05T21:13:22+00:00,39.0,2.2167,3,5,6,4,0,3408.0,10.0,340.8,3067.2,sucursal sur,other,delayed
1696,ECO-ML-001170,true,2026-03-04T06:47:32+00:00,2026-03-06T13:47:32+00:00,59.0,6.7833,3,5,5,5,0,3654.5,10.0,365.45,3289.05,sucursal sur,other,completed_on_time
1697,ECO-ML-001171,true,2026-03-04T10:44:41+00:00,2026-03-06T20:44:41+00:00,63.0,10.7333,3,3,3,3,0,2725.0,20.0,545.0,2180.0,matriz,normal,completed_on_time
1698,ECO-ML-001172,true,2026-03-04T15:18:51+00:00,2026-03-06T12:18:51+00:00,38.0,15.3,3,2,2,2,0,325.0,0.0,0.0,325.0,sucursal centro,special,delayed
714,ECO-ML-000188,true,2026-03-04T17:28:00+00:00,2026-03-07T02:53:00+00:00,61.0,11.466666666666669,3,3,3,3,0,1236.0,0.0,0.0,1236.0,sucursal sur,dif,completed_on_time
954,ECO-ML-000428,true,2026-03-04T17:28:00+00:00,2026-03-06T00:52:00+00:00,36.0,11.466666666666669,3,3,3,3,0,1615.0,0.0,0.0,1615.0,sucursal norte,dif,completed_on_time
1699,ECO-ML-001173,true,2026-03-04T19:53:00+00:00,2026-03-06T12:53:00+00:00,42.0,19.8833,3,4,4,4,0,2509.5,10.0,250.95,2258.55,sucursal centro,special,completed_on_time
1700,ECO-ML-001174,true,2026-03-04T23:50:10+00:00,2026-03-06T14:50:10+00:00,41.0,23.8333,3,3,3,3,0,2121.0,0.0,0.0,2121.0,sucursal norte,hospital,completed_on_time
1701,ECO-ML-001175,true,2026-03-05T04:24:20+00:00,2026-03-05T08:24:20+00:00,45.0,4.4,4,6,6,6,0,3284.5,10.0,328.45,2956.05,matriz - centro,dif,cancelled
1702,ECO-ML-001176,true,2026-03-05T08:58:29+00:00,2026-03-05T14:58:29+00:00,10.0,8.9667,4,2,2,2,0,1601.0,10.0,160.1,1440.9,matriz,normal,completed_on_time
1703,ECO-ML-001177,true,2026-03-05T13:32:39+00:00,2026-03-07T22:32:39+00:00,45.0,13.5333,4,6,7,5,0,3736.5,15.0,560.48,3176.02,sucursal centro,special,delayed
1704,ECO-ML-001178,true,2026-03-05T17:29:49+00:00,2026-03-07T14:29:49+00:00,51.0,17.4833,4,2,2,2,0,740.0,5.0,37.0,703.0,sucursal centro,special,completed_on_time
611,ECO-ML-000085,true,2026-03-05T18:35:00+00:00,2026-03-06T22:26:00+00:00,33.0,12.583333333333332,4,2,2,2,0,1027.0,5.0,51.35,975.65,sucursal norte,dif,completed_on_time
851,ECO-ML-000325,true,2026-03-05T18:35:00+00:00,2026-03-05T22:06:00+00:00,8.0,12.583333333333332,4,2,2,2,0,749.0,5.0,37.45,711.55,sucursal centro,dif,completed_on_time
1705,ECO-ML-001179,true,2026-03-05T22:03:58+00:00,2026-03-08T23:03:58+00:00,59.0,22.05,4,6,6,6,0,3533.5,10.0,353.35,3180.15,sucursal sur,other,delayed
1706,ECO-ML-001180,true,2026-03-06T02:38:08+00:00,2026-03-07T03:38:08+00:00,27.0,2.6333,5,1,1,1,0,512.0,20.0,102.4,409.6,sucursal sur,other,completed_on_time
1707,ECO-ML-001181,true,2026-03-06T06:35:18+00:00,2026-03-08T14:35:18+00:00,59.0,6.5833,5,1,1,1,0,381.0,5.0,19.05,361.95,matriz,normal,completed_on_time
1708,ECO-ML-001182,true,2026-03-06T11:09:27+00:00,2026-03-08T07:09:27+00:00,27.0,11.15,5,5,5,5,0,1934.0,10.0,193.4,1740.6,sucursal centro,special,delayed
1709,ECO-ML-001183,true,2026-03-06T15:43:37+00:00,2026-03-09T10:43:37+00:00,72.0,15.7167,5,5,5,5,0,2759.5,5.0,137.97,2621.53,sucursal centro,special,completed_on_time
1710,ECO-ML-001184,true,2026-03-06T19:40:47+00:00,2026-03-08T11:40:47+00:00,46.0,19.6667,5,4,4,4,0,1848.0,15.0,277.2,1570.8,sucursal norte,hospital,completed_on_time
748,ECO-ML-000222,true,2026-03-06T19:42:00+00:00,2026-03-08T10:39:00+00:00,45.0,13.7,5,1,1,1,0,360.0,10.0,36.0,324.0,matriz - centro,special,completed_on_time
988,ECO-ML-000462,true,2026-03-06T19:42:00+00:00,2026-03-07T10:19:00+00:00,20.0,13.7,5,1,1,1,0,828.0,10.0,82.8,745.2,matriz,special,completed_on_time
1711,ECO-ML-001185,true,2026-03-07T00:14:56+00:00,2026-03-07T14:14:56+00:00,9.0,0.2333,6,5,6,4,0,3208.0,5.0,160.4,3047.6,matriz - centro,dif,cancelled
1712,ECO-ML-001186,true,2026-03-07T04:49:06+00:00,2026-03-09T06:49:06+00:00,52.0,4.8167,6,2,2,2,0,1463.0,10.0,146.3,1316.7,matriz,normal,completed_on_time
1713,ECO-ML-001187,true,2026-03-07T09:23:15+00:00,2026-03-08T23:23:15+00:00,34.0,9.3833,6,2,2,2,0,1158.0,20.0,231.6,926.4,sucursal centro,special,delayed
1714,ECO-ML-001188,true,2026-03-07T13:20:25+00:00,2026-03-08T16:20:25+00:00,31.0,13.3333,6,3,3,3,0,1966.0,20.0,393.2,1572.8,sucursal centro,special,completed_on_time
1715,ECO-ML-001189,true,2026-03-07T17:54:35+00:00,2026-03-10T11:54:35+00:00,60.0,17.9,6,6,7,5,0,3538.5,5.0,176.93,3361.57,sucursal sur,other,delayed
645,ECO-ML-000119,true,2026-03-07T20:49:00+00:00,2026-03-07T22:49:00+00:00,17.0,14.816666666666666,6,6,6,6,0,3386.5,15.0,507.98,2878.52,matriz,hospital,cancelled
885,ECO-ML-000359,true,2026-03-07T20:49:00+00:00,2026-03-07T22:49:00+00:00,57.0,14.816666666666666,6,6,6,6,0,3946.0,15.0,591.9,3354.1,sucursal sur,hospital,cancelled
1716,ECO-ML-001190,true,2026-03-07T22:28:44+00:00,2026-03-10T16:28:44+00:00,72.0,22.4667,6,2,2,2,0,995.0,15.0,149.25,845.75,sucursal sur,other,completed_on_time
1717,ECO-ML-001191,true,2026-03-08T02:25:54+00:00,2026-03-09T13:25:54+00:00,36.0,2.4167,0,1,1,1,0,621.0,5.0,31.05,589.95,matriz,normal,completed_on_time
1718,ECO-ML-001192,true,2026-03-08T07:00:04+00:00,2026-03-10T03:00:04+00:00,35.0,7.0,0,5,5,5,0,3332.0,5.0,166.6,3165.4,sucursal centro,special,delayed
1719,ECO-ML-001193,true,2026-03-08T11:34:13+00:00,2026-03-08T23:34:13+00:00,15.0,11.5667,0,1,1,1,0,954.0,0.0,0.0,954.0,sucursal centro,special,completed_on_time
1720,ECO-ML-001194,true,2026-03-08T15:31:23+00:00,2026-03-11T05:31:23+00:00,66.0,15.5167,0,5,5,5,0,2600.5,10.0,260.05,2340.45,sucursal norte,hospital,completed_on_time
1721,ECO-ML-001195,true,2026-03-08T20:05:33+00:00,2026-03-09T20:05:33+00:00,7.0,20.0833,0,6,6,6,0,3577.0,10.0,357.7,3219.3,matriz - centro,dif,cancelled
542,ECO-ML-000016,true,2026-03-08T21:56:00+00:00,2026-03-11T04:26:00+00:00,54.0,15.933333333333332,0,5,5,5,0,2817.5,0.0,0.0,2817.5,sucursal sur,dif,completed_on_time
782,ECO-ML-000256,true,2026-03-08T21:56:00+00:00,2026-03-08T23:56:00+00:00,29.0,15.933333333333332,0,5,5,5,0,3137.5,0.0,0.0,3137.5,sucursal sur,dif,cancelled
1022,ECO-ML-000496,true,2026-03-08T21:56:00+00:00,2026-03-11T19:05:00+00:00,69.0,15.933333333333332,0,5,5,5,0,3465.0,0.0,0.0,3465.0,sucursal sur,dif,completed_on_time
1722,ECO-ML-001196,true,2026-03-09T00:39:42+00:00,2026-03-11T03:39:42+00:00,57.0,0.65,1,3,3,3,0,1724.0,20.0,344.8,1379.2,matriz,normal,completed_on_time
1723,ECO-ML-001197,true,2026-03-09T05:13:52+00:00,2026-03-11T16:13:52+00:00,45.0,5.2167,1,5,6,4,0,2554.5,15.0,383.18,2171.32,sucursal centro,special,delayed
1724,ECO-ML-001198,true,2026-03-09T09:11:02+00:00,2026-03-10T16:11:02+00:00,33.0,9.1833,1,3,3,3,0,1506.5,0.0,0.0,1506.5,sucursal centro,special,completed_on_time
1725,ECO-ML-001199,true,2026-03-09T13:45:11+00:00,2026-03-11T00:45:11+00:00,19.0,13.75,1,3,3,3,0,1710.0,10.0,171.0,1539.0,sucursal sur,other,delayed
1726,ECO-ML-001200,true,2026-03-09T18:19:21+00:00,2026-03-11T18:19:21+00:00,52.0,18.3167,1,3,3,3,0,1625.0,10.0,162.5,1462.5,sucursal sur,other,completed_on_time
679,ECO-ML-000153,true,2026-03-09T22:03:00+00:00,2026-03-13T04:39:00+00:00,66.0,16.05,1,4,4,4,0,2959.0,5.0,147.95,2811.05,sucursal sur,dif,delayed
919,ECO-ML-000393,true,2026-03-09T22:03:00+00:00,2026-03-12T02:38:00+00:00,41.0,16.05,1,4,4,4,0,2502.0,5.0,125.1,2376.9,sucursal norte,dif,delayed
1727,ECO-ML-001201,true,2026-03-09T22:16:31+00:00,2026-03-11T10:16:31+00:00,41.0,22.2667,1,1,1,1,0,1189.0,0.0,0.0,1189.0,matriz,normal,completed_on_time
1728,ECO-ML-001202,true,2026-03-10T02:50:40+00:00,2026-03-14T01:50:40+00:00,76.0,2.8333,2,6,6,6,0,3220.5,20.0,644.1,2576.4,sucursal centro,special,delayed
1729,ECO-ML-001203,true,2026-03-10T07:24:50+00:00,2026-03-11T02:24:50+00:00,20.0,7.4,2,2,2,2,0,844.5,10.0,84.45,760.05,sucursal centro,special,completed_on_time
1730,ECO-ML-001204,true,2026-03-10T11:21:59+00:00,2026-03-11T04:21:59+00:00,19.0,11.35,2,1,1,1,0,463.0,20.0,92.6,370.4,sucursal norte,hospital,completed_on_time
1731,ECO-ML-001205,true,2026-03-10T15:56:09+00:00,2026-03-12T01:56:09+00:00,10.0,15.9333,2,6,7,5,0,3779.5,10.0,377.95,3401.55,matriz - centro,dif,cancelled
1732,ECO-ML-001206,true,2026-03-10T20:30:19+00:00,2026-03-12T21:30:19+00:00,53.0,20.5,2,1,1,1,0,403.5,10.0,40.35,363.15,matriz,normal,completed_on_time
576,ECO-ML-000050,true,2026-03-10T23:10:00+00:00,2026-03-12T11:12:00+00:00,38.0,17.166666666666664,2,3,3,3,0,1407.0,10.0,140.7,1266.3,sucursal norte,dif,completed_on_time
816,ECO-ML-000290,true,2026-03-10T23:10:00+00:00,2026-03-11T17:52:00+00:00,13.0,17.166666666666664,2,3,3,3,0,1775.0,10.0,177.5,1597.5,sucursal centro,dif,delayed
1733,ECO-ML-001207,true,2026-03-11T01:04:28+00:00,2026-03-12T08:04:28+00:00,25.0,1.0667,3,4,4,4,0,2933.5,15.0,440.02,2493.48,sucursal centro,special,delayed
1734,ECO-ML-001208,true,2026-03-11T05:01:38+00:00,2026-03-13T17:01:38+00:00,66.0,5.0167,3,5,5,5,0,3033.5,10.0,303.35,2730.15,sucursal centro,special,completed_on_time
1735,ECO-ML-001209,true,2026-03-11T09:35:48+00:00,2026-03-13T01:35:48+00:00,32.0,9.5833,3,4,5,3,0,2190.5,10.0,219.05,1971.45,sucursal sur,other,delayed
1736,ECO-ML-001210,true,2026-03-11T14:09:57+00:00,2026-03-13T09:09:57+00:00,45.0,14.15,3,5,5,5,0,2826.5,0.0,0.0,2826.5,sucursal sur,other,completed_on_time
1737,ECO-ML-001211,true,2026-03-11T18:07:07+00:00,2026-03-13T16:07:07+00:00,49.0,18.1167,3,3,3,3,0,2830.5,10.0,283.05,2547.45,matriz,normal,completed_on_time
1738,ECO-ML-001212,true,2026-03-11T22:41:17+00:00,2026-03-15T18:41:17+00:00,81.0,22.6833,3,6,6,6,0,3143.5,0.0,0.0,3143.5,sucursal centro,special,delayed
713,ECO-ML-000187,true,2026-03-12T00:17:00+00:00,2026-03-13T23:25:00+00:00,50.0,18.28333333333333,3,2,2,2,0,1409.0,15.0,211.35,1197.65,matriz - centro,hospital,completed_on_time
953,ECO-ML-000427,true,2026-03-12T00:17:00+00:00,2026-03-12T23:05:00+00:00,25.0,18.28333333333333,3,2,2,2,0,1504.0,15.0,225.6,1278.4,matriz,hospital,completed_on_time
1739,ECO-ML-001213,true,2026-03-12T03:15:26+00:00,2026-03-14T00:15:26+00:00,50.0,3.25,4,3,3,3,0,785.0,5.0,39.25,745.75,sucursal centro,special,completed_on_time
1740,ECO-ML-001214,true,2026-03-12T07:49:36+00:00,2026-03-13T01:49:36+00:00,24.0,7.8167,4,2,2,2,0,1343.0,15.0,201.45,1141.55,sucursal norte,hospital,completed_on_time
3,ECO-REAL-000003,false,2026-03-12T09:19:23.738000+00:00,2026-04-23T04:24:18.345000+00:00,24.0,3.3166666666666664,4,1,1,1,0,180.0,0.0,0.0,180.0,sucursal centro,normal,delayed
5,ECO-REAL-000005,false,2026-03-12T09:19:23.738000+00:00,2026-04-23T04:24:21.601000+00:00,24.0,3.3166666666666664,4,1,1,1,0,90.0,0.0,0.0,90.0,sucursal norte,normal,delayed
7,ECO-REAL-000007,false,2026-03-12T09:19:23.738000+00:00,2026-04-23T04:24:39.625000+00:00,24.0,3.3166666666666664,4,1,1,1,0,120.0,0.0,0.0,120.0,sucursal sur,normal,delayed
10,ECO-REAL-000010,false,2026-03-12T09:19:23.738000+00:00,2026-04-23T04:24:36.776000+00:00,24.0,3.3166666666666664,4,1,1,1,0,90.0,0.0,0.0,90.0,sucursal centro,normal,delayed
12,ECO-REAL-000012,false,2026-03-12T09:19:23.738000+00:00,2026-04-23T04:24:57.362000+00:00,24.0,3.3166666666666664,4,1,1,1,0,150.0,0.0,0.0,150.0,sucursal sur,normal,delayed
13,ECO-REAL-000013,false,2026-03-12T09:19:23.738000+00:00,2026-04-23T04:24:54.885000+00:00,24.0,3.3166666666666664,4,1,1,1,0,110.0,0.0,0.0,110.0,sucursal centro,normal,delayed
15,ECO-REAL-000015,false,2026-03-12T09:19:23.738000+00:00,2026-04-23T04:24:52.205000+00:00,24.0,3.3166666666666664,4,1,1,1,0,100.0,0.0,0.0,100.0,sucursal centro,normal,delayed
18,ECO-REAL-000018,false,2026-03-12T09:19:23.738000+00:00,2026-04-23T04:24:47.425000+00:00,24.0,3.3166666666666664,4,1,1,1,0,180.0,0.0,0.0,180.0,sucursal norte,normal,delayed
1741,ECO-ML-001215,true,2026-03-12T11:46:46+00:00,2026-03-14T07:46:46+00:00,28.0,11.7667,4,6,6,6,0,3475.0,10.0,347.5,3127.5,matriz - centro,dif,cancelled
610,ECO-ML-000084,true,2026-03-12T13:24:00+00:00,2026-03-13T06:58:00+00:00,22.0,7.4,4,1,1,1,0,770.5,0.0,0.0,770.5,matriz,hospital,completed_on_time
850,ECO-ML-000324,true,2026-03-12T13:24:00+00:00,2026-03-14T23:38:00+00:00,62.0,7.4,4,1,1,1,0,770.5,0.0,0.0,770.5,sucursal sur,hospital,completed_on_time
1742,ECO-ML-001216,true,2026-03-12T16:20:55+00:00,2026-03-15T00:20:55+00:00,58.0,16.3333,4,1,1,1,0,1802.5,20.0,360.5,1442.0,matriz,normal,completed_on_time
1743,ECO-ML-001217,true,2026-03-12T20:55:05+00:00,2026-03-15T18:55:05+00:00,54.0,20.9167,4,6,7,5,0,2958.5,5.0,147.93,2810.57,sucursal centro,special,delayed
1744,ECO-ML-001218,true,2026-03-13T00:52:14+00:00,2026-03-14T09:52:14+00:00,37.0,0.8667,5,2,2,2,0,1787.0,15.0,268.05,1518.95,sucursal centro,special,completed_on_time
1745,ECO-ML-001219,true,2026-03-13T05:26:24+00:00,2026-03-16T19:26:24+00:00,68.0,5.4333,5,5,5,5,0,3270.0,20.0,654.0,2616.0,sucursal sur,other,delayed
1746,ECO-ML-001220,true,2026-03-13T10:00:34+00:00,2026-03-14T18:00:34+00:00,38.0,10.0,5,1,1,1,0,1080.0,10.0,108.0,972.0,sucursal sur,other,completed_on_time
1747,ECO-ML-001221,true,2026-03-13T13:57:43+00:00,2026-03-13T17:57:43+00:00,5.0,13.95,5,1,1,1,0,720.0,0.0,0.0,720.0,matriz,normal,completed_on_time
747,ECO-ML-000221,true,2026-03-13T14:31:00+00:00,2026-03-15T08:11:00+00:00,34.0,8.516666666666666,5,6,6,6,0,3079.5,5.0,153.98,2925.52,sucursal sur,other,delayed
987,ECO-ML-000461,true,2026-03-13T14:31:00+00:00,2026-03-13T16:31:00+00:00,9.0,8.516666666666666,5,6,6,6,0,3707.0,5.0,185.35,3521.65,sucursal sur,other,cancelled
1748,ECO-ML-001222,true,2026-03-13T18:31:53+00:00,2026-03-14T17:31:53+00:00,20.0,18.5167,5,2,2,2,0,828.0,10.0,82.8,745.2,sucursal centro,special,delayed
1749,ECO-ML-001223,true,2026-03-13T23:06:03+00:00,2026-03-16T03:06:03+00:00,55.0,23.1,5,4,4,4,0,2625.0,20.0,525.0,2100.0,sucursal centro,special,completed_on_time
1750,ECO-ML-001224,true,2026-03-14T03:40:12+00:00,2026-03-15T07:40:12+00:00,32.0,3.6667,6,4,4,4,0,2151.5,20.0,430.3,1721.2,sucursal norte,hospital,completed_on_time
1751,ECO-ML-001225,true,2026-03-14T07:37:22+00:00,2026-03-14T13:37:22+00:00,18.0,7.6167,6,5,6,4,0,2982.5,15.0,447.38,2535.12,matriz - centro,dif,cancelled
1752,ECO-ML-001226,true,2026-03-14T12:11:32+00:00,2026-03-16T21:11:32+00:00,63.0,12.1833,6,2,2,2,0,1727.5,0.0,0.0,1727.5,matriz,normal,completed_on_time
644,ECO-ML-000118,true,2026-03-14T15:38:00+00:00,2026-03-17T09:25:00+00:00,71.0,9.633333333333333,6,5,5,5,0,2608.0,10.0,260.8,2347.2,sucursal sur,dif,completed_on_time
884,ECO-ML-000358,true,2026-03-14T15:38:00+00:00,2026-03-14T17:38:00+00:00,46.0,9.633333333333333,6,5,5,5,0,2583.0,10.0,258.3,2324.7,sucursal norte,dif,cancelled
1753,ECO-ML-001227,true,2026-03-14T16:45:41+00:00,2026-03-17T23:45:41+00:00,71.0,16.75,6,6,6,6,0,3590.5,10.0,359.05,3231.45,sucursal centro,special,delayed
1754,ECO-ML-001228,true,2026-03-14T20:42:51+00:00,2026-03-16T12:42:51+00:00,42.0,20.7,6,3,3,3,0,2496.5,10.0,249.65,2246.85,sucursal centro,special,completed_on_time
1755,ECO-ML-001229,true,2026-03-15T01:17:01+00:00,2026-03-17T04:17:01+00:00,41.0,1.2833,0,5,6,4,0,2967.5,0.0,0.0,2967.5,sucursal sur,other,delayed
1756,ECO-ML-001230,true,2026-03-15T05:51:10+00:00,2026-03-16T20:51:10+00:00,43.0,5.85,0,2,2,2,0,832.0,5.0,41.6,790.4,sucursal sur,other,completed_on_time
1757,ECO-ML-001231,true,2026-03-15T09:48:20+00:00,2026-03-15T11:48:20+00:00,7.0,9.8,0,1,1,1,1,375.0,15.0,56.25,318.75,matriz,normal,completed_on_time
1758,ECO-ML-001232,true,2026-03-15T14:22:29+00:00,2026-03-17T19:22:29+00:00,40.0,14.3667,0,2,2,2,0,1423.0,10.0,142.3,1280.7,sucursal centro,special,delayed
541,ECO-ML-000015,true,2026-03-15T16:45:00+00:00,2026-03-18T05:58:00+00:00,43.0,10.75,0,4,4,4,0,2405.0,15.0,360.75,2044.25,sucursal norte,dif,delayed
781,ECO-ML-000255,true,2026-03-15T16:45:00+00:00,2026-03-15T18:45:00+00:00,18.0,10.75,0,4,4,4,0,1960.5,15.0,294.08,1666.42,sucursal centro,dif,cancelled
1021,ECO-ML-000495,true,2026-03-15T16:45:00+00:00,2026-03-17T19:37:00+00:00,58.0,10.75,0,4,4,4,0,2081.0,15.0,312.15,1768.85,matriz - centro,dif,completed_on_time
1759,ECO-ML-001233,true,2026-03-15T18:56:39+00:00,2026-03-17T20:56:39+00:00,51.0,18.9333,0,1,1,1,0,465.0,5.0,23.25,441.75,sucursal centro,special,completed_on_time
1760,ECO-ML-001234,true,2026-03-15T23:30:49+00:00,2026-03-17T01:30:49+00:00,28.0,23.5,0,1,1,1,0,290.0,10.0,29.0,261.0,sucursal norte,hospital,completed_on_time
1761,ECO-ML-001235,true,2026-03-16T03:27:58+00:00,2026-03-16T19:27:58+00:00,24.0,3.45,1,6,6,6,0,3537.0,10.0,353.7,3183.3,matriz - centro,dif,cancelled
1762,ECO-ML-001236,true,2026-03-16T08:02:08+00:00,2026-03-18T15:02:08+00:00,59.0,8.0333,1,5,5,5,0,3954.0,20.0,790.8,3163.2,matriz,normal,completed_on_time
1763,ECO-ML-001237,true,2026-03-16T12:36:18+00:00,2026-03-18T04:36:18+00:00,22.0,12.6,1,6,7,5,0,3584.0,5.0,179.2,3404.8,sucursal centro,special,delayed
1764,ECO-ML-001238,true,2026-03-16T16:33:27+00:00,2026-03-19T10:33:27+00:00,72.0,16.55,1,4,4,4,0,2108.0,5.0,105.4,2002.6,sucursal centro,special,completed_on_time
678,ECO-ML-000152,true,2026-03-16T17:52:00+00:00,2026-03-19T01:11:00+00:00,55.0,11.866666666666664,1,3,3,3,0,2132.5,0.0,0.0,2132.5,matriz - centro,hospital,completed_on_time
918,ECO-ML-000392,true,2026-03-16T17:52:00+00:00,2026-03-18T00:51:00+00:00,30.0,11.866666666666664,1,3,3,3,0,1804.5,0.0,0.0,1804.5,matriz,hospital,completed_on_time
1765,ECO-ML-001239,true,2026-03-16T21:07:37+00:00,2026-03-19T12:07:37+00:00,61.0,21.1167,1,6,6,6,0,2836.0,20.0,567.2,2268.8,sucursal sur,other,delayed
1766,ECO-ML-001240,true,2026-03-17T01:41:47+00:00,2026-03-19T02:41:47+00:00,51.0,1.6833,2,4,4,4,0,1833.5,15.0,275.02,1558.48,sucursal sur,other,completed_on_time
1767,ECO-ML-001241,true,2026-03-17T05:38:56+00:00,2026-03-18T18:38:56+00:00,40.0,5.6333,2,2,2,2,0,2199.0,5.0,109.95,2089.05,matriz,normal,completed_on_time
1768,ECO-ML-001242,true,2026-03-17T10:13:06+00:00,2026-03-20T04:13:06+00:00,61.0,10.2167,2,5,5,5,0,2264.0,20.0,452.8,1811.2,sucursal centro,special,delayed
1769,ECO-ML-001243,true,2026-03-17T14:47:16+00:00,2026-03-18T04:47:16+00:00,19.0,14.7833,2,3,3,3,0,2054.0,15.0,308.1,1745.9,sucursal centro,special,completed_on_time
575,ECO-ML-000049,true,2026-03-17T18:59:00+00:00,2026-03-18T20:44:00+00:00,27.0,12.983333333333333,2,2,2,2,0,997.5,5.0,49.88,947.62,matriz,hospital,completed_on_time
815,ECO-ML-000289,true,2026-03-17T18:59:00+00:00,2026-03-20T13:24:00+00:00,67.0,12.983333333333333,2,2,2,2,0,1553.0,5.0,77.65,1475.35,sucursal sur,hospital,completed_on_time
1770,ECO-ML-001244,true,2026-03-17T19:21:25+00:00,2026-03-19T23:21:25+00:00,58.0,19.35,2,2,2,2,0,913.0,20.0,182.6,730.4,sucursal norte,hospital,completed_on_time
1771,ECO-ML-001245,true,2026-03-17T23:18:35+00:00,2026-03-19T01:18:35+00:00,42.0,23.3,2,6,7,5,0,3727.0,10.0,372.7,3354.3,matriz - centro,dif,cancelled
1772,ECO-ML-001246,true,2026-03-18T03:52:44+00:00,2026-03-19T01:52:44+00:00,24.0,3.8667,3,1,1,1,0,863.0,0.0,0.0,863.0,matriz,normal,completed_on_time
1773,ECO-ML-001247,true,2026-03-18T08:26:54+00:00,2026-03-20T04:26:54+00:00,34.0,8.4333,3,4,4,4,0,2460.0,20.0,492.0,1968.0,sucursal centro,special,delayed
1774,ECO-ML-001248,true,2026-03-18T12:24:04+00:00,2026-03-21T04:24:04+00:00,68.0,12.4,3,1,1,1,0,468.0,10.0,46.8,421.2,sucursal centro,special,completed_on_time
1775,ECO-ML-001249,true,2026-03-18T16:58:13+00:00,2026-03-21T06:58:13+00:00,67.0,16.9667,3,6,6,6,0,3348.0,0.0,0.0,3348.0,sucursal norte,hospital,completed_on_time
712,ECO-ML-000186,true,2026-03-18T19:06:00+00:00,2026-03-20T07:57:00+00:00,39.0,13.1,3,1,1,1,0,130.0,10.0,13.0,117.0,sucursal sur,other,completed_on_time
952,ECO-ML-000426,true,2026-03-18T19:06:00+00:00,2026-03-19T07:37:00+00:00,14.0,13.1,3,1,1,1,0,780.0,10.0,78.0,702.0,sucursal sur,other,completed_on_time
1776,ECO-ML-001250,true,2026-03-18T21:32:23+00:00,2026-03-22T10:32:23+00:00,72.0,21.5333,3,4,4,4,0,3094.0,10.0,309.4,2784.6,matriz,normal,delayed
1777,ECO-ML-001251,true,2026-03-19T02:06:33+00:00,2026-03-21T10:06:33+00:00,57.0,2.1,4,2,2,2,0,1096.0,5.0,54.8,1041.2,matriz,normal,completed_on_time
1778,ECO-ML-001252,true,2026-03-19T06:03:42+00:00,2026-03-21T22:03:42+00:00,49.0,6.05,4,4,4,4,0,2322.0,0.0,0.0,2322.0,sucursal centro,special,delayed
1779,ECO-ML-001253,true,2026-03-19T10:37:52+00:00,2026-03-20T19:37:52+00:00,36.0,10.6167,4,3,3,3,0,1660.0,0.0,0.0,1660.0,sucursal centro,special,completed_on_time
1780,ECO-ML-001254,true,2026-03-19T15:12:02+00:00,2026-03-20T22:12:02+00:00,35.0,15.2,4,2,2,2,0,1117.0,5.0,55.85,1061.15,sucursal norte,hospital,completed_on_time
1781,ECO-ML-001255,true,2026-03-19T19:09:11+00:00,2026-03-21T07:09:11+00:00,15.0,19.15,4,5,5,5,0,3112.0,5.0,155.6,2956.4,matriz - centro,dif,cancelled
609,ECO-ML-000083,true,2026-03-19T20:13:00+00:00,2026-03-19T22:13:00+00:00,11.0,14.216666666666669,4,6,6,6,0,3861.5,15.0,579.23,3282.27,sucursal sur,normal,cancelled
849,ECO-ML-000323,true,2026-03-19T20:13:00+00:00,2026-03-22T13:10:00+00:00,51.0,14.216666666666669,4,6,6,6,0,3973.5,15.0,596.03,3377.47,sucursal norte,normal,delayed
1782,ECO-ML-001256,true,2026-03-19T23:43:21+00:00,2026-03-19T21:43:21+00:00,4.0,23.7167,4,1,1,1,0,834.0,15.0,125.1,708.9,matriz,normal,completed_on_time
1783,ECO-ML-001257,true,2026-03-20T04:17:31+00:00,2026-03-21T01:17:31+00:00,19.0,4.2833,5,4,5,3,0,1915.0,10.0,191.5,1723.5,sucursal centro,special,delayed
1784,ECO-ML-001258,true,2026-03-20T08:14:40+00:00,2026-03-22T03:14:40+00:00,45.0,8.2333,5,1,1,1,0,225.0,10.0,22.5,202.5,sucursal centro,special,completed_on_time
1785,ECO-ML-001259,true,2026-03-20T12:48:50+00:00,2026-03-21T07:48:50+00:00,22.0,12.8,5,1,1,1,0,738.0,15.0,110.7,627.3,sucursal norte,hospital,completed_on_time
1786,ECO-ML-001260,true,2026-03-20T17:22:59+00:00,2026-03-22T17:22:59+00:00,43.0,17.3667,5,6,6,6,0,3259.5,0.0,0.0,3259.5,matriz,normal,delayed
746,ECO-ML-000220,true,2026-03-20T21:20:00+00:00,2026-03-22T02:43:00+00:00,23.0,15.333333333333332,5,5,5,5,0,2902.0,0.0,0.0,2902.0,sucursal centro,dif,delayed
986,ECO-ML-000460,true,2026-03-20T21:20:00+00:00,2026-03-23T08:23:00+00:00,63.0,15.333333333333332,5,5,5,5,0,3225.0,0.0,0.0,3225.0,matriz - centro,dif,completed_on_time
1787,ECO-ML-001261,true,2026-03-20T21:57:09+00:00,2026-03-22T18:57:09+00:00,50.0,21.95,5,4,4,4,0,2722.5,0.0,0.0,2722.5,matriz,normal,completed_on_time
1788,ECO-ML-001262,true,2026-03-21T01:54:19+00:00,2026-03-23T14:54:19+00:00,54.0,1.9,6,4,4,4,0,2270.0,20.0,454.0,1816.0,sucursal centro,special,delayed
1789,ECO-ML-001263,true,2026-03-21T06:28:28+00:00,2026-03-24T02:28:28+00:00,69.0,6.4667,6,5,5,5,0,3555.0,5.0,177.75,3377.25,sucursal centro,special,completed_on_time
1790,ECO-ML-001264,true,2026-03-21T11:02:38+00:00,2026-03-23T01:02:38+00:00,40.0,11.0333,6,3,3,3,0,1542.0,20.0,308.4,1233.6,sucursal norte,hospital,completed_on_time
1791,ECO-ML-001265,true,2026-03-21T14:59:48+00:00,2026-03-23T12:59:48+00:00,21.0,14.9833,6,6,7,5,0,3206.5,20.0,641.3,2565.2,matriz - centro,dif,cancelled
1792,ECO-ML-001266,true,2026-03-21T19:33:57+00:00,2026-03-23T13:33:57+00:00,46.0,19.55,6,1,1,1,0,1134.0,15.0,170.1,963.9,matriz,normal,completed_on_time
643,ECO-ML-000117,true,2026-03-21T22:27:00+00:00,2026-03-24T05:57:00+00:00,60.0,16.45,6,4,4,4,0,2677.5,5.0,133.88,2543.62,matriz - centro,hospital,completed_on_time
883,ECO-ML-000357,true,2026-03-21T22:27:00+00:00,2026-03-24T08:56:00+00:00,35.0,16.45,6,4,4,4,0,2413.0,5.0,120.65,2292.35,matriz,hospital,delayed
1793,ECO-ML-001267,true,2026-03-22T00:08:07+00:00,2026-03-25T00:08:07+00:00,60.0,0.1333,0,6,6,6,0,4063.5,20.0,812.7,3250.8,sucursal centro,special,delayed
1794,ECO-ML-001268,true,2026-03-22T04:05:17+00:00,2026-03-22T23:05:17+00:00,25.0,4.0833,0,2,2,2,0,1414.0,20.0,282.8,1131.2,sucursal centro,special,completed_on_time
1795,ECO-ML-001269,true,2026-03-22T08:39:26+00:00,2026-03-23T07:39:26+00:00,24.0,8.65,0,1,1,1,0,725.5,0.0,0.0,725.5,sucursal norte,hospital,completed_on_time
1796,ECO-ML-001270,true,2026-03-22T13:13:36+00:00,2026-03-24T15:13:36+00:00,35.0,13.2167,0,5,5,5,0,2722.0,5.0,136.1,2585.9,matriz,normal,delayed
1797,ECO-ML-001271,true,2026-03-22T17:47:46+00:00,2026-03-25T00:47:46+00:00,58.0,17.7833,0,1,1,1,0,815.5,5.0,40.77,774.73,matriz,normal,completed_on_time
1798,ECO-ML-001272,true,2026-03-22T21:44:55+00:00,2026-03-25T08:44:55+00:00,42.0,21.7333,0,5,5,5,0,2418.0,0.0,0.0,2418.0,sucursal centro,special,delayed
540,ECO-ML-000014,true,2026-03-22T23:34:00+00:00,2026-03-24T01:30:00+00:00,32.0,17.566666666666666,0,3,3,3,0,2428.5,10.0,242.85,2185.65,matriz,hospital,completed_on_time
780,ECO-ML-000254,true,2026-03-22T23:34:00+00:00,2026-03-25T18:10:00+00:00,72.0,17.566666666666666,0,3,3,3,0,2238.0,10.0,223.8,2014.2,sucursal sur,hospital,completed_on_time
1020,ECO-ML-000494,true,2026-03-22T23:34:00+00:00,2026-03-24T16:09:00+00:00,47.0,17.566666666666666,0,3,3,3,0,2383.5,10.0,238.35,2145.15,sucursal sur,hospital,completed_on_time
1799,ECO-ML-001273,true,2026-03-23T02:19:05+00:00,2026-03-25T20:19:05+00:00,71.0,2.3167,1,5,5,5,0,2743.0,5.0,137.15,2605.85,sucursal centro,special,completed_on_time
1800,ECO-ML-001274,true,2026-03-23T06:53:14+00:00,2026-03-25T12:53:14+00:00,60.0,6.8833,1,4,4,4,0,2261.0,15.0,339.15,1921.85,sucursal norte,hospital,completed_on_time
1801,ECO-ML-001275,true,2026-03-23T10:50:24+00:00,2026-03-23T18:50:24+00:00,53.0,10.8333,1,6,6,6,0,3811.0,10.0,381.1,3429.9,matriz - centro,dif,cancelled
1802,ECO-ML-001276,true,2026-03-23T15:24:34+00:00,2026-03-25T16:24:34+00:00,51.0,15.4,1,2,2,2,0,1902.5,10.0,190.25,1712.25,matriz,normal,completed_on_time
1803,ECO-ML-001277,true,2026-03-23T19:58:43+00:00,2026-03-25T06:58:43+00:00,31.0,19.9667,1,2,3,1,0,1593.0,15.0,238.95,1354.05,sucursal centro,special,delayed
1804,ECO-ML-001278,true,2026-03-23T23:55:53+00:00,2026-03-25T01:55:53+00:00,30.0,23.9167,1,3,3,3,0,1759.5,0.0,0.0,1759.5,sucursal centro,special,completed_on_time
677,ECO-ML-000151,true,2026-03-24T00:41:00+00:00,2026-03-25T13:43:00+00:00,44.0,18.683333333333334,1,2,2,2,0,1700.0,15.0,255.0,1445.0,sucursal sur,normal,completed_on_time
917,ECO-ML-000391,true,2026-03-24T00:41:00+00:00,2026-03-25T06:23:00+00:00,19.0,18.683333333333334,1,2,2,2,0,1458.0,15.0,218.7,1239.3,sucursal sur,normal,delayed
1805,ECO-ML-001279,true,2026-03-24T04:30:03+00:00,2026-03-25T04:30:03+00:00,29.0,4.5,2,2,2,2,0,997.5,10.0,99.75,897.75,sucursal norte,hospital,completed_on_time
1806,ECO-ML-001280,true,2026-03-24T09:04:12+00:00,2026-03-25T12:04:12+00:00,20.0,9.0667,2,4,4,4,0,2341.0,10.0,234.1,2106.9,matriz,normal,delayed
1807,ECO-ML-001281,true,2026-03-24T13:38:22+00:00,2026-03-27T03:38:22+00:00,63.0,13.6333,2,1,1,1,0,1548.0,0.0,0.0,1548.0,matriz,normal,completed_on_time
574,ECO-ML-000048,true,2026-03-24T13:48:00+00:00,2026-03-25T05:16:00+00:00,16.0,7.8,2,1,1,1,0,880.0,0.0,0.0,880.0,sucursal sur,normal,completed_on_time
814,ECO-ML-000288,true,2026-03-24T13:48:00+00:00,2026-03-26T21:56:00+00:00,56.0,7.8,2,1,1,1,0,750.0,0.0,0.0,750.0,sucursal norte,normal,completed_on_time
1808,ECO-ML-001282,true,2026-03-24T17:35:32+00:00,2026-03-27T16:35:32+00:00,62.0,17.5833,2,4,4,4,0,2639.0,20.0,527.8,2111.2,sucursal centro,special,delayed
1809,ECO-ML-001283,true,2026-03-24T22:09:41+00:00,2026-03-26T10:09:41+00:00,39.0,22.15,2,1,1,1,0,310.0,15.0,46.5,263.5,sucursal centro,special,completed_on_time
1810,ECO-ML-001284,true,2026-03-25T02:43:51+00:00,2026-03-25T14:43:51+00:00,16.0,2.7167,3,1,1,1,0,600.0,20.0,120.0,480.0,sucursal norte,hospital,completed_on_time
1811,ECO-ML-001285,true,2026-03-25T06:41:01+00:00,2026-03-26T00:41:01+00:00,26.0,6.6833,3,5,6,4,0,3047.5,5.0,152.38,2895.12,matriz - centro,dif,cancelled
1812,ECO-ML-001286,true,2026-03-25T11:15:10+00:00,2026-03-27T16:15:10+00:00,59.0,11.25,3,4,4,4,0,3040.0,0.0,0.0,3040.0,matriz,normal,completed_on_time
711,ECO-ML-000185,true,2026-03-25T14:55:00+00:00,2026-03-25T16:55:00+00:00,28.0,8.916666666666666,3,6,6,6,0,3473.0,5.0,173.65,3299.35,sucursal centro,dif,cancelled
951,ECO-ML-000425,true,2026-03-25T14:55:00+00:00,2026-03-28T10:09:00+00:00,68.0,8.916666666666666,3,6,6,6,0,3635.5,5.0,181.78,3453.72,matriz - centro,dif,completed_on_time
1813,ECO-ML-001287,true,2026-03-25T15:49:20+00:00,2026-03-27T13:49:20+00:00,32.0,15.8167,3,4,4,4,0,1913.0,10.0,191.3,1721.7,sucursal centro,special,delayed
1814,ECO-ML-001288,true,2026-03-25T20:23:29+00:00,2026-03-28T06:23:29+00:00,60.0,20.3833,3,4,4,4,0,2677.5,15.0,401.62,2275.88,sucursal centro,special,completed_on_time
1815,ECO-ML-001289,true,2026-03-26T00:20:39+00:00,2026-03-27T07:20:39+00:00,34.0,0.3333,4,3,3,3,0,2473.5,5.0,123.67,2349.83,sucursal norte,hospital,completed_on_time
1816,ECO-ML-001290,true,2026-03-26T04:54:49+00:00,2026-03-29T05:54:49+00:00,56.0,4.9,4,6,6,6,0,3414.0,20.0,682.8,2731.2,matriz,normal,delayed
1817,ECO-ML-001291,true,2026-03-26T09:28:58+00:00,2026-03-29T00:28:58+00:00,68.0,9.4667,4,2,2,2,0,2278.0,15.0,341.7,1936.3,matriz,normal,completed_on_time
1818,ECO-ML-001292,true,2026-03-26T13:26:08+00:00,2026-03-29T20:26:08+00:00,60.0,13.4333,4,4,4,4,0,2654.0,0.0,0.0,2654.0,sucursal centro,special,delayed
608,ECO-ML-000082,true,2026-03-26T15:02:00+00:00,2026-03-29T06:43:00+00:00,65.0,9.033333333333331,4,5,5,5,0,2594.5,10.0,259.45,2335.05,matriz - centro,dif,completed_on_time
848,ECO-ML-000322,true,2026-03-26T15:02:00+00:00,2026-03-28T04:42:00+00:00,40.0,9.033333333333331,4,5,5,5,0,3012.0,10.0,301.2,2710.8,matriz,dif,completed_on_time
1819,ECO-ML-001293,true,2026-03-26T18:00:18+00:00,2026-03-28T16:00:18+00:00,47.0,18.0,4,3,3,3,0,2203.5,5.0,110.17,2093.33,sucursal centro,special,completed_on_time
1820,ECO-ML-001294,true,2026-03-26T22:34:27+00:00,2026-03-28T18:34:27+00:00,46.0,22.5667,4,2,2,2,0,1565.0,15.0,234.75,1330.25,sucursal norte,hospital,completed_on_time
1821,ECO-ML-001295,true,2026-03-27T02:31:37+00:00,2026-03-28T06:31:37+00:00,7.0,2.5167,5,6,6,6,0,3662.0,0.0,0.0,3662.0,matriz - centro,dif,cancelled
1822,ECO-ML-001296,true,2026-03-27T07:05:47+00:00,2026-03-27T15:05:47+00:00,12.0,7.0833,5,1,1,1,0,835.0,10.0,83.5,751.5,matriz,normal,completed_on_time
1823,ECO-ML-001297,true,2026-03-27T11:39:56+00:00,2026-03-29T09:39:56+00:00,40.0,11.65,5,4,5,3,0,2692.0,5.0,134.6,2557.4,sucursal centro,special,delayed
745,ECO-ML-000219,true,2026-03-27T16:09:00+00:00,2026-03-28T10:56:00+00:00,12.0,10.15,5,4,4,4,0,2476.0,15.0,371.4,2104.6,sucursal sur,dif,delayed
985,ECO-ML-000459,true,2026-03-27T16:09:00+00:00,2026-03-30T01:55:00+00:00,52.0,10.15,5,4,4,4,0,2684.0,15.0,402.6,2281.4,sucursal sur,dif,delayed
1824,ECO-ML-001298,true,2026-03-27T16:14:06+00:00,2026-03-29T18:14:06+00:00,56.0,16.2333,5,1,1,1,0,795.0,0.0,0.0,795.0,sucursal centro,special,completed_on_time
1825,ECO-ML-001299,true,2026-03-27T20:11:16+00:00,2026-03-30T17:11:16+00:00,70.0,20.1833,5,6,6,6,0,3725.5,10.0,372.55,3352.95,sucursal norte,hospital,completed_on_time
1826,ECO-ML-001300,true,2026-03-28T00:45:25+00:00,2026-03-29T05:45:25+00:00,20.0,0.75,6,2,2,2,0,1052.0,10.0,105.2,946.8,matriz,normal,delayed
1827,ECO-ML-001301,true,2026-03-28T05:19:35+00:00,2026-03-30T15:19:35+00:00,61.0,5.3167,6,4,4,4,0,2679.5,5.0,133.97,2545.53,matriz,normal,completed_on_time
1828,ECO-ML-001302,true,2026-03-28T09:16:45+00:00,2026-03-30T03:16:45+00:00,31.0,9.2667,6,6,6,6,0,3241.0,10.0,324.1,2916.9,sucursal centro,special,delayed
1829,ECO-ML-001303,true,2026-03-28T13:50:54+00:00,2026-03-30T00:50:54+00:00,40.0,13.8333,6,5,5,5,0,2877.0,15.0,431.55,2445.45,sucursal centro,special,completed_on_time
642,ECO-ML-000116,true,2026-03-28T17:16:00+00:00,2026-03-30T14:29:00+00:00,49.0,11.266666666666666,6,3,3,3,0,2054.0,0.0,0.0,2054.0,sucursal sur,dif,completed_on_time
882,ECO-ML-000356,true,2026-03-28T17:16:00+00:00,2026-03-30T17:09:00+00:00,24.0,11.266666666666666,6,3,3,3,0,1638.0,0.0,0.0,1638.0,sucursal sur,dif,delayed
1830,ECO-ML-001304,true,2026-03-28T18:25:04+00:00,2026-03-30T07:25:04+00:00,44.0,18.4167,6,5,5,5,1,2538.0,10.0,253.8,2284.2,matriz,normal,cancelled
1831,ECO-ML-001305,true,2026-03-28T22:22:13+00:00,2026-03-31T02:22:13+00:00,53.0,22.3667,6,3,3,3,0,2009.0,0.0,0.0,2009.0,sucursal sur,other,completed_on_time
1832,ECO-ML-001306,true,2026-03-29T02:56:23+00:00,2026-03-29T17:56:23+00:00,17.0,2.9333,0,1,1,1,0,897.0,5.0,44.85,852.15,matriz,normal,completed_on_time
1833,ECO-ML-001307,true,2026-03-29T07:30:33+00:00,2026-04-01T20:30:33+00:00,69.0,7.5,0,6,6,6,0,3362.0,15.0,504.3,2857.7,sucursal centro,special,delayed
1834,ECO-ML-001308,true,2026-03-29T12:04:42+00:00,2026-03-31T21:04:42+00:00,61.0,12.0667,0,2,2,2,0,974.0,15.0,146.1,827.9,sucursal centro,special,completed_on_time
1835,ECO-ML-001309,true,2026-03-29T16:01:52+00:00,2026-03-31T01:01:52+00:00,38.0,16.0167,0,2,2,2,0,1170.0,0.0,0.0,1170.0,sucursal norte,hospital,completed_on_time
539,ECO-ML-000013,true,2026-03-29T18:23:00+00:00,2026-03-30T10:02:00+00:00,21.0,12.383333333333333,0,2,2,2,0,992.0,5.0,49.6,942.4,sucursal sur,dif,completed_on_time
779,ECO-ML-000253,true,2026-03-29T18:23:00+00:00,2026-04-01T02:42:00+00:00,61.0,12.383333333333333,0,2,2,2,0,884.0,5.0,44.2,839.8,sucursal norte,dif,completed_on_time
1019,ECO-ML-000493,true,2026-03-29T18:23:00+00:00,2026-03-31T02:22:00+00:00,36.0,12.383333333333333,0,2,2,2,0,1035.0,5.0,51.75,983.25,sucursal centro,dif,completed_on_time
1836,ECO-ML-001310,true,2026-03-29T20:36:02+00:00,2026-04-01T11:36:02+00:00,44.0,20.6,0,5,5,5,0,3179.5,15.0,476.93,2702.57,matriz,normal,delayed
1837,ECO-ML-001311,true,2026-03-30T01:10:11+00:00,2026-03-31T05:10:11+00:00,29.0,1.1667,1,1,1,1,0,75.0,15.0,11.25,63.75,matriz,normal,completed_on_time
1838,ECO-ML-001312,true,2026-03-30T05:07:21+00:00,2026-04-01T02:07:21+00:00,42.0,5.1167,1,2,2,2,0,1235.0,0.0,0.0,1235.0,sucursal centro,special,delayed
1839,ECO-ML-001313,true,2026-03-30T09:41:31+00:00,2026-03-30T14:41:31+00:00,8.0,9.6833,1,1,1,1,0,654.0,5.0,32.7,621.3,sucursal centro,special,completed_on_time
1840,ECO-ML-001314,true,2026-03-30T14:15:40+00:00,2026-04-01T13:15:40+00:00,17.0,14.25,1,4,4,4,0,1960.5,20.0,392.1,1568.4,matriz,normal,cancelled
1841,ECO-ML-001315,true,2026-03-30T18:12:50+00:00,2026-04-02T15:12:50+00:00,74.0,18.2,1,6,6,6,0,3381.5,20.0,676.3,2705.2,sucursal sur,other,completed_on_time
676,ECO-ML-000150,true,2026-03-30T19:30:00+00:00,2026-03-31T22:15:00+00:00,33.0,13.5,1,1,1,1,0,248.0,10.0,24.8,223.2,sucursal centro,dif,completed_on_time
916,ECO-ML-000390,true,2026-03-30T19:30:00+00:00,2026-03-30T21:55:00+00:00,8.0,13.5,1,1,1,1,0,744.0,10.0,74.4,669.6,matriz - centro,dif,completed_on_time
1842,ECO-ML-001316,true,2026-03-30T22:47:00+00:00,2026-04-01T21:47:00+00:00,53.0,22.7833,1,4,4,4,0,2694.0,10.0,269.4,2424.6,matriz,normal,completed_on_time
1843,ECO-ML-001317,true,2026-03-31T03:21:09+00:00,2026-04-03T13:21:09+00:00,74.0,3.35,2,6,7,5,0,4120.5,15.0,618.08,3502.42,sucursal centro,special,delayed
1844,ECO-ML-001318,true,2026-03-31T07:55:19+00:00,2026-04-02T23:55:19+00:00,66.0,7.9167,2,3,3,3,0,1540.0,10.0,154.0,1386.0,sucursal centro,special,completed_on_time
1845,ECO-ML-001319,true,2026-03-31T11:52:28+00:00,2026-04-02T03:52:28+00:00,43.0,11.8667,2,3,3,3,0,1453.0,15.0,217.95,1235.05,sucursal norte,hospital,completed_on_time
1846,ECO-ML-001320,true,2026-03-31T16:26:38+00:00,2026-04-03T00:26:38+00:00,45.0,16.4333,2,6,6,6,0,3919.0,10.0,391.9,3527.1,matriz,normal,delayed
573,ECO-ML-000047,true,2026-03-31T20:37:00+00:00,2026-04-03T12:29:00+00:00,70.0,14.616666666666664,2,6,6,6,0,3381.5,15.0,507.23,2874.27,matriz - centro,special,completed_on_time
813,ECO-ML-000287,true,2026-03-31T20:37:00+00:00,2026-04-03T19:28:00+00:00,45.0,14.616666666666664,2,6,6,6,0,3504.0,15.0,525.6,2978.4,matriz,special,delayed
1847,ECO-ML-001321,true,2026-03-31T21:00:48+00:00,2026-04-02T02:00:48+00:00,34.0,21.0,2,1,1,1,0,1030.0,10.0,103.0,927.0,matriz,normal,completed_on_time
1848,ECO-ML-001322,true,2026-04-01T00:57:57+00:00,2026-04-02T08:57:57+00:00,19.0,0.95,3,5,5,5,0,3602.5,5.0,180.12,3422.38,sucursal centro,special,delayed
1849,ECO-ML-001323,true,2026-04-01T05:32:07+00:00,2026-04-01T14:32:07+00:00,10.0,5.5333,3,1,1,1,0,567.0,5.0,28.35,538.65,sucursal centro,special,completed_on_time
1850,ECO-ML-001324,true,2026-04-01T10:06:17+00:00,2026-04-01T19:06:17+00:00,11.0,10.1,3,6,6,6,0,3906.5,15.0,585.98,3320.52,matriz,normal,cancelled
1851,ECO-ML-001325,true,2026-04-01T14:40:26+00:00,2026-04-03T17:40:26+00:00,54.0,14.6667,3,1,1,1,0,621.0,0.0,0.0,621.0,sucursal sur,other,completed_on_time
1852,ECO-ML-001326,true,2026-04-01T18:37:36+00:00,2026-04-02T11:37:36+00:00,21.0,18.6167,3,1,1,1,0,855.0,0.0,0.0,855.0,matriz,normal,completed_on_time
710,ECO-ML-000184,true,2026-04-01T21:44:00+00:00,2026-04-01T23:44:00+00:00,17.0,15.733333333333333,3,5,5,5,0,2910.0,0.0,0.0,2910.0,sucursal sur,dif,cancelled
950,ECO-ML-000424,true,2026-04-01T21:44:00+00:00,2026-04-04T06:41:00+00:00,57.0,15.733333333333333,3,5,5,5,0,2744.0,0.0,0.0,2744.0,sucursal sur,dif,completed_on_time
1853,ECO-ML-001327,true,2026-04-01T23:11:46+00:00,2026-04-03T22:11:46+00:00,29.0,23.1833,3,4,4,4,0,1867.5,15.0,280.12,1587.38,sucursal centro,special,delayed
1854,ECO-ML-001328,true,2026-04-02T03:45:55+00:00,2026-04-04T08:45:55+00:00,59.0,3.75,4,5,5,5,0,3005.5,20.0,601.1,2404.4,sucursal centro,special,completed_on_time
1855,ECO-ML-001329,true,2026-04-02T07:43:05+00:00,2026-04-05T07:43:05+00:00,73.0,7.7167,4,4,4,4,0,1921.0,10.0,192.1,1728.9,sucursal norte,hospital,completed_on_time
1856,ECO-ML-001330,true,2026-04-02T12:17:15+00:00,2026-04-04T08:17:15+00:00,41.0,12.2833,4,2,2,2,0,1836.0,20.0,367.2,1468.8,matriz,normal,delayed
1857,ECO-ML-001331,true,2026-04-02T16:51:24+00:00,2026-04-04T07:51:24+00:00,42.0,16.85,4,3,3,3,0,2040.5,20.0,408.1,1632.4,matriz,normal,completed_on_time
1858,ECO-ML-001332,true,2026-04-02T20:48:34+00:00,2026-04-04T07:48:34+00:00,30.0,20.8,4,2,2,2,0,1055.0,0.0,0.0,1055.0,sucursal centro,special,delayed
607,ECO-ML-000081,true,2026-04-02T22:51:00+00:00,2026-04-05T17:15:00+00:00,54.0,16.85,4,4,4,4,0,2654.0,5.0,132.7,2521.3,sucursal sur,dif,delayed
847,ECO-ML-000321,true,2026-04-02T22:51:00+00:00,2026-04-04T15:14:00+00:00,29.0,16.85,4,4,4,4,0,2872.0,5.0,143.6,2728.4,sucursal sur,dif,delayed
1859,ECO-ML-001333,true,2026-04-03T01:22:43+00:00,2026-04-04T15:22:43+00:00,43.0,1.3667,5,3,3,3,0,1883.5,0.0,0.0,1883.5,sucursal centro,special,completed_on_time
1860,ECO-ML-001334,true,2026-04-03T05:56:53+00:00,2026-04-04T00:56:53+00:00,29.0,5.9333,5,6,6,6,0,3563.0,15.0,534.45,3028.55,matriz,normal,cancelled
1861,ECO-ML-001335,true,2026-04-03T10:31:03+00:00,2026-04-04T07:31:03+00:00,22.0,10.5167,5,3,3,3,0,1574.5,5.0,78.72,1495.78,sucursal sur,other,completed_on_time
1862,ECO-ML-001336,true,2026-04-03T14:28:12+00:00,2026-04-05T15:28:12+00:00,51.0,14.4667,5,1,1,1,0,1397.5,15.0,209.62,1187.88,matriz,normal,completed_on_time
1863,ECO-ML-001337,true,2026-04-03T19:02:22+00:00,2026-04-06T19:02:22+00:00,62.0,19.0333,5,5,6,4,0,2610.5,10.0,261.05,2349.45,sucursal centro,special,delayed
1864,ECO-ML-001338,true,2026-04-03T23:36:32+00:00,2026-04-04T22:36:32+00:00,27.0,23.6,5,1,1,1,0,705.5,10.0,70.55,634.95,sucursal centro,special,completed_on_time
744,ECO-ML-000218,true,2026-04-03T23:58:00+00:00,2026-04-06T16:28:00+00:00,66.0,17.966666666666665,5,3,3,3,0,1405.0,10.0,140.5,1264.5,sucursal norte,dif,completed_on_time
984,ECO-ML-000458,true,2026-04-03T23:58:00+00:00,2026-04-05T14:27:00+00:00,41.0,17.966666666666665,5,3,3,3,0,1273.0,10.0,127.3,1145.7,sucursal centro,dif,completed_on_time
1865,ECO-ML-001339,true,2026-04-04T03:33:41+00:00,2026-04-06T19:33:41+00:00,69.0,3.55,6,1,1,1,0,497.5,15.0,74.62,422.88,sucursal norte,hospital,completed_on_time
1866,ECO-ML-001340,true,2026-04-04T08:07:51+00:00,2026-04-07T01:07:51+00:00,52.0,8.1167,6,4,4,4,0,3271.0,10.0,327.1,2943.9,matriz,normal,delayed
1867,ECO-ML-001341,true,2026-04-04T12:42:01+00:00,2026-04-06T10:42:01+00:00,47.0,12.7,6,4,4,4,0,3574.0,0.0,0.0,3574.0,matriz,normal,completed_on_time
1868,ECO-ML-001342,true,2026-04-04T16:39:10+00:00,2026-04-06T02:39:10+00:00,19.0,16.65,6,3,3,3,0,1597.5,5.0,79.88,1517.62,sucursal centro,special,delayed
1869,ECO-ML-001343,true,2026-04-04T21:13:20+00:00,2026-04-06T18:13:20+00:00,48.0,21.2167,6,4,4,4,0,2381.5,10.0,238.15,2143.35,sucursal centro,special,completed_on_time
641,ECO-ML-000115,true,2026-04-05T00:05:00+00:00,2026-04-06T11:01:00+00:00,38.0,18.08333333333333,6,2,2,2,0,1260.0,15.0,189.0,1071.0,sucursal centro,dif,completed_on_time
881,ECO-ML-000355,true,2026-04-05T00:05:00+00:00,2026-04-06T11:41:00+00:00,13.0,18.08333333333333,6,2,2,2,0,1097.0,15.0,164.55,932.45,matriz - centro,dif,delayed
1870,ECO-ML-001344,true,2026-04-05T01:47:30+00:00,2026-04-06T06:47:30+00:00,19.0,1.7833,0,5,5,5,0,3045.0,0.0,0.0,3045.0,matriz,normal,cancelled
1871,ECO-ML-001345,true,2026-04-05T06:21:39+00:00,2026-04-07T17:21:39+00:00,64.0,6.35,0,3,3,3,0,1793.5,5.0,89.67,1703.83,sucursal sur,other,completed_on_time
1872,ECO-ML-001346,true,2026-04-05T10:18:49+00:00,2026-04-06T11:18:49+00:00,31.0,10.3,0,2,2,2,0,2153.0,10.0,215.3,1937.7,matriz,normal,completed_on_time
538,ECO-ML-000012,true,2026-04-05T13:12:00+00:00,2026-04-05T18:34:00+00:00,10.0,7.2,0,1,1,1,0,612.0,0.0,0.0,612.0,matriz - centro,special,completed_on_time
778,ECO-ML-000252,true,2026-04-05T13:12:00+00:00,2026-04-07T11:14:00+00:00,50.0,7.2,0,1,1,1,0,576.0,0.0,0.0,576.0,matriz,special,completed_on_time
1018,ECO-ML-000492,true,2026-04-05T13:12:00+00:00,2026-04-06T10:54:00+00:00,25.0,7.2,0,1,1,1,0,765.0,0.0,0.0,765.0,sucursal sur,special,completed_on_time
1873,ECO-ML-001347,true,2026-04-05T14:52:58+00:00,2026-04-07T01:52:58+00:00,33.0,14.8667,0,2,2,2,0,1060.0,20.0,212.0,848.0,sucursal centro,special,delayed
1874,ECO-ML-001348,true,2026-04-05T19:27:08+00:00,2026-04-08T17:27:08+00:00,72.0,19.45,0,2,2,2,0,1281.0,20.0,256.2,1024.8,sucursal centro,special,completed_on_time
1875,ECO-ML-001349,true,2026-04-05T23:24:18+00:00,2026-04-07T18:24:18+00:00,46.0,23.4,0,1,1,1,0,774.0,0.0,0.0,774.0,sucursal norte,hospital,completed_on_time
1876,ECO-ML-001350,true,2026-04-06T03:58:27+00:00,2026-04-08T01:58:27+00:00,41.0,3.9667,1,6,6,6,0,4024.5,20.0,804.9,3219.6,matriz,normal,delayed
1877,ECO-ML-001351,true,2026-04-06T08:32:37+00:00,2026-04-08T07:32:37+00:00,52.0,8.5333,1,5,5,5,0,3809.5,10.0,380.95,3428.55,matriz,normal,completed_on_time
1878,ECO-ML-001352,true,2026-04-06T12:29:47+00:00,2026-04-08T23:29:47+00:00,52.0,12.4833,1,4,4,4,0,2360.0,0.0,0.0,2360.0,sucursal centro,special,delayed
675,ECO-ML-000149,true,2026-04-06T14:19:00+00:00,2026-04-07T19:47:00+00:00,22.0,8.316666666666666,1,6,6,6,0,3196.0,5.0,159.8,3036.2,sucursal sur,hospital,delayed
915,ECO-ML-000389,true,2026-04-06T14:19:00+00:00,2026-04-09T12:27:00+00:00,62.0,8.316666666666666,1,6,6,6,0,3497.0,5.0,174.85,3322.15,sucursal sur,hospital,delayed
1879,ECO-ML-001353,true,2026-04-06T17:03:56+00:00,2026-04-07T20:03:56+00:00,28.0,17.05,1,5,5,5,0,2860.0,5.0,143.0,2717.0,sucursal centro,special,completed_on_time
1880,ECO-ML-001354,true,2026-04-06T21:38:06+00:00,2026-04-08T12:38:06+00:00,17.0,21.6333,1,6,6,6,0,4568.0,20.0,913.6,3654.4,matriz,normal,cancelled
1881,ECO-ML-001355,true,2026-04-07T02:12:16+00:00,2026-04-09T23:12:16+00:00,72.0,2.2,2,5,5,5,0,1854.0,15.0,278.1,1575.9,sucursal sur,other,completed_on_time
1882,ECO-ML-001356,true,2026-04-07T06:09:25+00:00,2026-04-09T15:09:25+00:00,61.0,6.15,2,3,3,3,0,1995.0,20.0,399.0,1596.0,matriz,normal,completed_on_time
23,ECO-REAL-000023,false,2026-04-07T06:30:36.569000+00:00,2026-04-23T04:12:33.144000+00:00,55.48984175305556,0.5,2,1,1,1,0,85.0,0.0,0.0,85.0,matriz - centro,normal,delayed
1883,ECO-ML-001357,true,2026-04-07T10:43:35+00:00,2026-04-08T23:43:35+00:00,25.0,10.7167,2,4,5,3,0,2368.0,5.0,118.4,2249.6,sucursal centro,special,delayed
1884,ECO-ML-001358,true,2026-04-07T15:17:45+00:00,2026-04-08T22:17:45+00:00,37.0,15.2833,2,3,3,3,0,1968.0,0.0,0.0,1968.0,sucursal centro,special,completed_on_time
572,ECO-ML-000046,true,2026-04-07T15:26:00+00:00,2026-04-09T21:01:00+00:00,59.0,9.433333333333332,2,5,5,5,0,2825.5,10.0,282.55,2542.95,sucursal sur,dif,completed_on_time
812,ECO-ML-000286,true,2026-04-07T15:26:00+00:00,2026-04-10T02:00:00+00:00,34.0,9.433333333333332,2,5,5,5,0,3179.5,10.0,317.95,2861.55,sucursal sur,dif,delayed
1885,ECO-ML-001359,true,2026-04-07T19:14:54+00:00,2026-04-09T21:14:54+00:00,51.0,19.2333,2,2,2,2,0,1549.0,10.0,154.9,1394.1,sucursal norte,hospital,completed_on_time
1886,ECO-ML-001360,true,2026-04-07T23:49:04+00:00,2026-04-10T06:49:04+00:00,40.0,23.8167,2,3,3,3,0,994.0,5.0,49.7,944.3,matriz,normal,delayed
1887,ECO-ML-001361,true,2026-04-08T04:23:13+00:00,2026-04-08T21:23:13+00:00,20.0,4.3833,3,1,1,1,0,1394.0,0.0,0.0,1394.0,matriz,normal,completed_on_time
1888,ECO-ML-001362,true,2026-04-08T08:57:23+00:00,2026-04-11T09:57:23+00:00,56.0,8.95,3,6,6,6,0,2912.5,10.0,291.25,2621.25,sucursal centro,special,delayed
1889,ECO-ML-001363,true,2026-04-08T12:54:33+00:00,2026-04-10T20:54:33+00:00,61.0,12.9,3,1,1,1,0,925.0,15.0,138.75,786.25,sucursal centro,special,completed_on_time
709,ECO-ML-000183,true,2026-04-08T16:33:00+00:00,2026-04-11T09:14:00+00:00,71.0,10.55,3,4,4,4,0,2101.0,15.0,315.15,1785.85,sucursal norte,dif,completed_on_time
949,ECO-ML-000423,true,2026-04-08T16:33:00+00:00,2026-04-10T07:13:00+00:00,46.0,10.55,3,4,4,4,0,2225.5,15.0,333.83,1891.67,sucursal centro,dif,completed_on_time
1890,ECO-ML-001364,true,2026-04-08T17:28:42+00:00,2026-04-10T18:28:42+00:00,20.0,17.4667,3,6,6,6,0,3787.0,5.0,189.35,3597.65,matriz,normal,cancelled
1891,ECO-ML-001365,true,2026-04-08T22:02:52+00:00,2026-04-11T23:02:52+00:00,74.0,22.0333,3,5,5,5,0,2732.5,0.0,0.0,2732.5,sucursal sur,other,completed_on_time
1892,ECO-ML-001366,true,2026-04-09T02:00:02+00:00,2026-04-10T17:00:02+00:00,41.0,2.0,4,4,4,4,0,3166.0,0.0,0.0,3166.0,matriz,normal,completed_on_time
1893,ECO-ML-001367,true,2026-04-09T06:34:11+00:00,2026-04-11T04:34:11+00:00,42.0,6.5667,4,3,3,3,0,1827.0,10.0,182.7,1644.3,sucursal centro,special,delayed
1894,ECO-ML-001368,true,2026-04-09T11:08:21+00:00,2026-04-11T16:08:21+00:00,57.0,11.1333,4,4,4,4,0,1623.0,15.0,243.45,1379.55,sucursal centro,special,completed_on_time
1895,ECO-ML-001369,true,2026-04-09T15:05:31+00:00,2026-04-11T18:05:31+00:00,56.0,15.0833,4,3,3,3,0,1638.0,5.0,81.9,1556.1,sucursal norte,hospital,completed_on_time
606,ECO-ML-000080,true,2026-04-09T17:40:00+00:00,2026-04-11T12:47:00+00:00,43.0,11.666666666666666,4,3,3,3,0,1883.5,0.0,0.0,1883.5,sucursal centro,dif,completed_on_time
846,ECO-ML-000320,true,2026-04-09T17:40:00+00:00,2026-04-10T12:27:00+00:00,18.0,11.666666666666666,4,3,3,3,0,1484.5,0.0,0.0,1484.5,matriz - centro,dif,completed_on_time
1896,ECO-ML-001370,true,2026-04-09T19:39:40+00:00,2026-04-13T04:39:40+00:00,74.0,19.65,4,6,6,6,0,3621.5,20.0,724.3,2897.2,matriz,normal,delayed
1897,ECO-ML-001371,true,2026-04-10T00:13:50+00:00,2026-04-10T21:13:50+00:00,22.0,0.2167,5,1,1,1,0,1329.0,20.0,265.8,1063.2,matriz,normal,completed_on_time
1898,ECO-ML-001372,true,2026-04-10T04:48:00+00:00,2026-04-13T14:48:00+00:00,73.0,4.8,5,5,5,5,0,3114.0,0.0,0.0,3114.0,sucursal centro,special,delayed
1899,ECO-ML-001373,true,2026-04-10T08:45:09+00:00,2026-04-12T23:45:09+00:00,66.0,8.75,5,2,2,2,0,1274.0,10.0,127.4,1146.6,sucursal centro,special,completed_on_time
1900,ECO-ML-001374,true,2026-04-10T13:19:19+00:00,2026-04-11T00:19:19+00:00,4.0,13.3167,5,6,6,6,0,3108.0,20.0,621.6,2486.4,matriz,normal,cancelled
1901,ECO-ML-001375,true,2026-04-10T17:53:28+00:00,2026-04-12T06:53:28+00:00,42.0,17.8833,5,1,1,1,0,75.0,5.0,3.75,71.25,sucursal sur,other,completed_on_time
743,ECO-ML-000217,true,2026-04-10T18:47:00+00:00,2026-04-13T01:00:00+00:00,55.0,12.783333333333331,5,2,2,2,0,1357.5,5.0,67.88,1289.62,matriz,hospital,completed_on_time
983,ECO-ML-000457,true,2026-04-10T18:47:00+00:00,2026-04-12T05:40:00+00:00,30.0,12.783333333333331,5,2,2,2,0,1145.0,5.0,57.25,1087.75,sucursal sur,hospital,delayed
1902,ECO-ML-001376,true,2026-04-10T21:50:38+00:00,2026-04-11T00:50:38+00:00,9.0,21.8333,5,1,1,1,0,614.0,10.0,61.4,552.6,matriz,normal,completed_on_time
1903,ECO-ML-001377,true,2026-04-11T02:24:48+00:00,2026-04-13T14:24:48+00:00,46.0,2.4,6,6,7,5,1,3787.0,0.0,0.0,3787.0,sucursal centro,special,delayed
1904,ECO-ML-001378,true,2026-04-11T06:58:57+00:00,2026-04-13T18:58:57+00:00,62.0,6.9667,6,5,5,5,0,3290.5,10.0,329.05,2961.45,sucursal centro,special,completed_on_time
1905,ECO-ML-001379,true,2026-04-11T10:56:07+00:00,2026-04-13T20:56:07+00:00,61.0,10.9333,6,4,4,4,0,2472.0,20.0,494.4,1977.6,sucursal norte,hospital,completed_on_time
1906,ECO-ML-001380,true,2026-04-11T15:30:17+00:00,2026-04-13T05:30:17+00:00,21.0,15.5,6,5,5,5,0,1611.0,0.0,0.0,1611.0,matriz,normal,delayed
640,ECO-ML-000114,true,2026-04-11T19:54:00+00:00,2026-04-12T20:33:00+00:00,27.0,13.9,6,1,1,1,0,885.5,10.0,88.55,796.95,sucursal sur,hospital,completed_on_time
880,ECO-ML-000354,true,2026-04-11T19:54:00+00:00,2026-04-14T13:13:00+00:00,67.0,13.9,6,1,1,1,0,632.5,10.0,63.25,569.25,sucursal sur,hospital,completed_on_time
1907,ECO-ML-001381,true,2026-04-11T20:04:26+00:00,2026-04-12T21:04:26+00:00,30.0,20.0667,6,3,3,3,0,2536.0,10.0,253.6,2282.4,matriz,normal,completed_on_time
1908,ECO-ML-001382,true,2026-04-12T00:38:36+00:00,2026-04-14T11:38:36+00:00,40.0,0.6333,0,4,4,4,0,2741.0,20.0,548.2,2192.8,sucursal centro,special,delayed
1909,ECO-ML-001383,true,2026-04-12T04:35:46+00:00,2026-04-15T02:35:46+00:00,71.0,4.5833,0,3,3,3,0,863.0,5.0,43.15,819.85,sucursal centro,special,completed_on_time
1910,ECO-ML-001384,true,2026-04-12T09:09:55+00:00,2026-04-13T06:09:55+00:00,7.0,9.15,0,6,6,6,0,3346.5,5.0,167.32,3179.18,matriz,normal,cancelled
1911,ECO-ML-001385,true,2026-04-12T13:44:05+00:00,2026-04-14T12:44:05+00:00,50.0,13.7333,0,3,3,3,0,1523.0,0.0,0.0,1523.0,sucursal sur,other,completed_on_time
1912,ECO-ML-001386,true,2026-04-12T17:41:15+00:00,2026-04-14T04:41:15+00:00,39.0,17.6833,0,1,1,1,0,771.0,5.0,38.55,732.45,matriz,normal,completed_on_time
537,ECO-ML-000011,true,2026-04-12T20:01:00+00:00,2026-04-16T02:47:00+00:00,64.0,14.016666666666666,0,6,6,6,0,4210.5,15.0,631.58,3578.92,sucursal sur,other,delayed
777,ECO-ML-000251,true,2026-04-12T20:01:00+00:00,2026-04-15T00:46:00+00:00,39.0,14.016666666666666,0,6,6,6,0,3874.0,15.0,581.1,3292.9,sucursal sur,other,delayed
1017,ECO-ML-000491,true,2026-04-12T20:01:00+00:00,2026-04-12T22:01:00+00:00,14.0,14.016666666666666,0,6,6,6,0,4388.0,15.0,658.2,3729.8,sucursal norte,other,cancelled
1913,ECO-ML-001387,true,2026-04-12T22:15:24+00:00,2026-04-13T23:15:24+00:00,19.0,22.25,0,1,1,1,0,924.0,20.0,184.8,739.2,sucursal centro,special,delayed
1914,ECO-ML-001388,true,2026-04-13T02:49:34+00:00,2026-04-13T14:49:34+00:00,18.0,2.8167,1,2,2,2,0,877.0,15.0,131.55,745.45,sucursal centro,special,completed_on_time
1915,ECO-ML-001389,true,2026-04-13T06:46:43+00:00,2026-04-13T22:46:43+00:00,17.0,6.7667,1,1,1,1,0,666.0,5.0,33.3,632.7,sucursal norte,hospital,completed_on_time
1916,ECO-ML-001390,true,2026-04-13T11:20:53+00:00,2026-04-14T23:20:53+00:00,27.0,11.3333,1,6,6,6,0,3611.0,20.0,722.2,2888.8,matriz,normal,delayed
1917,ECO-ML-001391,true,2026-04-13T15:55:03+00:00,2026-04-15T15:55:03+00:00,51.0,15.9167,1,1,1,1,0,756.0,15.0,113.4,642.6,matriz,normal,completed_on_time
1918,ECO-ML-001392,true,2026-04-13T20:29:12+00:00,2026-04-17T04:29:12+00:00,69.0,20.4833,1,6,6,6,0,3277.0,10.0,327.7,2949.3,sucursal centro,special,delayed
674,ECO-ML-000148,true,2026-04-13T21:08:00+00:00,2026-04-14T16:00:00+00:00,11.0,15.133333333333333,1,5,5,5,0,3467.5,0.0,0.0,3467.5,sucursal norte,dif,delayed
914,ECO-ML-000388,true,2026-04-13T21:08:00+00:00,2026-04-15T19:59:00+00:00,51.0,15.133333333333333,1,5,5,5,0,3714.0,0.0,0.0,3714.0,sucursal centro,dif,completed_on_time
1919,ECO-ML-001393,true,2026-04-14T00:26:22+00:00,2026-04-15T22:26:22+00:00,51.0,0.4333,2,4,4,4,0,1812.5,0.0,0.0,1812.5,sucursal centro,special,completed_on_time
1920,ECO-ML-001394,true,2026-04-14T05:00:32+00:00,2026-04-15T12:00:32+00:00,20.0,5.0,2,5,5,5,0,3659.0,20.0,731.8,2927.2,matriz,normal,cancelled
1921,ECO-ML-001395,true,2026-04-14T09:34:41+00:00,2026-04-16T12:34:41+00:00,52.0,9.5667,2,3,3,3,0,1962.5,15.0,294.38,1668.12,sucursal sur,other,completed_on_time
1922,ECO-ML-001396,true,2026-04-14T13:31:51+00:00,2026-04-15T06:31:51+00:00,19.0,13.5167,2,2,2,2,0,1630.5,20.0,326.1,1304.4,matriz,normal,completed_on_time
1923,ECO-ML-001397,true,2026-04-14T18:06:01+00:00,2026-04-17T01:06:01+00:00,39.0,18.1,2,5,6,4,0,2871.0,0.0,0.0,2871.0,sucursal centro,special,delayed
571,ECO-ML-000045,true,2026-04-14T22:15:00+00:00,2026-04-16T17:33:00+00:00,48.0,16.25,2,4,4,4,0,2336.5,5.0,116.83,2219.67,sucursal centro,dif,completed_on_time
811,ECO-ML-000285,true,2026-04-14T22:15:00+00:00,2026-04-16T22:13:00+00:00,23.0,16.25,2,4,4,4,0,1912.5,5.0,95.63,1816.87,matriz - centro,dif,delayed
1924,ECO-ML-001398,true,2026-04-14T22:40:10+00:00,2026-04-15T14:40:10+00:00,20.0,22.6667,2,2,2,2,0,1390.0,15.0,208.5,1181.5,sucursal centro,special,completed_on_time
1925,ECO-ML-001399,true,2026-04-15T03:14:20+00:00,2026-04-17T12:14:20+00:00,62.0,3.2333,3,2,2,2,0,811.0,20.0,162.2,648.8,sucursal norte,hospital,completed_on_time
1926,ECO-ML-001400,true,2026-04-15T07:11:30+00:00,2026-04-17T04:11:30+00:00,26.0,7.1833,3,3,3,3,0,2108.0,5.0,105.4,2002.6,matriz,normal,delayed
1927,ECO-ML-001401,true,2026-04-15T11:45:39+00:00,2026-04-16T17:45:39+00:00,31.0,11.75,3,1,1,1,0,797.5,10.0,79.75,717.75,matriz,normal,completed_on_time
1928,ECO-ML-001402,true,2026-04-15T16:19:49+00:00,2026-04-18T21:19:49+00:00,74.0,16.3167,3,6,6,6,0,3415.0,10.0,341.5,3073.5,sucursal centro,special,delayed
1929,ECO-ML-001403,true,2026-04-15T20:16:59+00:00,2026-04-17T01:16:59+00:00,32.0,20.2667,3,1,1,1,0,703.5,5.0,35.17,668.33,sucursal centro,special,completed_on_time
708,ECO-ML-000182,true,2026-04-15T23:22:00+00:00,2026-04-18T05:46:00+00:00,60.0,17.366666666666667,3,3,3,3,0,1658.5,10.0,165.85,1492.65,matriz,hospital,completed_on_time
948,ECO-ML-000422,true,2026-04-15T23:22:00+00:00,2026-04-17T03:45:00+00:00,35.0,17.366666666666667,3,3,3,3,0,2068.0,10.0,206.8,1861.2,sucursal sur,hospital,completed_on_time
1930,ECO-ML-001404,true,2026-04-16T00:51:08+00:00,2026-04-17T17:51:08+00:00,26.0,0.85,4,6,6,6,0,3870.0,15.0,580.5,3289.5,matriz,normal,cancelled
1931,ECO-ML-001405,true,2026-04-16T05:25:18+00:00,2026-04-19T04:25:18+00:00,76.0,5.4167,4,1,1,1,0,678.5,0.0,0.0,678.5,sucursal sur,other,completed_on_time
1932,ECO-ML-001406,true,2026-04-16T09:22:27+00:00,2026-04-18T20:22:27+00:00,65.0,9.3667,4,5,5,5,0,4222.0,5.0,211.1,4010.9,matriz,normal,completed_on_time
1933,ECO-ML-001407,true,2026-04-16T13:56:37+00:00,2026-04-18T20:56:37+00:00,47.0,13.9333,4,6,6,6,0,3344.0,15.0,501.6,2842.4,sucursal centro,special,delayed
1934,ECO-ML-001408,true,2026-04-16T18:30:47+00:00,2026-04-19T00:30:47+00:00,56.0,18.5,4,5,5,5,0,3502.0,20.0,700.4,2801.6,sucursal centro,special,completed_on_time
1935,ECO-ML-001409,true,2026-04-16T23:04:56+00:00,2026-04-19T03:04:56+00:00,55.0,23.0667,4,4,4,4,0,2945.0,10.0,294.5,2650.5,sucursal norte,hospital,completed_on_time
605,ECO-ML-000079,true,2026-04-17T00:29:00+00:00,2026-04-18T18:19:00+00:00,32.0,18.48333333333333,4,2,2,2,0,1746.0,15.0,261.9,1484.1,sucursal sur,hospital,delayed
845,ECO-ML-000319,true,2026-04-17T00:29:00+00:00,2026-04-19T17:59:00+00:00,72.0,18.48333333333333,4,2,2,2,0,1416.0,15.0,212.4,1203.6,sucursal sur,hospital,completed_on_time
1936,ECO-ML-001410,true,2026-04-17T03:02:06+00:00,2026-04-20T04:02:06+00:00,62.0,3.0333,5,6,6,6,0,3184.0,15.0,477.6,2706.4,matriz,normal,delayed
1937,ECO-ML-001411,true,2026-04-17T07:36:16+00:00,2026-04-19T15:36:16+00:00,61.0,7.6,5,2,2,2,0,1409.5,5.0,70.47,1339.03,matriz,normal,completed_on_time
1938,ECO-ML-001412,true,2026-04-17T12:10:25+00:00,2026-04-20T07:10:25+00:00,54.0,12.1667,5,4,4,4,0,2416.0,10.0,241.6,2174.4,sucursal centro,special,delayed
742,ECO-ML-000216,true,2026-04-17T13:36:00+00:00,2026-04-19T09:32:00+00:00,44.0,7.6,5,1,1,1,0,864.0,0.0,0.0,864.0,sucursal sur,other,completed_on_time
982,ECO-ML-000456,true,2026-04-17T13:36:00+00:00,2026-04-18T12:12:00+00:00,19.0,7.6,5,1,1,1,0,780.0,0.0,0.0,780.0,sucursal norte,other,delayed
1939,ECO-ML-001413,true,2026-04-17T16:07:35+00:00,2026-04-19T07:07:35+00:00,40.0,16.1167,5,3,3,3,0,2084.5,0.0,0.0,2084.5,sucursal centro,special,completed_on_time
1940,ECO-ML-001414,true,2026-04-17T20:41:45+00:00,2026-04-17T23:41:45+00:00,44.0,20.6833,5,6,6,6,0,3865.0,15.0,579.75,3285.25,matriz,normal,cancelled
1941,ECO-ML-001415,true,2026-04-18T01:15:54+00:00,2026-04-19T15:15:54+00:00,41.0,1.25,6,2,2,2,0,1791.0,10.0,179.1,1611.9,sucursal sur,other,completed_on_time
1942,ECO-ML-001416,true,2026-04-18T05:13:04+00:00,2026-04-18T09:13:04+00:00,8.0,5.2167,6,1,1,1,0,1350.0,15.0,202.5,1147.5,matriz,normal,completed_on_time
1943,ECO-ML-001417,true,2026-04-18T09:47:14+00:00,2026-04-21T22:47:14+00:00,67.0,9.7833,6,6,7,5,0,3493.5,15.0,524.02,2969.48,sucursal centro,special,delayed
1944,ECO-ML-001418,true,2026-04-18T14:21:23+00:00,2026-04-20T09:21:23+00:00,49.0,14.35,6,1,1,1,0,816.0,10.0,81.6,734.4,sucursal centro,special,completed_on_time
639,ECO-ML-000113,true,2026-04-18T14:43:00+00:00,2026-04-18T16:43:00+00:00,16.0,8.716666666666665,6,6,6,6,0,3967.0,5.0,198.35,3768.65,sucursal norte,normal,cancelled
879,ECO-ML-000353,true,2026-04-18T14:43:00+00:00,2026-04-20T21:45:00+00:00,56.0,8.716666666666665,6,6,6,6,0,3904.5,5.0,195.23,3709.27,sucursal centro,normal,completed_on_time
1945,ECO-ML-001419,true,2026-04-18T18:55:33+00:00,2026-04-19T19:55:33+00:00,26.0,18.9167,6,1,1,1,0,300.0,15.0,45.0,255.0,sucursal norte,hospital,completed_on_time
1946,ECO-ML-001420,true,2026-04-18T22:52:42+00:00,2026-04-21T13:52:42+00:00,60.0,22.8667,6,5,5,5,0,3710.0,0.0,0.0,3710.0,matriz,normal,delayed
1947,ECO-ML-001421,true,2026-04-19T03:26:52+00:00,2026-04-21T06:26:52+00:00,54.0,3.4333,0,4,4,4,0,2494.0,0.0,0.0,2494.0,matriz,normal,completed_on_time
1948,ECO-ML-001422,true,2026-04-19T08:01:02+00:00,2026-04-21T02:01:02+00:00,37.0,8.0167,0,6,6,6,0,3093.0,5.0,154.65,2938.35,sucursal centro,special,delayed
1949,ECO-ML-001423,true,2026-04-19T11:58:11+00:00,2026-04-22T04:58:11+00:00,70.0,11.9667,0,4,4,4,0,2371.5,10.0,237.15,2134.35,sucursal centro,special,completed_on_time
536,ECO-ML-000010,true,2026-04-19T15:50:00+00:00,2026-04-22T10:19:00+00:00,53.0,9.83333333333333,0,5,5,5,0,2610.5,10.0,261.05,2349.45,sucursal centro,dif,delayed
776,ECO-ML-000250,true,2026-04-19T15:50:00+00:00,2026-04-20T17:18:00+00:00,28.0,9.83333333333333,0,5,5,5,0,2770.0,10.0,277.0,2493.0,matriz - centro,dif,completed_on_time
1016,ECO-ML-000490,true,2026-04-19T15:50:00+00:00,2026-04-22T09:58:00+00:00,68.0,9.83333333333333,0,5,5,5,0,1674.0,10.0,167.4,1506.6,matriz,dif,completed_on_time
1950,ECO-ML-001424,true,2026-04-19T16:32:21+00:00,2026-04-20T05:32:21+00:00,17.0,16.5333,0,5,5,5,0,2287.5,10.0,228.75,2058.75,matriz,normal,cancelled
1951,ECO-ML-001425,true,2026-04-19T21:06:31+00:00,2026-04-21T21:06:31+00:00,49.0,21.1,0,4,4,4,0,3244.0,0.0,0.0,3244.0,sucursal sur,other,completed_on_time
1952,ECO-ML-001426,true,2026-04-20T01:03:40+00:00,2026-04-21T13:03:40+00:00,38.0,1.05,1,2,2,2,0,1721.0,10.0,172.1,1548.9,matriz,normal,completed_on_time
1953,ECO-ML-001427,true,2026-04-20T05:37:50+00:00,2026-04-23T18:37:50+00:00,75.0,5.6167,1,5,5,5,0,3136.0,10.0,313.6,2822.4,sucursal centro,special,delayed
1954,ECO-ML-001428,true,2026-04-20T10:12:00+00:00,2026-04-22T12:12:00+00:00,54.0,10.2,1,2,2,2,0,1194.0,20.0,238.8,955.2,sucursal centro,special,completed_on_time
1955,ECO-ML-001429,true,2026-04-20T14:46:09+00:00,2026-04-21T16:46:09+00:00,31.0,14.7667,1,2,2,2,0,1577.0,10.0,157.7,1419.3,sucursal norte,hospital,completed_on_time
673,ECO-ML-000147,true,2026-04-20T16:57:00+00:00,2026-04-23T07:32:00+00:00,65.0,10.95,1,4,4,4,0,2270.0,15.0,340.5,1929.5,matriz,hospital,completed_on_time
913,ECO-ML-000387,true,2026-04-20T16:57:00+00:00,2026-04-22T14:31:00+00:00,40.0,10.95,1,4,4,4,0,3136.0,15.0,470.4,2665.6,sucursal sur,hospital,delayed
1956,ECO-ML-001430,true,2026-04-20T18:43:19+00:00,2026-04-23T09:43:19+00:00,50.0,18.7167,1,4,4,4,0,1966.0,10.0,196.6,1769.4,matriz,normal,delayed
1957,ECO-ML-001431,true,2026-04-20T23:17:29+00:00,2026-04-21T20:17:29+00:00,22.0,23.2833,1,1,1,1,0,755.0,5.0,37.75,717.25,matriz,normal,completed_on_time
1958,ECO-ML-001432,true,2026-04-21T03:51:38+00:00,2026-04-22T11:51:38+00:00,17.0,3.85,2,3,3,3,0,2069.0,5.0,103.45,1965.55,sucursal centro,special,delayed
1959,ECO-ML-001433,true,2026-04-21T07:48:48+00:00,2026-04-23T22:48:48+00:00,66.0,7.8,2,1,1,1,0,845.0,0.0,0.0,845.0,sucursal centro,special,completed_on_time
1960,ECO-ML-001434,true,2026-04-21T12:22:57+00:00,2026-04-22T11:22:57+00:00,15.0,12.3667,2,6,6,6,0,3001.5,15.0,450.23,2551.27,matriz,normal,cancelled
1961,ECO-ML-001435,true,2026-04-21T16:57:07+00:00,2026-04-24T02:57:07+00:00,63.0,16.95,2,3,3,3,0,1985.0,5.0,99.25,1885.75,sucursal sur,other,completed_on_time
570,ECO-ML-000044,true,2026-04-21T17:04:00+00:00,2026-04-23T02:05:00+00:00,37.0,11.066666666666666,2,3,3,3,0,2058.0,0.0,0.0,2058.0,sucursal sur,hospital,completed_on_time
810,ECO-ML-000284,true,2026-04-21T17:04:00+00:00,2026-04-23T04:45:00+00:00,12.0,11.066666666666666,2,3,3,3,0,1777.5,0.0,0.0,1777.5,sucursal sur,hospital,delayed
1962,ECO-ML-001436,true,2026-04-21T21:31:17+00:00,2026-04-22T21:31:17+00:00,30.0,21.5167,2,2,2,2,0,1651.0,10.0,165.1,1485.9,matriz,normal,completed_on_time
1963,ECO-ML-001437,true,2026-04-22T01:28:26+00:00,2026-04-25T11:28:26+00:00,80.0,1.4667,3,6,7,5,0,2782.5,10.0,278.25,2504.25,sucursal centro,special,delayed
1964,ECO-ML-001438,true,2026-04-22T06:02:36+00:00,2026-04-23T11:02:36+00:00,31.0,6.0333,3,2,2,2,0,755.0,5.0,37.75,717.25,sucursal centro,special,completed_on_time
1965,ECO-ML-001439,true,2026-04-22T10:36:46+00:00,2026-04-25T08:36:46+00:00,73.0,10.6,3,2,2,2,0,1218.0,10.0,121.8,1096.2,sucursal norte,hospital,completed_on_time
1966,ECO-ML-001440,true,2026-04-22T14:33:55+00:00,2026-04-24T19:33:55+00:00,48.0,14.55,3,5,5,5,0,2667.5,10.0,266.75,2400.75,matriz,normal,delayed
707,ECO-ML-000181,true,2026-04-22T18:11:00+00:00,2026-04-24T14:18:00+00:00,49.0,12.183333333333332,3,2,2,2,0,1594.0,5.0,79.7,1514.3,sucursal sur,normal,completed_on_time
947,ECO-ML-000421,true,2026-04-22T18:11:00+00:00,2026-04-23T13:58:00+00:00,24.0,12.183333333333332,3,2,2,2,0,1444.0,5.0,72.2,1371.8,sucursal norte,normal,completed_on_time
1967,ECO-ML-001441,true,2026-04-22T19:08:05+00:00,2026-04-24T05:08:05+00:00,39.0,19.1333,3,1,1,1,0,408.0,5.0,20.4,387.6,matriz,normal,completed_on_time
1968,ECO-ML-001442,true,2026-04-22T23:42:15+00:00,2026-04-24T07:42:15+00:00,25.0,23.7,3,4,4,4,0,1646.0,20.0,329.2,1316.8,sucursal centro,special,delayed
1969,ECO-ML-001443,true,2026-04-23T03:39:24+00:00,2026-04-23T20:39:24+00:00,18.0,3.65,4,1,1,1,0,498.0,15.0,74.7,423.3,sucursal centro,special,completed_on_time
24,ECO-REAL-000024,false,2026-04-23T04:23:51.300000+00:00,2026-04-23T04:24:14.962000+00:00,1.6166666666666667,22.383333333333333,3,2,2,2,0,261.0,0.0,0.0,261.0,matriz,normal,completed_on_time
25,ECO-REAL-000025,false,2026-04-23T04:36:14.278000+00:00,2026-04-23T04:37:41.943000+00:00,1.0,22.6,3,2,2,2,2,200.0,0.0,0.0,200.0,matriz,normal,completed_on_time
1970,ECO-ML-001444,true,2026-04-23T08:13:34+00:00,2026-04-24T17:13:34+00:00,13.0,8.2167,4,5,5,5,0,3648.0,10.0,364.8,3283.2,matriz,normal,cancelled
1971,ECO-ML-001445,true,2026-04-23T12:47:44+00:00,2026-04-26T05:47:44+00:00,68.0,12.7833,4,4,4,4,0,2483.0,0.0,0.0,2483.0,sucursal sur,other,completed_on_time
1972,ECO-ML-001446,true,2026-04-23T17:21:53+00:00,2026-04-24T21:21:53+00:00,32.0,17.35,4,2,2,2,0,1521.0,10.0,152.1,1368.9,matriz,normal,completed_on_time
604,ECO-ML-000078,true,2026-04-23T19:18:00+00:00,2026-04-25T00:51:00+00:00,21.0,13.3,4,1,1,1,0,920.0,10.0,92.0,828.0,sucursal norte,normal,delayed
844,ECO-ML-000318,true,2026-04-23T19:18:00+00:00,2026-04-26T02:31:00+00:00,61.0,13.3,4,1,1,1,0,790.0,10.0,79.0,711.0,sucursal centro,normal,completed_on_time
1973,ECO-ML-001447,true,2026-04-23T21:19:03+00:00,2026-04-27T00:19:03+00:00,63.0,21.3167,4,4,4,4,0,2396.5,20.0,479.3,1917.2,sucursal centro,special,delayed
26,ECO-REAL-000026,false,2026-04-23T22:25:04.421000+00:00,2026-07-21T07:40:02.601000+00:00,1.0,16.416666666666664,4,3,3,3,3,432.0,0.0,0.0,432.0,matriz,normal,completed_on_time
1974,ECO-ML-001448,true,2026-04-24T01:53:12+00:00,2026-04-25T19:53:12+00:00,48.0,1.8833,5,2,2,2,0,903.0,20.0,180.6,722.4,sucursal centro,special,completed_on_time
1975,ECO-ML-001449,true,2026-04-24T06:27:22+00:00,2026-04-25T06:27:22+00:00,25.0,6.45,5,2,2,2,0,753.0,10.0,75.3,677.7,sucursal norte,hospital,completed_on_time
1976,ECO-ML-001450,true,2026-04-24T10:24:32+00:00,2026-04-26T15:24:32+00:00,38.0,10.4,5,3,3,3,1,1420.5,5.0,71.03,1349.47,matriz,normal,delayed
1977,ECO-ML-001451,true,2026-04-24T14:58:41+00:00,2026-04-25T03:58:41+00:00,16.0,14.9667,5,1,1,1,0,594.0,5.0,29.7,564.3,matriz,normal,completed_on_time
1978,ECO-ML-001452,true,2026-04-24T19:32:51+00:00,2026-04-28T01:32:51+00:00,61.0,19.5333,5,6,6,6,0,3671.5,10.0,367.15,3304.35,sucursal centro,special,delayed
741,ECO-ML-000215,true,2026-04-24T20:25:00+00:00,2026-04-27T07:04:00+00:00,33.0,14.416666666666666,5,6,6,6,0,3844.5,15.0,576.68,3267.82,matriz - centro,dif,delayed
981,ECO-ML-000455,true,2026-04-24T20:25:00+00:00,2026-04-24T22:25:00+00:00,8.0,14.416666666666666,5,6,6,6,0,3243.0,15.0,486.45,2756.55,matriz,dif,cancelled
1979,ECO-ML-001453,true,2026-04-24T23:30:01+00:00,2026-04-27T06:30:01+00:00,60.0,23.5,5,1,1,1,0,285.0,0.0,0.0,285.0,sucursal centro,special,completed_on_time
1980,ECO-ML-001454,true,2026-04-25T04:04:10+00:00,2026-04-26T23:04:10+00:00,26.0,4.0667,6,4,4,4,0,2249.0,20.0,449.8,1799.2,matriz,normal,cancelled
1981,ECO-ML-001455,true,2026-04-25T08:38:20+00:00,2026-04-28T11:38:20+00:00,76.0,8.6333,6,6,6,6,0,3428.5,10.0,342.85,3085.65,sucursal sur,other,completed_on_time
1982,ECO-ML-001456,true,2026-04-25T13:12:30+00:00,2026-04-27T03:12:30+00:00,40.0,13.2,6,4,4,4,0,2776.0,20.0,555.2,2220.8,matriz,normal,completed_on_time
1983,ECO-ML-001457,true,2026-04-25T17:09:39+00:00,2026-04-27T04:09:39+00:00,31.0,17.15,6,5,6,4,0,2993.0,0.0,0.0,2993.0,sucursal centro,special,delayed
638,ECO-ML-000112,true,2026-04-25T21:32:00+00:00,2026-04-28T20:18:00+00:00,70.0,15.533333333333331,6,5,5,5,0,2912.5,0.0,0.0,2912.5,matriz,dif,completed_on_time
878,ECO-ML-000352,true,2026-04-25T21:32:00+00:00,2026-04-27T18:17:00+00:00,45.0,15.533333333333331,6,5,5,5,0,3396.0,0.0,0.0,3396.0,sucursal sur,dif,completed_on_time
1984,ECO-ML-001458,true,2026-04-25T21:43:49+00:00,2026-04-27T22:43:49+00:00,53.0,21.7167,6,3,3,3,0,1860.5,0.0,0.0,1860.5,sucursal centro,special,completed_on_time
1985,ECO-ML-001459,true,2026-04-26T02:17:59+00:00,2026-04-27T00:17:59+00:00,27.0,2.2833,0,2,2,2,0,1327.0,10.0,132.7,1194.3,sucursal norte,hospital,completed_on_time
1986,ECO-ML-001460,true,2026-04-26T06:15:08+00:00,2026-04-28T01:15:08+00:00,36.0,6.25,0,3,3,3,0,1336.5,5.0,66.83,1269.67,matriz,normal,delayed
1987,ECO-ML-001461,true,2026-04-26T10:49:18+00:00,2026-04-28T22:49:18+00:00,61.0,10.8167,0,1,1,1,0,1232.0,0.0,0.0,1232.0,matriz,normal,completed_on_time
1988,ECO-ML-001462,true,2026-04-26T15:23:27+00:00,2026-04-29T05:23:27+00:00,53.0,15.3833,0,3,3,3,0,2039.5,15.0,305.93,1733.57,sucursal centro,special,delayed
1989,ECO-ML-001463,true,2026-04-26T19:20:37+00:00,2026-04-28T05:20:37+00:00,37.0,19.3333,0,1,1,1,0,686.0,15.0,102.9,583.1,sucursal centro,special,completed_on_time
535,ECO-ML-000009,true,2026-04-26T22:39:00+00:00,2026-04-29T04:51:00+00:00,42.0,16.65,0,4,4,4,0,2495.0,5.0,124.75,2370.25,sucursal sur,dif,delayed
775,ECO-ML-000249,true,2026-04-26T22:39:00+00:00,2026-04-28T04:31:00+00:00,17.0,16.65,0,4,4,4,0,2278.0,5.0,113.9,2164.1,sucursal sur,dif,delayed
1015,ECO-ML-000489,true,2026-04-26T22:39:00+00:00,2026-04-29T06:30:00+00:00,57.0,16.65,0,4,4,4,0,1668.0,5.0,83.4,1584.6,sucursal sur,dif,completed_on_time
1990,ECO-ML-001464,true,2026-04-26T23:54:47+00:00,2026-04-27T04:54:47+00:00,11.0,23.9,0,6,6,6,0,3779.0,15.0,566.85,3212.15,matriz,normal,cancelled
1991,ECO-ML-001465,true,2026-04-27T04:28:56+00:00,2026-04-27T15:28:56+00:00,16.0,4.4667,1,1,1,1,0,325.0,5.0,16.25,308.75,sucursal sur,other,completed_on_time
1992,ECO-ML-001466,true,2026-04-27T09:03:06+00:00,2026-04-29T12:03:06+00:00,57.0,9.05,1,4,4,4,0,2929.0,0.0,0.0,2929.0,matriz,normal,completed_on_time
1993,ECO-ML-001467,true,2026-04-27T13:00:16+00:00,2026-04-29T02:00:16+00:00,23.0,13.0,1,3,3,3,0,2173.0,20.0,434.6,1738.4,sucursal centro,special,delayed
1994,ECO-ML-001468,true,2026-04-27T17:34:25+00:00,2026-04-30T01:34:25+00:00,58.0,17.5667,1,4,4,4,0,2748.5,15.0,412.27,2336.23,sucursal centro,special,completed_on_time
1995,ECO-ML-001469,true,2026-04-27T22:08:35+00:00,2026-04-29T06:08:35+00:00,35.0,22.1333,1,4,4,4,0,2993.0,0.0,0.0,2993.0,sucursal norte,hospital,completed_on_time
672,ECO-ML-000146,true,2026-04-27T23:46:00+00:00,2026-04-30T04:04:00+00:00,54.0,17.766666666666666,1,3,3,3,0,1638.0,10.0,163.8,1474.2,sucursal sur,dif,completed_on_time
912,ECO-ML-000386,true,2026-04-27T23:46:00+00:00,2026-04-29T10:44:00+00:00,29.0,17.766666666666666,1,3,3,3,0,1174.0,10.0,117.4,1056.6,sucursal norte,dif,delayed
1996,ECO-ML-001470,true,2026-04-28T02:05:45+00:00,2026-04-30T06:05:45+00:00,35.0,2.0833,2,6,6,6,0,3138.5,10.0,313.85,2824.65,matriz,normal,delayed
1997,ECO-ML-001471,true,2026-04-28T06:39:54+00:00,2026-04-30T19:39:54+00:00,66.0,6.65,2,2,2,2,0,1604.0,15.0,240.6,1363.4,matriz,normal,completed_on_time
1998,ECO-ML-001472,true,2026-04-28T11:14:04+00:00,2026-05-02T11:14:04+00:00,77.0,11.2333,2,6,6,6,0,2893.0,0.0,0.0,2893.0,sucursal centro,special,delayed
1999,ECO-ML-001473,true,2026-04-28T15:48:14+00:00,2026-04-30T08:48:14+00:00,42.0,15.8,2,2,2,2,0,1030.5,10.0,103.05,927.45,sucursal centro,special,completed_on_time
2000,ECO-ML-001474,true,2026-04-28T19:45:23+00:00,2026-04-29T10:45:23+00:00,29.0,19.75,2,6,6,6,0,3374.5,15.0,506.18,2868.32,matriz,normal,cancelled
2001,ECO-ML-001475,true,2026-04-29T00:19:33+00:00,2026-04-29T15:19:33+00:00,18.0,0.3167,3,1,1,1,0,894.0,5.0,44.7,849.3,sucursal sur,other,completed_on_time
569,ECO-ML-000043,true,2026-04-29T00:53:00+00:00,2026-04-29T23:37:00+00:00,26.0,18.883333333333333,2,2,2,2,0,1334.0,15.0,200.1,1133.9,sucursal norte,dif,completed_on_time
809,ECO-ML-000283,true,2026-04-29T00:53:00+00:00,2026-05-01T16:17:00+00:00,66.0,18.883333333333333,2,2,2,2,0,1094.0,15.0,164.1,929.9,sucursal centro,dif,completed_on_time
2002,ECO-ML-001476,true,2026-04-29T04:53:42+00:00,2026-05-01T02:53:42+00:00,50.0,4.8833,3,1,1,1,0,891.0,10.0,89.1,801.9,matriz,normal,completed_on_time
2003,ECO-ML-001477,true,2026-04-29T08:50:52+00:00,2026-05-01T13:50:52+00:00,47.0,8.8333,3,5,6,4,0,3015.5,10.0,301.55,2713.95,sucursal centro,special,delayed
706,ECO-ML-000180,true,2026-04-29T13:00:00+00:00,2026-04-30T22:50:00+00:00,38.0,7.0,3,1,1,1,0,176.0,0.0,0.0,176.0,matriz - centro,dif,completed_on_time
946,ECO-ML-000420,true,2026-04-29T13:00:00+00:00,2026-04-29T22:30:00+00:00,13.0,7.0,3,1,1,1,0,704.0,0.0,0.0,704.0,matriz,dif,completed_on_time
2004,ECO-ML-001478,true,2026-04-29T13:25:02+00:00,2026-05-01T22:25:02+00:00,63.0,13.4167,3,5,5,5,0,3303.5,10.0,330.35,2973.15,sucursal centro,special,completed_on_time
2005,ECO-ML-001479,true,2026-04-29T17:59:11+00:00,2026-05-01T20:59:11+00:00,52.0,17.9833,3,4,4,4,0,2202.5,20.0,440.5,1762.0,sucursal norte,hospital,completed_on_time
2006,ECO-ML-001480,true,2026-04-29T21:56:21+00:00,2026-05-01T16:56:21+00:00,34.0,21.9333,3,3,3,3,0,2367.5,0.0,0.0,2367.5,matriz,normal,delayed
2007,ECO-ML-001481,true,2026-04-30T02:30:31+00:00,2026-05-01T18:30:31+00:00,43.0,2.5,4,2,2,2,0,2159.0,0.0,0.0,2159.0,matriz,normal,completed_on_time
2008,ECO-ML-001482,true,2026-04-30T07:04:40+00:00,2026-05-01T20:04:40+00:00,26.0,7.0667,4,3,3,3,0,410.0,10.0,41.0,369.0,sucursal centro,special,delayed
2009,ECO-ML-001483,true,2026-04-30T11:38:50+00:00,2026-05-02T17:38:50+00:00,59.0,11.6333,4,2,2,2,0,805.0,10.0,80.5,724.5,sucursal centro,special,completed_on_time
603,ECO-ML-000077,true,2026-04-30T14:07:00+00:00,2026-04-30T16:07:00+00:00,10.0,8.116666666666665,4,6,6,6,0,3436.5,5.0,171.83,3264.67,matriz,special,cancelled
843,ECO-ML-000317,true,2026-04-30T14:07:00+00:00,2026-05-03T00:03:00+00:00,50.0,8.116666666666665,4,6,6,6,0,3002.5,5.0,150.13,2852.37,sucursal sur,special,delayed
2010,ECO-ML-001484,true,2026-04-30T15:36:00+00:00,2026-05-01T16:36:00+00:00,7.0,15.6,4,6,6,6,0,3563.0,15.0,534.45,3028.55,matriz,normal,cancelled
2011,ECO-ML-001485,true,2026-04-30T20:10:09+00:00,2026-05-02T09:10:09+00:00,38.0,20.1667,4,2,2,2,0,1341.0,0.0,0.0,1341.0,sucursal sur,other,completed_on_time
2012,ECO-ML-001486,true,2026-05-01T00:44:19+00:00,2026-05-02T01:44:19+00:00,27.0,0.7333,5,1,1,1,0,460.0,10.0,46.0,414.0,matriz,normal,completed_on_time
2013,ECO-ML-001487,true,2026-05-01T04:41:29+00:00,2026-05-05T04:41:29+00:00,80.0,4.6833,5,6,6,6,0,3293.5,20.0,658.7,2634.8,sucursal centro,special,delayed
2014,ECO-ML-001488,true,2026-05-01T09:15:38+00:00,2026-05-04T04:15:38+00:00,71.0,9.25,5,1,1,1,0,470.0,20.0,94.0,376.0,sucursal centro,special,completed_on_time
2015,ECO-ML-001489,true,2026-05-01T13:49:48+00:00,2026-05-03T14:49:48+00:00,54.0,13.8167,5,4,4,4,0,2334.0,0.0,0.0,2334.0,sucursal norte,hospital,completed_on_time
740,ECO-ML-000214,true,2026-05-01T15:14:00+00:00,2026-05-01T17:14:00+00:00,22.0,9.23333333333333,5,5,5,5,0,3704.0,10.0,370.4,3333.6,sucursal sur,dif,cancelled
980,ECO-ML-000454,true,2026-05-01T15:14:00+00:00,2026-05-03T23:16:00+00:00,62.0,9.23333333333333,5,5,5,5,0,3290.5,10.0,329.05,2961.45,sucursal sur,dif,completed_on_time
2016,ECO-ML-001490,true,2026-05-01T17:46:57+00:00,2026-05-04T15:46:57+00:00,51.0,17.7667,5,6,6,6,0,3614.5,20.0,722.9,2891.6,matriz,normal,delayed
2017,ECO-ML-001491,true,2026-05-01T22:21:07+00:00,2026-05-04T09:21:07+00:00,60.0,22.35,5,2,2,2,0,1881.0,15.0,282.15,1598.85,matriz,normal,completed_on_time
2018,ECO-ML-001492,true,2026-05-02T02:55:17+00:00,2026-05-03T13:55:17+00:00,37.0,2.9167,6,3,3,3,0,1775.0,20.0,355.0,1420.0,matriz - centro,dif,completed_on_time
2019,ECO-ML-001493,true,2026-05-02T07:29:26+00:00,2026-05-03T13:29:26+00:00,26.0,7.4833,6,5,6,4,0,3450.5,0.0,0.0,3450.5,sucursal norte,hospital,delayed
2020,ECO-ML-001494,true,2026-05-02T11:26:36+00:00,2026-05-03T22:26:36+00:00,9.0,11.4333,6,4,4,4,0,2442.5,20.0,488.5,1954.0,matriz,normal,cancelled
2021,ECO-ML-001495,true,2026-05-02T16:00:46+00:00,2026-05-04T03:00:46+00:00,40.0,16.0,6,2,2,2,0,934.0,20.0,186.8,747.2,sucursal sur,other,completed_on_time
637,ECO-ML-000111,true,2026-05-02T16:21:00+00:00,2026-05-04T20:50:00+00:00,59.0,10.35,6,4,4,4,0,2427.0,15.0,364.05,2062.95,sucursal sur,dif,completed_on_time
877,ECO-ML-000351,true,2026-05-02T16:21:00+00:00,2026-05-03T18:49:00+00:00,34.0,10.35,6,4,4,4,0,2496.0,15.0,374.4,2121.6,sucursal norte,dif,completed_on_time
2022,ECO-ML-001496,true,2026-05-02T20:34:55+00:00,2026-05-02T21:34:55+00:00,7.0,20.5667,6,1,1,1,0,1306.0,20.0,261.2,1044.8,matriz,normal,completed_on_time
2023,ECO-ML-001497,true,2026-05-03T00:32:05+00:00,2026-05-05T23:32:05+00:00,63.0,0.5333,0,6,7,5,0,2889.0,0.0,0.0,2889.0,sucursal centro,special,delayed
2024,ECO-ML-001498,true,2026-05-03T05:06:15+00:00,2026-05-05T03:06:15+00:00,48.0,5.1,0,1,1,1,0,815.0,0.0,0.0,815.0,sucursal centro,special,completed_on_time
2025,ECO-ML-001499,true,2026-05-03T09:40:24+00:00,2026-05-04T07:40:24+00:00,25.0,9.6667,0,1,1,1,0,804.0,5.0,40.2,763.8,sucursal norte,hospital,completed_on_time
2026,ECO-ML-001500,true,2026-05-03T13:37:34+00:00,2026-05-05T14:37:34+00:00,38.0,13.6167,0,5,5,5,0,1857.5,0.0,0.0,1857.5,matriz,normal,delayed
534,ECO-ML-000008,true,2026-05-03T17:28:00+00:00,2026-05-05T11:23:00+00:00,31.0,11.466666666666669,0,3,3,3,0,1692.0,0.0,0.0,1692.0,sucursal norte,dif,delayed
774,ECO-ML-000248,true,2026-05-03T17:28:00+00:00,2026-05-06T17:03:00+00:00,71.0,11.466666666666669,0,3,3,3,0,1043.0,0.0,0.0,1043.0,sucursal centro,dif,completed_on_time
1014,ECO-ML-000488,true,2026-05-03T17:28:00+00:00,2026-05-05T15:02:00+00:00,46.0,11.466666666666669,0,3,3,3,0,1613.0,0.0,0.0,1613.0,matriz - centro,dif,completed_on_time
2027,ECO-ML-001501,true,2026-05-03T18:11:44+00:00,2026-05-05T21:11:44+00:00,56.0,18.1833,0,5,5,5,0,3706.0,0.0,0.0,3706.0,matriz,normal,completed_on_time
2028,ECO-ML-001502,true,2026-05-03T22:45:53+00:00,2026-05-06T11:45:53+00:00,67.0,22.75,0,4,4,4,0,2419.0,15.0,362.85,2056.15,matriz - centro,dif,completed_on_time
2029,ECO-ML-001503,true,2026-05-04T03:20:03+00:00,2026-05-07T09:20:03+00:00,64.0,3.3333,1,6,6,6,0,3644.5,20.0,728.9,2915.6,sucursal norte,hospital,delayed
2030,ECO-ML-001504,true,2026-05-04T07:17:13+00:00,2026-05-06T04:17:13+00:00,20.0,7.2833,1,6,6,6,0,3728.5,5.0,186.43,3542.07,matriz,normal,cancelled
2031,ECO-ML-001505,true,2026-05-04T11:51:22+00:00,2026-05-06T05:51:22+00:00,45.0,11.85,1,3,3,3,0,1772.0,0.0,0.0,1772.0,sucursal sur,other,completed_on_time
2032,ECO-ML-001506,true,2026-05-04T16:25:32+00:00,2026-05-06T13:25:32+00:00,49.0,16.4167,1,1,1,1,0,890.0,5.0,44.5,845.5,matriz,normal,completed_on_time
671,ECO-ML-000145,true,2026-05-04T18:35:00+00:00,2026-05-06T12:36:00+00:00,43.0,12.583333333333332,1,2,2,2,0,911.0,5.0,45.55,865.45,matriz - centro,dif,completed_on_time
911,ECO-ML-000385,true,2026-05-04T18:35:00+00:00,2026-05-05T12:16:00+00:00,18.0,12.583333333333332,1,2,2,2,0,832.0,5.0,41.6,790.4,matriz,dif,completed_on_time
2033,ECO-ML-001507,true,2026-05-04T20:22:41+00:00,2026-05-07T09:22:41+00:00,43.0,20.3667,1,5,5,5,0,2666.5,20.0,533.3,2133.2,sucursal centro,special,delayed
2034,ECO-ML-001508,true,2026-05-05T00:56:51+00:00,2026-05-05T22:56:51+00:00,28.0,0.9333,2,2,2,2,0,995.0,15.0,149.25,845.75,sucursal centro,special,completed_on_time
2035,ECO-ML-001509,true,2026-05-05T05:31:01+00:00,2026-05-06T07:31:01+00:00,27.0,5.5167,2,1,1,1,0,171.0,5.0,8.55,162.45,sucursal norte,hospital,completed_on_time
2036,ECO-ML-001510,true,2026-05-05T10:05:10+00:00,2026-05-07T16:05:10+00:00,51.0,10.0833,2,4,4,4,0,2263.0,20.0,452.6,1810.4,matriz,normal,delayed
2037,ECO-ML-001511,true,2026-05-05T14:02:20+00:00,2026-05-08T00:02:20+00:00,61.0,14.0333,2,1,1,1,0,144.0,15.0,21.6,122.4,matriz,normal,completed_on_time
2038,ECO-ML-001512,true,2026-05-05T18:36:30+00:00,2026-05-07T13:36:30+00:00,47.0,18.6,2,5,5,5,0,3528.5,10.0,352.85,3175.65,matriz - centro,dif,completed_on_time
568,ECO-ML-000042,true,2026-05-05T19:42:00+00:00,2026-05-06T08:09:00+00:00,15.0,13.7,2,1,1,1,0,576.0,10.0,57.6,518.4,matriz,special,completed_on_time
808,ECO-ML-000282,true,2026-05-05T19:42:00+00:00,2026-05-08T00:49:00+00:00,55.0,13.7,2,1,1,1,0,576.0,10.0,57.6,518.4,sucursal sur,special,completed_on_time
2039,ECO-ML-001513,true,2026-05-05T23:10:39+00:00,2026-05-07T07:10:39+00:00,26.0,23.1667,2,3,4,2,0,1261.0,0.0,0.0,1261.0,sucursal norte,hospital,delayed
2040,ECO-ML-001514,true,2026-05-06T03:07:49+00:00,2026-05-06T10:07:49+00:00,38.0,3.1167,3,6,6,6,0,2534.0,20.0,506.8,2027.2,matriz,normal,cancelled
2041,ECO-ML-001515,true,2026-05-06T07:41:59+00:00,2026-05-08T08:41:59+00:00,50.0,7.6833,3,4,4,4,0,3127.0,10.0,312.7,2814.3,sucursal sur,other,completed_on_time
2042,ECO-ML-001516,true,2026-05-06T12:16:08+00:00,2026-05-07T03:16:08+00:00,17.0,12.2667,3,3,3,3,0,2699.0,15.0,404.85,2294.15,matriz,normal,completed_on_time
2043,ECO-ML-001517,true,2026-05-06T16:13:18+00:00,2026-05-07T21:13:18+00:00,19.0,16.2167,3,6,7,5,0,3690.0,15.0,553.5,3136.5,sucursal centro,special,delayed
2044,ECO-ML-001518,true,2026-05-06T20:47:28+00:00,2026-05-09T02:47:28+00:00,58.0,20.7833,3,3,3,3,0,1803.5,10.0,180.35,1623.15,sucursal centro,special,completed_on_time
705,ECO-ML-000179,true,2026-05-06T20:49:00+00:00,2026-05-06T22:49:00+00:00,27.0,14.816666666666666,3,6,6,6,0,3870.0,15.0,580.5,3289.5,sucursal sur,hospital,cancelled
945,ECO-ML-000419,true,2026-05-06T20:49:00+00:00,2026-05-10T06:02:00+00:00,67.0,14.816666666666666,3,6,6,6,0,3756.5,15.0,563.48,3193.02,sucursal sur,hospital,delayed
2045,ECO-ML-001519,true,2026-05-07T01:21:37+00:00,2026-05-08T04:21:37+00:00,32.0,1.35,4,2,2,2,0,1592.5,20.0,318.5,1274.0,sucursal norte,hospital,completed_on_time
2046,ECO-ML-001520,true,2026-05-07T05:55:47+00:00,2026-05-09T13:55:47+00:00,43.0,5.9167,4,3,3,3,0,1613.5,5.0,80.67,1532.83,matriz,normal,delayed
2047,ECO-ML-001521,true,2026-05-07T09:52:56+00:00,2026-05-10T02:52:56+00:00,66.0,9.8667,4,1,1,1,0,1382.0,10.0,138.2,1243.8,matriz,normal,completed_on_time
2048,ECO-ML-001522,true,2026-05-07T14:27:06+00:00,2026-05-09T04:27:06+00:00,40.0,14.45,4,1,1,1,0,862.5,0.0,0.0,862.5,matriz - centro,dif,completed_on_time
2049,ECO-ML-001523,true,2026-05-07T19:01:16+00:00,2026-05-09T07:01:16+00:00,20.0,19.0167,4,6,6,6,1,2993.5,15.0,449.02,2544.48,sucursal norte,hospital,delayed
602,ECO-ML-000076,true,2026-05-07T21:56:00+00:00,2026-05-10T21:36:00+00:00,64.0,15.933333333333332,4,5,5,5,0,3159.0,0.0,0.0,3159.0,sucursal sur,dif,delayed
842,ECO-ML-000316,true,2026-05-07T21:56:00+00:00,2026-05-09T19:35:00+00:00,39.0,15.933333333333332,4,5,5,5,0,3512.0,0.0,0.0,3512.0,sucursal norte,dif,delayed
2050,ECO-ML-001524,true,2026-05-07T22:58:25+00:00,2026-05-08T15:58:25+00:00,11.0,22.9667,4,5,5,5,0,2782.5,0.0,0.0,2782.5,matriz,normal,cancelled
2051,ECO-ML-001525,true,2026-05-08T03:32:35+00:00,2026-05-08T19:32:35+00:00,21.0,3.5333,5,1,1,1,0,813.5,0.0,0.0,813.5,sucursal sur,other,completed_on_time
2052,ECO-ML-001526,true,2026-05-08T08:06:45+00:00,2026-05-10T16:06:45+00:00,62.0,8.1,5,4,4,4,0,3344.5,10.0,334.45,3010.05,matriz,normal,completed_on_time
2053,ECO-ML-001527,true,2026-05-08T12:03:54+00:00,2026-05-11T06:03:54+00:00,64.0,12.05,5,6,6,6,0,3277.5,15.0,491.62,2785.88,sucursal centro,special,delayed
2054,ECO-ML-001528,true,2026-05-08T16:38:04+00:00,2026-05-11T05:38:04+00:00,63.0,16.6333,5,4,4,4,0,2073.5,20.0,414.7,1658.8,sucursal centro,special,completed_on_time
2055,ECO-ML-001529,true,2026-05-08T21:12:14+00:00,2026-05-10T10:12:14+00:00,40.0,21.2,5,4,4,4,0,1820.0,10.0,182.0,1638.0,sucursal norte,hospital,completed_on_time
739,ECO-ML-000213,true,2026-05-08T22:03:00+00:00,2026-05-10T09:49:00+00:00,11.0,16.05,5,4,4,4,0,1606.0,5.0,80.3,1525.7,sucursal centro,dif,delayed
979,ECO-ML-000453,true,2026-05-08T22:03:00+00:00,2026-05-10T19:48:00+00:00,51.0,16.05,5,4,4,4,0,1947.5,5.0,97.38,1850.12,matriz - centro,dif,completed_on_time
2056,ECO-ML-001530,true,2026-05-09T01:46:23+00:00,2026-05-10T14:46:23+00:00,32.0,1.7667,6,6,6,6,0,3133.5,15.0,470.02,2663.48,matriz,normal,delayed
2057,ECO-ML-001531,true,2026-05-09T05:43:33+00:00,2026-05-09T06:43:33+00:00,6.0,5.7167,6,2,2,2,0,2077.5,5.0,103.88,1973.62,matriz,normal,completed_on_time
2058,ECO-ML-001532,true,2026-05-09T10:17:43+00:00,2026-05-11T01:17:43+00:00,45.0,10.2833,6,2,2,2,0,817.5,15.0,122.62,694.88,matriz - centro,dif,completed_on_time
2059,ECO-ML-001533,true,2026-05-09T14:51:52+00:00,2026-05-11T18:51:52+00:00,44.0,14.85,6,4,5,3,0,1686.0,0.0,0.0,1686.0,sucursal norte,hospital,delayed
2060,ECO-ML-001534,true,2026-05-09T18:49:02+00:00,2026-05-10T21:49:02+00:00,34.0,18.8167,6,6,6,6,0,4283.5,20.0,856.7,3426.8,matriz,normal,cancelled
636,ECO-ML-000110,true,2026-05-09T23:10:00+00:00,2026-05-11T17:22:00+00:00,48.0,17.166666666666664,6,3,3,3,0,2007.5,10.0,200.75,1806.75,matriz - centro,dif,completed_on_time
876,ECO-ML-000350,true,2026-05-09T23:10:00+00:00,2026-05-10T17:02:00+00:00,23.0,17.166666666666664,6,3,3,3,0,1725.5,10.0,172.55,1552.95,matriz,dif,completed_on_time
2061,ECO-ML-001535,true,2026-05-09T23:23:11+00:00,2026-05-10T22:23:11+00:00,26.0,23.3833,6,2,2,2,0,1618.5,10.0,161.85,1456.65,sucursal sur,other,completed_on_time
2062,ECO-ML-001536,true,2026-05-10T03:57:21+00:00,2026-05-10T14:57:21+00:00,15.0,3.95,0,1,1,1,0,420.0,20.0,84.0,336.0,matriz,normal,completed_on_time
2063,ECO-ML-001537,true,2026-05-10T07:54:31+00:00,2026-05-14T00:54:31+00:00,77.0,7.9,0,6,7,5,0,3608.5,15.0,541.27,3067.23,sucursal centro,special,delayed
2064,ECO-ML-001538,true,2026-05-10T12:28:40+00:00,2026-05-12T17:28:40+00:00,59.0,12.4667,0,1,1,1,0,834.0,10.0,83.4,750.6,sucursal centro,special,completed_on_time
2065,ECO-ML-001539,true,2026-05-10T17:02:50+00:00,2026-05-13T14:02:50+00:00,70.0,17.0333,0,5,5,5,0,3104.0,5.0,155.2,2948.8,sucursal norte,hospital,completed_on_time
2066,ECO-ML-001540,true,2026-05-10T21:37:00+00:00,2026-05-13T16:37:00+00:00,52.0,21.6167,0,5,5,5,0,3344.5,0.0,0.0,3344.5,matriz,normal,delayed
533,ECO-ML-000007,true,2026-05-11T00:17:00+00:00,2026-05-11T12:55:00+00:00,20.0,18.28333333333333,0,2,2,2,0,1300.0,15.0,195.0,1105.0,matriz,hospital,completed_on_time
773,ECO-ML-000247,true,2026-05-11T00:17:00+00:00,2026-05-13T05:35:00+00:00,60.0,18.28333333333333,0,2,2,2,0,676.0,15.0,101.4,574.6,sucursal sur,hospital,completed_on_time
1013,ECO-ML-000487,true,2026-05-11T00:17:00+00:00,2026-05-12T05:15:00+00:00,35.0,18.28333333333333,0,2,2,2,0,1072.5,15.0,160.88,911.62,sucursal sur,hospital,completed_on_time
2067,ECO-ML-001541,true,2026-05-11T01:34:09+00:00,2026-05-13T01:34:09+00:00,51.0,1.5667,1,3,3,3,0,2038.5,0.0,0.0,2038.5,matriz,normal,completed_on_time
2068,ECO-ML-001542,true,2026-05-11T06:08:19+00:00,2026-05-13T04:08:19+00:00,50.0,6.1333,1,3,3,3,0,2388.5,10.0,238.85,2149.65,matriz - centro,dif,completed_on_time
2069,ECO-ML-001543,true,2026-05-11T10:42:29+00:00,2026-05-13T07:42:29+00:00,27.0,10.7,1,4,4,4,0,2299.5,15.0,344.93,1954.57,sucursal norte,hospital,delayed
670,ECO-ML-000144,true,2026-05-11T13:24:00+00:00,2026-05-12T21:08:00+00:00,32.0,7.4,1,1,1,1,0,793.5,0.0,0.0,793.5,sucursal sur,hospital,completed_on_time
910,ECO-ML-000384,true,2026-05-11T13:24:00+00:00,2026-05-14T13:48:00+00:00,72.0,7.4,1,1,1,1,0,678.5,0.0,0.0,678.5,sucursal sur,hospital,completed_on_time
2070,ECO-ML-001544,true,2026-05-11T14:39:38+00:00,2026-05-13T03:39:38+00:00,12.0,14.65,1,6,6,6,0,3475.5,5.0,173.78,3301.72,matriz,normal,cancelled
2071,ECO-ML-001545,true,2026-05-11T19:13:48+00:00,2026-05-13T01:13:48+00:00,31.0,19.2167,1,3,3,3,0,1785.0,5.0,89.25,1695.75,sucursal sur,other,completed_on_time
2072,ECO-ML-001546,true,2026-05-11T23:47:58+00:00,2026-05-12T17:47:58+00:00,20.0,23.7833,1,1,1,1,0,720.0,15.0,108.0,612.0,matriz,normal,completed_on_time
2073,ECO-ML-001547,true,2026-05-12T04:22:07+00:00,2026-05-13T13:22:07+00:00,29.0,4.3667,2,5,5,5,0,2627.0,20.0,525.4,2101.6,sucursal centro,special,delayed
2074,ECO-ML-001548,true,2026-05-12T08:19:17+00:00,2026-05-14T20:19:17+00:00,64.0,8.3167,2,2,2,2,0,1613.0,20.0,322.6,1290.4,sucursal centro,special,completed_on_time
2075,ECO-ML-001549,true,2026-05-12T12:53:26+00:00,2026-05-13T21:53:26+00:00,38.0,12.8833,2,1,1,1,0,830.0,0.0,0.0,830.0,sucursal norte,hospital,completed_on_time
567,ECO-ML-000041,true,2026-05-12T14:31:00+00:00,2026-05-15T11:22:00+00:00,69.0,8.516666666666666,2,6,6,6,0,4272.0,5.0,213.6,4058.4,sucursal sur,other,completed_on_time
807,ECO-ML-000281,true,2026-05-12T14:31:00+00:00,2026-05-12T16:31:00+00:00,44.0,8.516666666666666,2,6,6,6,0,3820.0,5.0,191.0,3629.0,sucursal norte,other,cancelled
2076,ECO-ML-001550,true,2026-05-12T17:27:36+00:00,2026-05-16T00:27:36+00:00,72.0,17.45,2,5,5,5,0,2650.5,15.0,397.57,2252.93,matriz,normal,delayed
2077,ECO-ML-001551,true,2026-05-12T21:24:46+00:00,2026-05-13T03:24:46+00:00,7.0,21.4,2,1,1,1,0,810.0,5.0,40.5,769.5,matriz,normal,completed_on_time
2078,ECO-ML-001552,true,2026-05-13T01:58:55+00:00,2026-05-15T06:58:55+00:00,55.0,1.9667,3,4,4,4,0,2916.5,20.0,583.3,2333.2,matriz - centro,dif,completed_on_time
2079,ECO-ML-001553,true,2026-05-13T06:33:05+00:00,2026-05-15T08:33:05+00:00,40.0,6.55,3,4,5,3,0,2215.5,15.0,332.32,1883.18,sucursal norte,hospital,delayed
2080,ECO-ML-001554,true,2026-05-13T10:30:15+00:00,2026-05-15T09:30:15+00:00,44.0,10.5,3,6,6,6,0,2378.0,15.0,356.7,2021.3,matriz,normal,cancelled
2081,ECO-ML-001555,true,2026-05-13T15:04:24+00:00,2026-05-16T11:04:24+00:00,73.0,15.0667,3,3,3,3,0,1725.0,5.0,86.25,1638.75,sucursal sur,other,completed_on_time
704,ECO-ML-000178,true,2026-05-13T15:38:00+00:00,2026-05-13T17:38:00+00:00,16.0,9.633333333333333,3,5,5,5,0,2197.5,10.0,219.75,1977.75,sucursal centro,dif,cancelled
944,ECO-ML-000418,true,2026-05-13T15:38:00+00:00,2026-05-15T21:34:00+00:00,56.0,9.633333333333333,3,5,5,5,0,3367.0,10.0,336.7,3030.3,matriz - centro,dif,completed_on_time
2082,ECO-ML-001556,true,2026-05-13T19:38:34+00:00,2026-05-15T05:38:34+00:00,40.0,19.6333,3,2,2,2,0,1311.0,10.0,131.1,1179.9,matriz,normal,completed_on_time
2083,ECO-ML-001557,true,2026-05-14T00:12:44+00:00,2026-05-15T15:12:44+00:00,25.0,0.2,4,2,3,1,0,587.0,10.0,58.7,528.3,sucursal centro,special,delayed
2084,ECO-ML-001558,true,2026-05-14T04:09:53+00:00,2026-05-15T19:09:53+00:00,41.0,4.15,4,2,2,2,0,842.0,5.0,42.1,799.9,sucursal centro,special,completed_on_time
2085,ECO-ML-001559,true,2026-05-14T08:44:03+00:00,2026-05-14T23:44:03+00:00,18.0,8.7333,4,2,2,2,0,503.0,10.0,50.3,452.7,sucursal norte,hospital,completed_on_time
2086,ECO-ML-001560,true,2026-05-14T13:18:13+00:00,2026-05-17T03:18:13+00:00,45.0,13.3,4,6,6,6,0,2957.5,0.0,0.0,2957.5,matriz,normal,delayed
601,ECO-ML-000075,true,2026-05-14T16:45:00+00:00,2026-05-16T19:08:00+00:00,53.0,10.75,4,4,4,4,0,2765.0,15.0,414.75,2350.25,matriz - centro,dif,completed_on_time
841,ECO-ML-000315,true,2026-05-14T16:45:00+00:00,2026-05-16T02:07:00+00:00,28.0,10.75,4,4,4,4,0,2741.0,15.0,411.15,2329.85,matriz,dif,delayed
2087,ECO-ML-001561,true,2026-05-14T17:15:22+00:00,2026-05-16T13:15:22+00:00,49.0,17.25,4,1,1,1,0,871.0,5.0,43.55,827.45,matriz,normal,completed_on_time
2088,ECO-ML-001562,true,2026-05-14T21:49:32+00:00,2026-05-17T03:49:32+00:00,60.0,21.8167,4,5,5,5,0,2334.0,0.0,0.0,2334.0,matriz - centro,dif,completed_on_time
2089,ECO-ML-001563,true,2026-05-15T02:23:41+00:00,2026-05-16T12:23:41+00:00,32.0,2.3833,5,4,4,4,0,1528.0,20.0,305.6,1222.4,sucursal norte,hospital,delayed
2090,ECO-ML-001564,true,2026-05-15T06:20:51+00:00,2026-05-15T15:20:51+00:00,22.0,6.3333,5,6,6,6,0,3519.0,15.0,527.85,2991.15,matriz,normal,cancelled
2091,ECO-ML-001565,true,2026-05-15T10:55:01+00:00,2026-05-15T20:55:01+00:00,13.0,10.9167,5,4,4,4,0,2384.0,0.0,0.0,2384.0,sucursal sur,other,completed_on_time
2092,ECO-ML-001566,true,2026-05-15T15:29:10+00:00,2026-05-17T08:29:10+00:00,45.0,15.4833,5,3,3,3,0,2544.0,5.0,127.2,2416.8,matriz,normal,completed_on_time
738,ECO-ML-000212,true,2026-05-15T17:52:00+00:00,2026-05-18T07:21:00+00:00,65.0,11.866666666666664,5,3,3,3,0,1639.5,0.0,0.0,1639.5,sucursal sur,hospital,completed_on_time
978,ECO-ML-000452,true,2026-05-15T17:52:00+00:00,2026-05-17T05:20:00+00:00,40.0,11.866666666666664,5,3,3,3,0,2129.5,0.0,0.0,2129.5,sucursal sur,hospital,completed_on_time
2093,ECO-ML-001567,true,2026-05-15T20:03:20+00:00,2026-05-19T05:03:20+00:00,75.0,20.05,5,6,6,6,0,2878.0,15.0,431.7,2446.3,sucursal centro,special,delayed
2094,ECO-ML-001568,true,2026-05-16T00:00:30+00:00,2026-05-17T16:00:30+00:00,46.0,0.0,6,3,3,3,0,1701.0,20.0,340.2,1360.8,sucursal centro,special,completed_on_time
2095,ECO-ML-001569,true,2026-05-16T04:34:39+00:00,2026-05-18T15:34:39+00:00,60.0,4.5667,6,2,2,2,0,1374.0,10.0,137.4,1236.6,sucursal norte,hospital,completed_on_time
2096,ECO-ML-001570,true,2026-05-16T09:08:49+00:00,2026-05-18T23:08:49+00:00,53.0,9.1333,6,6,6,6,0,3674.0,10.0,367.4,3306.6,matriz,normal,delayed
2097,ECO-ML-001571,true,2026-05-16T13:05:59+00:00,2026-05-17T15:05:59+00:00,29.0,13.0833,6,1,1,1,0,1124.0,20.0,224.8,899.2,matriz,normal,completed_on_time
2098,ECO-ML-001572,true,2026-05-16T17:40:08+00:00,2026-05-17T17:40:08+00:00,28.0,17.6667,6,1,1,1,0,468.0,10.0,46.8,421.2,matriz - centro,dif,completed_on_time
635,ECO-ML-000109,true,2026-05-16T18:59:00+00:00,2026-05-18T02:54:00+00:00,37.0,12.983333333333333,6,2,2,2,0,1746.0,5.0,87.3,1658.7,sucursal sur,hospital,completed_on_time
875,ECO-ML-000349,true,2026-05-16T18:59:00+00:00,2026-05-17T02:34:00+00:00,12.0,12.983333333333333,6,2,2,2,0,1355.0,5.0,67.75,1287.25,sucursal sur,hospital,completed_on_time
2099,ECO-ML-001573,true,2026-05-16T22:14:18+00:00,2026-05-18T07:14:18+00:00,21.0,22.2333,6,5,6,4,0,2679.0,10.0,267.9,2411.1,sucursal norte,hospital,delayed
2100,ECO-ML-001574,true,2026-05-17T02:11:28+00:00,2026-05-17T21:11:28+00:00,63.0,2.1833,0,6,6,6,0,3917.0,20.0,783.4,3133.6,matriz,normal,cancelled
2101,ECO-ML-001575,true,2026-05-17T06:45:37+00:00,2026-05-20T07:45:37+00:00,74.0,6.75,0,1,1,1,0,75.0,5.0,3.75,71.25,sucursal sur,other,completed_on_time
2102,ECO-ML-001576,true,2026-05-17T11:19:47+00:00,2026-05-19T08:19:47+00:00,47.0,11.3167,0,3,3,3,0,1336.5,20.0,267.3,1069.2,matriz,normal,completed_on_time
2103,ECO-ML-001577,true,2026-05-17T15:53:56+00:00,2026-05-21T00:53:56+00:00,65.0,15.8833,0,5,6,4,0,3435.0,10.0,343.5,3091.5,sucursal centro,special,delayed
532,ECO-ML-000006,true,2026-05-17T19:06:00+00:00,2026-05-18T12:27:00+00:00,9.0,13.1,0,1,1,1,0,1104.0,10.0,110.4,993.6,sucursal sur,other,delayed
772,ECO-ML-000246,true,2026-05-17T19:06:00+00:00,2026-05-19T14:07:00+00:00,49.0,13.1,0,1,1,1,0,636.0,10.0,63.6,572.4,sucursal norte,other,completed_on_time
1012,ECO-ML-000486,true,2026-05-17T19:06:00+00:00,2026-05-18T13:47:00+00:00,24.0,13.1,0,1,1,1,0,480.0,10.0,48.0,432.0,sucursal centro,other,completed_on_time
2104,ECO-ML-001578,true,2026-05-17T19:51:06+00:00,2026-05-18T17:51:06+00:00,26.0,19.85,0,4,4,4,0,1682.0,15.0,252.3,1429.7,sucursal centro,special,completed_on_time
2105,ECO-ML-001579,true,2026-05-18T00:25:16+00:00,2026-05-20T12:25:16+00:00,65.0,0.4167,1,3,3,3,0,1752.5,5.0,87.62,1664.88,sucursal norte,hospital,completed_on_time
2106,ECO-ML-001580,true,2026-05-18T04:59:25+00:00,2026-05-19T16:59:25+00:00,17.0,4.9833,1,2,2,2,0,1154.0,0.0,0.0,1154.0,matriz,normal,delayed
2107,ECO-ML-001581,true,2026-05-18T08:56:35+00:00,2026-05-19T17:56:35+00:00,34.0,8.9333,1,2,2,2,0,1965.0,0.0,0.0,1965.0,matriz,normal,completed_on_time
2108,ECO-ML-001582,true,2026-05-18T13:30:45+00:00,2026-05-19T20:30:45+00:00,33.0,13.5,1,2,2,2,0,1276.5,5.0,63.83,1212.67,matriz - centro,dif,completed_on_time
2109,ECO-ML-001583,true,2026-05-18T18:04:54+00:00,2026-05-21T16:04:54+00:00,66.0,18.0667,1,5,5,5,0,3155.5,10.0,315.55,2839.95,sucursal norte,hospital,delayed
669,ECO-ML-000143,true,2026-05-18T20:13:00+00:00,2026-05-20T18:40:00+00:00,21.0,14.216666666666669,1,6,6,6,0,3656.0,15.0,548.4,3107.6,sucursal centro,normal,delayed
909,ECO-ML-000383,true,2026-05-18T20:13:00+00:00,2026-05-22T11:20:00+00:00,61.0,14.216666666666669,1,6,6,6,0,3232.0,15.0,484.8,2747.2,matriz - centro,normal,delayed
2110,ECO-ML-001584,true,2026-05-18T22:39:04+00:00,2026-05-20T03:39:04+00:00,18.0,22.65,1,6,6,6,0,4251.0,15.0,637.65,3613.35,matriz,normal,cancelled
2111,ECO-ML-001585,true,2026-05-19T02:36:14+00:00,2026-05-21T00:36:14+00:00,51.0,2.6,2,1,1,1,0,736.0,5.0,36.8,699.2,sucursal sur,other,completed_on_time
2112,ECO-ML-001586,true,2026-05-19T07:10:23+00:00,2026-05-19T19:10:23+00:00,18.0,7.1667,2,1,1,1,0,781.0,10.0,78.1,702.9,matriz,normal,completed_on_time
2113,ECO-ML-001587,true,2026-05-19T11:44:33+00:00,2026-05-21T09:44:33+00:00,38.0,11.7333,2,6,6,6,0,3120.5,10.0,312.05,2808.45,sucursal centro,special,delayed
2114,ECO-ML-001588,true,2026-05-19T15:41:43+00:00,2026-05-22T00:41:43+00:00,59.0,15.6833,2,6,6,6,0,2586.5,20.0,517.3,2069.2,sucursal centro,special,completed_on_time
2115,ECO-ML-001589,true,2026-05-19T20:15:52+00:00,2026-05-22T15:15:52+00:00,70.0,20.25,2,4,4,4,0,2471.0,0.0,0.0,2471.0,sucursal norte,hospital,completed_on_time
566,ECO-ML-000040,true,2026-05-19T21:20:00+00:00,2026-05-22T07:54:00+00:00,58.0,15.333333333333332,2,5,5,5,0,2679.0,0.0,0.0,2679.0,matriz - centro,dif,completed_on_time
806,ECO-ML-000280,true,2026-05-19T21:20:00+00:00,2026-05-22T00:53:00+00:00,33.0,15.333333333333332,2,5,5,5,0,3006.0,0.0,0.0,3006.0,matriz,dif,delayed
2116,ECO-ML-001590,true,2026-05-20T00:50:02+00:00,2026-05-22T16:50:02+00:00,53.0,0.8333,3,5,5,5,0,1959.0,10.0,195.9,1763.1,matriz,normal,delayed
2117,ECO-ML-001591,true,2026-05-20T04:47:11+00:00,2026-05-21T11:47:11+00:00,36.0,4.7833,3,2,2,2,0,1375.0,15.0,206.25,1168.75,matriz,normal,completed_on_time
2118,ECO-ML-001592,true,2026-05-20T09:21:21+00:00,2026-05-20T16:21:21+00:00,13.0,9.35,3,3,3,3,0,2250.0,20.0,450.0,1800.0,matriz - centro,dif,completed_on_time
2119,ECO-ML-001593,true,2026-05-20T13:55:31+00:00,2026-05-23T09:55:31+00:00,54.0,13.9167,3,6,7,5,0,2416.0,10.0,241.6,2174.4,sucursal norte,hospital,delayed
2120,ECO-ML-001594,true,2026-05-20T18:29:40+00:00,2026-05-22T09:29:40+00:00,36.0,18.4833,3,6,6,6,0,4291.5,15.0,643.73,3647.77,matriz,normal,cancelled
2121,ECO-ML-001595,true,2026-05-20T22:26:50+00:00,2026-05-23T03:26:50+00:00,56.0,22.4333,3,2,2,2,0,1697.5,20.0,339.5,1358.0,sucursal sur,other,completed_on_time
703,ECO-ML-000177,true,2026-05-20T22:27:00+00:00,2026-05-23T20:07:00+00:00,70.0,16.45,3,4,4,4,0,2371.5,5.0,118.58,2252.92,sucursal sur,hospital,completed_on_time
943,ECO-ML-000417,true,2026-05-20T22:27:00+00:00,2026-05-22T18:06:00+00:00,45.0,16.45,3,4,4,4,0,3154.0,5.0,157.7,2996.3,sucursal sur,hospital,completed_on_time
2122,ECO-ML-001596,true,2026-05-21T03:01:00+00:00,2026-05-21T22:01:00+00:00,23.0,3.0167,4,1,1,1,1,1315.5,20.0,263.1,1052.4,matriz,normal,completed_on_time
2123,ECO-ML-001597,true,2026-05-21T07:35:09+00:00,2026-05-24T08:35:09+00:00,55.0,7.5833,4,4,5,3,0,2369.0,15.0,355.35,2013.65,sucursal centro,special,delayed
2124,ECO-ML-001598,true,2026-05-21T11:32:19+00:00,2026-05-22T05:32:19+00:00,24.0,11.5333,4,1,1,1,0,1080.0,0.0,0.0,1080.0,sucursal centro,special,completed_on_time
2125,ECO-ML-001599,true,2026-05-21T16:06:29+00:00,2026-05-24T09:06:29+00:00,66.0,16.1,4,1,1,1,0,636.0,5.0,31.8,604.2,sucursal norte,hospital,completed_on_time
2126,ECO-ML-001600,true,2026-05-21T20:40:38+00:00,2026-05-23T01:40:38+00:00,26.0,20.6667,4,4,4,4,0,2916.0,10.0,291.6,2624.4,matriz,normal,delayed
600,ECO-ML-000074,true,2026-05-21T23:34:00+00:00,2026-05-23T15:40:00+00:00,42.0,17.566666666666666,4,3,3,3,0,1681.0,10.0,168.1,1512.9,sucursal sur,hospital,completed_on_time
840,ECO-ML-000314,true,2026-05-21T23:34:00+00:00,2026-05-22T22:20:00+00:00,17.0,17.566666666666666,4,3,3,3,0,2108.0,10.0,210.8,1897.2,sucursal sur,hospital,delayed
2127,ECO-ML-001601,true,2026-05-22T00:37:48+00:00,2026-05-24T02:37:48+00:00,53.0,0.6167,5,2,2,2,0,1686.0,0.0,0.0,1686.0,matriz,normal,completed_on_time
2128,ECO-ML-001602,true,2026-05-22T05:11:58+00:00,2026-05-23T07:11:58+00:00,30.0,5.1833,5,3,3,3,0,1424.0,0.0,0.0,1424.0,matriz - centro,dif,completed_on_time
2129,ECO-ML-001603,true,2026-05-22T09:46:07+00:00,2026-05-24T10:46:07+00:00,43.0,9.7667,5,3,3,3,0,1424.0,20.0,284.8,1139.2,sucursal norte,hospital,delayed
2130,ECO-ML-001604,true,2026-05-22T14:20:17+00:00,2026-05-24T15:20:17+00:00,12.0,14.3333,5,6,6,6,0,3877.0,5.0,193.85,3683.15,matriz,normal,cancelled
2131,ECO-ML-001605,true,2026-05-22T18:17:27+00:00,2026-05-24T02:17:27+00:00,33.0,18.2833,5,2,2,2,0,558.0,0.0,0.0,558.0,sucursal sur,other,completed_on_time
2132,ECO-ML-001606,true,2026-05-22T22:51:36+00:00,2026-05-25T13:51:36+00:00,65.0,22.85,5,1,1,1,0,1698.0,5.0,84.9,1613.1,matriz,normal,completed_on_time
737,ECO-ML-000211,true,2026-05-23T00:41:00+00:00,2026-05-25T03:53:00+00:00,54.0,18.683333333333334,5,2,2,2,0,1374.0,15.0,206.1,1167.9,sucursal norte,normal,completed_on_time
977,ECO-ML-000451,true,2026-05-23T00:41:00+00:00,2026-05-24T03:33:00+00:00,29.0,18.683333333333334,5,2,2,2,0,1712.0,15.0,256.8,1455.2,sucursal centro,normal,completed_on_time
2133,ECO-ML-001607,true,2026-05-23T03:25:46+00:00,2026-05-24T04:25:46+00:00,15.0,3.4167,6,3,3,3,0,1420.0,20.0,284.0,1136.0,sucursal centro,special,delayed
2134,ECO-ML-001608,true,2026-05-23T07:22:55+00:00,2026-05-24T20:22:55+00:00,41.0,7.3667,6,1,1,1,0,740.0,20.0,148.0,592.0,sucursal centro,special,completed_on_time
2135,ECO-ML-001609,true,2026-05-23T11:57:05+00:00,2026-05-24T00:57:05+00:00,18.0,11.95,6,1,1,1,0,655.0,5.0,32.75,622.25,sucursal norte,hospital,completed_on_time
634,ECO-ML-000108,true,2026-05-23T13:48:00+00:00,2026-05-24T11:26:00+00:00,26.0,7.8,6,1,1,1,0,800.0,0.0,0.0,800.0,sucursal centro,normal,completed_on_time
874,ECO-ML-000348,true,2026-05-23T13:48:00+00:00,2026-05-26T04:06:00+00:00,66.0,7.8,6,1,1,1,0,800.0,0.0,0.0,800.0,matriz - centro,normal,completed_on_time
2136,ECO-ML-001610,true,2026-05-23T16:31:15+00:00,2026-05-25T20:31:15+00:00,39.0,16.5167,6,6,6,6,0,3591.5,10.0,359.15,3232.35,matriz,normal,delayed
2137,ECO-ML-001611,true,2026-05-23T20:28:24+00:00,2026-05-26T08:28:24+00:00,61.0,20.4667,6,4,4,4,0,2912.0,5.0,145.6,2766.4,matriz,normal,completed_on_time
2138,ECO-ML-001612,true,2026-05-24T01:02:34+00:00,2026-05-26T11:02:34+00:00,60.0,1.0333,0,4,4,4,0,3107.0,15.0,466.05,2640.95,matriz - centro,dif,completed_on_time
2139,ECO-ML-001613,true,2026-05-24T05:36:44+00:00,2026-05-28T07:36:44+00:00,82.0,5.6,0,6,7,5,0,3155.0,5.0,157.75,2997.25,sucursal norte,hospital,delayed
2140,ECO-ML-001614,true,2026-05-24T10:10:53+00:00,2026-05-24T21:10:53+00:00,10.0,10.1667,0,5,5,5,0,3051.0,20.0,610.2,2440.8,matriz,normal,cancelled
2141,ECO-ML-001615,true,2026-05-24T14:08:03+00:00,2026-05-26T02:08:03+00:00,41.0,14.1333,0,4,4,4,0,1682.0,10.0,168.2,1513.8,sucursal sur,other,completed_on_time
531,ECO-ML-000005,true,2026-05-24T14:55:00+00:00,2026-05-27T14:40:00+00:00,63.0,8.916666666666666,0,6,6,6,0,3325.0,5.0,166.25,3158.75,matriz - centro,dif,delayed
771,ECO-ML-000245,true,2026-05-24T14:55:00+00:00,2026-05-26T12:39:00+00:00,38.0,8.916666666666666,0,6,6,6,0,3434.0,5.0,171.7,3262.3,matriz,dif,delayed
1011,ECO-ML-000485,true,2026-05-24T14:55:00+00:00,2026-05-24T16:55:00+00:00,13.0,8.916666666666666,0,6,6,6,0,2866.5,5.0,143.33,2723.17,sucursal sur,dif,cancelled
2142,ECO-ML-001616,true,2026-05-24T18:42:13+00:00,2026-05-26T06:42:13+00:00,42.0,18.7,0,1,1,1,0,1245.0,20.0,249.0,996.0,matriz,normal,completed_on_time
2143,ECO-ML-001617,true,2026-05-24T23:16:22+00:00,2026-05-27T04:16:22+00:00,51.0,23.2667,0,6,7,5,0,3536.5,10.0,353.65,3182.85,sucursal centro,special,delayed
2144,ECO-ML-001618,true,2026-05-25T03:13:32+00:00,2026-05-25T22:13:32+00:00,21.0,3.2167,1,2,2,2,0,939.0,15.0,140.85,798.15,sucursal centro,special,completed_on_time
2145,ECO-ML-001619,true,2026-05-25T07:47:42+00:00,2026-05-26T00:47:42+00:00,20.0,7.7833,1,1,1,1,0,142.0,5.0,7.1,134.9,sucursal norte,hospital,completed_on_time
2146,ECO-ML-001620,true,2026-05-25T12:21:51+00:00,2026-05-29T05:21:51+00:00,84.0,12.35,1,6,6,6,0,3356.5,10.0,335.65,3020.85,matriz,normal,delayed
668,ECO-ML-000142,true,2026-05-25T15:02:00+00:00,2026-05-25T17:02:00+00:00,10.0,9.033333333333331,1,5,5,5,0,3468.0,10.0,346.8,3121.2,sucursal sur,dif,cancelled
908,ECO-ML-000382,true,2026-05-25T15:02:00+00:00,2026-05-28T17:52:00+00:00,50.0,9.033333333333331,1,5,5,5,0,3044.0,10.0,304.4,2739.6,sucursal sur,dif,delayed
2147,ECO-ML-001621,true,2026-05-25T16:56:01+00:00,2026-05-27T17:56:01+00:00,54.0,16.9333,1,1,1,1,0,728.0,0.0,0.0,728.0,matriz,normal,completed_on_time
2148,ECO-ML-001622,true,2026-05-25T20:53:10+00:00,2026-05-28T07:53:10+00:00,65.0,20.8833,1,5,5,5,0,3255.5,10.0,325.55,2929.95,matriz - centro,dif,completed_on_time
2149,ECO-ML-001623,true,2026-05-26T01:27:20+00:00,2026-05-28T16:27:20+00:00,55.0,1.45,2,6,6,6,0,3726.0,20.0,745.2,2980.8,sucursal norte,hospital,delayed
2150,ECO-ML-001624,true,2026-05-26T06:01:30+00:00,2026-05-27T03:01:30+00:00,16.0,6.0167,2,6,6,6,0,3602.5,15.0,540.38,3062.12,matriz,normal,cancelled
2151,ECO-ML-001625,true,2026-05-26T09:58:39+00:00,2026-05-28T16:58:39+00:00,58.0,9.9667,2,4,4,4,0,2605.0,10.0,260.5,2344.5,sucursal sur,other,completed_on_time
2152,ECO-ML-001626,true,2026-05-26T14:32:49+00:00,2026-05-28T09:32:49+00:00,47.0,14.5333,2,2,2,2,0,1322.0,0.0,0.0,1322.0,matriz,normal,completed_on_time
565,ECO-ML-000039,true,2026-05-26T16:09:00+00:00,2026-05-29T09:26:00+00:00,47.0,10.15,2,4,4,4,0,2281.0,15.0,342.15,1938.85,sucursal sur,dif,delayed
805,ECO-ML-000279,true,2026-05-26T16:09:00+00:00,2026-05-26T18:09:00+00:00,22.0,10.15,2,4,4,4,0,2429.0,15.0,364.35,2064.65,sucursal sur,dif,cancelled
2153,ECO-ML-001627,true,2026-05-26T19:06:59+00:00,2026-05-28T14:06:59+00:00,31.0,19.1,2,5,5,5,0,3714.0,10.0,371.4,3342.6,sucursal centro,special,delayed
2154,ECO-ML-001628,true,2026-05-26T23:04:08+00:00,2026-05-27T19:04:08+00:00,26.0,23.0667,2,3,3,3,0,1460.0,10.0,146.0,1314.0,sucursal centro,special,completed_on_time
2155,ECO-ML-001629,true,2026-05-27T03:38:18+00:00,2026-05-28T03:38:18+00:00,25.0,3.6333,3,2,2,2,0,1048.0,0.0,0.0,1048.0,sucursal norte,hospital,completed_on_time
2156,ECO-ML-001630,true,2026-05-27T08:12:28+00:00,2026-05-30T18:12:28+00:00,67.0,8.2,3,5,5,5,0,3077.5,5.0,153.88,2923.62,matriz,normal,delayed
2157,ECO-ML-001631,true,2026-05-27T12:46:37+00:00,2026-05-29T20:46:37+00:00,59.0,12.7667,3,1,1,1,0,870.0,10.0,87.0,783.0,matriz,normal,completed_on_time
2158,ECO-ML-001632,true,2026-05-27T16:43:47+00:00,2026-05-28T21:43:47+00:00,33.0,16.7167,3,1,1,1,0,630.0,20.0,126.0,504.0,matriz - centro,dif,completed_on_time
702,ECO-ML-000176,true,2026-05-27T17:16:00+00:00,2026-05-30T04:39:00+00:00,59.0,11.266666666666666,3,3,3,3,0,1850.0,0.0,0.0,1850.0,sucursal norte,dif,completed_on_time
942,ECO-ML-000416,true,2026-05-27T17:16:00+00:00,2026-05-29T02:38:00+00:00,34.0,11.266666666666666,3,3,3,3,0,1566.0,0.0,0.0,1566.0,sucursal centro,dif,completed_on_time
2159,ECO-ML-001633,true,2026-05-27T21:17:57+00:00,2026-05-30T09:17:57+00:00,42.0,21.2833,3,4,5,3,0,2162.5,5.0,108.12,2054.38,sucursal norte,hospital,delayed
2160,ECO-ML-001634,true,2026-05-28T01:52:06+00:00,2026-05-29T08:52:06+00:00,57.0,1.8667,4,6,6,6,0,3358.0,20.0,671.6,2686.4,matriz,normal,cancelled
2161,ECO-ML-001635,true,2026-05-28T05:49:16+00:00,2026-05-28T18:49:16+00:00,14.0,5.8167,4,1,1,1,0,279.0,15.0,41.85,237.15,sucursal sur,other,completed_on_time
2162,ECO-ML-001636,true,2026-05-28T10:23:25+00:00,2026-05-30T12:23:25+00:00,52.0,10.3833,4,3,3,3,0,1735.0,15.0,260.25,1474.75,matriz,normal,completed_on_time
2163,ECO-ML-001637,true,2026-05-28T14:57:35+00:00,2026-05-30T18:57:35+00:00,48.0,14.95,4,2,3,1,0,917.5,15.0,137.62,779.88,sucursal centro,special,delayed
599,ECO-ML-000073,true,2026-05-28T18:23:00+00:00,2026-05-30T00:12:00+00:00,31.0,12.383333333333333,4,2,2,2,0,890.0,5.0,44.5,845.5,sucursal centro,dif,completed_on_time
839,ECO-ML-000313,true,2026-05-28T18:23:00+00:00,2026-05-31T16:52:00+00:00,71.0,12.383333333333333,4,2,2,2,0,1308.0,5.0,65.4,1242.6,matriz - centro,dif,completed_on_time
2164,ECO-ML-001638,true,2026-05-28T18:54:45+00:00,2026-05-31T10:54:45+00:00,68.0,18.9,4,3,3,3,0,1818.5,10.0,181.85,1636.65,sucursal centro,special,completed_on_time
2165,ECO-ML-001639,true,2026-05-28T23:28:54+00:00,2026-05-30T15:28:54+00:00,45.0,23.4667,4,3,3,3,0,2376.5,15.0,356.48,2020.02,sucursal norte,hospital,completed_on_time
2166,ECO-ML-001640,true,2026-05-29T04:03:04+00:00,2026-06-01T11:03:04+00:00,72.0,4.05,5,5,5,5,0,2044.0,5.0,102.2,1941.8,matriz,normal,delayed
2167,ECO-ML-001641,true,2026-05-29T08:37:14+00:00,2026-05-29T18:37:14+00:00,11.0,8.6167,5,1,1,1,0,1154.5,10.0,115.45,1039.05,matriz,normal,completed_on_time
2168,ECO-ML-001642,true,2026-05-29T12:34:23+00:00,2026-05-29T20:34:23+00:00,10.0,12.5667,5,1,1,1,0,997.5,0.0,0.0,997.5,matriz - centro,dif,completed_on_time
2169,ECO-ML-001643,true,2026-05-29T17:08:33+00:00,2026-05-31T22:08:33+00:00,43.0,17.1333,5,5,5,5,0,2737.5,20.0,547.5,2190.0,sucursal norte,hospital,delayed
736,ECO-ML-000210,true,2026-05-29T19:30:00+00:00,2026-05-31T12:25:00+00:00,43.0,13.5,5,1,1,1,0,408.0,10.0,40.8,367.2,matriz,dif,completed_on_time
976,ECO-ML-000450,true,2026-05-29T19:30:00+00:00,2026-05-30T12:05:00+00:00,18.0,13.5,5,1,1,1,0,408.0,10.0,40.8,367.2,sucursal sur,dif,completed_on_time
2170,ECO-ML-001644,true,2026-05-29T21:42:43+00:00,2026-05-31T14:42:43+00:00,21.0,21.7,5,5,5,5,0,2634.0,0.0,0.0,2634.0,matriz,normal,cancelled
2171,ECO-ML-001645,true,2026-05-30T01:39:52+00:00,2026-06-01T04:39:52+00:00,56.0,1.65,6,1,1,1,0,578.0,0.0,0.0,578.0,sucursal sur,other,completed_on_time
2172,ECO-ML-001646,true,2026-05-30T06:14:02+00:00,2026-06-01T12:14:02+00:00,60.0,6.2333,6,5,5,5,0,3241.0,5.0,162.05,3078.95,matriz,normal,completed_on_time
2173,ECO-ML-001647,true,2026-05-30T10:48:12+00:00,2026-05-31T19:48:12+00:00,19.0,10.8,6,5,5,5,0,3223.5,20.0,644.7,2578.8,sucursal centro,special,delayed
2174,ECO-ML-001648,true,2026-05-30T14:45:21+00:00,2026-06-01T09:45:21+00:00,45.0,14.75,6,3,3,3,0,1814.5,10.0,181.45,1633.05,sucursal centro,special,completed_on_time
2175,ECO-ML-001649,true,2026-05-30T19:19:31+00:00,2026-06-02T03:19:31+00:00,59.0,19.3167,6,2,2,2,0,1612.0,0.0,0.0,1612.0,sucursal norte,hospital,completed_on_time
633,ECO-ML-000107,true,2026-05-30T20:37:00+00:00,2026-05-30T22:37:00+00:00,15.0,14.616666666666664,6,6,6,6,0,3914.0,15.0,587.1,3326.9,sucursal sur,special,cancelled
873,ECO-ML-000347,true,2026-05-30T20:37:00+00:00,2026-06-02T17:38:00+00:00,55.0,14.616666666666664,6,6,6,6,0,3538.5,15.0,530.78,3007.72,sucursal sur,special,delayed
2176,ECO-ML-001650,true,2026-05-30T23:53:40+00:00,2026-06-02T23:53:40+00:00,55.0,23.8833,6,5,5,5,0,2375.5,20.0,475.1,1900.4,matriz,normal,delayed
